#
# A fatal error has been detected by the Java Runtime Environment:
#
#  EXCEPTION_ACCESS_VIOLATION (0xc0000005) at pc=0x000000002e747069, pid=24156, tid=5836
#
# JRE version: Java(TM) SE Runtime Environment (21.0.9+7) (build 21.0.9+7-LTS-338)
# Java VM: Java HotSpot(TM) 64-Bit Server VM (21.0.9+7-LTS-338, mixed mode, sharing, tiered, compressed oops, compressed class ptrs, g1 gc, windows-amd64)
# Problematic frame:
# C  [godot.windows.editor.x86_64.jvm.0.14.3.exe+0x3420607]  Node2D::get_global_position+0x187
#
# No core dump will be written. Minidumps are not enabled by default on client versions of Windows
#
# If you would like to submit a bug report, please visit:
#   https://bugreport.java.com/bugreport/crash.jsp
# The crash happened outside the Java Virtual Machine in native code.
# See problematic frame for where to report the bug.
#

---------------  S U M M A R Y ------------

Command Line: 

Host: 13th Gen Intel(R) Core(TM) i7-13620H, 16 cores, 15G,  Windows 11 , 64 bit Build 26100 (10.0.26100.8553)
Time: Thu Jun  4 22:10:26 2026 SE Asia Standard Time elapsed time: 118.075556 seconds (0d 0h 1m 58s)

---------------  T H R E A D  ---------------

Current thread (0x000001e6e3b79dd0):  JavaThread "main"             [_thread_in_native, id=5836, stack(0x00000096c8800000,0x00000096c9000000) (8192K)]

Stack: [0x00000096c8800000,0x00000096c9000000],  sp=0x00000096c8ffe480,  free space=8185k
Native frames: (J=compiled Java code, j=interpreted, Vv=VM code, C=native code)
C  0x000000002e747069

Java frames: (J=compiled Java code, j=interpreted, Vv=VM code)
J 1070  godot.internal.memory.TransferContext.icall(JJI)V (0 bytes) @ 0x000001e6f4debd78 [0x000001e6f4debd20+0x0000000000000058]
J 1687 c2 godot.api.Node2D.getGlobalPosition()Lgodot/core/Vector2; (54 bytes) @ 0x000001e6f4e3ed90 [0x000001e6f4e3ec40+0x0000000000000150]
J 1628 c1 game.items.weapons.Weapon.getClosestTarget()Lgodot/api/Node2D; (115 bytes) @ 0x000001e6ed4d571c [0x000001e6ed4d5380+0x000000000000039c]
J 1819 c1 game.items.weapons.Weapon._process(D)V (51 bytes) @ 0x000001e6ed54d8d4 [0x000001e6ed54d6e0+0x00000000000001f4]
J 1817 c1 godot.entry.WeaponRegistrar$register$1$1$2.invoke(Ljava/lang/Object;Ljava/lang/Object;)Ljava/lang/Object; (19 bytes) @ 0x000001e6ed54ce0c [0x000001e6ed54c800+0x000000000000060c]
J 1400 c2 godot.core.KtFunction.invoke(Lgodot/core/KtObject;)V (79 bytes) @ 0x000001e6f4e13744 [0x000001e6f4e12f60+0x00000000000007e4]
v  ~StubRoutines::call_stub 0x000001e6f462100d

siginfo: EXCEPTION_ACCESS_VIOLATION (0xc0000005), data execution prevention violation at address 0x000000002e747069


Registers:
RAX=0x00007ff6e671e758, RBX=0x000001e6e4be2ab0, RCX=0x000001e6e4be2ab0, RDX=0x00000096c8ffe4d8
RSP=0x00000096c8ffe478, RBP=0x00000096c8ffe589, RSI=0x000001e6c3a79970, RDI=0x00000096c8ffe560
R8 =0x0000000000000000, R9 =0x00007ff6e15e0480, R10=0x00007ffe5d7587c0, R11=0x00000096c8ffe908
R12=0x000001e6e4be2ab0, R13=0x000001e6dc172b10, R14=0x0000000000000000, R15=0x00000096c8ffe648
RIP=0x000000002e747069, EFLAGS=0x0000000000010202


Register to memory mapping:

RAX=0x00007ff6e671e758 godot.windows.editor.x86_64.jvm.0.14.3.exe::Object::`vftable' + 0x0
RBX=0x000001e6e4be2ab0 points into unknown readable memory: 0x00015ea100006847 | 47 68 00 00 a1 5e 01 00
RCX=0x000001e6e4be2ab0 points into unknown readable memory: 0x00015ea100006847 | 47 68 00 00 a1 5e 01 00
RDX=0x00000096c8ffe4d8 is pointing into the stack for thread: 0x000001e6e3b79dd0
RSP=0x00000096c8ffe478 is pointing into the stack for thread: 0x000001e6e3b79dd0
RBP=0x00000096c8ffe589 is pointing into the stack for thread: 0x000001e6e3b79dd0
RSI=0x000001e6c3a79970 points into unknown readable memory: 0x0000000000000000 | 00 00 00 00 00 00 00 00
RDI=0x00000096c8ffe560 is pointing into the stack for thread: 0x000001e6e3b79dd0
R8 =0x0 is null
R9 =0x00007ff6e15e0480 godot.windows.editor.x86_64.jvm.0.14.3.exe::Node2D::get_global_position + 0x0
R10=0x00007ffe5d7587c0 jvm.dll
R11=0x00000096c8ffe908 is pointing into the stack for thread: 0x000001e6e3b79dd0
R12=0x000001e6e4be2ab0 points into unknown readable memory: 0x00015ea100006847 | 47 68 00 00 a1 5e 01 00
R13=0x000001e6dc172b10 points into unknown readable memory: 0x00007ff6e61bf998 | 98 f9 1b e6 f6 7f 00 00
R14=0x0 is null
R15=0x00000096c8ffe648 is pointing into the stack for thread: 0x000001e6e3b79dd0

Top of Stack: (sp=0x00000096c8ffe478)
0x00000096c8ffe478:   00007ff6e15e0607 00000096c8ffe600
0x00000096c8ffe488:   000001e7468d25c0 000001e7468ce8d0
0x00000096c8ffe498:   0000000000000000 0000000800000000
0x00000096c8ffe4a8:   0000001800000010 000001e6c3a79970
0x00000096c8ffe4b8:   00007ff6e15e4afc 000001e7468d25c0
0x00000096c8ffe4c8:   0000001800000010 000001e6c3a79970
0x00000096c8ffe4d8:   3ce09c0dbeff9d64 beff9d64bce09c0d
0x00000096c8ffe4e8:   42680000427caa64 0000c3d3be3f917b
0x00000096c8ffe4f8:   00007ff6e15e14c3 00000096c8ffe660
0x00000096c8ffe508:   00007ff6e15dff02 0000000000000000
0x00000096c8ffe518:   0000000000000000 00007ff6e3b94498
0x00000096c8ffe528:   0000000000000000 00000096c8ffe670
0x00000096c8ffe538:   00000096c8ffe658 000001e6c3a7ab40
0x00000096c8ffe548:   00007ff6e15defe6 000001e600000000
0x00000096c8ffe558:   000001e7468d25c0 42680000427caa64
0x00000096c8ffe568:   00000096c8ffe6d0 0000000000000000
0x00000096c8ffe578:   00007ff600000000 00000096c8ffe660
0x00000096c8ffe588:   00007ff6df00dc77 0000c3d3be3f90eb
0x00000096c8ffe598:   00007ff6df00c7e8 00000000000001c0
0x00000096c8ffe5a8:   00007ff6de1c0000 0000000000000000
0x00000096c8ffe5b8:   0000000000000000 000001e6dc172b10
0x00000096c8ffe5c8:   000001e6c3a7ab40 00000096c8ffe6e0
0x00000096c8ffe5d8:   00007ff6df010a38 0000000704c7a440
0x00000096c8ffe5e8:   000000070633cca0 00000000000001c0
0x00000096c8ffe5f8:   000001e6c3a79f40 bf4ccccd00000000
0x00000096c8ffe608:   00000096c8ffe648 0000000000000001
0x00000096c8ffe618:   00000096c8ffe658 0000000000000000
0x00000096c8ffe628:   0000000000000000 000001e600000000
0x00000096c8ffe638:   000001e6dc172b10 000001e6e4be2ab0
0x00000096c8ffe648:   0000000000000000 000001e700000000
0x00000096c8ffe658:   000001e6e3b7a190 0000000000000000
0x00000096c8ffe668:   0000000000000000 0000000000000000 

Instructions: (pc=0x00007ff6e15e0607)
0x00007ff6e15e0507:   44 24 60 80 00 00 00 48 8d 05 0b 53 ac 04 33 f6
0x00007ff6e15e0517:   48 8d 54 24 58 48 89 44 24 58 48 8d 4c 24 40 48
0x00007ff6e15e0527:   89 74 24 40 e8 70 a5 a4 01 4c 8b c3 48 8d 54 24
0x00007ff6e15e0537:   40 48 8d 4c 24 48 e8 3e 99 bf fc 89 74 24 30 4c
0x00007ff6e15e0547:   8d 0d 03 2b b5 04 40 88 74 24 28 48 8d 15 2f ee
0x00007ff6e15e0557:   bd 04 41 b8 22 01 00 00 48 89 44 24 20 48 8d 0d
0x00007ff6e15e0567:   fd ef bd 04 e8 80 33 a4 01 48 8d 4c 24 48 e8 86
0x00007ff6e15e0577:   8e bf fc 48 8b 44 24 40 48 85 c0 74 6d 48 8d 48
0x00007ff6e15e0587:   f0 8b d6 48 0f 45 d1 48 c7 c0 ff ff ff ff f0 48
0x00007ff6e15e0597:   0f c1 02 48 83 f8 01 75 51 48 8b 4c 24 40 33 d2
0x00007ff6e15e05a7:   48 83 c1 f0 48 89 74 24 40 e8 7b 43 a4 01 48 39
0x00007ff6e15e05b7:   74 24 40 74 35 89 74 24 30 48 8d 05 09 30 5b 02
0x00007ff6e15e05c7:   40 88 74 24 28 4c 8d 0d 45 30 5b 02 41 b8 0e 01
0x00007ff6e15e05d7:   00 00 48 89 44 24 20 48 8d 15 eb 2e 5b 02 48 8d
0x00007ff6e15e05e7:   0d 54 30 5b 02 e8 3f 30 a4 01 48 89 37 eb 18 48
0x00007ff6e15e05f7:   8b 03 48 8d 54 24 58 48 8b cb ff 90 b8 02 00 00
0x00007ff6e15e0607:   48 8b 40 10 48 89 07 48 8b c7 48 8b 4c 24 70 48
0x00007ff6e15e0617:   33 cc e8 c2 f2 50 02 4c 8d 9c 24 80 00 00 00 49
0x00007ff6e15e0627:   8b 5b 20 49 8b 73 28 49 8b e3 5f c3 cc cc cc cc
0x00007ff6e15e0637:   cc cc cc cc cc cc cc cc cc 48 89 5c 24 10 57 48
0x00007ff6e15e0647:   81 ec 80 00 00 00 48 8b 05 ac 8e a7 05 48 33 c4
0x00007ff6e15e0657:   48 89 44 24 70 65 48 8b 04 25 58 00 00 00 48 8b
0x00007ff6e15e0667:   d9 8b 0d 5a 24 e1 05 48 8b 3c c8 b8 1c 19 00 00
0x00007ff6e15e0677:   80 3c 38 00 75 05 e8 4e f3 50 02 b8 f0 12 00 00
0x00007ff6e15e0687:   48 83 3c 38 00 0f 85 1c 01 00 00 e8 f9 15 cc 01
0x00007ff6e15e0697:   84 c0 0f 85 0f 01 00 00 48 83 bb 48 02 00 00 00
0x00007ff6e15e06a7:   0f 84 01 01 00 00 48 8d 54 24 50 48 8b cb e8 b6
0x00007ff6e15e06b7:   e2 55 ff 48 8b d8 48 c7 44 24 60 80 00 00 00 48
0x00007ff6e15e06c7:   8d 05 53 51 ac 04 33 ff 48 8d 54 24 58 48 89 44
0x00007ff6e15e06d7:   24 58 48 8d 4c 24 40 48 89 7c 24 40 e8 b8 a3 a4
0x00007ff6e15e06e7:   01 4c 8b c3 48 8d 54 24 40 48 8d 4c 24 48 e8 86
0x00007ff6e15e06f7:   97 bf fc 89 7c 24 30 4c 8d 0d 3b df ac 04 40 88 


Stack slot to memory mapping:

stack at sp + 0 slots: 0x00000096c8ffe600 is pointing into the stack for thread: 0x000001e6e3b79dd0
stack at sp + 1 slots: 0x000001e7468d25c0 points into unknown readable memory: 0x00007ff6e6200e88 | 88 0e 20 e6 f6 7f 00 00
stack at sp + 2 slots: 0x000001e7468ce8d0 points into unknown readable memory: 0x00007ff6e465adf8 | f8 ad 65 e4 f6 7f 00 00
stack at sp + 3 slots: 0x0 is null
stack at sp + 4 slots: 0x0000000800000000 is an unknown value
stack at sp + 5 slots: 0x0000001800000010 is an unknown value
stack at sp + 6 slots: 0x000001e6c3a79970 points into unknown readable memory: 0x0000000000000000 | 00 00 00 00 00 00 00 00
stack at sp + 7 slots: 0x00007ff6e15e4afc godot.windows.editor.x86_64.jvm.0.14.3.exe::Node2D::set_scale + 0xfc


Compiled method (n/a)  118174 1070     n 0       godot.internal.memory.TransferContext::icall (native)
 total in heap  [0x000001e6f4debb90,0x000001e6f4debf40] = 944
 relocation     [0x000001e6f4debcf0,0x000001e6f4debd20] = 48
 main code      [0x000001e6f4debd20,0x000001e6f4debf37] = 535
 stub code      [0x000001e6f4debf37,0x000001e6f4debf38] = 1
 oops           [0x000001e6f4debf38,0x000001e6f4debf40] = 8

[Constant Pool (empty)]

[MachCode]
[Entry Point]
  # {method} {0x000001e74146c0b8} 'icall' '(JJI)V' in 'godot/internal/memory/TransferContext'
  # this:     rdx:rdx   = 'godot/internal/memory/TransferContext'
  # parm0:    r8:r8     = long
  # parm1:    r9:r9     = long
  # parm2:    rdi       = int
  #           [sp+0x70]  (sp of caller)
  0x000001e6f4debd20: 448b 5208 | 49bb 0000 | 0000 e701 | 0000 4d03 | d349 3bc2 | 0f84 0600 

  0x000001e6f4debd38: ;   {runtime_call ic_miss_stub}
  0x000001e6f4debd38: 0000 e941 | 2a88 ff90 
[Verified Entry Point]
  0x000001e6f4debd40: 8984 2400 | 80ff ff55 | 488b ec48 | 83ec 6090 | 4181 7f20 | 0300 0000 

  0x000001e6f4debd58: ;   {runtime_call StubRoutines (final stubs)}
  0x000001e6f4debd58: 7405 e801 | 9086 ff48 | 897c 2420 | 4889 5424 | 2848 83fa | 0048 8d54 | 2428 480f | 4454 2428 
  0x000001e6f4debd78: ;   {internal_word}
  0x000001e6f4debd78: c5f8 7749 | ba78 bdde | f4e6 0100 | 004d 8997 | a803 0000 | 4989 a7a0 

  0x000001e6f4debd90: ;   {external_word}
  0x000001e6f4debd90: 0300 0049 | bac0 8775 | 5dfe 7f00 | 0041 803a | 000f 844e | 0000 0052 | 4150 4151 

  0x000001e6f4debdac: ;   {metadata({method} {0x000001e74146c0b8} 'icall' '(JJI)V' in 'godot/internal/memory/TransferContext')}
  0x000001e6f4debdac: 48ba b0c0 | 4641 e701 | 0000 498b | cf48 83ec | 2040 f6c4 | 0f0f 8419 | 0000 0048 

  0x000001e6f4debdc8: ;   {runtime_call}
  0x000001e6f4debdc8: 83ec 0848 | b890 1e26 | 5dfe 7f00 | 00ff d048 | 83c4 08e9 | 0c00 0000 

  0x000001e6f4debde0: ;   {runtime_call}
  0x000001e6f4debde0: 48b8 901e | 265d fe7f | 0000 ffd0 | 4883 c420 | 4159 4158 | 5a49 8d8f | c003 0000 | 41c7 874c 
  0x000001e6f4debe00: 0400 0004 

  0x000001e6f4debe04: ;   {runtime_call TransferContext::icall}
  0x000001e6f4debe04: 0000 0048 | b870 0401 | dff6 7f00 | 00ff d0c5 | f877 41c7 | 874c 0400 | 0005 0000 | 00f0 8344 
  0x000001e6f4debe24: 24c0 0049 | 3baf 5004 | 0000 0f87 | 0e00 0000 | 4183 bf48 | 0400 0000 | 0f84 2300 | 0000 c5f8 
  0x000001e6f4debe44: 7749 8bcf | 4c8b e448 | 83ec 2048 

  0x000001e6f4debe50: ;   {runtime_call}
  0x000001e6f4debe50: 83e4 f048 | b860 cbf1 | 5cfe 7f00 | 00ff d049 | 8be4 4d33 | e441 c787 | 4c04 0000 | 0800 0000 
  0x000001e6f4debe70: 4183 bfc8 | 0400 0002 | 0f84 9400 

  0x000001e6f4debe7c: ;   {external_word}
  0x000001e6f4debe7c: 0000 49ba | c087 755d | fe7f 0000 | 4180 3a00 | 0f84 4400 

  0x000001e6f4debe90: ;   {metadata({method} {0x000001e74146c0b8} 'icall' '(JJI)V' in 'godot/internal/memory/TransferContext')}
  0x000001e6f4debe90: 0000 48ba | b0c0 4641 | e701 0000 | 498b cf48 | 83ec 2040 | f6c4 0f0f | 8419 0000 | 0048 83ec 
  0x000001e6f4debeb0: ;   {runtime_call}
  0x000001e6f4debeb0: 0848 b890 | 1e26 5dfe | 7f00 00ff | d048 83c4 | 08e9 0c00 

  0x000001e6f4debec4: ;   {runtime_call}
  0x000001e6f4debec4: 0000 48b8 | 901e 265d | fe7f 0000 | ffd0 4883 | c420 49c7 | 87a0 0300 | 0000 0000 | 0049 c787 
  0x000001e6f4debee4: a803 0000 | 0000 0000 | c5f8 7749 | 8b8f 3004 | 0000 c781 | 0001 0000 | 0000 0000 | c949 837f 
  0x000001e6f4debf04: 0800 0f85 | 0100 0000 

  0x000001e6f4debf0c: ;   {runtime_call StubRoutines (initial stubs)}
  0x000001e6f4debf0c: c3e9 ee4f | 83ff c5f8 | 774c 8be4 | 4883 ec20 | 4883 e4f0 

  0x000001e6f4debf20: ;   {runtime_call}
  0x000001e6f4debf20: 48b8 4056 | 265d fe7f | 0000 ffd0 | 498b e44d | 33e4 e947 | ffff fff4 
[/MachCode]


Compiled method (c2)  118195 1687       4       godot.api.Node2D::getGlobalPosition (54 bytes)
 total in heap  [0x000001e6f4e3ea10,0x000001e6f4e3fe30] = 5152
 relocation     [0x000001e6f4e3eb70,0x000001e6f4e3ec30] = 192
 main code      [0x000001e6f4e3ec40,0x000001e6f4e3f338] = 1784
 stub code      [0x000001e6f4e3f338,0x000001e6f4e3f360] = 40
 oops           [0x000001e6f4e3f360,0x000001e6f4e3f398] = 56
 metadata       [0x000001e6f4e3f398,0x000001e6f4e3f550] = 440
 scopes data    [0x000001e6f4e3f550,0x000001e6f4e3fb60] = 1552
 scopes pcs     [0x000001e6f4e3fb60,0x000001e6f4e3fd70] = 528
 dependencies   [0x000001e6f4e3fd70,0x000001e6f4e3fda8] = 56
 handler table  [0x000001e6f4e3fda8,0x000001e6f4e3fdd8] = 48
 nul chk table  [0x000001e6f4e3fdd8,0x000001e6f4e3fe30] = 88

[Constant Pool (empty)]

[MachCode]
[Entry Point]
  # {method} {0x000001e741718a58} 'getGlobalPosition' '()Lgodot/core/Vector2;' in 'godot/api/Node2D'
  #           [sp+0x50]  (sp of caller)
  0x000001e6f4e3ec40: 448b 5208 | 49bb 0000 | 0000 e701 | 0000 4d03 | d349 3bc2 

  0x000001e6f4e3ec54: ;   {runtime_call ic_miss_stub}
  0x000001e6f4e3ec54: 0f85 26fb | 82ff 6690 | 0f1f 4000 
[Verified Entry Point]
  0x000001e6f4e3ec60: 8984 2400 | 80ff ff55 | 4883 ec40 | 4181 7f20 | 0300 0000 | 0f85 b206 | 0000 488b 

  0x000001e6f4e3ec7c: ;   {oop(a 'kotlin/reflect/KProperty'[1] {0x0000000704a011f0})}
  0x000001e6f4e3ec7c: fa49 baf0 | 11a0 0407 | 0000 0045 | 8b5a 1045 | 85db 0f84 | 7004 0000 

  0x000001e6f4e3ec94: ;   {oop(a 'godot/common/util/ThreadLocalDelegate'{0x0000000704a01208})}
  0x000001e6f4e3ec94: 49ba 0812 | a004 0700 | 0000 418b | 6a10 458b 

  0x000001e6f4e3eca4: ;   {metadata('java/lang/ThreadLocal$SuppliedThreadLocal')}
  0x000001e6f4e3eca4: 5cec 0841 | 81fb 683f | 0401 0f85 | b402 0000 | 498d 1cec | 4d8b 9788 | 0300 0049 | 8b0a 448b 
  0x000001e6f4e3ecc4: 494c 478b | 5ccc 1447 | 8b44 dc0c | 458d 50ff | 4423 530c | 4585 c00f | 869f 0200 | 0049 c1e3 
  0x000001e6f4e3ece4: 0347 8b44 | 9310 438b | 54c4 0c4c | 8bda 49c1 | e303 4c3b | db0f 85b1 | 0200 0043 | 8b6c c41c 
  0x000001e6f4e3ed04: ; implicit exception: dispatches to 0x000001e6f4e3f218
  0x000001e6f4e3ed04: 458b 54ec 

  0x000001e6f4e3ed08: ;   {metadata('java/nio/DirectByteBuffer')}
  0x000001e6f4e3ed08: 0841 81fa | 780b 1c00 | 0f85 ae04 | 0000 4d8d | 14ec 418b | 6a1c 41c7 | 420c ffff | ffff 4589 
  0x000001e6f4e3ed28: 6218 83fd | 040f 8ced | 0300 0041 | c742 1804 | 0000 0045 | 8b5a 244d | 8b4a 1045 | 85db 0f85 
  0x000001e6f4e3ed48: 9c02 0000 | 410f b66a | 2d85 ed0f | 8543 0300 | 0048 890c | 244c 8b47 | 104d 8bd1 | 4589 2249 
  0x000001e6f4e3ed68: b910 2b17 | dce6 0100 

  0x000001e6f4e3ed70: ;   {oop(a 'godot/core/VariantParser$VECTOR2'{0x0000000704a030e0})}
  0x000001e6f4e3ed70: 0049 bae0 | 30a0 0407 | 0000 0041 

  0x000001e6f4e3ed7c: ;   {oop(a 'godot/internal/memory/TransferContext'{0x0000000704a01220})}
  0x000001e6f4e3ed7c: 8b7a 1848 | ba20 12a0 | 0407 0000 

  0x000001e6f4e3ed88: ;   {optimized virtual_call}
  0x000001e6f4e3ed88: 0066 90e8 

  0x000001e6f4e3ed8c: ; ImmutableOopMap {[0]=Oop }
                      ;*invokespecial icall {reexecute=0 rethrow=0 return_oop=0}
                      ; - godot.internal.memory.TransferContext::callMethod@17 (line 79)
                      ; - godot.api.Node2D::getGlobalPosition@29 (line 476)
  0x000001e6f4e3ed8c: b0cf faff 

  0x000001e6f4e3ed90: ;   {other}
  0x000001e6f4e3ed90: 0f1f 8400 | 8003 0000 

  0x000001e6f4e3ed98: ;   {oop(a 'kotlin/reflect/KProperty'[1] {0x0000000704a011f0})}
  0x000001e6f4e3ed98: 49ba f011 | a004 0700 | 0000 418b | 6a10 85ed | 0f84 9203 

  0x000001e6f4e3edac: ;   {oop(a 'godot/common/util/ThreadLocalDelegate'{0x0000000704a01208})}
  0x000001e6f4e3edac: 0000 49ba | 0812 a004 | 0700 0000 | 458b 5210 

  0x000001e6f4e3edbc: ; implicit exception: dispatches to 0x000001e6f4e3f230
  0x000001e6f4e3edbc: 478b 5cd4 

  0x000001e6f4e3edc0: ;   {metadata('java/lang/ThreadLocal$SuppliedThreadLocal')}
  0x000001e6f4e3edc0: 0841 81fb | 683f 0401 | 0f85 4602 | 0000 4c8b | 0424 418b | 484c 4b8d | 1cd4 458b | 5ccc 1447 
  0x000001e6f4e3ede0: 8b54 dc0c | 458d 4aff | 4423 4b0c | 4585 d20f | 8637 0200 | 004f 8d14 | dc43 8b6c | 8a10 458b 
  0x000001e6f4e3ee00: 5cec 0c4d | 8bd3 49c1 | e203 4c3b | d30f 8541 | 0200 0041 | 8b6c ec1c 

  0x000001e6f4e3ee18: ; implicit exception: dispatches to 0x000001e6f4e3f258
  0x000001e6f4e3ee18: 458b 54ec 

  0x000001e6f4e3ee1c: ;   {metadata('java/nio/DirectByteBuffer')}
  0x000001e6f4e3ee1c: 0841 81fa | 780b 1c00 | 0f85 b203 | 0000 4d8d | 04ec 458b | 501c 41c7 | 400c ffff | ffff 4589 
  0x000001e6f4e3ee3c: 6018 4183 | fa04 0f8c | 0c03 0000 | 41c7 4018 | 0400 0000 | 458b 5824 | 4d8b 4810 | 4c89 4c24 
  0x000001e6f4e3ee5c: 1045 85db | 0f85 1602 | 0000 450f | b658 2d45 | 8b09 4585 | db0f 854d 

  0x000001e6f4e3ee74: ;   {oop(a 'godot/core/VariantParser$VECTOR2'{0x0000000704a030e0})}
  0x000001e6f4e3ee74: 0200 0049 | bbe0 30a0 | 0407 0000 | 0041 8b6b | 1844 3bcd | 0f85 5e02 | 0000 498b | 87b8 0100 
  0x000001e6f4e3ee94: 004c 8bd8 | 4983 c320 | 4d3b 9fc8 | 0100 000f | 8395 0000 | 004d 899f | b801 0000 | 410f 0d8b 
  0x000001e6f4e3eeb4: c000 0000 | 48c7 0001 

  0x000001e6f4e3eebc: ;   {metadata('godot/core/Vector2')}
  0x000001e6f4e3eebc: 0000 00c7 | 4008 1084 | 0201 4489 | 600c 4c89 | 6010 4c89 | 6018 418d | 6afc 83fd | 040f 8c95 
  0x000001e6f4e3eedc: 0200 004c | 8b5c 2410 | 458b 5b04 | 41c7 4018 | 0800 0000 | 4183 c2f8 | c4c1 796e | c3c5 fa5a 
  0x000001e6f4e3eefc: c041 83fa | 040f 8c91 | 0200 00c5 | fb11 4010 | 41c7 4018 | 0c00 0000 | 4c8b 5424 | 1045 8b52 
  0x000001e6f4e3ef1c: 08c4 c179 | 6eca c5fa | 5ac1 c5fb | 1140 1848 | 83c4 405d 

  0x000001e6f4e3ef30: ;   {poll_return}
  0x000001e6f4e3ef30: 493b a750 | 0400 000f | 87d9 0300 | 00c3 4489 | 1424 498b 

  0x000001e6f4e3ef44: ;   {metadata('godot/core/Vector2')}
  0x000001e6f4e3ef44: e848 ba10 | 8402 01e7 

  0x000001e6f4e3ef4c: ;   {runtime_call _new_instance_Java}
  0x000001e6f4e3ef4c: 0100 00e8 

  0x000001e6f4e3ef50: ; ImmutableOopMap {rbp=Oop }
                      ;*new {reexecute=0 rethrow=0 return_oop=1}
                      ; - godot.core.VariantKt::getVector2@0 (line 19)
                      ; - godot.core.VariantKt::access$getVector2@1 (line 1)
                      ; - godot.core.VariantParser$VECTOR2::toUnsafeKotlin@7 (line 176)
                      ; - godot.core.VariantParser$VECTOR2::toUnsafeKotlin@2 (line 175)
                      ; - godot.core.VariantParser::toKotlin@21 (line 479)
                      ; - godot.internal.memory.TransferContext::readReturnValue@20 (line 75)
                      ; - godot.api.Node2D::getGlobalPosition@41 (line 477)
  0x000001e6f4e3ef50: 2cd5 8fff 

  0x000001e6f4e3ef54: ;   {other}
  0x000001e6f4e3ef54: 0f1f 8400 | 4405 0001 | 4c8b c544 | 8b14 24e9 | 6aff ffff | bade ffff | ff48 893c 

  0x000001e6f4e3ef70: ;   {runtime_call UncommonTrapBlob}
  0x000001e6f4e3ef70: 2466 90e8 

  0x000001e6f4e3ef74: ; ImmutableOopMap {rbp=NarrowOop [0]=Oop }
                      ;*invokevirtual get {reexecute=0 rethrow=0 return_oop=0}
                      ; - godot.common.util.ThreadLocalDelegate::getValue@10 (line 7)
                      ; - godot.internal.memory.TransferContext::getBuffer@9 (line 28)
                      ; - godot.internal.memory.TransferContext::writeArguments@7 (line 34)
                      ; - godot.api.Node2D::getGlobalPosition@7 (line 475)
  0x000001e6f4e3ef74: 8856 83ff 

  0x000001e6f4e3ef78: ;   {other}
  0x000001e6f4e3ef78: 0f1f 8400 | 6805 0002 | bae4 ffff | ff48 8bef | 4889 4c24 | 0844 894c | 2410 4889 | 5c24 1844 
  0x000001e6f4e3ef98: 895c 2420 | 4489 5424 

  0x000001e6f4e3efa0: ;   {runtime_call UncommonTrapBlob}
  0x000001e6f4e3efa0: 2466 90e8 

  0x000001e6f4e3efa4: ; ImmutableOopMap {rbp=Oop [8]=Oop [16]=NarrowOop [24]=Oop [32]=NarrowOop }
                      ;*aaload {reexecute=0 rethrow=0 return_oop=0}
                      ; - java.lang.ThreadLocal$ThreadLocalMap::getEntry@18 (line 500)
                      ; - java.lang.ThreadLocal::get@12 (line 187)
                      ; - java.lang.ThreadLocal::get@4 (line 172)
                      ; - godot.common.util.ThreadLocalDelegate::getValue@10 (line 7)
                      ; - godot.internal.memory.TransferContext::getBuffer@9 (line 28)
                      ; - godot.internal.memory.TransferContext::writeArguments@7 (line 34)
                      ; - godot.api.Node2D::getGlobalPosition@7 (line 475)
  0x000001e6f4e3efa4: 5856 83ff 

  0x000001e6f4e3efa8: ;   {other}
  0x000001e6f4e3efa8: 0f1f 8400 | 9805 0003 | ba45 ffff | ff33 ed4c | 3bdb 400f | 94c5 4889 | 3c24 4889 | 4c24 1044 
  0x000001e6f4e3efc8: 894c 2418 | 4889 5c24 | 2044 8954 | 241c 4489 

  0x000001e6f4e3efd8: ;   {runtime_call UncommonTrapBlob}
  0x000001e6f4e3efd8: 4424 28e8 

  0x000001e6f4e3efdc: ; ImmutableOopMap {[0]=Oop [16]=Oop [24]=NarrowOop [32]=Oop [40]=NarrowOop }
                      ;*ifeq {reexecute=1 rethrow=0 return_oop=0}
                      ; - (reexecute) java.lang.ThreadLocal$ThreadLocalMap::getEntry@29 (line 501)
                      ; - java.lang.ThreadLocal::get@12 (line 187)
                      ; - java.lang.ThreadLocal::get@4 (line 172)
                      ; - godot.common.util.ThreadLocalDelegate::getValue@10 (line 7)
                      ; - godot.internal.memory.TransferContext::getBuffer@9 (line 28)
                      ; - godot.internal.memory.TransferContext::writeArguments@7 (line 34)
                      ; - godot.api.Node2D::getGlobalPosition@7 (line 475)
  0x000001e6f4e3efdc: 2056 83ff 

  0x000001e6f4e3efe0: ;   {other}
  0x000001e6f4e3efe0: 0f1f 8400 | d005 0004 | baec ffff | ff48 8bef | 4c89 5424 | 084c 8954 | 2410 4c89 | 4c24 1844 
  0x000001e6f4e3f000: 895c 2428 

  0x000001e6f4e3f004: ;   {runtime_call UncommonTrapBlob}
  0x000001e6f4e3f004: 6666 90e8 

  0x000001e6f4e3f008: ; ImmutableOopMap {rbp=Oop [8]=Oop [16]=Oop [40]=NarrowOop }
                      ;*ifnull {reexecute=1 rethrow=0 return_oop=0}
                      ; - (reexecute) java.nio.Buffer::session@4 (line 792)
                      ; - java.nio.DirectByteBuffer::putInt@7 (line 773)
                      ; - java.nio.DirectByteBuffer::putInt@11 (line 785)
                      ; - godot.internal.memory.TransferContext::writeArguments@21 (line 36)
                      ; - godot.api.Node2D::getGlobalPosition@7 (line 475)
  0x000001e6f4e3f008: f455 83ff 

  0x000001e6f4e3f00c: ;   {other}
  0x000001e6f4e3f00c: 0f1f 8400 | fc05 0005 | bade ffff | ff41 8bea 

  0x000001e6f4e3f01c: ;   {runtime_call UncommonTrapBlob}
  0x000001e6f4e3f01c: 6666 90e8 

  0x000001e6f4e3f020: ; ImmutableOopMap {rbp=NarrowOop }
                      ;*invokevirtual get {reexecute=0 rethrow=0 return_oop=0}
                      ; - godot.common.util.ThreadLocalDelegate::getValue@10 (line 7)
                      ; - godot.internal.memory.TransferContext::getBuffer@9 (line 28)
                      ; - godot.internal.memory.TransferContext::readReturnValue@7 (line 73)
                      ; - godot.api.Node2D::getGlobalPosition@41 (line 477)
  0x000001e6f4e3f020: dc55 83ff 

  0x000001e6f4e3f024: ;   {other}
  0x000001e6f4e3f024: 0f1f 8400 | 1406 0006 | bae4 ffff | ff89 4c24 | 0848 895c | 2410 4489 | 5c24 1844 | 894c 241c 
  0x000001e6f4e3f044: ;   {runtime_call UncommonTrapBlob}
  0x000001e6f4e3f044: 6666 90e8 

  0x000001e6f4e3f048: ; ImmutableOopMap {[0]=Oop [8]=NarrowOop [16]=Oop [24]=NarrowOop }
                      ;*aaload {reexecute=0 rethrow=0 return_oop=0}
                      ; - java.lang.ThreadLocal$ThreadLocalMap::getEntry@18 (line 500)
                      ; - java.lang.ThreadLocal::get@12 (line 187)
                      ; - java.lang.ThreadLocal::get@4 (line 172)
                      ; - godot.common.util.ThreadLocalDelegate::getValue@10 (line 7)
                      ; - godot.internal.memory.TransferContext::getBuffer@9 (line 28)
                      ; - godot.internal.memory.TransferContext::readReturnValue@7 (line 73)
                      ; - godot.api.Node2D::getGlobalPosition@41 (line 477)
  0x000001e6f4e3f048: b455 83ff 

  0x000001e6f4e3f04c: ;   {other}
  0x000001e6f4e3f04c: 0f1f 8400 | 3c06 0007 | ba45 ffff | ff4c 8944 | 2408 894c | 2410 4889 | 5c24 1844 | 894c 2414 
  0x000001e6f4e3f06c: ;   {runtime_call UncommonTrapBlob}
  0x000001e6f4e3f06c: 6666 90e8 

  0x000001e6f4e3f070: ; ImmutableOopMap {rbp=NarrowOop [8]=Oop [16]=NarrowOop [24]=Oop }
                      ;*ifeq {reexecute=1 rethrow=0 return_oop=0}
                      ; - (reexecute) java.lang.ThreadLocal$ThreadLocalMap::getEntry@29 (line 501)
                      ; - java.lang.ThreadLocal::get@12 (line 187)
                      ; - java.lang.ThreadLocal::get@4 (line 172)
                      ; - godot.common.util.ThreadLocalDelegate::getValue@10 (line 7)
                      ; - godot.internal.memory.TransferContext::getBuffer@9 (line 28)
                      ; - godot.internal.memory.TransferContext::readReturnValue@7 (line 73)
                      ; - godot.api.Node2D::getGlobalPosition@41 (line 477)
  0x000001e6f4e3f070: 8c55 83ff 

  0x000001e6f4e3f074: ;   {other}
  0x000001e6f4e3f074: 0f1f 8400 | 6406 0008 | baec ffff | ff4c 8904 | 244c 8944 | 2408 4489 

  0x000001e6f4e3f08c: ;   {runtime_call UncommonTrapBlob}
  0x000001e6f4e3f08c: 5c24 20e8 

  0x000001e6f4e3f090: ; ImmutableOopMap {[0]=Oop [8]=Oop [32]=NarrowOop }
                      ;*ifnull {reexecute=1 rethrow=0 return_oop=0}
                      ; - (reexecute) java.nio.Buffer::session@4 (line 792)
                      ; - java.nio.DirectByteBuffer::getInt@4 (line 744)
                      ; - java.nio.DirectByteBuffer::getInt@10 (line 753)
                      ; - godot.core.VariantKt::getVariantType@1 (line 104)
                      ; - godot.core.VariantKt::access$getVariantType@1 (line 1)
                      ; - godot.core.VariantParser::toKotlin@7 (line 477)
                      ; - godot.internal.memory.TransferContext::readReturnValue@20 (line 75)
                      ; - godot.api.Node2D::getGlobalPosition@41 (line 477)
  0x000001e6f4e3f090: 6c55 83ff 

  0x000001e6f4e3f094: ;   {other}
  0x000001e6f4e3f094: 0f1f 8400 | 8406 0009 | ba45 ffff | ff48 893c | 244c 8954 | 2410 4c89 | 5424 184c | 894c 2420 
  0x000001e6f4e3f0b4: ;   {runtime_call UncommonTrapBlob}
  0x000001e6f4e3f0b4: 6666 90e8 

  0x000001e6f4e3f0b8: ; ImmutableOopMap {[0]=Oop [16]=Oop [24]=Oop }
                      ;*if_icmpne {reexecute=1 rethrow=0 return_oop=0}
                      ; - (reexecute) jdk.internal.misc.Unsafe::convEndian@4 (line 3818)
                      ; - jdk.internal.misc.Unsafe::putIntUnaligned@7 (line 3698)
                      ; - jdk.internal.misc.ScopedMemoryAccess::putIntUnalignedInternal@17 (line 1930)
                      ; - jdk.internal.misc.ScopedMemoryAccess::putIntUnaligned@8 (line 1918)
                      ; - java.nio.DirectByteBuffer::putInt@18 (line 773)
                      ; - java.nio.DirectByteBuffer::putInt@11 (line 785)
                      ; - godot.internal.memory.TransferContext::writeArguments@21 (line 36)
                      ; - godot.api.Node2D::getGlobalPosition@7 (line 475)
  0x000001e6f4e3f0b8: 4455 83ff 

  0x000001e6f4e3f0bc: ;   {other}
  0x000001e6f4e3f0bc: 0f1f 8400 | ac06 000a | ba45 ffff | ff4c 8904 | 244c 8944 | 2408 4489 | 4c24 1044 | 895c 2414 
  0x000001e6f4e3f0dc: ;   {runtime_call UncommonTrapBlob}
  0x000001e6f4e3f0dc: 6666 90e8 

  0x000001e6f4e3f0e0: ; ImmutableOopMap {[0]=Oop [8]=Oop }
                      ;*if_icmpne {reexecute=1 rethrow=0 return_oop=0}
                      ; - (reexecute) jdk.internal.misc.Unsafe::convEndian@4 (line 3818)
                      ; - jdk.internal.misc.Unsafe::getIntUnaligned@8 (line 3575)
                      ; - jdk.internal.misc.ScopedMemoryAccess::getIntUnalignedInternal@15 (line 1909)
                      ; - jdk.internal.misc.ScopedMemoryAccess::getIntUnaligned@6 (line 1897)
                      ; - java.nio.DirectByteBuffer::getInt@13 (line 744)
                      ; - java.nio.DirectByteBuffer::getInt@10 (line 753)
                      ; - godot.core.VariantKt::getVariantType@1 (line 104)
                      ; - godot.core.VariantKt::access$getVariantType@1 (line 1)
                      ; - godot.core.VariantParser::toKotlin@7 (line 477)
                      ; - godot.internal.memory.TransferContext::readReturnValue@20 (line 75)
                      ; - godot.api.Node2D::getGlobalPosition@41 (line 477)
  0x000001e6f4e3f0e0: 1c55 83ff 

  0x000001e6f4e3f0e4: ;   {other}
  0x000001e6f4e3f0e4: 0f1f 8400 | d406 000b | ba45 ffff | ff44 894c 

  0x000001e6f4e3f0f4: ;   {runtime_call UncommonTrapBlob}
  0x000001e6f4e3f0f4: 2404 90e8 

  0x000001e6f4e3f0f8: ; ImmutableOopMap {}
                      ;*if_icmpne {reexecute=1 rethrow=0 return_oop=0}
                      ; - (reexecute) godot.core.VariantParser::toKotlin@16 (line 478)
                      ; - godot.internal.memory.TransferContext::readReturnValue@20 (line 75)
                      ; - godot.api.Node2D::getGlobalPosition@41 (line 477)
  0x000001e6f4e3f0f8: 0455 83ff 

  0x000001e6f4e3f0fc: ;   {other}
  0x000001e6f4e3f0fc: 0f1f 8400 | ec06 000c | ba45 ffff | ff48 8bef | 4489 1c24 

  0x000001e6f4e3f110: ;   {runtime_call UncommonTrapBlob}
  0x000001e6f4e3f110: 6666 90e8 

  0x000001e6f4e3f114: ; ImmutableOopMap {rbp=Oop [0]=NarrowOop }
                      ;*ifnonnull {reexecute=1 rethrow=0 return_oop=0}
                      ; - (reexecute) kotlin.jvm.internal.Intrinsics::checkNotNullParameter@1 (line 130)
                      ; - godot.common.util.ThreadLocalDelegate::getValue@3
                      ; - godot.internal.memory.TransferContext::getBuffer@9 (line 28)
                      ; - godot.internal.memory.TransferContext::writeArguments@7 (line 34)
                      ; - godot.api.Node2D::getGlobalPosition@7 (line 475)
  0x000001e6f4e3f114: e854 83ff 

  0x000001e6f4e3f118: ;   {other}
  0x000001e6f4e3f118: 0f1f 8400 | 0807 000d | ba45 ffff | ff48 893c | 244c 8954 | 2410 4c89 

  0x000001e6f4e3f130: ;   {runtime_call UncommonTrapBlob}
  0x000001e6f4e3f130: 5424 18e8 

  0x000001e6f4e3f134: ; ImmutableOopMap {[0]=Oop [16]=Oop [24]=Oop }
                      ;*if_icmpge {reexecute=1 rethrow=0 return_oop=0}
                      ; - (reexecute) java.nio.Buffer::nextPutIndex@12 (line 743)
                      ; - java.nio.DirectByteBuffer::putInt@4 (line 785)
                      ; - godot.internal.memory.TransferContext::writeArguments@21 (line 36)
                      ; - godot.api.Node2D::getGlobalPosition@7 (line 475)
  0x000001e6f4e3f134: c854 83ff 

  0x000001e6f4e3f138: ;   {other}
  0x000001e6f4e3f138: 0f1f 8400 | 2807 000e | ba45 ffff 

  0x000001e6f4e3f144: ;   {runtime_call UncommonTrapBlob}
  0x000001e6f4e3f144: ff66 90e8 

  0x000001e6f4e3f148: ; ImmutableOopMap {rbp=NarrowOop }
                      ;*ifnonnull {reexecute=1 rethrow=0 return_oop=0}
                      ; - (reexecute) kotlin.jvm.internal.Intrinsics::checkNotNullParameter@1 (line 130)
                      ; - godot.common.util.ThreadLocalDelegate::getValue@3
                      ; - godot.internal.memory.TransferContext::getBuffer@9 (line 28)
                      ; - godot.internal.memory.TransferContext::readReturnValue@7 (line 73)
                      ; - godot.api.Node2D::getGlobalPosition@41 (line 477)
  0x000001e6f4e3f148: b454 83ff 

  0x000001e6f4e3f14c: ;   {other}
  0x000001e6f4e3f14c: 0f1f 8400 | 3c07 000f | ba45 ffff | ff4c 8904 | 244c 8944 | 2408 4489 

  0x000001e6f4e3f164: ;   {runtime_call UncommonTrapBlob}
  0x000001e6f4e3f164: 5424 18e8 

  0x000001e6f4e3f168: ; ImmutableOopMap {[0]=Oop [8]=Oop }
                      ;*if_icmpge {reexecute=1 rethrow=0 return_oop=0}
                      ; - (reexecute) java.nio.Buffer::nextGetIndex@12 (line 720)
                      ; - java.nio.DirectByteBuffer::getInt@4 (line 753)
                      ; - godot.core.VariantKt::getVariantType@1 (line 104)
                      ; - godot.core.VariantKt::access$getVariantType@1 (line 1)
                      ; - godot.core.VariantParser::toKotlin@7 (line 477)
                      ; - godot.internal.memory.TransferContext::readReturnValue@20 (line 75)
                      ; - godot.api.Node2D::getGlobalPosition@41 (line 477)
  0x000001e6f4e3f168: 9454 83ff 

  0x000001e6f4e3f16c: ;   {other}
  0x000001e6f4e3f16c: 0f1f 8400 | 5c07 0010 | ba45 ffff | ff48 8944 | 2410 4c89 | 4424 184c | 8944 2420 

  0x000001e6f4e3f188: ;   {runtime_call UncommonTrapBlob}
  0x000001e6f4e3f188: 6666 90e8 

  0x000001e6f4e3f18c: ; ImmutableOopMap {[16]=Oop [24]=Oop [32]=Oop }
                      ;*if_icmpge {reexecute=1 rethrow=0 return_oop=0}
                      ; - (reexecute) java.nio.Buffer::nextGetIndex@12 (line 720)
                      ; - java.nio.DirectByteBuffer::getFloat@4 (line 953)
                      ; - godot.core.VariantKt::getVector2@5 (line 19)
                      ; - godot.core.VariantKt::access$getVector2@1 (line 1)
                      ; - godot.core.VariantParser$VECTOR2::toUnsafeKotlin@7 (line 176)
                      ; - godot.core.VariantParser$VECTOR2::toUnsafeKotlin@2 (line 175)
                      ; - godot.core.VariantParser::toKotlin@21 (line 479)
                      ; - godot.internal.memory.TransferContext::readReturnValue@20 (line 75)
                      ; - godot.api.Node2D::getGlobalPosition@41 (line 477)
  0x000001e6f4e3f18c: 7054 83ff 

  0x000001e6f4e3f190: ;   {other}
  0x000001e6f4e3f190: 0f1f 8400 | 8007 0011 | ba45 ffff | ff48 8904 | 24c5 fb11 | 4424 084c | 8944 2418 | 4c89 4424 
  0x000001e6f4e3f1b0: 2044 8954 

  0x000001e6f4e3f1b4: ;   {runtime_call UncommonTrapBlob}
  0x000001e6f4e3f1b4: 2428 90e8 

  0x000001e6f4e3f1b8: ; ImmutableOopMap {[0]=Oop [24]=Oop [32]=Oop }
                      ;*if_icmpge {reexecute=1 rethrow=0 return_oop=0}
                      ; - (reexecute) java.nio.Buffer::nextGetIndex@12 (line 720)
                      ; - java.nio.DirectByteBuffer::getFloat@4 (line 953)
                      ; - godot.core.VariantKt::getVector2@14 (line 19)
                      ; - godot.core.VariantKt::access$getVector2@1 (line 1)
                      ; - godot.core.VariantParser$VECTOR2::toUnsafeKotlin@7 (line 176)
                      ; - godot.core.VariantParser$VECTOR2::toUnsafeKotlin@2 (line 175)
                      ; - godot.core.VariantParser::toKotlin@21 (line 479)
                      ; - godot.internal.memory.TransferContext::readReturnValue@20 (line 75)
                      ; - godot.api.Node2D::getGlobalPosition@41 (line 477)
  0x000001e6f4e3f1b8: 4454 83ff 

  0x000001e6f4e3f1bc: ;   {other}
  0x000001e6f4e3f1bc: 0f1f 8400 | ac07 0012 | bade ffff | ff48 893c 

  0x000001e6f4e3f1cc: ;   {runtime_call UncommonTrapBlob}
  0x000001e6f4e3f1cc: 2466 90e8 

  0x000001e6f4e3f1d0: ; ImmutableOopMap {rbp=NarrowOop [0]=Oop }
                      ;*checkcast {reexecute=0 rethrow=0 return_oop=0}
                      ; - godot.internal.memory.TransferContext::getBuffer@12 (line 28)
                      ; - godot.internal.memory.TransferContext::writeArguments@7 (line 34)
                      ; - godot.api.Node2D::getGlobalPosition@7 (line 475)
  0x000001e6f4e3f1d0: 2c54 83ff 

  0x000001e6f4e3f1d4: ;   {other}
  0x000001e6f4e3f1d4: 0f1f 8400 | c407 0013 | bade ffff 

  0x000001e6f4e3f1e0: ;   {runtime_call UncommonTrapBlob}
  0x000001e6f4e3f1e0: ff66 90e8 

  0x000001e6f4e3f1e4: ; ImmutableOopMap {rbp=NarrowOop }
                      ;*checkcast {reexecute=0 rethrow=0 return_oop=0}
                      ; - godot.internal.memory.TransferContext::getBuffer@12 (line 28)
                      ; - godot.internal.memory.TransferContext::readReturnValue@7 (line 73)
                      ; - godot.api.Node2D::getGlobalPosition@41 (line 477)
  0x000001e6f4e3f1e4: 1854 83ff 

  0x000001e6f4e3f1e8: ;   {other}
  0x000001e6f4e3f1e8: 0f1f 8400 | d807 0014 | baf6 ffff 

  0x000001e6f4e3f1f4: ;   {runtime_call UncommonTrapBlob}
  0x000001e6f4e3f1f4: ff66 90e8 

  0x000001e6f4e3f1f8: ; ImmutableOopMap {}
                      ;*invokevirtual get {reexecute=0 rethrow=0 return_oop=0}
                      ; - godot.common.util.ThreadLocalDelegate::getValue@10 (line 7)
                      ; - godot.internal.memory.TransferContext::getBuffer@9 (line 28)
                      ; - godot.internal.memory.TransferContext::writeArguments@7 (line 34)
                      ; - godot.api.Node2D::getGlobalPosition@7 (line 475)
  0x000001e6f4e3f1f8: 0454 83ff 

  0x000001e6f4e3f1fc: ;   {other}
  0x000001e6f4e3f1fc: 0f1f 8400 | ec07 0015 | baf6 ffff 

  0x000001e6f4e3f208: ;   {runtime_call UncommonTrapBlob}
  0x000001e6f4e3f208: ff66 90e8 

  0x000001e6f4e3f20c: ; ImmutableOopMap {}
                      ;*arraylength {reexecute=0 rethrow=0 return_oop=0}
                      ; - java.lang.ThreadLocal$ThreadLocalMap::getEntry@8 (line 499)
                      ; - java.lang.ThreadLocal::get@12 (line 187)
                      ; - java.lang.ThreadLocal::get@4 (line 172)
                      ; - godot.common.util.ThreadLocalDelegate::getValue@10 (line 7)
                      ; - godot.internal.memory.TransferContext::getBuffer@9 (line 28)
                      ; - godot.internal.memory.TransferContext::writeArguments@7 (line 34)
                      ; - godot.api.Node2D::getGlobalPosition@7 (line 475)
  0x000001e6f4e3f20c: f053 83ff 

  0x000001e6f4e3f210: ;   {other}
  0x000001e6f4e3f210: 0f1f 8400 | 0008 0016 | baf4 ffff | ff48 8bef 

  0x000001e6f4e3f220: ;   {runtime_call UncommonTrapBlob}
  0x000001e6f4e3f220: 6666 90e8 

  0x000001e6f4e3f224: ; ImmutableOopMap {rbp=Oop }
                      ;*checkcast {reexecute=0 rethrow=0 return_oop=0}
                      ; - godot.internal.memory.TransferContext::getBuffer@12 (line 28)
                      ; - godot.internal.memory.TransferContext::writeArguments@7 (line 34)
                      ; - godot.api.Node2D::getGlobalPosition@7 (line 475)
  0x000001e6f4e3f224: d853 83ff 

  0x000001e6f4e3f228: ;   {other}
  0x000001e6f4e3f228: 0f1f 8400 | 1808 0017 | baf6 ffff 

  0x000001e6f4e3f234: ;   {runtime_call UncommonTrapBlob}
  0x000001e6f4e3f234: ff66 90e8 

  0x000001e6f4e3f238: ; ImmutableOopMap {}
                      ;*invokevirtual get {reexecute=0 rethrow=0 return_oop=0}
                      ; - godot.common.util.ThreadLocalDelegate::getValue@10 (line 7)
                      ; - godot.internal.memory.TransferContext::getBuffer@9 (line 28)
                      ; - godot.internal.memory.TransferContext::readReturnValue@7 (line 73)
                      ; - godot.api.Node2D::getGlobalPosition@41 (line 477)
  0x000001e6f4e3f238: c453 83ff 

  0x000001e6f4e3f23c: ;   {other}
  0x000001e6f4e3f23c: 0f1f 8400 | 2c08 0018 | baf6 ffff 

  0x000001e6f4e3f248: ;   {runtime_call UncommonTrapBlob}
  0x000001e6f4e3f248: ff66 90e8 

  0x000001e6f4e3f24c: ; ImmutableOopMap {}
                      ;*arraylength {reexecute=0 rethrow=0 return_oop=0}
                      ; - java.lang.ThreadLocal$ThreadLocalMap::getEntry@8 (line 499)
                      ; - java.lang.ThreadLocal::get@12 (line 187)
                      ; - java.lang.ThreadLocal::get@4 (line 172)
                      ; - godot.common.util.ThreadLocalDelegate::getValue@10 (line 7)
                      ; - godot.internal.memory.TransferContext::getBuffer@9 (line 28)
                      ; - godot.internal.memory.TransferContext::readReturnValue@7 (line 73)
                      ; - godot.api.Node2D::getGlobalPosition@41 (line 477)
  0x000001e6f4e3f24c: b053 83ff 

  0x000001e6f4e3f250: ;   {other}
  0x000001e6f4e3f250: 0f1f 8400 | 4008 0019 | baf4 ffff 

  0x000001e6f4e3f25c: ;   {runtime_call UncommonTrapBlob}
  0x000001e6f4e3f25c: ff66 90e8 

  0x000001e6f4e3f260: ; ImmutableOopMap {}
                      ;*checkcast {reexecute=0 rethrow=0 return_oop=0}
                      ; - godot.internal.memory.TransferContext::getBuffer@12 (line 28)
                      ; - godot.internal.memory.TransferContext::readReturnValue@7 (line 73)
                      ; - godot.api.Node2D::getGlobalPosition@41 (line 477)
  0x000001e6f4e3f260: 9c53 83ff 

  0x000001e6f4e3f264: ;   {other}
  0x000001e6f4e3f264: 0f1f 8400 | 5408 001a | ba45 ffff | ff48 8bef | 4889 1c24 | 4889 4c24 | 0844 894c 

  0x000001e6f4e3f280: ;   {runtime_call UncommonTrapBlob}
  0x000001e6f4e3f280: 2414 90e8 

  0x000001e6f4e3f284: ; ImmutableOopMap {rbp=Oop [0]=Oop [8]=Oop [20]=NarrowOop }
                      ;*ifnull {reexecute=1 rethrow=0 return_oop=0}
                      ; - (reexecute) java.lang.ThreadLocal::get@7 (line 186)
                      ; - java.lang.ThreadLocal::get@4 (line 172)
                      ; - godot.common.util.ThreadLocalDelegate::getValue@10 (line 7)
                      ; - godot.internal.memory.TransferContext::getBuffer@9 (line 28)
                      ; - godot.internal.memory.TransferContext::writeArguments@7 (line 34)
                      ; - godot.api.Node2D::getGlobalPosition@7 (line 475)
  0x000001e6f4e3f284: 7853 83ff 

  0x000001e6f4e3f288: ;   {other}
  0x000001e6f4e3f288: 0f1f 8400 | 7808 001b | ba45 ffff | ff48 8bef | 4889 4c24 | 0844 894c | 2410 4889 | 5c24 1844 
  0x000001e6f4e3f2a8: 8954 2414 | 4489 4424 

  0x000001e6f4e3f2b0: ;   {runtime_call UncommonTrapBlob}
  0x000001e6f4e3f2b0: 2466 90e8 

  0x000001e6f4e3f2b4: ; ImmutableOopMap {rbp=Oop [8]=Oop [16]=NarrowOop [24]=Oop [36]=NarrowOop }
                      ;*ifnull {reexecute=1 rethrow=0 return_oop=0}
                      ; - (reexecute) java.lang.ThreadLocal$ThreadLocalMap::getEntry@21 (line 501)
                      ; - java.lang.ThreadLocal::get@12 (line 187)
                      ; - java.lang.ThreadLocal::get@4 (line 172)
                      ; - godot.common.util.ThreadLocalDelegate::getValue@10 (line 7)
                      ; - godot.internal.memory.TransferContext::getBuffer@9 (line 28)
                      ; - godot.internal.memory.TransferContext::writeArguments@7 (line 34)
                      ; - godot.api.Node2D::getGlobalPosition@7 (line 475)
  0x000001e6f4e3f2b4: 4853 83ff 

  0x000001e6f4e3f2b8: ;   {other}
  0x000001e6f4e3f2b8: 0f1f 8400 | a808 001c | ba45 ffff | ff48 8beb | 894c 240c 

  0x000001e6f4e3f2cc: ;   {runtime_call UncommonTrapBlob}
  0x000001e6f4e3f2cc: 6666 90e8 

  0x000001e6f4e3f2d0: ; ImmutableOopMap {rbp=Oop [0]=Oop [12]=NarrowOop }
                      ;*ifnull {reexecute=1 rethrow=0 return_oop=0}
                      ; - (reexecute) java.lang.ThreadLocal::get@7 (line 186)
                      ; - java.lang.ThreadLocal::get@4 (line 172)
                      ; - godot.common.util.ThreadLocalDelegate::getValue@10 (line 7)
                      ; - godot.internal.memory.TransferContext::getBuffer@9 (line 28)
                      ; - godot.internal.memory.TransferContext::readReturnValue@7 (line 73)
                      ; - godot.api.Node2D::getGlobalPosition@41 (line 477)
  0x000001e6f4e3f2d0: 2c53 83ff 

  0x000001e6f4e3f2d4: ;   {other}
  0x000001e6f4e3f2d4: 0f1f 8400 | c408 001d | ba45 ffff | ff4c 8944 | 2408 894c | 2410 4889 | 5c24 1844 | 894c 2414 
  0x000001e6f4e3f2f4: ;   {runtime_call UncommonTrapBlob}
  0x000001e6f4e3f2f4: 6666 90e8 

  0x000001e6f4e3f2f8: ; ImmutableOopMap {rbp=NarrowOop [8]=Oop [16]=NarrowOop [24]=Oop }
                      ;*ifnull {reexecute=1 rethrow=0 return_oop=0}
                      ; - (reexecute) java.lang.ThreadLocal$ThreadLocalMap::getEntry@21 (line 501)
                      ; - java.lang.ThreadLocal::get@12 (line 187)
                      ; - java.lang.ThreadLocal::get@4 (line 172)
                      ; - godot.common.util.ThreadLocalDelegate::getValue@10 (line 7)
                      ; - godot.internal.memory.TransferContext::getBuffer@9 (line 28)
                      ; - godot.internal.memory.TransferContext::readReturnValue@7 (line 73)
                      ; - godot.api.Node2D::getGlobalPosition@41 (line 477)
  0x000001e6f4e3f2f8: 0453 83ff 

  0x000001e6f4e3f2fc: ;   {other}
  0x000001e6f4e3f2fc: 0f1f 8400 | ec08 001e | 488b d0eb | 0348 8bd0 | 4883 c440 

  0x000001e6f4e3f310: ;   {runtime_call _rethrow_Java}
  0x000001e6f4e3f310: 5de9 ea39 

  0x000001e6f4e3f314: ;   {internal_word}
  0x000001e6f4e3f314: 99ff 49ba | 30ef e3f4 | e601 0000 | 4d89 9768 

  0x000001e6f4e3f324: ;   {runtime_call SafepointBlob}
  0x000001e6f4e3f324: 0400 00e9 | d463 83ff 

  0x000001e6f4e3f32c: ;   {runtime_call StubRoutines (final stubs)}
  0x000001e6f4e3f32c: e82f 5a81 | ffe9 44f9 | ffff f4f4 
[Stub Code]
  0x000001e6f4e3f338: ;   {no_reloc}
  0x000001e6f4e3f338: 48bb 0000 | 0000 0000 

  0x000001e6f4e3f340: ;   {runtime_call}
  0x000001e6f4e3f340: 0000 e9fb 

  0x000001e6f4e3f344: ;   {runtime_call ExceptionBlob}
  0x000001e6f4e3f344: ffff ffe9 | 34d4 8fff 
[Deopt Handler Code]
  0x000001e6f4e3f34c: e800 0000 | 0048 832c 

  0x000001e6f4e3f354: ;   {runtime_call DeoptimizationBlob}
  0x000001e6f4e3f354: 2405 e945 | 5683 fff4 | f4f4 f4f4 
[/MachCode]


Compiled method (c1)  118211 1628       3       game.items.weapons.Weapon::getClosestTarget (115 bytes)
 total in heap  [0x000001e6ed4d5110,0x000001e6ed4d6048] = 3896
 relocation     [0x000001e6ed4d5270,0x000001e6ed4d5378] = 264
 main code      [0x000001e6ed4d5380,0x000001e6ed4d5c88] = 2312
 stub code      [0x000001e6ed4d5c88,0x000001e6ed4d5d20] = 152
 oops           [0x000001e6ed4d5d20,0x000001e6ed4d5d30] = 16
 metadata       [0x000001e6ed4d5d30,0x000001e6ed4d5d40] = 16
 scopes data    [0x000001e6ed4d5d40,0x000001e6ed4d5e68] = 296
 scopes pcs     [0x000001e6ed4d5e68,0x000001e6ed4d5ff8] = 400
 dependencies   [0x000001e6ed4d5ff8,0x000001e6ed4d6000] = 8
 nul chk table  [0x000001e6ed4d6000,0x000001e6ed4d6048] = 72

[Constant Pool (empty)]

[MachCode]
[Entry Point]
  # {method} {0x000001e7427129d8} 'getClosestTarget' '()Lgodot/api/Node2D;' in 'game/items/weapons/Weapon'
  #           [sp+0x80]  (sp of caller)
  0x000001e6ed4d5380: 448b 5208 | 49bb 0000 | 0000 e701 | 0000 4d03 | d34c 3bd0 

  0x000001e6ed4d5394: ;   {runtime_call ic_miss_stub}
  0x000001e6ed4d5394: 0f85 e693 | 1907 660f | 1f44 0000 
[Verified Entry Point]
  0x000001e6ed4d53a0: 8984 2400 | 80ff ff55 | 4883 ec70 | 4181 7f20 | 0300 0000 

  0x000001e6ed4d53b4: ;   {runtime_call StubRoutines (final stubs)}
  0x000001e6ed4d53b4: 7405 e8a5 | f917 0748 | 8954 2428 

  0x000001e6ed4d53c0: ;   {metadata(method data for {method} {0x000001e7427129d8} 'getClosestTarget' '()Lgodot/api/Node2D;' in 'game/items/weapons/Weapon')}
  0x000001e6ed4d53c0: 48be d05a | 9242 e701 | 0000 8bbe | cc00 0000 | 83c7 0289 | becc 0000 | 0081 e7fe | 0700 0085 
  0x000001e6ed4d53e0: ff0f 84cd | 0700 008b | 7240 48c1 | e603 4885 

  0x000001e6ed4d53f0: ;   {metadata(method data for {method} {0x000001e7427129d8} 'getClosestTarget' '()Lgodot/api/Node2D;' in 'game/items/weapons/Weapon')}
  0x000001e6ed4d53f0: f648 bfd0 | 5a92 42e7 | 0100 0048 | bb10 0100 | 0000 0000 | 0074 0a48 | bb20 0100 | 0000 0000 
  0x000001e6ed4d5410: 0048 8b04 | 1f48 8d40 | 0148 8904 | 1f0f 8474 | 0700 0048 | 3b06 488b 

  0x000001e6ed4d5428: ;   {metadata(method data for {method} {0x000001e7427129d8} 'getClosestTarget' '()Lgodot/api/Node2D;' in 'game/items/weapons/Weapon')}
  0x000001e6ed4d5428: fe48 bbd0 | 5a92 42e7 | 0100 008b | 7f08 49ba | 0000 0000 | e701 0000 | 4903 fa48 | 3bbb 4001 
  0x000001e6ed4d5448: 0000 750d | 4883 8348 | 0100 0001 | e960 0000 | 0048 3bbb | 5001 0000 | 750d 4883 | 8358 0100 
  0x000001e6ed4d5468: 0001 e94a | 0000 0048 | 83bb 4001 | 0000 0075 | 1748 89bb | 4001 0000 | 48c7 8348 | 0100 0001 
  0x000001e6ed4d5488: 0000 00e9 | 2900 0000 | 4883 bb50 | 0100 0000 | 7517 4889 | bb50 0100 | 0048 c783 | 5801 0000 
  0x000001e6ed4d54a8: 0100 0000 | e908 0000 | 0048 8383 | 3001 0000 | 0148 8bd6 | 9048 b8d8 | a80b 00e7 

  0x000001e6ed4d54c4: ;   {virtual_call}
  0x000001e6ed4d54c4: 0100 00e8 

  0x000001e6ed4d54c8: ; ImmutableOopMap {[40]=Oop }
                      ;*invokeinterface isEmpty {reexecute=0 rethrow=0 return_oop=0}
                      ; - game.items.weapons.Weapon::getClosestTarget@11 (line 122)
  0x000001e6ed4d54c8: 5457 9407 

  0x000001e6ed4d54cc: ;   {other}
  0x000001e6ed4d54cc: 0f1f 8400 | bc03 0000 

  0x000001e6ed4d54d4: ;   {metadata(method data for {method} {0x000001e7427129d8} 'getClosestTarget' '()Lgodot/api/Node2D;' in 'game/items/weapons/Weapon')}
  0x000001e6ed4d54d4: 85c0 49b8 | d05a 9242 | e701 0000 | 48ba 7801 | 0000 0000 | 0000 750a | 48ba 6801 | 0000 0000 
  0x000001e6ed4d54f4: 0000 498b | 3410 488d | 7601 4989 | 3410 0f85 | 8f06 0000 | 488b 5424 | 288b 7240 | 48c1 e603 
  0x000001e6ed4d5514: ; implicit exception: dispatches to 0x000001e6ed4d5bda
  0x000001e6ed4d5514: 483b 064c 

  0x000001e6ed4d5518: ;   {metadata(method data for {method} {0x000001e7427129d8} 'getClosestTarget' '()Lgodot/api/Node2D;' in 'game/items/weapons/Weapon')}
  0x000001e6ed4d5518: 8bc6 48bf | d05a 9242 | e701 0000 | 458b 4008 | 49ba 0000 | 0000 e701 | 0000 4d03 | c24c 3b87 
  0x000001e6ed4d5538: 9801 0000 | 750d 4883 | 87a0 0100 | 0001 e960 | 0000 004c | 3b87 a801 | 0000 750d | 4883 87b0 
  0x000001e6ed4d5558: 0100 0001 | e94a 0000 | 0048 83bf | 9801 0000 | 0075 174c | 8987 9801 | 0000 48c7 | 87a0 0100 
  0x000001e6ed4d5578: 0001 0000 | 00e9 2900 | 0000 4883 | bfa8 0100 | 0000 7517 | 4c89 87a8 | 0100 0048 | c787 b001 
  0x000001e6ed4d5598: 0000 0100 | 0000 e908 | 0000 0048 | 8387 8801 | 0000 0141 | b800 0000 | 0048 8bd6 | 9048 b8d8 
  0x000001e6ed4d55b8: a80b 00e7 

  0x000001e6ed4d55bc: ;   {virtual_call}
  0x000001e6ed4d55bc: 0100 00e8 

  0x000001e6ed4d55c0: ; ImmutableOopMap {[40]=Oop }
                      ;*invokeinterface get {reexecute=0 rethrow=0 return_oop=0}
                      ; - game.items.weapons.Weapon::getClosestTarget@26 (line 123)
  0x000001e6ed4d55c0: dcbe 9607 

  0x000001e6ed4d55c4: ;   {other}
  0x000001e6ed4d55c4: 0f1f 8400 | b404 0001 | 4885 c075 

  0x000001e6ed4d55d0: ;   {metadata(method data for {method} {0x000001e7427129d8} 'getClosestTarget' '()Lgodot/api/Node2D;' in 'game/items/weapons/Weapon')}
  0x000001e6ed4d55d0: 1648 bfd0 | 5a92 42e7 | 0100 0080 | 8fb9 0100 | 0001 e9cd 

  0x000001e6ed4d55e4: ;   {metadata('godot/api/Node2D')}
  0x000001e6ed4d55e4: 0000 0048 | bbf0 3403 | 01e7 0100 | 008b 7808 | 49ba 0000 | 0000 e701 | 0000 4903 | fa48 3b5f 
  0x000001e6ed4d5604: 580f 858d 

  0x000001e6ed4d5608: ;   {metadata(method data for {method} {0x000001e7427129d8} 'getClosestTarget' '()Lgodot/api/Node2D;' in 'game/items/weapons/Weapon')}
  0x000001e6ed4d5608: 0000 0048 | bfd0 5a92 | 42e7 0100 | 008b 5808 | 49ba 0000 | 0000 e701 | 0000 4903 | da48 3b9f 
  0x000001e6ed4d5628: d001 0000 | 750d 4883 | 87d8 0100 | 0001 e979 | 0000 0048 | 3b9f e001 | 0000 750d | 4883 87e8 
  0x000001e6ed4d5648: 0100 0001 | e963 0000 | 0048 83bf | d001 0000 | 0075 1748 | 899f d001 | 0000 48c7 | 87d8 0100 
  0x000001e6ed4d5668: 0001 0000 | 00e9 4200 | 0000 4883 | bfe0 0100 | 0000 7517 | 4889 9fe0 | 0100 0048 | c787 e801 
  0x000001e6ed4d5688: 0000 0100 | 0000 e921 | 0000 00e9 | 1c00 0000 

  0x000001e6ed4d5698: ;   {metadata(method data for {method} {0x000001e7427129d8} 'getClosestTarget' '()Lgodot/api/Node2D;' in 'game/items/weapons/Weapon')}
  0x000001e6ed4d5698: 48bf d05a | 9242 e701 | 0000 4883 | afc0 0100 | 0001 e930 | 0500 00e9 | 0000 0000 | 488b f048 
  0x000001e6ed4d56b8: 8974 2430 | 488b 5424 

  0x000001e6ed4d56c0: ;   {metadata(method data for {method} {0x000001e7427129d8} 'getClosestTarget' '()Lgodot/api/Node2D;' in 'game/items/weapons/Weapon')}
  0x000001e6ed4d56c0: 2848 bfd0 | 5a92 42e7 | 0100 0048 | 8387 f801 | 0000 0148 | 8b54 2428 | 0f1f 8000 

  0x000001e6ed4d56dc: ;   {optimized virtual_call}
  0x000001e6ed4d56dc: 0000 00e8 

  0x000001e6ed4d56e0: ; ImmutableOopMap {[40]=Oop [48]=Oop }
                      ;*invokevirtual getGlobalPosition {reexecute=0 rethrow=0 return_oop=0}
                      ; - game.items.weapons.Weapon::getClosestTarget@36 (line 124)
  0x000001e6ed4d56e0: 7c95 9607 

  0x000001e6ed4d56e4: ;   {other}
  0x000001e6ed4d56e4: 0f1f 8400 | d405 0002 | 488b 7424 | 3048 3b06 

  0x000001e6ed4d56f4: ;   {metadata(method data for {method} {0x000001e7427129d8} 'getClosestTarget' '()Lgodot/api/Node2D;' in 'game/items/weapons/Weapon')}
  0x000001e6ed4d56f4: 488b d648 | bfd0 5a92 | 42e7 0100 | 0048 8387 | 3002 0000 | 0148 8bd6 | 4889 4424 | 3866 0f1f 
  0x000001e6ed4d5714: ;   {optimized virtual_call}
  0x000001e6ed4d5714: 4400 00e8 

  0x000001e6ed4d5718: ; ImmutableOopMap {[40]=Oop [48]=Oop [56]=Oop }
                      ;*invokevirtual getGlobalPosition {reexecute=0 rethrow=0 return_oop=0}
                      ; - game.items.weapons.Weapon::getClosestTarget@40 (line 124)
  0x000001e6ed4d5718: 4495 9607 

  0x000001e6ed4d571c: ;   {other}
  0x000001e6ed4d571c: 0f1f 8400 | 0c06 0003 | 488b 5424 | 3848 3b02 

  0x000001e6ed4d572c: ;   {metadata(method data for {method} {0x000001e7427129d8} 'getClosestTarget' '()Lgodot/api/Node2D;' in 'game/items/weapons/Weapon')}
  0x000001e6ed4d572c: 4c8b c248 | bed0 5a92 | 42e7 0100 | 0048 8386 | 6802 0000 | 014c 8bc0 

  0x000001e6ed4d5744: ;   {optimized virtual_call}
  0x000001e6ed4d5744: 6666 90e8 

  0x000001e6ed4d5748: ; ImmutableOopMap {[40]=Oop [48]=Oop }
                      ;*invokevirtual distanceTo {reexecute=0 rethrow=0 return_oop=0}
                      ; - game.items.weapons.Weapon::getClosestTarget@43 (line 124)
  0x000001e6ed4d5748: 9417 ffff 

  0x000001e6ed4d574c: ;   {other}
  0x000001e6ed4d574c: 0f1f 8400 | 3c06 0004 | 488b 7424 | 30bf 0100 | 0000 897c | 2440 c5fb | 1144 2460 | e913 0300 
  0x000001e6ed4d576c: 0066 6690 | 488b 5424 | 288b 7240 | 48c1 e603 

  0x000001e6ed4d577c: ; implicit exception: dispatches to 0x000001e6ed4d5bf2
  0x000001e6ed4d577c: 483b 064c 

  0x000001e6ed4d5780: ;   {metadata(method data for {method} {0x000001e7427129d8} 'getClosestTarget' '()Lgodot/api/Node2D;' in 'game/items/weapons/Weapon')}
  0x000001e6ed4d5780: 8bc6 48bb | d05a 9242 | e701 0000 | 458b 4008 | 49ba 0000 | 0000 e701 | 0000 4d03 | c24c 3b83 
  0x000001e6ed4d57a0: 0803 0000 | 750d 4883 | 8310 0300 | 0001 e960 | 0000 004c | 3b83 1803 | 0000 750d | 4883 8320 
  0x000001e6ed4d57c0: 0300 0001 | e94a 0000 | 0048 83bb | 0803 0000 | 0075 174c | 8983 0803 | 0000 48c7 | 8310 0300 
  0x000001e6ed4d57e0: 0001 0000 | 00e9 2900 | 0000 4883 | bb18 0300 | 0000 7517 | 4c89 8318 | 0300 0048 | c783 2003 
  0x000001e6ed4d5800: 0000 0100 | 0000 e908 | 0000 0048 | 8383 f802 | 0000 014c | 8bc7 488b | d689 7c24 | 4048 b8d8 
  0x000001e6ed4d5820: a80b 00e7 

  0x000001e6ed4d5824: ;   {virtual_call}
  0x000001e6ed4d5824: 0100 00e8 

  0x000001e6ed4d5828: ; ImmutableOopMap {[40]=Oop [72]=Oop }
                      ;*invokeinterface get {reexecute=0 rethrow=0 return_oop=0}
                      ; - game.items.weapons.Weapon::getClosestTarget@70 (line 127)
  0x000001e6ed4d5828: 74bc 9607 

  0x000001e6ed4d582c: ;   {other}
  0x000001e6ed4d582c: 0f1f 8400 | 1c07 0005 | 4885 c075 

  0x000001e6ed4d5838: ;   {metadata(method data for {method} {0x000001e7427129d8} 'getClosestTarget' '()Lgodot/api/Node2D;' in 'game/items/weapons/Weapon')}
  0x000001e6ed4d5838: 1648 bfd0 | 5a92 42e7 | 0100 0080 | 8f29 0300 | 0001 e9cd 

  0x000001e6ed4d584c: ;   {metadata('godot/api/Node2D')}
  0x000001e6ed4d584c: 0000 0048 | bbf0 3403 | 01e7 0100 | 008b 7808 | 49ba 0000 | 0000 e701 | 0000 4903 | fa48 3b5f 
  0x000001e6ed4d586c: 580f 858d 

  0x000001e6ed4d5870: ;   {metadata(method data for {method} {0x000001e7427129d8} 'getClosestTarget' '()Lgodot/api/Node2D;' in 'game/items/weapons/Weapon')}
  0x000001e6ed4d5870: 0000 0048 | bfd0 5a92 | 42e7 0100 | 008b 5808 | 49ba 0000 | 0000 e701 | 0000 4903 | da48 3b9f 
  0x000001e6ed4d5890: 4003 0000 | 750d 4883 | 8748 0300 | 0001 e979 | 0000 0048 | 3b9f 5003 | 0000 750d | 4883 8758 
  0x000001e6ed4d58b0: 0300 0001 | e963 0000 | 0048 83bf | 4003 0000 | 0075 1748 | 899f 4003 | 0000 48c7 | 8748 0300 
  0x000001e6ed4d58d0: 0001 0000 | 00e9 4200 | 0000 4883 | bf50 0300 | 0000 7517 | 4889 9f50 | 0300 0048 | c787 5803 
  0x000001e6ed4d58f0: 0000 0100 | 0000 e921 | 0000 00e9 | 1c00 0000 

  0x000001e6ed4d5900: ;   {metadata(method data for {method} {0x000001e7427129d8} 'getClosestTarget' '()Lgodot/api/Node2D;' in 'game/items/weapons/Weapon')}
  0x000001e6ed4d5900: 48bf d05a | 9242 e701 | 0000 4883 | af30 0300 | 0001 e9e0 | 0200 00e9 | 0000 0000 | 488b f048 
  0x000001e6ed4d5920: 8974 2450 | 488b 5424 

  0x000001e6ed4d5928: ;   {metadata(method data for {method} {0x000001e7427129d8} 'getClosestTarget' '()Lgodot/api/Node2D;' in 'game/items/weapons/Weapon')}
  0x000001e6ed4d5928: 2848 bfd0 | 5a92 42e7 | 0100 0048 | 8387 6803 | 0000 0148 | 8b54 2428 | 0f1f 8000 

  0x000001e6ed4d5944: ;   {optimized virtual_call}
  0x000001e6ed4d5944: 0000 00e8 

  0x000001e6ed4d5948: ; ImmutableOopMap {[40]=Oop [72]=Oop [80]=Oop }
                      ;*invokevirtual getGlobalPosition {reexecute=0 rethrow=0 return_oop=0}
                      ; - game.items.weapons.Weapon::getClosestTarget@81 (line 128)
  0x000001e6ed4d5948: 1493 9607 

  0x000001e6ed4d594c: ;   {other}
  0x000001e6ed4d594c: 0f1f 8400 | 3c08 0006 | 488b 7424 | 5048 3b06 

  0x000001e6ed4d595c: ;   {metadata(method data for {method} {0x000001e7427129d8} 'getClosestTarget' '()Lgodot/api/Node2D;' in 'game/items/weapons/Weapon')}
  0x000001e6ed4d595c: 488b d648 | bfd0 5a92 | 42e7 0100 | 0048 8387 | a003 0000 | 0148 8bd6 | 4889 4424 | 5866 0f1f 
  0x000001e6ed4d597c: ;   {optimized virtual_call}
  0x000001e6ed4d597c: 4400 00e8 

  0x000001e6ed4d5980: ; ImmutableOopMap {[40]=Oop [72]=Oop [80]=Oop [88]=Oop }
                      ;*invokevirtual getGlobalPosition {reexecute=0 rethrow=0 return_oop=0}
                      ; - game.items.weapons.Weapon::getClosestTarget@86 (line 128)
  0x000001e6ed4d5980: dc92 9607 

  0x000001e6ed4d5984: ;   {other}
  0x000001e6ed4d5984: 0f1f 8400 | 7408 0007 | 488b 5424 | 5848 3b02 

  0x000001e6ed4d5994: ;   {metadata(method data for {method} {0x000001e7427129d8} 'getClosestTarget' '()Lgodot/api/Node2D;' in 'game/items/weapons/Weapon')}
  0x000001e6ed4d5994: 4c8b c248 | bed0 5a92 | 42e7 0100 | 0048 8386 | d803 0000 | 014c 8bc0 

  0x000001e6ed4d59ac: ;   {optimized virtual_call}
  0x000001e6ed4d59ac: 6666 90e8 

  0x000001e6ed4d59b0: ; ImmutableOopMap {[40]=Oop [72]=Oop [80]=Oop }
                      ;*invokevirtual distanceTo {reexecute=0 rethrow=0 return_oop=0}
                      ; - game.items.weapons.Weapon::getClosestTarget@89 (line 128)
  0x000001e6ed4d59b0: 2c15 ffff 

  0x000001e6ed4d59b4: ;   {other}
  0x000001e6ed4d59b4: 0f1f 8400 | a408 0008 | c5fb 104c | 2460 c5f9 | 2ec1 b801 | 0000 000f | 8a13 0000 | 000f 870d 
  0x000001e6ed4d59d4: 0000 00b8 | 0000 0000 | 0f84 0200 | 0000 ffc8 

  0x000001e6ed4d59e4: ;   {metadata(method data for {method} {0x000001e7427129d8} 'getClosestTarget' '()Lgodot/api/Node2D;' in 'game/items/weapons/Weapon')}
  0x000001e6ed4d59e4: 85c0 48b8 | d05a 9242 | e701 0000 | 48be 2004 | 0000 0000 | 0000 7c0a | 48be 1004 | 0000 0000 
  0x000001e6ed4d5a04: 0000 488b | 3c30 488d | 7f01 4889 | 3c30 0f8c | 0e00 0000 | c5f9 28c1 | 488b 7424 | 48e9 0500 
  0x000001e6ed4d5a24: 0000 488b | 7424 508b | 7c24 40ff 

  0x000001e6ed4d5a30: ;   {metadata(method data for {method} {0x000001e7427129d8} 'getClosestTarget' '()Lgodot/api/Node2D;' in 'game/items/weapons/Weapon')}
  0x000001e6ed4d5a30: c748 b8d0 | 5a92 42e7 | 0100 008b | 98d0 0000 | 0083 c302 | 8998 d000 | 0000 81e3 | fe3f 0000 
  0x000001e6ed4d5a50: 85db 0f84 | b201 0000 | 4d8b 9758 

  0x000001e6ed4d5a5c: ; ImmutableOopMap {rsi=Oop [40]=Oop }
                      ;*goto {reexecute=1 rethrow=0 return_oop=0}
                      ; - (reexecute) game.items.weapons.Weapon::getClosestTarget@110 (line 126)
                      ;   {poll}
  0x000001e6ed4d5a5c: 0400 0041 

  0x000001e6ed4d5a60: ;   {metadata(method data for {method} {0x000001e7427129d8} 'getClosestTarget' '()Lgodot/api/Node2D;' in 'game/items/weapons/Weapon')}
  0x000001e6ed4d5a60: 8502 48b8 | d05a 9242 | e701 0000 | ff80 3004 | 0000 c5f9 | 28c8 897c | 2440 c5fb | 114c 2460 
  0x000001e6ed4d5a80: 4889 7424 | 4848 8b54 | 2428 8b5a | 4048 c1e3 | 0348 3b03 

  0x000001e6ed4d5a94: ;   {metadata(method data for {method} {0x000001e7427129d8} 'getClosestTarget' '()Lgodot/api/Node2D;' in 'game/items/weapons/Weapon')}
  0x000001e6ed4d5a94: 488b c348 | b9d0 5a92 | 42e7 0100 | 008b 4008 | 49ba 0000 | 0000 e701 | 0000 4903 | c248 3b81 
  0x000001e6ed4d5ab4: b002 0000 | 750d 4883 | 81b8 0200 | 0001 e960 | 0000 0048 | 3b81 c002 | 0000 750d | 4883 81c8 
  0x000001e6ed4d5ad4: 0200 0001 | e94a 0000 | 0048 83b9 | b002 0000 | 0075 1748 | 8981 b002 | 0000 48c7 | 81b8 0200 
  0x000001e6ed4d5af4: 0001 0000 | 00e9 2900 | 0000 4883 | b9c0 0200 | 0000 7517 | 4889 81c0 | 0200 0048 | c781 c802 
  0x000001e6ed4d5b14: 0000 0100 | 0000 e908 | 0000 0048 | 8381 a002 | 0000 0148 | 8bd3 6666 | 9048 b8d8 | a80b 00e7 
  0x000001e6ed4d5b34: ;   {virtual_call}
  0x000001e6ed4d5b34: 0100 00e8 

  0x000001e6ed4d5b38: ; ImmutableOopMap {[40]=Oop [72]=Oop }
                      ;*invokeinterface size {reexecute=0 rethrow=0 return_oop=0}
                      ; - game.items.weapons.Weapon::getClosestTarget@56 (line 126)
  0x000001e6ed4d5b38: 64a2 8a07 

  0x000001e6ed4d5b3c: ;   {other}
  0x000001e6ed4d5b3c: 0f1f 8400 | 2c0a 000a | 8b7c 2440 

  0x000001e6ed4d5b48: ;   {metadata(method data for {method} {0x000001e7427129d8} 'getClosestTarget' '()Lgodot/api/Node2D;' in 'game/items/weapons/Weapon')}
  0x000001e6ed4d5b48: 3bf8 49b8 | d05a 9242 | e701 0000 | 48ba e802 | 0000 0000 | 0000 7c0a | 48ba d802 | 0000 0000 
  0x000001e6ed4d5b68: 0000 498b | 3410 488d | 7601 4989 | 3410 0f8c | f4fb ffff | 488b 7424 | 4848 8bc6 | 4883 c470 
  0x000001e6ed4d5b88: ;   {poll_return}
  0x000001e6ed4d5b88: 5d49 3ba7 | 5004 0000 | 0f87 9a00 

  0x000001e6ed4d5b94: ;   {oop(nullptr)}
  0x000001e6ed4d5b94: 0000 c348 | b800 0000 | 0000 0000 | 0048 83c4 

  0x000001e6ed4d5ba4: ;   {poll_return}
  0x000001e6ed4d5ba4: 705d 493b | a750 0400 | 000f 8793 | 0000 00c3 

  0x000001e6ed4d5bb4: ;   {metadata({method} {0x000001e7427129d8} 'getClosestTarget' '()Lgodot/api/Node2D;' in 'game/items/weapons/Weapon')}
  0x000001e6ed4d5bb4: 49ba d029 | 7142 e701 | 0000 4c89 | 5424 0848 | c704 24ff 

  0x000001e6ed4d5bc8: ;   {runtime_call counter_overflow Runtime1 stub}
  0x000001e6ed4d5bc8: ffff ffe8 

  0x000001e6ed4d5bcc: ; ImmutableOopMap {rdx=Oop [40]=Oop }
                      ;*synchronization entry
                      ; - game.items.weapons.Weapon::getClosestTarget@-1 (line 122)
  0x000001e6ed4d5bcc: 3056 2607 | e912 f8ff 

  0x000001e6ed4d5bd4: ;   {runtime_call throw_null_pointer_exception Runtime1 stub}
  0x000001e6ed4d5bd4: ffe8 a6f1 

  0x000001e6ed4d5bd8: ; ImmutableOopMap {rsi=Oop [40]=Oop }
                      ;*invokeinterface isEmpty {reexecute=0 rethrow=0 return_oop=0}
                      ; - game.items.weapons.Weapon::getClosestTarget@11 (line 122)
                      ;   {runtime_call throw_null_pointer_exception Runtime1 stub}
  0x000001e6ed4d5bd8: 2507 e8a1 

  0x000001e6ed4d5bdc: ; ImmutableOopMap {rdx=Oop rsi=Oop [40]=Oop }
                      ;*invokeinterface get {reexecute=0 rethrow=0 return_oop=0}
                      ; - game.items.weapons.Weapon::getClosestTarget@26 (line 123)
  0x000001e6ed4d5bdc: f125 0748 

  0x000001e6ed4d5be0: ;   {runtime_call throw_class_cast_exception Runtime1 stub}
  0x000001e6ed4d5be0: 8904 24e8 

  0x000001e6ed4d5be4: ; ImmutableOopMap {[40]=Oop }
                      ;*checkcast {reexecute=0 rethrow=0 return_oop=0}
                      ; - game.items.weapons.Weapon::getClosestTarget@31 (line 123)
  0x000001e6ed4d5be4: 9815 2607 

  0x000001e6ed4d5be8: ;   {runtime_call throw_null_pointer_exception Runtime1 stub}
  0x000001e6ed4d5be8: e893 f125 

  0x000001e6ed4d5bec: ; ImmutableOopMap {rax=Oop rsi=Oop [40]=Oop [48]=Oop }
                      ;*invokevirtual getGlobalPosition {reexecute=0 rethrow=0 return_oop=0}
                      ; - game.items.weapons.Weapon::getClosestTarget@40 (line 124)
                      ;   {runtime_call throw_null_pointer_exception Runtime1 stub}
  0x000001e6ed4d5bec: 07e8 8ef1 

  0x000001e6ed4d5bf0: ; ImmutableOopMap {rax=Oop rdx=Oop [40]=Oop [48]=Oop }
                      ;*invokevirtual distanceTo {reexecute=0 rethrow=0 return_oop=0}
                      ; - game.items.weapons.Weapon::getClosestTarget@43 (line 124)
                      ;   {runtime_call throw_null_pointer_exception Runtime1 stub}
  0x000001e6ed4d5bf0: 2507 e889 

  0x000001e6ed4d5bf4: ; ImmutableOopMap {rdx=Oop rsi=Oop [40]=Oop [72]=Oop }
                      ;*invokeinterface get {reexecute=0 rethrow=0 return_oop=0}
                      ; - game.items.weapons.Weapon::getClosestTarget@70 (line 127)
  0x000001e6ed4d5bf4: f125 0748 

  0x000001e6ed4d5bf8: ;   {runtime_call throw_class_cast_exception Runtime1 stub}
  0x000001e6ed4d5bf8: 8904 24e8 

  0x000001e6ed4d5bfc: ; ImmutableOopMap {[40]=Oop [72]=Oop }
                      ;*checkcast {reexecute=0 rethrow=0 return_oop=0}
                      ; - game.items.weapons.Weapon::getClosestTarget@75 (line 127)
  0x000001e6ed4d5bfc: 8015 2607 

  0x000001e6ed4d5c00: ;   {runtime_call throw_null_pointer_exception Runtime1 stub}
  0x000001e6ed4d5c00: e87b f125 

  0x000001e6ed4d5c04: ; ImmutableOopMap {rax=Oop rsi=Oop [40]=Oop [72]=Oop [80]=Oop }
                      ;*invokevirtual getGlobalPosition {reexecute=0 rethrow=0 return_oop=0}
                      ; - game.items.weapons.Weapon::getClosestTarget@86 (line 128)
                      ;   {runtime_call throw_null_pointer_exception Runtime1 stub}
  0x000001e6ed4d5c04: 07e8 76f1 

  0x000001e6ed4d5c08: ; ImmutableOopMap {rax=Oop rdx=Oop [40]=Oop [72]=Oop [80]=Oop }
                      ;*invokevirtual distanceTo {reexecute=0 rethrow=0 return_oop=0}
                      ; - game.items.weapons.Weapon::getClosestTarget@89 (line 128)
                      ;   {metadata({method} {0x000001e7427129d8} 'getClosestTarget' '()Lgodot/api/Node2D;' in 'game/items/weapons/Weapon')}
  0x000001e6ed4d5c08: 2507 49ba | d029 7142 | e701 0000 | 4c89 5424 | 0848 c704 | 246e 0000 

  0x000001e6ed4d5c20: ;   {runtime_call counter_overflow Runtime1 stub}
  0x000001e6ed4d5c20: 00e8 da55 

  0x000001e6ed4d5c24: ; ImmutableOopMap {rsi=Oop [40]=Oop }
                      ;*goto {reexecute=1 rethrow=0 return_oop=0}
                      ; - (reexecute) game.items.weapons.Weapon::getClosestTarget@110 (line 126)
  0x000001e6ed4d5c24: 2607 e92d 

  0x000001e6ed4d5c28: ;   {runtime_call throw_null_pointer_exception Runtime1 stub}
  0x000001e6ed4d5c28: feff ffe8 

  0x000001e6ed4d5c2c: ; ImmutableOopMap {rdx=Oop rbx=Oop [40]=Oop [72]=Oop }
                      ;*invokeinterface size {reexecute=0 rethrow=0 return_oop=0}
                      ; - game.items.weapons.Weapon::getClosestTarget@56 (line 126)
  0x000001e6ed4d5c2c: 50f1 2507 

  0x000001e6ed4d5c30: ;   {internal_word}
  0x000001e6ed4d5c30: 49ba 895b | 4ded e601 | 0000 4d89 | 9768 0400 

  0x000001e6ed4d5c40: ;   {runtime_call SafepointBlob}
  0x000001e6ed4d5c40: 00e9 bafa 

  0x000001e6ed4d5c44: ;   {internal_word}
  0x000001e6ed4d5c44: 1907 49ba | a65b 4ded | e601 0000 | 4d89 9768 

  0x000001e6ed4d5c54: ;   {runtime_call SafepointBlob}
  0x000001e6ed4d5c54: 0400 00e9 | a4fa 1907 | 498b 8700 | 0500 0049 | c787 0005 | 0000 0000 | 0000 49c7 | 8708 0500 
  0x000001e6ed4d5c74: 0000 0000 | 0048 83c4 

  0x000001e6ed4d5c7c: ;   {runtime_call unwind_exception Runtime1 stub}
  0x000001e6ed4d5c7c: 705d e9fd | e125 07f4 | f4f4 f4f4 
[Stub Code]
  0x000001e6ed4d5c88: ;   {no_reloc}
  0x000001e6ed4d5c88: 0f1f 4400 

  0x000001e6ed4d5c8c: ;   {static_stub}
  0x000001e6ed4d5c8c: 0048 bb00 | 0000 0000 

  0x000001e6ed4d5c94: ;   {runtime_call}
  0x000001e6ed4d5c94: 0000 00e9 | fbff ffff 

  0x000001e6ed4d5c9c: ;   {static_stub}
  0x000001e6ed4d5c9c: 9048 bb00 | 0000 0000 

  0x000001e6ed4d5ca4: ;   {runtime_call}
  0x000001e6ed4d5ca4: 0000 00e9 | fbff ffff 

  0x000001e6ed4d5cac: ;   {static_stub}
  0x000001e6ed4d5cac: 9048 bb00 | 0000 0000 

  0x000001e6ed4d5cb4: ;   {runtime_call}
  0x000001e6ed4d5cb4: 0000 00e9 | fbff ffff 

  0x000001e6ed4d5cbc: ;   {static_stub}
  0x000001e6ed4d5cbc: 9048 bb00 | 0000 0000 

  0x000001e6ed4d5cc4: ;   {runtime_call}
  0x000001e6ed4d5cc4: 0000 00e9 | fbff ffff 

  0x000001e6ed4d5ccc: ;   {static_stub}
  0x000001e6ed4d5ccc: 48bb 0000 | 0000 0000 

  0x000001e6ed4d5cd4: ;   {runtime_call}
  0x000001e6ed4d5cd4: 0000 e9fb 

  0x000001e6ed4d5cd8: ;   {static_stub}
  0x000001e6ed4d5cd8: ffff ff48 | bb00 0000 | 0000 0000 

  0x000001e6ed4d5ce4: ;   {runtime_call}
  0x000001e6ed4d5ce4: 00e9 fbff 

  0x000001e6ed4d5ce8: ;   {runtime_call handle_exception_from_callee Runtime1 stub}
  0x000001e6ed4d5ce8: ffff e891 

  0x000001e6ed4d5cec: ;   {external_word}
  0x000001e6ed4d5cec: 0e26 0748 | b9b0 784d | 5dfe 7f00 | 0048 83e4 

  0x000001e6ed4d5cfc: ;   {runtime_call}
  0x000001e6ed4d5cfc: f048 b890 | 4115 5dfe | 7f00 00ff 

  0x000001e6ed4d5d08: ;   {section_word}
  0x000001e6ed4d5d08: d0f4 49ba | 0a5d 4ded | e601 0000 

  0x000001e6ed4d5d14: ;   {runtime_call DeoptimizationBlob}
  0x000001e6ed4d5d14: 4152 e985 | ec19 07f4 | f4f4 f4f4 
[/MachCode]


---------------  P R O C E S S  ---------------

Threads class SMR info:
_java_thread_list=0x000001e746e44210, length=27, elements={
0x000001e6e3b79dd0, 0x000001e6e43d8c20, 0x000001e6e43d9290, 0x000001e6e44797c0,
0x000001e6e4499e40, 0x000001e6dbf92c70, 0x000001e6dbf91f50, 0x000001e6e451ef80,
0x000001e6e45a24e0, 0x000001e6dbf95a60, 0x000001e6dbf960f0, 0x000001e6dbf94020,
0x000001e6dbf97b30, 0x000001e6dbf981c0, 0x000001e6dbf98ee0, 0x000001e6dbf98850,
0x000001e74717f7e0, 0x000001e74717dda0, 0x000001e74717fe70, 0x000001e747180b90,
0x000001e747181220, 0x000001e74717eac0, 0x000001e74717e430, 0x000001e7471818b0,
0x000001e747180500, 0x000001e747181f40, 0x000001e7471825d0
}

Java Threads: ( => current thread )
=>0x000001e6e3b79dd0 JavaThread "main"                              [_thread_in_native, id=5836, stack(0x00000096c8800000,0x00000096c9000000) (8192K)]
  0x000001e6e43d8c20 JavaThread "Reference Handler"          daemon [_thread_blocked, id=11804, stack(0x00000096e5000000,0x00000096e5800000) (8192K)]
  0x000001e6e43d9290 JavaThread "Finalizer"                  daemon [_thread_blocked, id=16484, stack(0x00000096e5800000,0x00000096e6000000) (8192K)]
  0x000001e6e44797c0 JavaThread "Signal Dispatcher"          daemon [_thread_blocked, id=23304, stack(0x00000096e6000000,0x00000096e6800000) (8192K)]
  0x000001e6e4499e40 JavaThread "Attach Listener"            daemon [_thread_blocked, id=7824, stack(0x00000096e6800000,0x00000096e7000000) (8192K)]
  0x000001e6dbf92c70 JavaThread "Service Thread"             daemon [_thread_blocked, id=19708, stack(0x00000096e7000000,0x00000096e7800000) (8192K)]
  0x000001e6dbf91f50 JavaThread "Monitor Deflation Thread"   daemon [_thread_blocked, id=12428, stack(0x00000096e7800000,0x00000096e8000000) (8192K)]
  0x000001e6e451ef80 JavaThread "C2 CompilerThread0"         daemon [_thread_blocked, id=6444, stack(0x00000096e8000000,0x00000096e8800000) (8192K)]
  0x000001e6e45a24e0 JavaThread "C1 CompilerThread0"         daemon [_thread_blocked, id=11544, stack(0x00000096e8800000,0x00000096e9000000) (8192K)]
  0x000001e6dbf95a60 JavaThread "Notification Thread"        daemon [_thread_blocked, id=2940, stack(0x00000096e9800000,0x00000096ea000000) (8192K)]
  0x000001e6dbf960f0 JavaThread "Common-Cleaner"             daemon [_thread_blocked, id=8176, stack(0x00000096ea000000,0x00000096ea800000) (8192K)]
  0x000001e6dbf94020 JavaThread "Thread-0"                          [_thread_in_native, id=21604, stack(0x00000096cb000000,0x00000096cb800000) (8192K)]
  0x000001e6dbf97b30 JavaThread "Thread-1"                          [_thread_in_native, id=18640, stack(0x00000096cb800000,0x00000096cc000000) (8192K)]
  0x000001e6dbf981c0 JavaThread "Thread-2"                          [_thread_in_native, id=21952, stack(0x00000096cc000000,0x00000096cc800000) (8192K)]
  0x000001e6dbf98ee0 JavaThread "Thread-3"                          [_thread_in_native, id=5744, stack(0x00000096cc800000,0x00000096cd000000) (8192K)]
  0x000001e6dbf98850 JavaThread "Thread-4"                          [_thread_in_native, id=15292, stack(0x00000096cd800000,0x00000096ce000000) (8192K)]
  0x000001e74717f7e0 JavaThread "Thread-5"                          [_thread_in_native, id=22808, stack(0x00000096ce000000,0x00000096ce800000) (8192K)]
  0x000001e74717dda0 JavaThread "Thread-6"                          [_thread_in_native, id=12332, stack(0x00000096ce800000,0x00000096cf000000) (8192K)]
  0x000001e74717fe70 JavaThread "Thread-7"                          [_thread_in_native, id=18600, stack(0x00000096cf000000,0x00000096cf800000) (8192K)]
  0x000001e747180b90 JavaThread "Thread-8"                          [_thread_in_native, id=13156, stack(0x00000096cf800000,0x00000096d0000000) (8192K)]
  0x000001e747181220 JavaThread "Thread-9"                          [_thread_in_native, id=12088, stack(0x00000096d0000000,0x00000096d0800000) (8192K)]
  0x000001e74717eac0 JavaThread "Thread-10"                         [_thread_in_native, id=17004, stack(0x00000096d0800000,0x00000096d1000000) (8192K)]
  0x000001e74717e430 JavaThread "Thread-11"                         [_thread_in_native, id=2892, stack(0x00000096d1000000,0x00000096d1800000) (8192K)]
  0x000001e7471818b0 JavaThread "Thread-12"                         [_thread_in_native, id=19196, stack(0x00000096d1800000,0x00000096d2000000) (8192K)]
  0x000001e747180500 JavaThread "Thread-13"                         [_thread_in_native, id=6980, stack(0x00000096d2000000,0x00000096d2800000) (8192K)]
  0x000001e747181f40 JavaThread "Thread-14"                         [_thread_in_native, id=12520, stack(0x00000096d2800000,0x00000096d3000000) (8192K)]
  0x000001e7471825d0 JavaThread "Thread-15"                         [_thread_in_native, id=23540, stack(0x00000096cd000000,0x00000096cd800000) (8192K)]
Total: 27

Other Threads:
  0x000001e6e4375390 VMThread "VM Thread"                           [id=21732, stack(0x00000096e4800000,0x00000096e5000000) (8192K)]
  0x000001e6db3a5240 WatcherThread "VM Periodic Task Thread"        [id=22596, stack(0x00000096e4000000,0x00000096e4800000) (8192K)]
  0x000001e6c88b1ca0 WorkerThread "GC Thread#0"                     [id=13228, stack(0x00000096e1800000,0x00000096e2000000) (8192K)]
  0x000001e6e4374120 WorkerThread "GC Thread#1"                     [id=20436, stack(0x00000096ec000000,0x00000096ec800000) (8192K)]
  0x000001e6e43744d0 WorkerThread "GC Thread#2"                     [id=4392, stack(0x00000096ec800000,0x00000096ed000000) (8192K)]
  0x000001e6e43739c0 WorkerThread "GC Thread#3"                     [id=4760, stack(0x00000096ed000000,0x00000096ed800000) (8192K)]
  0x000001e6e4375740 WorkerThread "GC Thread#4"                     [id=23756, stack(0x00000096ed800000,0x00000096ee000000) (8192K)]
  0x000001e6e4373260 WorkerThread "GC Thread#5"                     [id=15080, stack(0x00000096ee000000,0x00000096ee800000) (8192K)]
  0x000001e745da1e00 WorkerThread "GC Thread#6"                     [id=2280, stack(0x00000096ee800000,0x00000096ef000000) (8192K)]
  0x000001e745da0080 WorkerThread "GC Thread#7"                     [id=15652, stack(0x00000096ef000000,0x00000096ef800000) (8192K)]
  0x000001e745da16a0 WorkerThread "GC Thread#8"                     [id=15352, stack(0x00000096ef800000,0x00000096f0000000) (8192K)]
  0x000001e745da0f40 WorkerThread "GC Thread#9"                     [id=7732, stack(0x00000096f0000000,0x00000096f0800000) (8192K)]
  0x000001e745da0430 WorkerThread "GC Thread#10"                    [id=12104, stack(0x00000096f0800000,0x00000096f1000000) (8192K)]
  0x000001e745da12f0 WorkerThread "GC Thread#11"                    [id=13736, stack(0x00000096f1000000,0x00000096f1800000) (8192K)]
  0x000001e745da1a50 WorkerThread "GC Thread#12"                    [id=20204, stack(0x00000096f1800000,0x00000096f2000000) (8192K)]
  0x000001e6dbdbdce0 ConcurrentGCThread "G1 Main Marker"            [id=11408, stack(0x00000096e2000000,0x00000096e2800000) (8192K)]
  0x000001e6c88b27b0 WorkerThread "G1 Conc#0"                       [id=24408, stack(0x00000096e2800000,0x00000096e3000000) (8192K)]
  0x000001e745da2cc0 WorkerThread "G1 Conc#1"                       [id=17288, stack(0x00000096f2000000,0x00000096f2800000) (8192K)]
  0x000001e745da21b0 WorkerThread "G1 Conc#2"                       [id=18780, stack(0x00000096f2800000,0x00000096f3000000) (8192K)]
  0x000001e6e2eaac50 ConcurrentGCThread "G1 Refine#0"               [id=21996, stack(0x00000096e3000000,0x00000096e3800000) (8192K)]
  0x000001e6e4173530 ConcurrentGCThread "G1 Service"                [id=21972, stack(0x00000096e3800000,0x00000096e4000000) (8192K)]
Total: 21

Threads with active compile tasks:
Total: 0

VM state: not at safepoint (normal execution)

VM Mutex/Monitor currently owned by a thread: None

Heap address: 0x0000000704a00000, size: 4022 MB, Compressed Oops mode: Zero based, Oop shift amount: 3

CDS archive(s) mapped at: [0x000001e700000000-0x000001e700c90000-0x000001e700c90000), size 13172736, SharedBaseAddress: 0x000001e700000000, ArchiveRelocationMode: 1.
Compressed class space mapped at: 0x000001e701000000-0x000001e741000000, reserved size: 1073741824
Narrow klass base: 0x000001e700000000, Narrow klass shift: 0, Narrow klass range: 0x100000000

GC Precious Log:
 CardTable entry size: 512
 Card Set container configuration: InlinePtr #cards 4 size 8 Array Of Cards #cards 16 size 48 Howl #buckets 8 coarsen threshold 3686 Howl Bitmap #cards 512 size 80 coarsen threshold 460 Card regions per heap region 1 cards per card region 4096
 CPUs: 16 total, 16 available
 Memory: 16087M
 Large Page Support: Disabled
 NUMA Support: Disabled
 Compressed Oops: Enabled (Zero based)
 Heap Region Size: 2M
 Heap Min Capacity: 8M
 Heap Initial Capacity: 252M
 Heap Max Capacity: 4022M
 Pre-touch: Disabled
 Parallel Workers: 13
 Concurrent Workers: 3
 Concurrent Refinement Workers: 13
 Periodic GC: Disabled

Heap:
 garbage-first heap   total 34816K, used 16575K [0x0000000704a00000, 0x0000000800000000)
  region size 2048K, 7 young (14336K), 1 survivors (2048K)
 Metaspace       used 26157K, committed 26304K, reserved 1114112K
  class space    used 2683K, committed 2752K, reserved 1048576K

Heap Regions: E=young(eden), S=young(survivor), O=old, HS=humongous(starts), HC=humongous(continues), CS=collection set, F=free, TAMS=top-at-mark-start, PB=parsable bottom
|   0|0x0000000704a00000, 0x0000000704c00000, 0x0000000704c00000|100%| O|  |TAMS 0x0000000704a00000| PB 0x0000000704a00000| Untracked 
|   1|0x0000000704c00000, 0x0000000704e00000, 0x0000000704e00000|100%| O|  |TAMS 0x0000000704c00000| PB 0x0000000704c00000| Untracked 
|   2|0x0000000704e00000, 0x0000000704e3c4a8, 0x0000000705000000| 11%| O|  |TAMS 0x0000000704e00000| PB 0x0000000704e00000| Untracked 
|   3|0x0000000705000000, 0x0000000705000000, 0x0000000705200000|  0%| F|  |TAMS 0x0000000705000000| PB 0x0000000705000000| Untracked 
|   4|0x0000000705200000, 0x0000000705200000, 0x0000000705400000|  0%| F|  |TAMS 0x0000000705200000| PB 0x0000000705200000| Untracked 
|   5|0x0000000705400000, 0x0000000705400000, 0x0000000705600000|  0%| F|  |TAMS 0x0000000705400000| PB 0x0000000705400000| Untracked 
|   6|0x0000000705600000, 0x00000007057f3990, 0x0000000705800000| 97%| S|CS|TAMS 0x0000000705600000| PB 0x0000000705600000| Complete 
|   7|0x0000000705800000, 0x0000000705800000, 0x0000000705a00000|  0%| F|  |TAMS 0x0000000705800000| PB 0x0000000705800000| Untracked 
|   8|0x0000000705a00000, 0x0000000705a00000, 0x0000000705c00000|  0%| F|  |TAMS 0x0000000705a00000| PB 0x0000000705a00000| Untracked 
|   9|0x0000000705c00000, 0x0000000705c00000, 0x0000000705e00000|  0%| F|  |TAMS 0x0000000705c00000| PB 0x0000000705c00000| Untracked 
|  10|0x0000000705e00000, 0x0000000705e00000, 0x0000000706000000|  0%| F|  |TAMS 0x0000000705e00000| PB 0x0000000705e00000| Untracked 
|  11|0x0000000706000000, 0x00000007060503e0, 0x0000000706200000| 15%| E|  |TAMS 0x0000000706000000| PB 0x0000000706000000| Complete 
|  12|0x0000000706200000, 0x0000000706400000, 0x0000000706400000|100%| E|CS|TAMS 0x0000000706200000| PB 0x0000000706200000| Complete 
| 121|0x0000000713c00000, 0x0000000713e00000, 0x0000000713e00000|100%| E|CS|TAMS 0x0000000713c00000| PB 0x0000000713c00000| Complete 
| 122|0x0000000713e00000, 0x0000000714000000, 0x0000000714000000|100%| E|CS|TAMS 0x0000000713e00000| PB 0x0000000713e00000| Complete 
| 123|0x0000000714000000, 0x0000000714200000, 0x0000000714200000|100%| E|CS|TAMS 0x0000000714000000| PB 0x0000000714000000| Complete 
| 125|0x0000000714400000, 0x0000000714600000, 0x0000000714600000|100%| E|CS|TAMS 0x0000000714400000| PB 0x0000000714400000| Complete 

Card table byte_map: [0x000001e6fc9b0000,0x000001e6fd190000] _byte_map_base: 0x000001e6f918b000

Marking Bits: (CMBitMap*) 0x000001e6e382e520
 Bits: [0x000001e680000000, 0x000001e683ed8000)

Polling page: 0x000001e6dc880000

Metaspace:

Usage:
  Non-class:     22.92 MB used.
      Class:      2.62 MB used.
       Both:     25.54 MB used.

Virtual space:
  Non-class space:       64.00 MB reserved,      23.00 MB ( 36%) committed,  1 nodes.
      Class space:        1.00 GB reserved,       2.69 MB ( <1%) committed,  1 nodes.
             Both:        1.06 GB reserved,      25.69 MB (  2%) committed. 

Chunk freelists:
   Non-Class:  6.38 MB
       Class:  13.15 MB
        Both:  19.53 MB

MaxMetaspaceSize: unlimited
CompressedClassSpaceSize: 1.00 GB
Initial GC threshold: 21.00 MB
Current GC threshold: 35.12 MB
CDS: on
 - commit_granule_bytes: 65536.
 - commit_granule_words: 8192.
 - virtual_space_node_default_size: 8388608.
 - enlarge_chunks_in_place: 1.
 - use_allocation_guard: 0.


Internal statistics:

num_allocs_failed_limit: 3.
num_arena_births: 126.
num_arena_deaths: 0.
num_vsnodes_births: 2.
num_vsnodes_deaths: 0.
num_space_committed: 410.
num_space_uncommitted: 0.
num_chunks_returned_to_freelist: 3.
num_chunks_taken_from_freelist: 983.
num_chunk_merges: 3.
num_chunk_splits: 858.
num_chunks_enlarged: 755.
num_inconsistent_stats: 0.

CodeHeap 'non-profiled nmethods': size=119168Kb used=913Kb max_used=913Kb free=118254Kb
 bounds [0x000001e6f4d70000, 0x000001e6f4fe0000, 0x000001e6fc1d0000]
CodeHeap 'profiled nmethods': size=119104Kb used=3592Kb max_used=3592Kb free=115511Kb
 bounds [0x000001e6ed1d0000, 0x000001e6ed560000, 0x000001e6f4620000]
CodeHeap 'non-nmethods': size=7488Kb used=1610Kb max_used=3258Kb free=5877Kb
 bounds [0x000001e6f4620000, 0x000001e6f4960000, 0x000001e6f4d70000]
 total_blobs=2495 nmethods=1832 adapters=568
 compilation: enabled
              stopped_count=0, restarted_count=0
 full_count=0

Compilation events (20 events):
Event: 117.100 Thread 0x000001e6e45a24e0 nmethod 1821 0x000001e6ed54e090 code [0x000001e6ed54e340, 0x000001e6ed54f000]
Event: 117.100 Thread 0x000001e6e45a24e0 1822       3       godot.api.Node$MethodBindings::getCreateTweenPtr$godot_api_library (4 bytes)
Event: 117.100 Thread 0x000001e6e45a24e0 nmethod 1822 0x000001e6ed54f410 code [0x000001e6ed54f5a0, 0x000001e6ed54f6b8]
Event: 117.100 Thread 0x000001e6e45a24e0 1823       3       godot.RegisterEngineTypesKt$registerEngineTypes$727::invoke (5 bytes)
Event: 117.101 Thread 0x000001e6e45a24e0 nmethod 1823 0x000001e6ed54f790 code [0x000001e6ed54f960, 0x000001e6ed54fc80]
Event: 117.101 Thread 0x000001e6e45a24e0 1824       3       godot.RegisterEngineTypesKt$registerEngineTypes$727::invoke (8 bytes)
Event: 117.101 Thread 0x000001e6e45a24e0 nmethod 1824 0x000001e6ed54fe10 code [0x000001e6ed54ffe0, 0x000001e6ed5502a0]
Event: 117.101 Thread 0x000001e6e45a24e0 1825       3       godot.api.Tween::<init> (17 bytes)
Event: 117.101 Thread 0x000001e6e45a24e0 nmethod 1825 0x000001e6ed550410 code [0x000001e6ed5505c0, 0x000001e6ed5507b0]
Event: 117.217 Thread 0x000001e6e451ef80 1826       4       game.items.weapons.Weapon::updateVisuals (88 bytes)
Event: 117.249 Thread 0x000001e6e451ef80 nmethod 1826 0x000001e6f4e4fe10 code [0x000001e6f4e501a0, 0x000001e6f4e51458]
Event: 117.543 Thread 0x000001e6e45a24e0 1828       3       java.util.concurrent.atomic.AtomicLong::<init> (10 bytes)
Event: 117.543 Thread 0x000001e6e45a24e0 nmethod 1828 0x000001e6ed550890 code [0x000001e6ed550a40, 0x000001e6ed550c20]
Event: 117.570 Thread 0x000001e6e451ef80 1829       4       godot.api.Node::isInsideTree (58 bytes)
Event: 117.571 Thread 0x000001e6e45a24e0 1830       3       java.util.Random::<init> (12 bytes)
Event: 117.572 Thread 0x000001e6e45a24e0 nmethod 1830 0x000001e6ed550d10 code [0x000001e6ed550ee0, 0x000001e6ed551090]
Event: 117.572 Thread 0x000001e6e45a24e0 1831       3       java.util.Random::seedUniquifier (29 bytes)
Event: 117.572 Thread 0x000001e6e45a24e0 nmethod 1831 0x000001e6ed551190 code [0x000001e6ed551340, 0x000001e6ed551550]
Event: 117.572 Thread 0x000001e6e45a24e0 1832       3       java.util.Random::<init> (53 bytes)
Event: 117.572 Thread 0x000001e6e45a24e0 nmethod 1832 0x000001e6ed551690 code [0x000001e6ed5518a0, 0x000001e6ed551f98]

GC Heap History (10 events):
Event: 0.270 GC heap before
{Heap before GC invocations=0 (full 0):
 garbage-first heap   total 258048K, used 20480K [0x0000000704a00000, 0x0000000800000000)
  region size 2048K, 11 young (22528K), 0 survivors (0K)
 Metaspace       used 6591K, committed 6720K, reserved 1114112K
  class space    used 382K, committed 448K, reserved 1048576K
}
Event: 0.272 GC heap after
{Heap after GC invocations=1 (full 0):
 garbage-first heap   total 258048K, used 2271K [0x0000000704a00000, 0x0000000800000000)
  region size 2048K, 2 young (4096K), 2 survivors (4096K)
 Metaspace       used 6591K, committed 6720K, reserved 1114112K
  class space    used 382K, committed 448K, reserved 1048576K
}
Event: 0.724 GC heap before
{Heap before GC invocations=1 (full 0):
 garbage-first heap   total 258048K, used 43231K [0x0000000704a00000, 0x0000000800000000)
  region size 2048K, 22 young (45056K), 2 survivors (4096K)
 Metaspace       used 20295K, committed 20416K, reserved 1114112K
  class space    used 1927K, committed 1984K, reserved 1048576K
}
Event: 0.728 GC heap after
{Heap after GC invocations=2 (full 0):
 garbage-first heap   total 258048K, used 4499K [0x0000000704a00000, 0x0000000800000000)
  region size 2048K, 3 young (6144K), 3 survivors (6144K)
 Metaspace       used 20295K, committed 20416K, reserved 1114112K
  class space    used 1927K, committed 1984K, reserved 1048576K
}
Event: 0.788 GC heap before
{Heap before GC invocations=2 (full 0):
 garbage-first heap   total 258048K, used 6547K [0x0000000704a00000, 0x0000000800000000)
  region size 2048K, 5 young (10240K), 3 survivors (6144K)
 Metaspace       used 21390K, committed 21504K, reserved 1114112K
  class space    used 1990K, committed 2048K, reserved 1048576K
}
Event: 0.790 GC heap after
{Heap after GC invocations=3 (full 0):
 garbage-first heap   total 258048K, used 5176K [0x0000000704a00000, 0x0000000800000000)
  region size 2048K, 3 young (6144K), 3 survivors (6144K)
 Metaspace       used 21390K, committed 21504K, reserved 1114112K
  class space    used 1990K, committed 2048K, reserved 1048576K
}
Event: 1.405 GC heap before
{Heap before GC invocations=4 (full 0):
 garbage-first heap   total 28672K, used 27704K [0x0000000704a00000, 0x0000000800000000)
  region size 2048K, 14 young (28672K), 3 survivors (6144K)
 Metaspace       used 24989K, committed 25152K, reserved 1114112K
  class space    used 2603K, committed 2688K, reserved 1048576K
}
Event: 1.412 GC heap after
{Heap after GC invocations=5 (full 0):
 garbage-first heap   total 34816K, used 5938K [0x0000000704a00000, 0x0000000800000000)
  region size 2048K, 3 young (6144K), 3 survivors (6144K)
 Metaspace       used 24989K, committed 25152K, reserved 1114112K
  class space    used 2603K, committed 2688K, reserved 1048576K
}
Event: 96.455 GC heap before
{Heap before GC invocations=5 (full 0):
 garbage-first heap   total 34816K, used 20274K [0x0000000704a00000, 0x0000000800000000)
  region size 2048K, 10 young (20480K), 3 survivors (6144K)
 Metaspace       used 26019K, committed 26176K, reserved 1114112K
  class space    used 2680K, committed 2752K, reserved 1048576K
}
Event: 96.465 GC heap after
{Heap after GC invocations=6 (full 0):
 garbage-first heap   total 34816K, used 6335K [0x0000000704a00000, 0x0000000800000000)
  region size 2048K, 1 young (2048K), 1 survivors (2048K)
 Metaspace       used 26019K, committed 26176K, reserved 1114112K
  class space    used 2680K, committed 2752K, reserved 1048576K
}

Dll operation events (6 events):
Event: 0.004 Loaded shared library C:\Program Files\Java\jdk-21\bin\java.dll
Event: 0.023 Loaded shared library C:\Program Files\Java\jdk-21\bin\jsvml.dll
Event: 0.035 Loaded shared library C:\Program Files\Java\jdk-21\bin\net.dll
Event: 0.036 Loaded shared library C:\Program Files\Java\jdk-21\bin\nio.dll
Event: 0.042 Loaded shared library C:\Program Files\Java\jdk-21\bin\zip.dll
Event: 0.120 Loaded shared library C:\Program Files\Java\jdk-21\bin\jimage.dll

Deoptimization events (20 events):
Event: 112.981 Thread 0x000001e6e3b79dd0 Uncommon trap: trap_request=0xffffff45 fr.pc=0x000001e6f4e319e8 relative=0x0000000000000848
Event: 112.981 Thread 0x000001e6e3b79dd0 Uncommon trap: reason=unstable_if action=reinterpret pc=0x000001e6f4e319e8 method=java.util.HashMap.putVal(ILjava/lang/Object;Ljava/lang/Object;ZZ)Ljava/lang/Object; @ 94 c2
Event: 112.981 Thread 0x000001e6e3b79dd0 DEOPT PACKING pc=0x000001e6f4e319e8 sp=0x00000096c8ffcc90
Event: 112.981 Thread 0x000001e6e3b79dd0 DEOPT UNPACKING pc=0x000001e6f46746a2 sp=0x00000096c8ffcc28 mode 2
Event: 112.981 Thread 0x000001e6e3b79dd0 Uncommon trap: trap_request=0xffffff45 fr.pc=0x000001e6f4e46150 relative=0x00000000000017b0
Event: 112.981 Thread 0x000001e6e3b79dd0 Uncommon trap: reason=unstable_if action=reinterpret pc=0x000001e6f4e46150 method=java.util.HashMap.getNode(Ljava/lang/Object;)Ljava/util/HashMap$Node; @ 66 c2
Event: 112.981 Thread 0x000001e6e3b79dd0 DEOPT PACKING pc=0x000001e6f4e46150 sp=0x00000096c8ffe6e0
Event: 112.981 Thread 0x000001e6e3b79dd0 DEOPT UNPACKING pc=0x000001e6f46746a2 sp=0x00000096c8ffe350 mode 2
Event: 116.522 Thread 0x000001e6e3b79dd0 Uncommon trap: trap_request=0xffffff45 fr.pc=0x000001e6f4e2df90 relative=0x0000000000000d10
Event: 116.522 Thread 0x000001e6e3b79dd0 Uncommon trap: reason=unstable_if action=reinterpret pc=0x000001e6f4e2df90 method=godot.core.StringName$Companion.getOrCreateStringName(Ljava/lang/String;)Lgodot/core/StringName; @ 38 c2
Event: 116.522 Thread 0x000001e6e3b79dd0 DEOPT PACKING pc=0x000001e6f4e2df90 sp=0x00000096c8ffe850
Event: 116.522 Thread 0x000001e6e3b79dd0 DEOPT UNPACKING pc=0x000001e6f46746a2 sp=0x00000096c8ffe7d0 mode 2
Event: 116.758 Thread 0x000001e6e3b79dd0 Uncommon trap: trap_request=0xffffff45 fr.pc=0x000001e6f4e20b70 relative=0x0000000000001cb0
Event: 116.758 Thread 0x000001e6e3b79dd0 Uncommon trap: reason=unstable_if action=reinterpret pc=0x000001e6f4e20b70 method=game.entity.Player.isFacingRight()Z @ 12 c2
Event: 116.758 Thread 0x000001e6e3b79dd0 DEOPT PACKING pc=0x000001e6f4e20b70 sp=0x00000096c8ffeb10
Event: 116.758 Thread 0x000001e6e3b79dd0 DEOPT UNPACKING pc=0x000001e6f46746a2 sp=0x00000096c8ffe878 mode 2
Event: 116.758 Thread 0x000001e6e3b79dd0 Uncommon trap: trap_request=0xffffff45 fr.pc=0x000001e6f4e27194 relative=0x0000000000001c14
Event: 116.758 Thread 0x000001e6e3b79dd0 Uncommon trap: reason=unstable_if action=reinterpret pc=0x000001e6f4e27194 method=game.entity.Player.isFacingRight()Z @ 12 c2
Event: 116.758 Thread 0x000001e6e3b79dd0 DEOPT PACKING pc=0x000001e6f4e27194 sp=0x00000096c8ffe9c0
Event: 116.758 Thread 0x000001e6e3b79dd0 DEOPT UNPACKING pc=0x000001e6f46746a2 sp=0x00000096c8ffe810 mode 2

Classes loaded (20 events):
Event: 1.538 Loading class java/util/ArrayList$SubList$1
Event: 1.538 Loading class java/util/ArrayList$SubList$1 done
Event: 91.185 Loading class java/io/StringWriter
Event: 91.185 Loading class java/io/StringWriter done
Event: 91.185 Loading class java/io/PrintWriter
Event: 91.185 Loading class java/io/PrintWriter done
Event: 91.185 Loading class java/io/PrintWriter$1
Event: 91.185 Loading class jdk/internal/access/JavaIOPrintWriterAccess
Event: 91.185 Loading class jdk/internal/access/JavaIOPrintWriterAccess done
Event: 91.185 Loading class java/io/PrintWriter$1 done
Event: 91.185 Loading class java/lang/Throwable$WrappedPrintWriter
Event: 91.185 Loading class java/lang/Throwable$PrintStreamOrWriter
Event: 91.185 Loading class java/lang/Throwable$PrintStreamOrWriter done
Event: 91.185 Loading class java/lang/Throwable$WrappedPrintWriter done
Event: 91.725 Loading class java/lang/FdLibm$Atan2
Event: 91.725 Loading class java/lang/FdLibm$Atan2 done
Event: 91.725 Loading class java/lang/FdLibm
Event: 91.725 Loading class java/lang/FdLibm done
Event: 91.725 Loading class java/lang/FdLibm$Atan
Event: 91.726 Loading class java/lang/FdLibm$Atan done

Classes unloaded (0 events):
No events

Classes redefined (0 events):
No events

Internal exceptions (4 events):
Event: 0.998 Thread 0x000001e6e3b79dd0 Exception <a 'java/lang/NoSuchMethodError'{0x00000007052e3a10}: 'java.lang.Object java.lang.invoke.DirectMethodHandle$Holder.invokeStaticInit(java.lang.Object, java.lang.Object, java.lang.Object)'> (0x00000007052e3a10) 
thrown [s\open\src\hotspot\share\interpreter\linkResolver.cpp, line 773]
Event: 1.453 Thread 0x000001e6e3b79dd0 Exception <a 'java/lang/NoSuchMethodError'{0x000000071451c660}: 'java.lang.Object java.lang.invoke.DirectMethodHandle$Holder.newInvokeSpecial(java.lang.Object, long, long, int)'> (0x000000071451c660) 
thrown [s\open\src\hotspot\share\interpreter\linkResolver.cpp, line 773]
Event: 91.184 Thread 0x000001e6e3b79dd0 Exception <a 'java/lang/ClassCastException'{0x0000000713d5c650}: class godot.api.Resource cannot be cast to class godot.api.PackedScene (godot.api.Resource and godot.api.PackedScene are in unnamed module of loader java.net.URLClassLoader @36baf30c)> (0x0000000713d5c650) 
thrown [s\open\src\hotspot\share\interpreter\interpreterRuntime.cpp, line 455]
Event: 116.522 Thread 0x000001e6e3b79dd0 Implicit null exception at 0x000001e6f4e2d59a to 0x000001e6f4e2df76

ZGC Phase Switch (0 events):
No events

VM Operations (20 events):
Event: 96.186 Executing VM operation: Cleanup
Event: 96.186 Executing VM operation: Cleanup done
Event: 96.455 Executing VM operation: G1CollectForAllocation (G1 Evacuation Pause)
Event: 96.465 Executing VM operation: G1CollectForAllocation (G1 Evacuation Pause) done
Event: 97.466 Executing VM operation: Cleanup
Event: 97.466 Executing VM operation: Cleanup done
Event: 108.469 Executing VM operation: Cleanup
Event: 108.469 Executing VM operation: Cleanup done
Event: 109.470 Executing VM operation: Cleanup
Event: 109.470 Executing VM operation: Cleanup done
Event: 110.471 Executing VM operation: Cleanup
Event: 110.471 Executing VM operation: Cleanup done
Event: 111.471 Executing VM operation: Cleanup
Event: 111.471 Executing VM operation: Cleanup done
Event: 114.473 Executing VM operation: Cleanup
Event: 114.473 Executing VM operation: Cleanup done
Event: 116.473 Executing VM operation: Cleanup
Event: 116.473 Executing VM operation: Cleanup done
Event: 117.475 Executing VM operation: Cleanup
Event: 117.475 Executing VM operation: Cleanup done

Events (20 events):
Event: 1.405 Thread 0x000001e6dbf98850 Thread added: 0x000001e6dbf98850
Event: 1.405 Thread 0x000001e74717f7e0 Thread added: 0x000001e74717f7e0
Event: 1.405 Thread 0x000001e74717dda0 Thread added: 0x000001e74717dda0
Event: 1.405 Thread 0x000001e74717fe70 Thread added: 0x000001e74717fe70
Event: 1.405 Thread 0x000001e747180b90 Thread added: 0x000001e747180b90
Event: 1.405 Thread 0x000001e747181220 Thread added: 0x000001e747181220
Event: 1.405 Thread 0x000001e74717eac0 Thread added: 0x000001e74717eac0
Event: 1.405 Thread 0x000001e74717e430 Thread added: 0x000001e74717e430
Event: 1.405 Thread 0x000001e7471818b0 Thread added: 0x000001e7471818b0
Event: 1.412 Thread 0x000001e747180500 Thread added: 0x000001e747180500
Event: 1.412 Thread 0x000001e747181f40 Thread added: 0x000001e747181f40
Event: 1.412 Thread 0x000001e7471825d0 Thread added: 0x000001e7471825d0
Event: 1.453 Thread 0x000001e6e49856b0 Thread exited: 0x000001e6e49856b0
Event: 5.080 Thread 0x000001e6e4a2d800 Thread exited: 0x000001e6e4a2d800
Event: 5.081 Thread 0x000001e6e4a92b40 Thread exited: 0x000001e6e4a92b40
Event: 5.081 Thread 0x000001e6e477f010 Thread exited: 0x000001e6e477f010
Event: 91.191 Thread 0x000001e746cbabc0 Thread added: 0x000001e746cbabc0
Event: 94.255 Thread 0x000001e746cbabc0 Thread exited: 0x000001e746cbabc0
Event: 96.466 Thread 0x000001e746cbb960 Thread added: 0x000001e746cbb960
Event: 98.365 Thread 0x000001e746cbb960 Thread exited: 0x000001e746cbb960


Dynamic libraries:
0x00007ff6de1c0000 - 0x00007ff6e77ca000 	D:\Godot\godot.windows.editor.x86_64.jvm.0.14.3.exe
0x00007fff36240000 - 0x00007fff364a6000 	C:\WINDOWS\SYSTEM32\ntdll.dll
0x00007fff34e60000 - 0x00007fff34f29000 	C:\WINDOWS\System32\KERNEL32.DLL
0x00007fff33a30000 - 0x00007fff33e30000 	C:\WINDOWS\System32\KERNELBASE.dll
0x00007fff348a0000 - 0x00007fff34a3a000 	C:\WINDOWS\System32\ole32.dll
0x00007fff28120000 - 0x00007fff28156000 	C:\WINDOWS\SYSTEM32\WINMM.dll
0x00007fff33e40000 - 0x00007fff33ee3000 	C:\WINDOWS\System32\msvcp_win.dll
0x00007fff334b0000 - 0x00007fff335fc000 	C:\WINDOWS\System32\ucrtbase.dll
0x00007fff34e30000 - 0x00007fff34e5b000 	C:\WINDOWS\System32\GDI32.dll
0x00007fff338b0000 - 0x00007fff338d7000 	C:\WINDOWS\System32\win32u.dll
0x00007fff33780000 - 0x00007fff338aa000 	C:\WINDOWS\System32\gdi32full.dll
0x00007fff350d0000 - 0x00007fff35297000 	C:\WINDOWS\System32\USER32.dll
0x00007fff35340000 - 0x00007fff356c3000 	C:\WINDOWS\System32\combase.dll
0x00007fff356d0000 - 0x00007fff357e8000 	C:\WINDOWS\System32\RPCRT4.dll
0x00007fff34170000 - 0x00007fff34249000 	C:\WINDOWS\System32\OLEAUT32.dll
0x00007fff343a0000 - 0x00007fff34407000 	C:\WINDOWS\System32\SHLWAPI.dll
0x00007fff34f30000 - 0x00007fff3502a000 	C:\WINDOWS\System32\shcore.dll
0x00007fff357f0000 - 0x00007fff35f82000 	C:\WINDOWS\System32\SHELL32.dll
0x00007fff34d60000 - 0x00007fff34e17000 	C:\WINDOWS\System32\ADVAPI32.dll
0x00007fff34b00000 - 0x00007fff34ba9000 	C:\WINDOWS\System32\msvcrt.dll
0x00007fff342f0000 - 0x00007fff3439a000 	C:\WINDOWS\System32\sechost.dll
0x00007fff352a0000 - 0x00007fff352d2000 	C:\WINDOWS\System32\IMM32.dll
0x00007fff33600000 - 0x00007fff33778000 	C:\WINDOWS\System32\CRYPT32.dll
0x00007fff340b0000 - 0x00007fff34131000 	C:\WINDOWS\System32\WS2_32.dll
0x00007fff333a0000 - 0x00007fff333ca000 	C:\WINDOWS\SYSTEM32\bcrypt.dll
0x00007fff2bb60000 - 0x00007fff2bb6b000 	C:\WINDOWS\SYSTEM32\AVRT.dll
0x00007fff2d9c0000 - 0x00007fff2dc28000 	C:\WINDOWS\SYSTEM32\DWrite.dll
0x00007fff304c0000 - 0x00007fff304ef000 	C:\WINDOWS\SYSTEM32\dwmapi.dll
0x00007fff25f10000 - 0x00007fff25f1a000 	C:\WINDOWS\SYSTEM32\WSOCK32.dll
0x00007fff31cf0000 - 0x00007fff31d23000 	C:\WINDOWS\SYSTEM32\IPHLPAPI.DLL
0x00007fff30500000 - 0x00007fff30742000 	C:\WINDOWS\SYSTEM32\dbghelp.dll
0x00007fff33ef0000 - 0x00007fff33f9c000 	C:\WINDOWS\System32\bcryptPrimitives.dll
0x00007fff32270000 - 0x00007fff3228b000 	C:\WINDOWS\SYSTEM32\kernel.appcore.dll
0x00007fff300d0000 - 0x00007fff30179000 	C:\WINDOWS\system32\uxtheme.dll
0x00007fff32890000 - 0x00007fff328fc000 	C:\WINDOWS\system32\mswsock.dll
0x00007fff01220000 - 0x00007fff013a4000 	C:\WINDOWS\SYSTEM32\vulkan-1.dll
0x00007fff330f0000 - 0x00007fff33141000 	C:\WINDOWS\SYSTEM32\CFGMGR32.dll
0x00007fff30360000 - 0x00007fff3049a000 	C:\WINDOWS\system32\dxgi.dll
0x00007fff32060000 - 0x00007fff320be000 	C:\WINDOWS\SYSTEM32\powrprof.dll
0x00007fff32040000 - 0x00007fff32054000 	C:\WINDOWS\SYSTEM32\UMPDC.dll
0x00007fff0dad0000 - 0x00007fff0daed000 	C:\WINDOWS\SYSTEM32\windows.staterepositorycore.dll
0x00007fff307d0000 - 0x00007fff30814000 	C:\WINDOWS\SYSTEM32\dxcore.dll
0x00007fff2b310000 - 0x00007fff2b36f000 	C:\WINDOWS\SYSTEM32\directxdatabasehelper.dll
0x00007ffe68920000 - 0x00007ffe69477000 	C:\Program Files\WindowsApps\Microsoft.D3DMappingLayers_1.2605.1.0_x64__8wekyb3d8bbwe\x64\vulkan_dzn.dll
0x00007fff21410000 - 0x00007fff2141b000 	C:\WINDOWS\SYSTEM32\VERSION.dll
0x00007ffe5f940000 - 0x00007ffe6252b000 	C:\WINDOWS\System32\DriverStore\FileRepository\nvacegpu.inf_amd64_0af8f5d55a9e9293\nvoglv64.dll
0x00007fff34410000 - 0x00007fff34897000 	C:\WINDOWS\System32\SETUPAPI.dll
0x00007fff2fd30000 - 0x00007fff2fd5a000 	C:\WINDOWS\SYSTEM32\WTSAPI32.dll
0x00007fff325b0000 - 0x00007fff325fa000 	C:\WINDOWS\SYSTEM32\SspiCli.dll
0x00007fff32cb0000 - 0x00007fff32cc3000 	C:\WINDOWS\SYSTEM32\msasn1.dll
0x00007fff21460000 - 0x00007fff2149d000 	C:\WINDOWS\SYSTEM32\cryptnet.dll
0x00007fff1b800000 - 0x00007fff1b978000 	C:\WINDOWS\SYSTEM32\drvstore.dll
0x00007fff33150000 - 0x00007fff3317f000 	C:\WINDOWS\SYSTEM32\devobj.dll
0x00007fff32c40000 - 0x00007fff32caa000 	C:\WINDOWS\SYSTEM32\wldp.dll
0x00007fff32ba0000 - 0x00007fff32bac000 	C:\WINDOWS\SYSTEM32\cryptbase.dll
0x00007fff338e0000 - 0x00007fff33963000 	C:\WINDOWS\System32\wintrust.dll
0x00007fff34140000 - 0x00007fff34160000 	C:\WINDOWS\System32\imagehlp.dll
0x00007fff32b80000 - 0x00007fff32b9b000 	C:\WINDOWS\SYSTEM32\CRYPTSP.dll
0x00007fff32290000 - 0x00007fff322c9000 	C:\WINDOWS\system32\rsaenh.dll
0x00007fff32900000 - 0x00007fff32930000 	C:\WINDOWS\SYSTEM32\gpapi.dll
0x00007fff333d0000 - 0x00007fff333f9000 	C:\WINDOWS\SYSTEM32\profapi.dll
0x00007ffeb1ae0000 - 0x00007ffeb3ccb000 	C:\WINDOWS\System32\DriverStore\FileRepository\nvacegpu.inf_amd64_0af8f5d55a9e9293\nvgpucomp64.dll
0x00007fff32430000 - 0x00007fff32466000 	C:\WINDOWS\SYSTEM32\ntmarta.dll
0x00007ffe667e0000 - 0x00007ffe68010000 	C:\WINDOWS\System32\DriverStore\FileRepository\iigd_dch.inf_amd64_438afae43f7267c8\igvk64.dll
0x00007fff20e10000 - 0x00007fff213ba000 	C:\WINDOWS\System32\DriverStore\FileRepository\iigd_dch.inf_amd64_438afae43f7267c8\igdgmm64.dll
0x00007fff1bc60000 - 0x00007fff20e07000 	C:\WINDOWS\System32\DriverStore\FileRepository\iigd_dch.inf_amd64_438afae43f7267c8\igc64.dll
0x00007fff34a40000 - 0x00007fff34aee000 	C:\WINDOWS\System32\clbcatq.dll
0x00007fff2e7f0000 - 0x00007fff2e95a000 	C:\Windows\System32\WinTypes.dll
0x00007fff07ee0000 - 0x00007fff07f19000 	C:\WINDOWS\SYSTEM32\rometadata.dll
0x00007fff2a370000 - 0x00007fff2a4da000 	C:\Program Files\WindowsApps\Microsoft.D3DMappingLayers_1.2605.1.0_x64__8wekyb3d8bbwe\x64\DXIL.dll
0x00007fff22210000 - 0x00007fff22233000 	C:\WINDOWS\SYSTEM32\d3d12.dll
0x00007ffef7550000 - 0x00007ffef78a7000 	C:\WINDOWS\SYSTEM32\D3D12Core.dll
0x00007fff31030000 - 0x00007fff318b6000 	C:\WINDOWS\SYSTEM32\windows.storage.dll
0x00007ffef5630000 - 0x00007ffef5901000 	C:\WINDOWS\system32\nvspcap64.dll
0x00007ffe9ae60000 - 0x00007ffe9aead000 	C:\WINDOWS\SYSTEM32\ControlLib.dll
0x00007ffee74b0000 - 0x00007ffee755c000 	C:\WINDOWS\System32\DriverStore\FileRepository\iigd_dch.inf_amd64_438afae43f7267c8\IntelControlLib.dll
0x00007fff22780000 - 0x00007fff228e1000 	C:\WINDOWS\System32\DriverStore\FileRepository\iigd_dch.inf_amd64_438afae43f7267c8\igvkMedia64.dll
0x00007ffefee90000 - 0x00007fff00406000 	C:\WINDOWS\System32\DriverStore\FileRepository\iigd_dch.inf_amd64_438afae43f7267c8\igddxvacommon64.dll
0x00007ffefbfd0000 - 0x00007ffefe050000 	C:\WINDOWS\System32\DriverStore\FileRepository\iigd_dch.inf_amd64_438afae43f7267c8\media_bin_64.dll
0x00007fff28060000 - 0x00007fff2811c000 	C:\WINDOWS\System32\DriverStore\FileRepository\nvacegpu.inf_amd64_0af8f5d55a9e9293\nvldumdx.dll
0x00007ffe3a050000 - 0x00007ffe3f460000 	C:\WINDOWS\System32\DriverStore\FileRepository\nvacegpu.inf_amd64_0af8f5d55a9e9293\nvwgf2umx.dll
0x00007fff0c160000 - 0x00007fff0c897000 	C:\WINDOWS\System32\DriverStore\FileRepository\nvacegpu.inf_amd64_0af8f5d55a9e9293\Display.NvContainer\MessageBus.dll
0x00007fff34250000 - 0x00007fff3425a000 	C:\WINDOWS\System32\NSI.dll
0x00007fff2ade0000 - 0x00007fff2ae05000 	C:\WINDOWS\SYSTEM32\dhcpcsvc.DLL
0x00007fff25e20000 - 0x00007fff25f00000 	C:\WINDOWS\SYSTEM32\D3DSCache.dll
0x00007fff32940000 - 0x00007fff32973000 	C:\WINDOWS\SYSTEM32\USERENV.dll
0x00007fff2e9a0000 - 0x00007fff2ebc2000 	C:\WINDOWS\SYSTEM32\DComp.DLL
0x00007fff2d720000 - 0x00007fff2d739000 	C:\WINDOWS\SYSTEM32\Microsoft.Internal.WarpPal.dll
0x00007fff26af0000 - 0x00007fff26b4c000 	C:\WINDOWS\System32\DriverStore\FileRepository\iigd_dch.inf_amd64_438afae43f7267c8\igd12umd64.dll
0x00007ffe5d850000 - 0x00007ffe5f931000 	C:\WINDOWS\System32\DriverStore\FileRepository\iigd_dch.inf_amd64_438afae43f7267c8\igd12um64xel.dll
0x00007fff26950000 - 0x00007fff269d3000 	C:\WINDOWS\System32\DriverStore\FileRepository\iigd_dch.inf_amd64_438afae43f7267c8\igdext64.dll
0x00007ffef71f0000 - 0x00007ffef7545000 	C:\WINDOWS\System32\DriverStore\FileRepository\iigd_dch.inf_amd64_438afae43f7267c8\igd12dxva64.dll
0x00007fff04490000 - 0x00007fff044b8000 	C:\WINDOWS\System32\DriverStore\FileRepository\iigd_dch.inf_amd64_438afae43f7267c8\igdinfo64.dll
0x00007ffed8960000 - 0x00007ffed8f0e000 	C:\WINDOWS\SYSTEM32\d3d10warp.dll
0x00007fff34c00000 - 0x00007fff34d5d000 	C:\WINDOWS\System32\MSCTF.dll
0x00007fff2fa90000 - 0x00007fff2fb96000 	C:\WINDOWS\SYSTEM32\PROPSYS.dll
0x00007fff318c0000 - 0x00007fff318cf000 	C:\WINDOWS\SYSTEM32\hid.dll
0x00007fff2c640000 - 0x00007fff2c65b000 	C:\WINDOWS\SYSTEM32\XInput1_4.dll
0x00007fff05200000 - 0x00007fff053e4000 	C:\WINDOWS\SYSTEM32\inputhost.dll
0x00007fff2f5a0000 - 0x00007fff2f6c6000 	C:\WINDOWS\SYSTEM32\CoreMessaging.dll
0x00007fff29280000 - 0x00007fff292cb000 	C:\Windows\System32\dinput8.dll
0x00007fff04d70000 - 0x00007fff04eb7000 	C:\WINDOWS\SYSTEM32\textinputframework.dll
0x00007fff266b0000 - 0x00007fff26757000 	C:\WINDOWS\System32\DriverStore\FileRepository\nvacegpu.inf_amd64_0af8f5d55a9e9293\NvCamera\NvCameraAllowlisting64.dll
0x00007fff16950000 - 0x00007fff169df000 	C:\Windows\System32\DispBroker.dll
0x00007fff16c70000 - 0x00007fff17412000 	C:\WINDOWS\SYSTEM32\nvapi64.dll
0x00007fff2b410000 - 0x00007fff2b4b4000 	C:\WINDOWS\System32\MMDevApi.dll
0x00007fff08eb0000 - 0x00007fff09067000 	C:\WINDOWS\SYSTEM32\AUDIOSES.DLL
0x00007fff30d00000 - 0x00007fff30d14000 	C:\WINDOWS\SYSTEM32\resourcepolicyclient.dll
0x00007fff21d80000 - 0x00007fff21e8c000 	C:\WINDOWS\SYSTEM32\opengl32.dll
0x00007fff2b870000 - 0x00007fff2b89d000 	C:\WINDOWS\SYSTEM32\GLU32.dll
0x00007ffe7ca20000 - 0x00007ffe7d175000 	C:\WINDOWS\System32\DriverStore\FileRepository\nvacegpu.inf_amd64_0af8f5d55a9e9293\nvppex.dll
0x00007fff31bd0000 - 0x00007fff31c32000 	C:\WINDOWS\SYSTEM32\WINSTA.dll
0x00007fff2e270000 - 0x00007fff2e4d0000 	C:\WINDOWS\system32\d3d11.dll
0x00007fff292d0000 - 0x00007fff29563000 	C:\WINDOWS\System32\DriverStore\FileRepository\iigd_dch.inf_amd64_438afae43f7267c8\igd10iumd64.dll
0x00007fff2ff60000 - 0x00007fff30000000 	C:\WINDOWS\SYSTEM32\apphelp.dll
0x00007fff28160000 - 0x00007fff29273000 	C:\WINDOWS\System32\DriverStore\FileRepository\iigd_dch.inf_amd64_438afae43f7267c8\igd10um64xe.DLL
0x00007ffe5cb30000 - 0x00007ffe5d84d000 	C:\Program Files\Java\jdk-21\bin\server\jvm.dll
0x00007fff13e70000 - 0x00007fff13e7c000 	C:\WINDOWS\SYSTEM32\VCRUNTIME140_1.dll
0x00007fff13340000 - 0x00007fff1335e000 	C:\WINDOWS\SYSTEM32\VCRUNTIME140.dll
0x00007fff2c630000 - 0x00007fff2c63a000 	C:\Program Files\Java\jdk-21\bin\jimage.dll
0x00007fff0b710000 - 0x00007fff0b74b000 	C:\WINDOWS\SYSTEM32\dbgcore.DLL
0x00007fff2c5a0000 - 0x00007fff2c5bf000 	C:\Program Files\Java\jdk-21\bin\java.dll
0x00007ffef6f60000 - 0x00007ffef7037000 	C:\Program Files\Java\jdk-21\bin\jsvml.dll
0x00007fff2c550000 - 0x00007fff2c560000 	C:\Program Files\Java\jdk-21\bin\net.dll
0x00007fff2ab50000 - 0x00007fff2ac79000 	C:\WINDOWS\SYSTEM32\WINHTTP.dll
0x00007fff2a5f0000 - 0x00007fff2a606000 	C:\Program Files\Java\jdk-21\bin\nio.dll
0x00007fff2a5d0000 - 0x00007fff2a5e8000 	C:\Program Files\Java\jdk-21\bin\zip.dll
0x00007ffee8310000 - 0x00007ffee836c000 	C:\WINDOWS\system32\dataexchange.dll

dbghelp: loaded successfully - version: 4.0.5 - missing functions: none
symbol engine: initialized successfully - sym options: 0x614 - pdb path: .;D:\Godot;C:\WINDOWS\SYSTEM32;C:\Program Files\WindowsApps\Microsoft.D3DMappingLayers_1.2605.1.0_x64__8wekyb3d8bbwe\x64;C:\WINDOWS\System32\DriverStore\FileRepository\nvacegpu.inf_amd64_0af8f5d55a9e9293;C:\WINDOWS\System32\DriverStore\FileRepository\iigd_dch.inf_amd64_438afae43f7267c8;C:\WINDOWS\System32\DriverStore\FileRepository\nvacegpu.inf_amd64_0af8f5d55a9e9293\Display.NvContainer;C:\WINDOWS\System32\DriverStore\FileRepository\nvacegpu.inf_amd64_0af8f5d55a9e9293\NvCamera;C:\Program Files\Java\jdk-21\bin\server;C:\Program Files\Java\jdk-21\bin

VM Arguments:
java_command: <unknown>
java_class_path (initial): <not set>
Launcher Type: generic

[Global flags]
     intx CICompilerCount                          = 12                                        {product} {ergonomic}
     uint ConcGCThreads                            = 3                                         {product} {ergonomic}
     uint G1ConcRefinementThreads                  = 13                                        {product} {ergonomic}
   size_t G1HeapRegionSize                         = 2097152                                   {product} {ergonomic}
    uintx GCDrainStackTargetSize                   = 64                                        {product} {ergonomic}
   size_t InitialHeapSize                          = 264241152                                 {product} {ergonomic}
   size_t MarkStackSize                            = 4194304                                   {product} {ergonomic}
   size_t MaxHeapSize                              = 4217372672                                {product} {ergonomic}
   size_t MaxNewSize                               = 2529165312                                {product} {ergonomic}
   size_t MinHeapDeltaBytes                        = 2097152                                   {product} {ergonomic}
   size_t MinHeapSize                              = 8388608                                   {product} {ergonomic}
    uintx NonNMethodCodeHeapSize                   = 7602480                                {pd product} {ergonomic}
    uintx NonProfiledCodeHeapSize                  = 122027880                              {pd product} {ergonomic}
    uintx ProfiledCodeHeapSize                     = 122027880                              {pd product} {ergonomic}
    uintx ReservedCodeCacheSize                    = 251658240                              {pd product} {ergonomic}
     bool SegmentedCodeCache                       = true                                      {product} {ergonomic}
   size_t SoftMaxHeapSize                          = 4217372672                             {manageable} {ergonomic}
     bool UseCompressedOops                        = true                           {product lp64_product} {ergonomic}
     bool UseG1GC                                  = true                                      {product} {ergonomic}
     bool UseLargePagesIndividualAllocation        = false                                  {pd product} {ergonomic}

Logging:
Log output configuration:
 #0: stdout all=warning uptime,level,tags foldmultilines=false
 #1: stderr all=off uptime,level,tags foldmultilines=false

Environment Variables:
JAVA_HOME=C:\Program Files\Java\jdk-21
PATH=C:\Program Files\Eclipse Adoptium\jdk-25.0.2.10-hotspot\bin;C:\Program Files\Common Files\Oracle\Java\javapath;C:\MinGW\bin;C:\Windows;C:\Windows\System32\Wbem;C:\Windows\System32\WindowsPowerShell\v1.0\;C:\Windows\System32\OpenSSH\;C:\Program Files (x86)\NVIDIA Corporation\PhysX\Common;C:\Program Files\NVIDIA Corporation\NVIDIA NvDLISR;C:\Program Files\Microsoft SQL Server\150\Tools\Binn\;C:\Program Files\Microsoft SQL Server\Client SDK\ODBC\170\Tools\Binn\;C:\Program Files\dotnet\;C:\Program Files (x86)\Windows Kits\10\Windows Performance Toolkit\;C:\Users\ADMIN\Downloads\winlibs-x86_64-posix-seh-gcc-12.1.0-mingw-w64msvcrt-10.0.0-r3.zip\mingw64\bin;C:\Program Files\nodejs\;C:\ProgramData\chocolatey\bin;C:\WINDOWS\system32;C:\WINDOWS;C:\WINDOWS\System32\Wbem;C:\WINDOWS\System32\WindowsPowerShell\v1.0\;C:\WINDOWS\System32\OpenSSH\;D:\Git\cmd;C:\Program Files\Java\jdk-21\bin;C:\Program Files (x86)\Microsoft SQL Server\170\Tools\Binn\;C:\Program Files\Microsoft SQL Server\170\Tools\Binn\;C:\Program Files\Microsoft SQL Server\Client SDK\ODBC\180\Tools\Binn\;C:\Program Files\Microsoft SQL Server\170\DTS\Binn\;C:\Program Files (x86)\Microsoft SQL Server\160\DTS\Binn\;C:\Users\ADMIN\AppData\Local\Microsoft\WindowsApps;C:\Users\ADMIN\.dotnet\tools;C:\TDM-GCC-64\bin;C:\Microsoft VS Code\bin;C:\Users\ADMIN\AppData\Roaming\npm;C:\Git\bin;C:\Users\ADMIN\anaconda3\Lib\site-packages\pyarrow\src\arrow\python;C:\Users\ADMIN\AppData\Local\Programs\Microsoft VS Code\bin;D:\Antigravity\bin;C:\Users\ADMIN\AppData\Local\Programs\Antigravity IDE\bin;D:\Antigravity IDE\bin
USERNAME=ADMIN
OS=Windows_NT
PROCESSOR_IDENTIFIER=Intel64 Family 6 Model 186 Stepping 2, GenuineIntel
TMP=C:\Users\ADMIN\AppData\Local\Temp
TEMP=C:\Users\ADMIN\AppData\Local\Temp




Periodic native trim disabled

---------------  S Y S T E M  ---------------

OS:
 Windows 11 , 64 bit Build 26100 (10.0.26100.8553)
OS uptime: 0 days 3:28 hours
Hyper-V role detected

CPU: total 16 (initial active 16) (8 cores per cpu, 2 threads per core) family 6 model 186 stepping 2 microcode 0x5105, cx8, cmov, fxsr, ht, mmx, 3dnowpref, sse, sse2, sse3, ssse3, sse4.1, sse4.2, popcnt, lzcnt, tsc, tscinvbit, avx, avx2, aes, erms, clmul, bmi1, bmi2, adx, sha, fma, vzeroupper, clflush, clflushopt, clwb, hv, serialize, rdtscp, rdpid, fsrm, f16c, cet_ibt, cet_ss
Processor Information for processor 0
  Max Mhz: 2400, Current Mhz: 1520, Mhz Limit: 2400
Processor Information for processor 1
  Max Mhz: 2400, Current Mhz: 1520, Mhz Limit: 2400
Processor Information for processor 2
  Max Mhz: 2400, Current Mhz: 1520, Mhz Limit: 2400
Processor Information for processor 3
  Max Mhz: 2400, Current Mhz: 1520, Mhz Limit: 2400
Processor Information for processor 4
  Max Mhz: 2400, Current Mhz: 1520, Mhz Limit: 2400
Processor Information for processor 5
  Max Mhz: 2400, Current Mhz: 2400, Mhz Limit: 2400
Processor Information for processor 6
  Max Mhz: 2400, Current Mhz: 2400, Mhz Limit: 2400
Processor Information for processor 7
  Max Mhz: 2400, Current Mhz: 1520, Mhz Limit: 2400
Processor Information for processor 8
  Max Mhz: 2400, Current Mhz: 1520, Mhz Limit: 2400
Processor Information for processor 9
  Max Mhz: 2400, Current Mhz: 1520, Mhz Limit: 2400
Processor Information for processor 10
  Max Mhz: 2400, Current Mhz: 2400, Mhz Limit: 2400
Processor Information for processor 11
  Max Mhz: 2400, Current Mhz: 1520, Mhz Limit: 2400
Processor Information for processor 12
  Max Mhz: 2400, Current Mhz: 1466, Mhz Limit: 2400
Processor Information for processor 13
  Max Mhz: 2400, Current Mhz: 1466, Mhz Limit: 2400
Processor Information for processor 14
  Max Mhz: 2400, Current Mhz: 1466, Mhz Limit: 2400
Processor Information for processor 15
  Max Mhz: 2400, Current Mhz: 1466, Mhz Limit: 2400

Memory: 4k page, system-wide physical 16087M (4350M free)
TotalPageFile size 20439M (AvailPageFile size 2373M)
current process WorkingSet (physical memory assigned to process): 741M, peak: 741M
current process commit charge ("private bytes"): 1126M, peak: 1126M

vm_info: Java HotSpot(TM) 64-Bit Server VM (21.0.9+7-LTS-338) for windows-amd64 JRE (21.0.9+7-LTS-338), built on 2025-09-26T06:33:49Z by "mach5run" with MS VC++ 17.6 (VS2022)

END.
