#
# A fatal error has been detected by the Java Runtime Environment:
#
#  EXCEPTION_ACCESS_VIOLATION (0xc0000005) at pc=0x000000002e747069, pid=15476, tid=8488
#
# JRE version: Java(TM) SE Runtime Environment (21.0.9+7) (build 21.0.9+7-LTS-338)
# Java VM: Java HotSpot(TM) 64-Bit Server VM (21.0.9+7-LTS-338, mixed mode, sharing, tiered, compressed oops, compressed class ptrs, g1 gc, windows-amd64)
# Problematic frame:
# C  [godot.windows.editor.x86_64.jvm.0.14.3.exe+0x3420607]  Node2D::get_global_position+0x187
#
# No core dump will be written. Minidumps are not enabled by default on client versions of Windows
#
# If you would like to submit a bug report, please visit:
#   https://bugreport.java.com/bugreport/crash.jsp
# The crash happened outside the Java Virtual Machine in native code.
# See problematic frame for where to report the bug.
#

---------------  S U M M A R Y ------------

Command Line: 

Host: 13th Gen Intel(R) Core(TM) i7-13620H, 16 cores, 15G,  Windows 11 , 64 bit Build 26100 (10.0.26100.8553)
Time: Thu Jun  4 16:06:50 2026 SE Asia Standard Time elapsed time: 14.794609 seconds (0d 0h 0m 14s)

---------------  T H R E A D  ---------------

Current thread (0x0000022ab6c1a7b0):  JavaThread "main"             [_thread_in_native, id=8488, stack(0x000000d370200000,0x000000d370a00000) (8192K)]

Stack: [0x000000d370200000,0x000000d370a00000],  sp=0x000000d3709fe350,  free space=8184k
Native frames: (J=compiled Java code, j=interpreted, Vv=VM code, C=native code)
C  0x000000002e747069

Java frames: (J=compiled Java code, j=interpreted, Vv=VM code)
J 1135  godot.internal.memory.TransferContext.icall(JJI)V (0 bytes) @ 0x0000022ac8a1e078 [0x0000022ac8a1e020+0x0000000000000058]
J 1237 c2 godot.internal.memory.TransferContext.callMethod(JJLgodot/common/interop/VariantConverter;)V (21 bytes) @ 0x0000022ac8a23c1c [0x0000022ac8a23ba0+0x000000000000007c]
J 1355 c1 godot.api.Node2D.getGlobalPosition()Lgodot/core/Vector2; (54 bytes) @ 0x0000022ac1076824 [0x0000022ac1076640+0x00000000000001e4]
j  game.items.weapons.Weapon.getClosestTarget()Lgodot/api/Node2D;+40
J 1208 c1 game.items.weapons.Weapon._process(D)V (51 bytes) @ 0x0000022ac103ac94 [0x0000022ac103aa80+0x0000000000000214]
J 1206 c1 godot.entry.WeaponRegistrar$register$1$1$2.invoke(Ljava/lang/Object;Ljava/lang/Object;)Ljava/lang/Object; (19 bytes) @ 0x0000022ac1039c0c [0x0000022ac1039600+0x000000000000060c]
J 1373 c2 godot.core.KtFunction.invoke(Lgodot/core/KtObject;)V (79 bytes) @ 0x0000022ac8a33438 [0x0000022ac8a32f80+0x00000000000004b8]
v  ~StubRoutines::call_stub 0x0000022ac825100d

siginfo: EXCEPTION_ACCESS_VIOLATION (0xc0000005), data execution prevention violation at address 0x000000002e747069


Registers:
RAX=0x00007ff6d6e5e758, RBX=0x0000022b20c2e740, RCX=0x0000022b20c2e740, RDX=0x000000d3709fe3a8
RSP=0x000000d3709fe348, RBP=0x000000d3709fe459, RSI=0x0000022a97ec99b0, RDI=0x000000d3709fe430
R8 =0x0000000000000000, R9 =0x00007ff6d1d20480, R10=0x00007ff8b9fd87c0, R11=0x000000d3709fe7d8
R12=0x0000022b20c2e740, R13=0x0000022ab0502540, R14=0x0000000000000000, R15=0x000000d3709fe518
RIP=0x000000002e747069, EFLAGS=0x0000000000010202


Register to memory mapping:

RAX=0x00007ff6d6e5e758 godot.windows.editor.x86_64.jvm.0.14.3.exe::Object::`vftable' + 0x0
RBX=0x0000022b20c2e740 points into unknown readable memory: 0x00006e96000105bd | bd 05 01 00 96 6e 00 00
RCX=0x0000022b20c2e740 points into unknown readable memory: 0x00006e96000105bd | bd 05 01 00 96 6e 00 00
RDX=0x000000d3709fe3a8 is pointing into the stack for thread: 0x0000022ab6c1a7b0
RSP=0x000000d3709fe348 is pointing into the stack for thread: 0x0000022ab6c1a7b0
RBP=0x000000d3709fe459 is pointing into the stack for thread: 0x0000022ab6c1a7b0
RSI=0x0000022a97ec99b0 points into unknown readable memory: 0x0000000000000000 | 00 00 00 00 00 00 00 00
RDI=0x000000d3709fe430 is pointing into the stack for thread: 0x0000022ab6c1a7b0
R8 =0x0 is null
R9 =0x00007ff6d1d20480 godot.windows.editor.x86_64.jvm.0.14.3.exe::Node2D::get_global_position + 0x0
R10=0x00007ff8b9fd87c0 jvm.dll
R11=0x000000d3709fe7d8 is pointing into the stack for thread: 0x0000022ab6c1a7b0
R12=0x0000022b20c2e740 points into unknown readable memory: 0x00006e96000105bd | bd 05 01 00 96 6e 00 00
R13=0x0000022ab0502540 points into unknown readable memory: 0x00007ff6d68ff998 | 98 f9 8f d6 f6 7f 00 00
R14=0x0 is null
R15=0x000000d3709fe518 is pointing into the stack for thread: 0x0000022ab6c1a7b0

Top of Stack: (sp=0x000000d3709fe348)
0x000000d3709fe348:   00007ff6d1d20607 0000022b20117ce4
0x000000d3709fe358:   00007ff6d2fb6ff6 0000022b2011c840
0x000000d3709fe368:   0000022a97ec99b0 0000022aa3d479b0
0x000000d3709fe378:   00007ff6d15966d1 00004cf20f3b8d8a
0x000000d3709fe388:   00007ff6d1d21177 000000000000191c
0x000000d3709fe398:   00007ff6d1d1e6b2 0000022b20117830
0x000000d3709fe3a8:   beee2a0fbe3bc36c be3bc36c3eee2a0f
0x000000d3709fe3b8:   42fe2de6424c065c 00004cf20f3b8dda
0x000000d3709fe3c8:   0000000000000000 000000d3709fe530
0x000000d3709fe3d8:   00007ff6d1d1ff02 0000022a97ec99b0
0x000000d3709fe3e8:   00007ff6d1d24afc 00007ff6d42d4498
0x000000d3709fe3f8:   0000000000000000 00007ff6d42d4498
0x000000d3709fe408:   0000022a97ec99b0 0000022aa3d479b0
0x000000d3709fe418:   0000022a97ecab80 0000000800000000
0x000000d3709fe428:   000000d3709fe468 42fe2de6424c065c
0x000000d3709fe438:   00007ff6d1d1e6b2 0000022b00000000
0x000000d3709fe448:   0000000000000000 000000d3709fe530
0x000000d3709fe458:   00007ff6cf74dc77 00004cf20f3b8d6a
0x000000d3709fe468:   000000d3709fe588 00000000000001c0
0x000000d3709fe478:   00007ff6ce900000 0000000000000000
0x000000d3709fe488:   0000000000000000 0000022ab0502540
0x000000d3709fe498:   0000022a97ecab80 000000d3709fe5b0
0x000000d3709fe4a8:   00007ff6cf750a38 0000022b1a481208
0x000000d3709fe4b8:   0000000705e40cc0 0000022ab05024c0
0x000000d3709fe4c8:   0000022a97ec9f80 0000022b00000000
0x000000d3709fe4d8:   000000d3709fe518 00007ff6d42d4498
0x000000d3709fe4e8:   0000022a97ec9f80 00007ff6ce900000
0x000000d3709fe4f8:   0000000000000000 0000000000000000
0x000000d3709fe508:   0000022ab0502540 0000022b20c2e740
0x000000d3709fe518:   0000000000000000 0000000000000000
0x000000d3709fe528:   0000022ab6c1ab70 bf4ccccd00000000
0x000000d3709fe538:   0000000000000000 0000000000000000 

Instructions: (pc=0x00007ff6d1d20607)
0x00007ff6d1d20507:   44 24 60 80 00 00 00 48 8d 05 0b 53 ac 04 33 f6
0x00007ff6d1d20517:   48 8d 54 24 58 48 89 44 24 58 48 8d 4c 24 40 48
0x00007ff6d1d20527:   89 74 24 40 e8 70 a5 a4 01 4c 8b c3 48 8d 54 24
0x00007ff6d1d20537:   40 48 8d 4c 24 48 e8 3e 99 bf fc 89 74 24 30 4c
0x00007ff6d1d20547:   8d 0d 03 2b b5 04 40 88 74 24 28 48 8d 15 2f ee
0x00007ff6d1d20557:   bd 04 41 b8 22 01 00 00 48 89 44 24 20 48 8d 0d
0x00007ff6d1d20567:   fd ef bd 04 e8 80 33 a4 01 48 8d 4c 24 48 e8 86
0x00007ff6d1d20577:   8e bf fc 48 8b 44 24 40 48 85 c0 74 6d 48 8d 48
0x00007ff6d1d20587:   f0 8b d6 48 0f 45 d1 48 c7 c0 ff ff ff ff f0 48
0x00007ff6d1d20597:   0f c1 02 48 83 f8 01 75 51 48 8b 4c 24 40 33 d2
0x00007ff6d1d205a7:   48 83 c1 f0 48 89 74 24 40 e8 7b 43 a4 01 48 39
0x00007ff6d1d205b7:   74 24 40 74 35 89 74 24 30 48 8d 05 09 30 5b 02
0x00007ff6d1d205c7:   40 88 74 24 28 4c 8d 0d 45 30 5b 02 41 b8 0e 01
0x00007ff6d1d205d7:   00 00 48 89 44 24 20 48 8d 15 eb 2e 5b 02 48 8d
0x00007ff6d1d205e7:   0d 54 30 5b 02 e8 3f 30 a4 01 48 89 37 eb 18 48
0x00007ff6d1d205f7:   8b 03 48 8d 54 24 58 48 8b cb ff 90 b8 02 00 00
0x00007ff6d1d20607:   48 8b 40 10 48 89 07 48 8b c7 48 8b 4c 24 70 48
0x00007ff6d1d20617:   33 cc e8 c2 f2 50 02 4c 8d 9c 24 80 00 00 00 49
0x00007ff6d1d20627:   8b 5b 20 49 8b 73 28 49 8b e3 5f c3 cc cc cc cc
0x00007ff6d1d20637:   cc cc cc cc cc cc cc cc cc 48 89 5c 24 10 57 48
0x00007ff6d1d20647:   81 ec 80 00 00 00 48 8b 05 ac 8e a7 05 48 33 c4
0x00007ff6d1d20657:   48 89 44 24 70 65 48 8b 04 25 58 00 00 00 48 8b
0x00007ff6d1d20667:   d9 8b 0d 5a 24 e1 05 48 8b 3c c8 b8 1c 19 00 00
0x00007ff6d1d20677:   80 3c 38 00 75 05 e8 4e f3 50 02 b8 f0 12 00 00
0x00007ff6d1d20687:   48 83 3c 38 00 0f 85 1c 01 00 00 e8 f9 15 cc 01
0x00007ff6d1d20697:   84 c0 0f 85 0f 01 00 00 48 83 bb 48 02 00 00 00
0x00007ff6d1d206a7:   0f 84 01 01 00 00 48 8d 54 24 50 48 8b cb e8 b6
0x00007ff6d1d206b7:   e2 55 ff 48 8b d8 48 c7 44 24 60 80 00 00 00 48
0x00007ff6d1d206c7:   8d 05 53 51 ac 04 33 ff 48 8d 54 24 58 48 89 44
0x00007ff6d1d206d7:   24 58 48 8d 4c 24 40 48 89 7c 24 40 e8 b8 a3 a4
0x00007ff6d1d206e7:   01 4c 8b c3 48 8d 54 24 40 48 8d 4c 24 48 e8 86
0x00007ff6d1d206f7:   97 bf fc 89 7c 24 30 4c 8d 0d 3b df ac 04 40 88 


Stack slot to memory mapping:

stack at sp + 0 slots: 0x0000022b20117ce4 points into unknown readable memory: cd cc 4c 3f
stack at sp + 1 slots: 0x00007ff6d2fb6ff6 godot.windows.editor.x86_64.jvm.0.14.3.exe::RenderingServerDefault::canvas_item_set_transform + 0xa6
stack at sp + 2 slots: 0x0000022b2011c840 points into unknown readable memory: 0x00007ff6d4d9adf8 | f8 ad d9 d4 f6 7f 00 00
stack at sp + 3 slots: 0x0000022a97ec99b0 points into unknown readable memory: 0x0000000000000000 | 00 00 00 00 00 00 00 00
stack at sp + 4 slots: 0x0000022aa3d479b0 points into unknown readable memory: 0x00007ff6d6b3e458 | 58 e4 b3 d6 f6 7f 00 00
stack at sp + 5 slots: 0x00007ff6d15966d1 godot.windows.editor.x86_64.jvm.0.14.3.exe::MethodBindT<AnimationPlayer,StringName const &,double,float,bool>::call + 0x1f1
stack at sp + 6 slots: 0x00004cf20f3b8d8a is an unknown value
stack at sp + 7 slots: 0x00007ff6d1d21177 godot.windows.editor.x86_64.jvm.0.14.3.exe::Node2D::get_rotation + 0x47


Compiled method (n/a)   14932 1135     n 0       godot.internal.memory.TransferContext::icall (native)
 total in heap  [0x0000022ac8a1de90,0x0000022ac8a1e240] = 944
 relocation     [0x0000022ac8a1dff0,0x0000022ac8a1e020] = 48
 main code      [0x0000022ac8a1e020,0x0000022ac8a1e237] = 535
 stub code      [0x0000022ac8a1e237,0x0000022ac8a1e238] = 1
 oops           [0x0000022ac8a1e238,0x0000022ac8a1e240] = 8

[Constant Pool (empty)]

[MachCode]
[Entry Point]
  # {method} {0x0000022b1a46c0b8} 'icall' '(JJI)V' in 'godot/internal/memory/TransferContext'
  # this:     rdx:rdx   = 'godot/internal/memory/TransferContext'
  # parm0:    r8:r8     = long
  # parm1:    r9:r9     = long
  # parm2:    rdi       = int
  #           [sp+0x70]  (sp of caller)
  0x0000022ac8a1e020: 448b 5208 | 49bb 0000 | 00d9 2a02 | 0000 4d03 | d349 3bc2 | 0f84 0600 

  0x0000022ac8a1e038: ;   {runtime_call ic_miss_stub}
  0x0000022ac8a1e038: 0000 e941 | 0788 ff90 
[Verified Entry Point]
  0x0000022ac8a1e040: 8984 2400 | 80ff ff55 | 488b ec48 | 83ec 6090 | 4181 7f20 | 0300 0000 

  0x0000022ac8a1e058: ;   {runtime_call StubRoutines (final stubs)}
  0x0000022ac8a1e058: 7405 e801 | 6d86 ff48 | 897c 2420 | 4889 5424 | 2848 83fa | 0048 8d54 | 2428 480f | 4454 2428 
  0x0000022ac8a1e078: ;   {internal_word}
  0x0000022ac8a1e078: c5f8 7749 | ba78 e0a1 | c82a 0200 | 004d 8997 | a803 0000 | 4989 a7a0 

  0x0000022ac8a1e090: ;   {external_word}
  0x0000022ac8a1e090: 0300 0049 | bac0 87fd | b9f8 7f00 | 0041 803a | 000f 844e | 0000 0052 | 4150 4151 

  0x0000022ac8a1e0ac: ;   {metadata({method} {0x0000022b1a46c0b8} 'icall' '(JJI)V' in 'godot/internal/memory/TransferContext')}
  0x0000022ac8a1e0ac: 48ba b0c0 | 461a 2b02 | 0000 498b | cf48 83ec | 2040 f6c4 | 0f0f 8419 | 0000 0048 

  0x0000022ac8a1e0c8: ;   {runtime_call}
  0x0000022ac8a1e0c8: 83ec 0848 | b890 1eae | b9f8 7f00 | 00ff d048 | 83c4 08e9 | 0c00 0000 

  0x0000022ac8a1e0e0: ;   {runtime_call}
  0x0000022ac8a1e0e0: 48b8 901e | aeb9 f87f | 0000 ffd0 | 4883 c420 | 4159 4158 | 5a49 8d8f | c003 0000 | 41c7 874c 
  0x0000022ac8a1e100: 0400 0004 

  0x0000022ac8a1e104: ;   {runtime_call TransferContext::icall}
  0x0000022ac8a1e104: 0000 0048 | b870 0475 | cff6 7f00 | 00ff d0c5 | f877 41c7 | 874c 0400 | 0005 0000 | 00f0 8344 
  0x0000022ac8a1e124: 24c0 0049 | 3baf 5004 | 0000 0f87 | 0e00 0000 | 4183 bf48 | 0400 0000 | 0f84 2300 | 0000 c5f8 
  0x0000022ac8a1e144: 7749 8bcf | 4c8b e448 | 83ec 2048 

  0x0000022ac8a1e150: ;   {runtime_call}
  0x0000022ac8a1e150: 83e4 f048 | b860 cb79 | b9f8 7f00 | 00ff d049 | 8be4 4d33 | e441 c787 | 4c04 0000 | 0800 0000 
  0x0000022ac8a1e170: 4183 bfc8 | 0400 0002 | 0f84 9400 

  0x0000022ac8a1e17c: ;   {external_word}
  0x0000022ac8a1e17c: 0000 49ba | c087 fdb9 | f87f 0000 | 4180 3a00 | 0f84 4400 

  0x0000022ac8a1e190: ;   {metadata({method} {0x0000022b1a46c0b8} 'icall' '(JJI)V' in 'godot/internal/memory/TransferContext')}
  0x0000022ac8a1e190: 0000 48ba | b0c0 461a | 2b02 0000 | 498b cf48 | 83ec 2040 | f6c4 0f0f | 8419 0000 | 0048 83ec 
  0x0000022ac8a1e1b0: ;   {runtime_call}
  0x0000022ac8a1e1b0: 0848 b890 | 1eae b9f8 | 7f00 00ff | d048 83c4 | 08e9 0c00 

  0x0000022ac8a1e1c4: ;   {runtime_call}
  0x0000022ac8a1e1c4: 0000 48b8 | 901e aeb9 | f87f 0000 | ffd0 4883 | c420 49c7 | 87a0 0300 | 0000 0000 | 0049 c787 
  0x0000022ac8a1e1e4: a803 0000 | 0000 0000 | c5f8 7749 | 8b8f 3004 | 0000 c781 | 0001 0000 | 0000 0000 | c949 837f 
  0x0000022ac8a1e204: 0800 0f85 | 0100 0000 

  0x0000022ac8a1e20c: ;   {runtime_call StubRoutines (initial stubs)}
  0x0000022ac8a1e20c: c3e9 ee2c | 83ff c5f8 | 774c 8be4 | 4883 ec20 | 4883 e4f0 

  0x0000022ac8a1e220: ;   {runtime_call}
  0x0000022ac8a1e220: 48b8 4056 | aeb9 f87f | 0000 ffd0 | 498b e44d | 33e4 e947 | ffff fff4 
[/MachCode]


Compiled method (c2)   14953 1237       4       godot.internal.memory.TransferContext::callMethod (21 bytes)
 total in heap  [0x0000022ac8a23a10,0x0000022ac8a23da8] = 920
 relocation     [0x0000022ac8a23b70,0x0000022ac8a23ba0] = 48
 main code      [0x0000022ac8a23ba0,0x0000022ac8a23c88] = 232
 stub code      [0x0000022ac8a23c88,0x0000022ac8a23cb0] = 40
 oops           [0x0000022ac8a23cb0,0x0000022ac8a23cc0] = 16
 metadata       [0x0000022ac8a23cc0,0x0000022ac8a23cd0] = 16
 scopes data    [0x0000022ac8a23cd0,0x0000022ac8a23d20] = 80
 scopes pcs     [0x0000022ac8a23d20,0x0000022ac8a23d70] = 80
 dependencies   [0x0000022ac8a23d70,0x0000022ac8a23d78] = 8
 handler table  [0x0000022ac8a23d78,0x0000022ac8a23da8] = 48

[Constant Pool (empty)]

[MachCode]
[Entry Point]
  # {method} {0x0000022b1a46bf28} 'callMethod' '(JJLgodot/common/interop/VariantConverter;)V' in 'godot/internal/memory/TransferContext'
  # this:     rdx:rdx   = 'godot/internal/memory/TransferContext'
  # parm0:    r8:r8     = long
  # parm1:    r9:r9     = long
  # parm2:    rdi:rdi   = 'godot/common/interop/VariantConverter'
  #           [sp+0x40]  (sp of caller)
  0x0000022ac8a23ba0: 448b 5208 | 49bb 0000 | 00d9 2a02 | 0000 4d03 | d349 3bc2 

  0x0000022ac8a23bb4: ;   {runtime_call ic_miss_stub}
  0x0000022ac8a23bb4: 0f85 c6ab | 87ff 6690 | 0f1f 4000 
[Verified Entry Point]
  0x0000022ac8a23bc0: 8984 2400 | 80ff ff55 | 4883 ec30 | 4181 7f20 | 0300 0000 | 0f85 9e00 | 0000 4c89 | 4c24 084c 
  0x0000022ac8a23be0: 8904 2448 | 8bea 4885 | ff74 4c48 | 8bd7 6666 | 9048 b800 | 26fc 1e2b 

  0x0000022ac8a23bf8: ;   {virtual_call}
  0x0000022ac8a23bf8: 0200 00e8 

  0x0000022ac8a23bfc: ; ImmutableOopMap {rbp=Oop }
                      ;*invokeinterface getId {reexecute=0 rethrow=0 return_oop=0}
                      ; - godot.internal.memory.TransferContext::callMethod@12 (line 82)
  0x0000022ac8a23bfc: 2095 94ff 

  0x0000022ac8a23c00: ;   {other}
  0x0000022ac8a23c00: 0f1f 8400 | f001 0000 | 488b d54c | 8b04 244c | 8b4c 2408 

  0x0000022ac8a23c14: ;   {optimized virtual_call}
  0x0000022ac8a23c14: 8bf8 90e8 

  0x0000022ac8a23c18: ; ImmutableOopMap {}
                      ;*invokespecial icall {reexecute=0 rethrow=0 return_oop=0}
                      ; - godot.internal.memory.TransferContext::callMethod@17 (line 79)
  0x0000022ac8a23c18: 24a4 ffff 

  0x0000022ac8a23c1c: ;   {other}
  0x0000022ac8a23c1c: 0f1f 8400 | 0c02 0001 | 4883 c430 

  0x0000022ac8a23c28: ;   {poll_return}
  0x0000022ac8a23c28: 5d49 3ba7 | 5004 0000 | 0f87 2c00 | 0000 c3ba | 45ff ffff | 4889 7c24 

  0x0000022ac8a23c40: ;   {runtime_call UncommonTrapBlob}
  0x0000022ac8a23c40: 1866 90e8 

  0x0000022ac8a23c44: ; ImmutableOopMap {rbp=Oop [24]=Oop }
                      ;*ifnonnull {reexecute=1 rethrow=0 return_oop=0}
                      ; - (reexecute) kotlin.jvm.internal.Intrinsics::checkNotNullParameter@1 (line 130)
                      ; - godot.internal.memory.TransferContext::callMethod@4
  0x0000022ac8a23c44: b809 88ff 

  0x0000022ac8a23c48: ;   {other}
  0x0000022ac8a23c48: 0f1f 8400 | 3802 0002 | 488b d0eb | 0348 8bd0 | 4883 c430 

  0x0000022ac8a23c5c: ;   {runtime_call _rethrow_Java}
  0x0000022ac8a23c5c: 5de9 9eed 

  0x0000022ac8a23c60: ;   {internal_word}
  0x0000022ac8a23c60: 9dff 49ba | 293c a2c8 | 2a02 0000 | 4d89 9768 

  0x0000022ac8a23c70: ;   {runtime_call SafepointBlob}
  0x0000022ac8a23c70: 0400 00e9 | 881a 88ff 

  0x0000022ac8a23c78: ;   {runtime_call StubRoutines (final stubs)}
  0x0000022ac8a23c78: e8e3 1086 | ffe9 58ff | ffff f4f4 | f4f4 f4f4 
[Stub Code]
  0x0000022ac8a23c88: ;   {no_reloc}
  0x0000022ac8a23c88: 48bb 0000 | 0000 0000 

  0x0000022ac8a23c90: ;   {runtime_call}
  0x0000022ac8a23c90: 0000 e9fb 

  0x0000022ac8a23c94: ;   {runtime_call ExceptionBlob}
  0x0000022ac8a23c94: ffff ffe9 | e48f 94ff 
[Deopt Handler Code]
  0x0000022ac8a23c9c: e800 0000 | 0048 832c 

  0x0000022ac8a23ca4: ;   {runtime_call DeoptimizationBlob}
  0x0000022ac8a23ca4: 2405 e9f5 | 0c88 fff4 | f4f4 f4f4 
[/MachCode]


Compiled method (c1)   14955 1355       3       godot.api.Node2D::getGlobalPosition (54 bytes)
 total in heap  [0x0000022ac1076310,0x0000022ac1077cb0] = 6560
 relocation     [0x0000022ac1076470,0x0000022ac1076630] = 448
 main code      [0x0000022ac1076640,0x0000022ac1077670] = 4144
 stub code      [0x0000022ac1077670,0x0000022ac1077740] = 208
 oops           [0x0000022ac1077740,0x0000022ac1077780] = 64
 metadata       [0x0000022ac1077780,0x0000022ac10777d8] = 88
 scopes data    [0x0000022ac10777d8,0x0000022ac10779b8] = 480
 scopes pcs     [0x0000022ac10779b8,0x0000022ac1077c68] = 688
 dependencies   [0x0000022ac1077c68,0x0000022ac1077c70] = 8
 nul chk table  [0x0000022ac1077c70,0x0000022ac1077cb0] = 64

[Constant Pool (empty)]

[MachCode]
[Entry Point]
  # {method} {0x0000022b1a718a58} 'getGlobalPosition' '()Lgodot/core/Vector2;' in 'godot/api/Node2D'
  #           [sp+0x120]  (sp of caller)
  0x0000022ac1076640: 448b 5208 | 49bb 0000 | 00d9 2a02 | 0000 4d03 | d34c 3bd0 

  0x0000022ac1076654: ;   {runtime_call ic_miss_stub}
  0x0000022ac1076654: 0f85 2681 | 2207 660f | 1f44 0000 
[Verified Entry Point]
  0x0000022ac1076660: 8984 2400 | 80ff ff55 | 4881 ec10 | 0100 0090 | 4181 7f20 | 0300 0000 

  0x0000022ac1076678: ;   {runtime_call StubRoutines (final stubs)}
  0x0000022ac1076678: 7405 e8e1 

  0x0000022ac107667c: ;   {metadata(method data for {method} {0x0000022b1a718a58} 'getGlobalPosition' '()Lgodot/core/Vector2;' in 'godot/api/Node2D')}
  0x0000022ac107667c: e620 0748 | bb70 b392 | 1b2b 0200 | 008b b3cc | 0000 0083 | c602 89b3 | cc00 0000 | 81e6 fe07 
  0x0000022ac107669c: 0000 85f6 | 0f84 3e0d | 0000 4889 | 9424 d800 | 0000 bb00 

  0x0000022ac10766b0: ;   {metadata('kotlin/Pair'[])}
  0x0000022ac10766b0: 0000 0048 | baf0 2902 | da2a 0200 | 0048 63db | 488b fb48 | 81fb ffff | ff00 0f87 | 350d 0000 
  0x0000022ac10766d0: 48be 1700 | 0000 0000 | 0000 488d | 349e 4883 | e6f8 498b | 87b8 0100 | 0048 8d34 | 3049 3bb7 
  0x0000022ac10766f0: c801 0000 | 0f87 0b0d | 0000 4989 | b7b8 0100 | 0048 2bf0 | 48c7 0001 | 0000 0048 | 8bca 49ba 
  0x0000022ac1076710: 0000 00d9 | 2a02 0000 | 492b ca89 | 4808 8958 | 0c48 83ee | 1048 85f6 | 0f84 1100 | 0000 4833 
  0x0000022ac1076730: db48 c1ee | 0348 895c | f008 48ff 

  0x0000022ac107673c: ;   {oop(a 'godot/internal/memory/TransferContext'{0x0000000705e40cc0})}
  0x0000022ac107673c: ce75 f648 | bec0 0ce4 | 0507 0000 | 004c 8bc6 

  0x0000022ac107674c: ;   {metadata(method data for {method} {0x0000022b1a718a58} 'getGlobalPosition' '()Lgodot/core/Vector2;' in 'godot/api/Node2D')}
  0x0000022ac107674c: 48ba 70b3 | 921b 2b02 | 0000 4883 | 8210 0100 | 0001 4c8b | c048 8bd6 | 4889 b424 | e000 0000 
  0x0000022ac107676c: ;   {optimized virtual_call}
  0x0000022ac107676c: 6666 90e8 

  0x0000022ac1076770: ; ImmutableOopMap {[216]=Oop [224]=Oop }
                      ;*invokevirtual writeArguments {reexecute=0 rethrow=0 return_oop=0}
                      ; - godot.api.Node2D::getGlobalPosition@7 (line 475)
  0x0000022ac1076770: 2cc8 9a07 

  0x0000022ac1076774: ;   {other}
  0x0000022ac1076774: 0f1f 8400 | 6404 0000 | 488b 9424 | d800 0000 

  0x0000022ac1076784: ;   {metadata(method data for {method} {0x0000022b1a718a58} 'getGlobalPosition' '()Lgodot/core/Vector2;' in 'godot/api/Node2D')}
  0x0000022ac1076784: 49b8 70b3 | 921b 2b02 | 0000 4983 | 8048 0100 | 0001 488b | 9424 d800 | 0000 4c8b 

  0x0000022ac10767a0: ;   {oop(a 'godot/api/Node2D$MethodBindings'{0x00000007062feae0})}
  0x0000022ac10767a0: 4210 49b9 | e0ea 2f06 | 0700 0000 

  0x0000022ac10767ac: ;   {metadata(method data for {method} {0x0000022b1a718a58} 'getGlobalPosition' '()Lgodot/core/Vector2;' in 'godot/api/Node2D')}
  0x0000022ac10767ac: 48bf 70b3 | 921b 2b02 | 0000 4883 | 8780 0100 

  0x0000022ac10767bc: ;   {metadata(method data for {method} {0x0000022b1b44c0c8} 'getGetGlobalPositionPtr$godot_api_library' '()J' in 'godot/api/Node2D$MethodBindings')}
  0x0000022ac10767bc: 0001 49b9 | 4848 951b | 2b02 0000 | 418b b9cc | 0000 0083 | c702 4189 | b9cc 0000 | 0081 e7fe 
  0x0000022ac10767dc: ff1f 0085 | ff0f 8428 | 0c00 0048 | 8bb4 24e0 

  0x0000022ac10767ec: ;   {metadata(method data for {method} {0x0000022b1a718a58} 'getGlobalPosition' '()Lgodot/core/Vector2;' in 'godot/api/Node2D')}
  0x0000022ac10767ec: 0000 0049 | b970 b392 | 1b2b 0200 | 0049 8381 | f001 0000 

  0x0000022ac1076800: ;   {oop(a 'godot/core/VariantParser$VECTOR2'{0x0000000705e1eaf0})}
  0x0000022ac1076800: 0148 bff0 | eae1 0507 | 0000 0049 | b940 2550 | b02a 0200 | 0048 8b94 | 24e0 0000 

  0x0000022ac107681c: ;   {optimized virtual_call}
  0x0000022ac107681c: 0066 90e8 

  0x0000022ac1076820: ; ImmutableOopMap {[224]=Oop }
                      ;*invokevirtual callMethod {reexecute=0 rethrow=0 return_oop=0}
                      ; - godot.api.Node2D::getGlobalPosition@29 (line 476)
  0x0000022ac1076820: 9cd3 9a07 

  0x0000022ac1076824: ;   {other}
  0x0000022ac1076824: 0f1f 8400 | 1405 0001 | 488b b424 | e000 0000 

  0x0000022ac1076834: ;   {metadata(method data for {method} {0x0000022b1a718a58} 'getGlobalPosition' '()Lgodot/core/Vector2;' in 'godot/api/Node2D')}
  0x0000022ac1076834: 48ba 70b3 | 921b 2b02 | 0000 4883 | 8260 0200 

  0x0000022ac1076844: ;   {metadata(method data for {method} {0x0000022b1a46be40} 'readReturnValue' '(Lgodot/common/interop/VariantConverter;)Ljava/lang/Object;' in 'godot/internal/memory/TransferContext')}
  0x0000022ac1076844: 0001 48ba | 2081 921b | 2b02 0000 | 8bb2 cc00 | 0000 83c6 | 0289 b2cc | 0000 0081 | e6fe ff1f 
  0x0000022ac1076864: 0085 f60f | 84c3 0b00 

  0x0000022ac107686c: ;   {metadata(method data for {method} {0x0000022b1a46be40} 'readReturnValue' '(Lgodot/common/interop/VariantConverter;)Ljava/lang/Object;' in 'godot/internal/memory/TransferContext')}
  0x0000022ac107686c: 0048 ba20 | 8192 1b2b | 0200 0048 | 8382 1001 

  0x0000022ac107687c: ;   {metadata(method data for {method} {0x0000022b1a43dde0} 'checkNotNullParameter' '(Ljava/lang/Object;Ljava/lang/String;)V' in 'kotlin/jvm/internal/Intrinsics')}
  0x0000022ac107687c: 0000 0148 | ba88 b35f | 1a2b 0200 | 008b b2cc | 0000 0083 | c602 89b2 | cc00 0000 | 81e6 feff 
  0x0000022ac107689c: 1f00 85f6 | 0f84 ab0b 

  0x0000022ac10768a4: ;   {metadata(method data for {method} {0x0000022b1a43dde0} 'checkNotNullParameter' '(Ljava/lang/Object;Ljava/lang/String;)V' in 'kotlin/jvm/internal/Intrinsics')}
  0x0000022ac10768a4: 0000 48ba | 88b3 5f1a | 2b02 0000 | ff82 1001 

  0x0000022ac10768b4: ;   {oop(a 'godot/internal/memory/TransferContext'{0x0000000705e40cc0})}
  0x0000022ac10768b4: 0000 48ba | c00c e405 | 0700 0000 

  0x0000022ac10768c0: ;   {metadata(method data for {method} {0x0000022b1a46be40} 'readReturnValue' '(Lgodot/common/interop/VariantConverter;)Ljava/lang/Object;' in 'godot/internal/memory/TransferContext')}
  0x0000022ac10768c0: 48be 2081 | 921b 2b02 | 0000 4883 | 8620 0100 

  0x0000022ac10768d0: ;   {metadata(method data for {method} {0x0000022b1a46b778} 'getBuffer' '()Ljava/nio/ByteBuffer;' in 'godot/internal/memory/TransferContext')}
  0x0000022ac10768d0: 0001 48ba | 0021 8d1b | 2b02 0000 | 8bb2 cc00 | 0000 83c6 | 0289 b2cc | 0000 0081 | e6fe ff1f 
  0x0000022ac10768f0: 0085 f60f | 8479 0b00 

  0x0000022ac10768f8: ;   {oop(a 'kotlin/reflect/KProperty'[1] {0x0000000705e62210})}
  0x0000022ac10768f8: 0048 ba10 | 22e6 0507 | 0000 008b | 5210 48c1 

  0x0000022ac1076908: ;   {oop(a 'godot/common/util/ThreadLocalDelegate'{0x0000000705e62478})}
  0x0000022ac1076908: e203 48be | 7824 e605 | 0700 0000 

  0x0000022ac1076914: ;   {metadata(method data for {method} {0x0000022b1a46b778} 'getBuffer' '()Ljava/nio/ByteBuffer;' in 'godot/internal/memory/TransferContext')}
  0x0000022ac1076914: 48bf 0021 | 8d1b 2b02 | 0000 4883 | 8710 0100 

  0x0000022ac1076924: ;   {metadata(method data for {method} {0x0000022b1a45e9a0} 'getValue' '(Ljava/lang/Object;Lkotlin/reflect/KProperty;)Ljava/lang/Object;' in 'godot/common/util/ThreadLocalDelegate')}
  0x0000022ac1076924: 0001 48be | 581f 8d1b | 2b02 0000 | 8bbe cc00 | 0000 83c7 | 0289 becc | 0000 0081 | e7fe ff1f 
  0x0000022ac1076944: 0085 ff0f | 844b 0b00 

  0x0000022ac107694c: ;   {metadata(method data for {method} {0x0000022b1a45e9a0} 'getValue' '(Ljava/lang/Object;Lkotlin/reflect/KProperty;)Ljava/lang/Object;' in 'godot/common/util/ThreadLocalDelegate')}
  0x0000022ac107694c: 0048 be58 | 1f8d 1b2b | 0200 0048 | 8386 1001 

  0x0000022ac107695c: ;   {metadata(method data for {method} {0x0000022b1a43dde0} 'checkNotNullParameter' '(Ljava/lang/Object;Ljava/lang/String;)V' in 'kotlin/jvm/internal/Intrinsics')}
  0x0000022ac107695c: 0000 0148 | be88 b35f | 1a2b 0200 | 008b becc | 0000 0083 | c702 89be | cc00 0000 | 81e7 feff 
  0x0000022ac107697c: 1f00 85ff | 0f84 330b | 0000 4885 

  0x0000022ac1076988: ;   {metadata(method data for {method} {0x0000022b1a43dde0} 'checkNotNullParameter' '(Ljava/lang/Object;Ljava/lang/String;)V' in 'kotlin/jvm/internal/Intrinsics')}
  0x0000022ac1076988: d248 ba88 | b35f 1a2b | 0200 0048 | be20 0100 | 0000 0000 | 0074 0a48 | be10 0100 | 0000 0000 
  0x0000022ac10769a8: 0048 8b3c | 3248 8d7f | 0148 893c | 320f 8499 

  0x0000022ac10769b8: ;   {oop(a 'godot/common/util/ThreadLocalDelegate'{0x0000000705e62478})}
  0x0000022ac10769b8: 0700 0048 | ba78 24e6 | 0507 0000 | 008b 5210 | 48c1 e203 

  0x0000022ac10769cc: ; implicit exception: dispatches to 0x0000022ac10774df
  0x0000022ac10769cc: 483b 0248 

  0x0000022ac10769d0: ;   {metadata(method data for {method} {0x0000022b1a45e9a0} 'getValue' '(Ljava/lang/Object;Lkotlin/reflect/KProperty;)Ljava/lang/Object;' in 'godot/common/util/ThreadLocalDelegate')}
  0x0000022ac10769d0: 8bf2 48bf | 581f 8d1b | 2b02 0000 | 8b76 0849 | ba00 0000 | d92a 0200 | 0049 03f2 | 483b b730 
  0x0000022ac10769f0: 0100 0075 | 0d48 8387 | 3801 0000 | 01e9 6000 | 0000 483b | b740 0100 | 0075 0d48 | 8387 4801 
  0x0000022ac1076a10: 0000 01e9 | 4a00 0000 | 4883 bf30 | 0100 0000 | 7517 4889 | b730 0100 | 0048 c787 | 3801 0000 
  0x0000022ac1076a30: 0100 0000 | e929 0000 | 0048 83bf | 4001 0000 | 0075 1748 | 89b7 4001 | 0000 48c7 | 8748 0100 
  0x0000022ac1076a50: 0001 0000 | 00e9 0800 | 0000 4883 | 8720 0100 | 0001 6666 | 9048 b868 | 3f04 da2a 

  0x0000022ac1076a6c: ;   {virtual_call}
  0x0000022ac1076a6c: 0200 00e8 

  0x0000022ac1076a70: ; ImmutableOopMap {}
                      ;*invokevirtual get {reexecute=0 rethrow=0 return_oop=0}
                      ; - godot.common.util.ThreadLocalDelegate::getValue@10 (line 7)
                      ; - godot.internal.memory.TransferContext::getBuffer@9 (line 28)
                      ; - godot.internal.memory.TransferContext::readReturnValue@7 (line 73)
                      ; - godot.api.Node2D::getGlobalPosition@41 (line 477)
  0x0000022ac1076a70: ac9d 9a07 

  0x0000022ac1076a74: ;   {other}
  0x0000022ac1076a74: 0f1f 8400 | 6407 0002 | 4885 c075 

  0x0000022ac1076a80: ;   {metadata(method data for {method} {0x0000022b1a46b778} 'getBuffer' '()Ljava/nio/ByteBuffer;' in 'godot/internal/memory/TransferContext')}
  0x0000022ac1076a80: 1648 bf00 | 218d 1b2b | 0200 0080 | 8f41 0100 | 0001 e9cd 

  0x0000022ac1076a94: ;   {metadata('java/nio/ByteBuffer')}
  0x0000022ac1076a94: 0000 0048 | bb10 230c | d92a 0200 | 008b 7808 | 49ba 0000 | 00d9 2a02 | 0000 4903 | fa48 3b5f 
  0x0000022ac1076ab4: 400f 858d 

  0x0000022ac1076ab8: ;   {metadata(method data for {method} {0x0000022b1a46b778} 'getBuffer' '()Ljava/nio/ByteBuffer;' in 'godot/internal/memory/TransferContext')}
  0x0000022ac1076ab8: 0000 0048 | bf00 218d | 1b2b 0200 | 008b 5808 | 49ba 0000 | 00d9 2a02 | 0000 4903 | da48 3b9f 
  0x0000022ac1076ad8: 5801 0000 | 750d 4883 | 8760 0100 | 0001 e979 | 0000 0048 | 3b9f 6801 | 0000 750d | 4883 8770 
  0x0000022ac1076af8: 0100 0001 | e963 0000 | 0048 83bf | 5801 0000 | 0075 1748 | 899f 5801 | 0000 48c7 | 8760 0100 
  0x0000022ac1076b18: 0001 0000 | 00e9 4200 | 0000 4883 | bf68 0100 | 0000 7517 | 4889 9f68 | 0100 0048 | c787 7001 
  0x0000022ac1076b38: 0000 0100 | 0000 e921 | 0000 00e9 | 1c00 0000 

  0x0000022ac1076b48: ;   {metadata(method data for {method} {0x0000022b1a46b778} 'getBuffer' '()Ljava/nio/ByteBuffer;' in 'godot/internal/memory/TransferContext')}
  0x0000022ac1076b48: 48bf 0021 | 8d1b 2b02 | 0000 4883 | af48 0100 | 0001 e985 | 0900 00e9 | 0000 0000 | 488b f048 
  0x0000022ac1076b68: 3b06 488b 

  0x0000022ac1076b6c: ;   {metadata(method data for {method} {0x0000022b1a46be40} 'readReturnValue' '(Lgodot/common/interop/VariantConverter;)Ljava/lang/Object;' in 'godot/internal/memory/TransferContext')}
  0x0000022ac1076b6c: d648 bf20 | 8192 1b2b | 0200 008b | 5208 49ba | 0000 00d9 | 2a02 0000 | 4903 d248 | 3b97 6801 
  0x0000022ac1076b8c: 0000 750d | 4883 8770 | 0100 0001 | e960 0000 | 0048 3b97 | 7801 0000 | 750d 4883 | 8780 0100 
  0x0000022ac1076bac: 0001 e94a | 0000 0048 | 83bf 6801 | 0000 0075 | 1748 8997 | 6801 0000 | 48c7 8770 | 0100 0001 
  0x0000022ac1076bcc: 0000 00e9 | 2900 0000 | 4883 bf78 | 0100 0000 | 7517 4889 | 9778 0100 | 0048 c787 | 8001 0000 
  0x0000022ac1076bec: 0100 0000 | e908 0000 | 0048 8387 | 5801 0000 | 0148 8bd6 | 4889 b424 | e800 0000 | 0f1f 4400 
  0x0000022ac1076c0c: 0048 b878 | 0b1c d92a 

  0x0000022ac1076c14: ;   {virtual_call}
  0x0000022ac1076c14: 0200 00e8 

  0x0000022ac1076c18: ; ImmutableOopMap {[232]=Oop }
                      ;*invokevirtual rewind {reexecute=0 rethrow=0 return_oop=0}
                      ; - godot.internal.memory.TransferContext::readReturnValue@14 (line 74)
                      ; - godot.api.Node2D::getGlobalPosition@41 (line 477)
  0x0000022ac1076c18: 04a7 9a07 

  0x0000022ac1076c1c: ;   {other}
  0x0000022ac1076c1c: 0f1f 8400 | 0c09 0003 

  0x0000022ac1076c24: ;   {oop(a 'godot/core/VariantParser$VECTOR2'{0x0000000705e1eaf0})}
  0x0000022ac1076c24: 48ba f0ea | e105 0700 | 0000 4c8b 

  0x0000022ac1076c30: ;   {metadata(method data for {method} {0x0000022b1a46be40} 'readReturnValue' '(Lgodot/common/interop/VariantConverter;)Ljava/lang/Object;' in 'godot/internal/memory/TransferContext')}
  0x0000022ac1076c30: c248 be20 | 8192 1b2b | 0200 0045 | 8b40 0849 | ba00 0000 | d92a 0200 | 004d 03c2 | 4c3b 86a0 
  0x0000022ac1076c50: 0100 0075 | 0d48 8386 | a801 0000 | 01e9 6000 | 0000 4c3b | 86b0 0100 | 0075 0d48 | 8386 b801 
  0x0000022ac1076c70: 0000 01e9 | 4a00 0000 | 4883 bea0 | 0100 0000 | 7517 4c89 | 86a0 0100 | 0048 c786 | a801 0000 
  0x0000022ac1076c90: 0100 0000 | e929 0000 | 0048 83be | b001 0000 | 0075 174c | 8986 b001 | 0000 48c7 | 86b8 0100 
  0x0000022ac1076cb0: 0001 0000 | 00e9 0800 | 0000 4883 | 8690 0100 | 0001 4c8b | 8424 e800 | 0000 0f1f 

  0x0000022ac1076ccc: ;   {optimized virtual_call}
  0x0000022ac1076ccc: 4400 00e8 

  0x0000022ac1076cd0: ; ImmutableOopMap {}
                      ;*invokeinterface toKotlin {reexecute=0 rethrow=0 return_oop=0}
                      ; - godot.internal.memory.TransferContext::readReturnValue@20 (line 75)
                      ; - godot.api.Node2D::getGlobalPosition@41 (line 477)
  0x0000022ac1076cd0: 0cbc 9a07 

  0x0000022ac1076cd4: ;   {other}
  0x0000022ac1076cd4: 0f1f 8400 | c409 0004 | 4889 8424 | f000 0000 

  0x0000022ac1076ce4: ;   {metadata(method data for {method} {0x0000022b1a718a58} 'getGlobalPosition' '()Lgodot/core/Vector2;' in 'godot/api/Node2D')}
  0x0000022ac1076ce4: 48ba 70b3 | 921b 2b02 | 0000 4883 | 8298 0200 

  0x0000022ac1076cf4: ;   {metadata(method data for {method} {0x0000022b1a43ce68} 'checkNotNull' '(Ljava/lang/Object;Ljava/lang/String;)V' in 'kotlin/jvm/internal/Intrinsics')}
  0x0000022ac1076cf4: 0001 48ba | 686e 731a | 2b02 0000 | 8bb2 cc00 | 0000 83c6 | 0289 b2cc | 0000 0081 | e6fe ff1f 
  0x0000022ac1076d14: 0085 f60f | 84d5 0700 | 0048 85c0 

  0x0000022ac1076d20: ;   {metadata(method data for {method} {0x0000022b1a43ce68} 'checkNotNull' '(Ljava/lang/Object;Ljava/lang/String;)V' in 'kotlin/jvm/internal/Intrinsics')}
  0x0000022ac1076d20: 48ba 686e | 731a 2b02 | 0000 48be | 1001 0000 | 0000 0000 | 750a 48be | 2001 0000 | 0000 0000 
  0x0000022ac1076d40: 488b 3c32 | 488d 7f01 | 4889 3c32 | 0f85 e201 

  0x0000022ac1076d50: ;   {metadata(method data for {method} {0x0000022b1a43ce68} 'checkNotNull' '(Ljava/lang/Object;Ljava/lang/String;)V' in 'kotlin/jvm/internal/Intrinsics')}
  0x0000022ac1076d50: 0000 48ba | 686e 731a | 2b02 0000 | 4883 8230 | 0100 0001 

  0x0000022ac1076d64: ;   {metadata(method data for {method} {0x0000022b1a43d138} 'throwJavaNpe' '(Ljava/lang/String;)V' in 'kotlin/jvm/internal/Intrinsics')}
  0x0000022ac1076d64: 48ba f06f | 731a 2b02 | 0000 8bb2 | cc00 0000 | 83c6 0289 | b2cc 0000 | 0081 e6fe | ff1f 0085 
  0x0000022ac1076d84: f60f 8488 | 0700 000f | 1f44 0000 

  0x0000022ac1076d90: ;   {no_reloc}
  0x0000022ac1076d90: e9ae 0700 | 0000 0000 | 0000 498b | 87b8 0100 | 0048 8d78 | 3049 3bbf | c801 0000 | 0f87 9b07 
  0x0000022ac1076db0: 0000 4989 | bfb8 0100 | 0048 c700 | 0100 0000 | 488b ca49 | ba00 0000 | d92a 0200 | 0049 2bca 
  0x0000022ac1076dd0: 8948 0848 | 33c9 8948 | 0c48 33c9 | 4889 4810 | 4889 4818 | 4889 4820 | 4889 4828 

  0x0000022ac1076dec: ;   {metadata(method data for {method} {0x0000022b1a43d138} 'throwJavaNpe' '(Ljava/lang/String;)V' in 'kotlin/jvm/internal/Intrinsics')}
  0x0000022ac1076dec: 4c8b c048 | baf0 6f73 | 1a2b 0200 | 0048 8382 | 1001 0000 

  0x0000022ac1076e00: ;   {oop("null cannot be cast to non-null type godot.core.Vector2"{0x000000071453d028})}
  0x0000022ac1076e00: 0149 b828 | d053 1407 | 0000 0048 | 8bd0 4889 | 8424 f800 

  0x0000022ac1076e14: ;   {optimized virtual_call}
  0x0000022ac1076e14: 0000 90e8 

  0x0000022ac1076e18: ; ImmutableOopMap {[240]=Oop [248]=Oop }
                      ;*invokespecial <init> {reexecute=0 rethrow=0 return_oop=0}
                      ; - kotlin.jvm.internal.Intrinsics::throwJavaNpe@5 (line 50)
                      ; - kotlin.jvm.internal.Intrinsics::checkNotNull@5 (line 31)
                      ; - godot.api.Node2D::getGlobalPosition@47 (line 477)
  0x0000022ac1076e18: 647c 2207 

  0x0000022ac1076e1c: ;   {other}
  0x0000022ac1076e1c: 0f1f 8400 | 0c0b 0005 

  0x0000022ac1076e24: ;   {metadata(method data for {method} {0x0000022b1a43d138} 'throwJavaNpe' '(Ljava/lang/String;)V' in 'kotlin/jvm/internal/Intrinsics')}
  0x0000022ac1076e24: 48ba f06f | 731a 2b02 | 0000 4883 | 8220 0100 

  0x0000022ac1076e34: ;   {metadata(method data for {method} {0x0000022b1a43efd8} 'sanitizeStackTrace' '(Ljava/lang/Throwable;)Ljava/lang/Throwable;' in 'kotlin/jvm/internal/Intrinsics')}
  0x0000022ac1076e34: 0001 48ba | f0bb 5f1a | 2b02 0000 | 8bb2 cc00 | 0000 83c6 | 0289 b2cc | 0000 0081 | e6fe ff1f 
  0x0000022ac1076e54: 0085 f60f | 84fd 0600 

  0x0000022ac1076e5c: ;   {oop(a 'java/lang/Class'{0x0000000705e25858} = 'kotlin/jvm/internal/Intrinsics')}
  0x0000022ac1076e5c: 0048 ba58 | 58e2 0507 | 0000 0048 

  0x0000022ac1076e68: ;   {metadata(method data for {method} {0x0000022b1a43efd8} 'sanitizeStackTrace' '(Ljava/lang/Throwable;)Ljava/lang/Throwable;' in 'kotlin/jvm/internal/Intrinsics')}
  0x0000022ac1076e68: 8bf2 48bf | f0bb 5f1a | 2b02 0000 | 4883 8710 | 0100 0001 

  0x0000022ac1076e7c: ;   {metadata(method data for {method} {0x0000022ad946ee00} 'getName' '()Ljava/lang/String;' in 'java/lang/Class')}
  0x0000022ac1076e7c: 48be 30ca | 051a 2b02 | 0000 8bbe | cc00 0000 | 83c7 0289 | becc 0000 | 0081 e7fe | ff1f 0085 
  0x0000022ac1076e9c: ff0f 84d8 | 0600 008b | 522c 48c1 | e203 4885 

  0x0000022ac1076eac: ;   {metadata(method data for {method} {0x0000022ad946ee00} 'getName' '()Ljava/lang/String;' in 'java/lang/Class')}
  0x0000022ac1076eac: d248 be30 | ca05 1a2b | 0200 0048 | bf10 0100 | 0000 0000 | 0074 0a48 | bf20 0100 | 0000 0000 
  0x0000022ac1076ecc: 0048 8b1c | 3e48 8d5b | 0148 891c | 3e0f 8418 

  0x0000022ac1076edc: ;   {metadata(method data for {method} {0x0000022ad946ee00} 'getName' '()Ljava/lang/String;' in 'java/lang/Class')}
  0x0000022ac1076edc: 0000 0048 | be30 ca05 | 1a2b 0200 | 00ff 8630 | 0100 0048 | 8bf2 e930 

  0x0000022ac1076ef4: ;   {oop(a 'java/lang/Class'{0x0000000705e25858} = 'kotlin/jvm/internal/Intrinsics')}
  0x0000022ac1076ef4: 0000 0048 | ba58 58e2 | 0507 0000 | 0048 8bf2 

  0x0000022ac1076f04: ;   {metadata(method data for {method} {0x0000022ad946ee00} 'getName' '()Ljava/lang/String;' in 'java/lang/Class')}
  0x0000022ac1076f04: 48bf 30ca | 051a 2b02 | 0000 4883 | 8748 0100 

  0x0000022ac1076f14: ;   {optimized virtual_call}
  0x0000022ac1076f14: 0001 90e8 

  0x0000022ac1076f18: ; ImmutableOopMap {[240]=Oop [248]=Oop }
                      ;*invokevirtual initClassName {reexecute=0 rethrow=0 return_oop=0}
                      ; - java.lang.Class::getName@14 (line 950)
                      ; - kotlin.jvm.internal.Intrinsics::sanitizeStackTrace@3 (line 253)
                      ; - kotlin.jvm.internal.Intrinsics::throwJavaNpe@8 (line 50)
                      ; - kotlin.jvm.internal.Intrinsics::checkNotNull@5 (line 31)
                      ; - godot.api.Node2D::getGlobalPosition@47 (line 477)
  0x0000022ac1076f18: 647b 2207 

  0x0000022ac1076f1c: ;   {other}
  0x0000022ac1076f1c: 0f1f 8400 | 0c0c 0006 | 488b f048 | 8b84 24f8 | 0000 00e9 | fe00 0000 | 4885 c075 

  0x0000022ac1076f38: ;   {metadata(method data for {method} {0x0000022b1a718a58} 'getGlobalPosition' '()Lgodot/core/Vector2;' in 'godot/api/Node2D')}
  0x0000022ac1076f38: 1749 b870 | b392 1b2b | 0200 0041 | 8088 a102 | 0000 01e9 | cc00 0000 

  0x0000022ac1076f50: ;   {metadata('godot/core/Vector2')}
  0x0000022ac1076f50: 48be 1084 | 02da 2a02 | 0000 8b50 | 0849 ba00 | 0000 d92a | 0200 0049 | 03d2 483b | f20f 858d 
  0x0000022ac1076f70: ;   {metadata(method data for {method} {0x0000022b1a718a58} 'getGlobalPosition' '()Lgodot/core/Vector2;' in 'godot/api/Node2D')}
  0x0000022ac1076f70: 0000 0049 | b870 b392 | 1b2b 0200 | 008b 7008 | 49ba 0000 | 00d9 2a02 | 0000 4903 | f249 3bb0 
  0x0000022ac1076f90: b802 0000 | 750d 4983 | 80c0 0200 | 0001 e979 | 0000 0049 | 3bb0 c802 | 0000 750d | 4983 80d0 
  0x0000022ac1076fb0: 0200 0001 | e963 0000 | 0049 83b8 | b802 0000 | 0075 1749 | 89b0 b802 | 0000 49c7 | 80c0 0200 
  0x0000022ac1076fd0: 0001 0000 | 00e9 4200 | 0000 4983 | b8c8 0200 | 0000 7517 | 4989 b0c8 | 0200 0049 | c780 d002 
  0x0000022ac1076ff0: 0000 0100 | 0000 e921 | 0000 00e9 | 1c00 0000 

  0x0000022ac1077000: ;   {metadata(method data for {method} {0x0000022b1a718a58} 'getGlobalPosition' '()Lgodot/core/Vector2;' in 'godot/api/Node2D')}
  0x0000022ac1077000: 49b8 70b3 | 921b 2b02 | 0000 4983 | a8a8 0200 | 0001 e98a | 0500 00e9 | 0000 0000 | 4881 c410 
  0x0000022ac1077020: 0100 005d 

  0x0000022ac1077024: ;   {poll_return}
  0x0000022ac1077024: 493b a750 | 0400 000f | 8779 0500 

  0x0000022ac1077030: ;   {metadata(method data for {method} {0x0000022b1a43efd8} 'sanitizeStackTrace' '(Ljava/lang/Throwable;)Ljava/lang/Throwable;' in 'kotlin/jvm/internal/Intrinsics')}
  0x0000022ac1077030: 00c3 48ba | f0bb 5f1a | 2b02 0000 | 4883 8248 | 0100 0001 | 488b d04c | 8bc6 0f1f 

  0x0000022ac107704c: ;   {static_call}
  0x0000022ac107704c: 4400 00e8 

  0x0000022ac1077050: ; ImmutableOopMap {[240]=Oop }
                      ;*invokestatic sanitizeStackTrace {reexecute=0 rethrow=0 return_oop=0}
                      ; - kotlin.jvm.internal.Intrinsics::sanitizeStackTrace@6 (line 253)
                      ; - kotlin.jvm.internal.Intrinsics::throwJavaNpe@8 (line 50)
                      ; - kotlin.jvm.internal.Intrinsics::checkNotNull@5 (line 31)
                      ; - godot.api.Node2D::getGlobalPosition@47 (line 477)
  0x0000022ac1077050: 2c80 2207 

  0x0000022ac1077054: ;   {other}
  0x0000022ac1077054: 0f1f 8400 | 440d 0007 | 488b 9424 | f000 0000 | 4885 c075 

  0x0000022ac1077068: ;   {metadata(method data for {method} {0x0000022b1a43d138} 'throwJavaNpe' '(Ljava/lang/String;)V' in 'kotlin/jvm/internal/Intrinsics')}
  0x0000022ac1077068: 1648 bff0 | 6f73 1a2b | 0200 0080 | 8f29 0100 | 0001 e9cd 

  0x0000022ac107707c: ;   {metadata('java/lang/NullPointerException')}
  0x0000022ac107707c: 0000 0048 | b928 d906 | d92a 0200 | 008b 7808 | 49ba 0000 | 00d9 2a02 | 0000 4903 | fa48 3b4f 
  0x0000022ac107709c: 500f 858d 

  0x0000022ac10770a0: ;   {metadata(method data for {method} {0x0000022b1a43d138} 'throwJavaNpe' '(Ljava/lang/String;)V' in 'kotlin/jvm/internal/Intrinsics')}
  0x0000022ac10770a0: 0000 0048 | bff0 6f73 | 1a2b 0200 | 008b 4808 | 49ba 0000 | 00d9 2a02 | 0000 4903 | ca48 3b8f 
  0x0000022ac10770c0: 4001 0000 | 750d 4883 | 8748 0100 | 0001 e979 | 0000 0048 | 3b8f 5001 | 0000 750d | 4883 8758 
  0x0000022ac10770e0: 0100 0001 | e963 0000 | 0048 83bf | 4001 0000 | 0075 1748 | 898f 4001 | 0000 48c7 | 8748 0100 
  0x0000022ac1077100: 0001 0000 | 00e9 4200 | 0000 4883 | bf50 0100 | 0000 7517 | 4889 8f50 | 0100 0048 | c787 5801 
  0x0000022ac1077120: 0000 0100 | 0000 e921 | 0000 00e9 | 1c00 0000 

  0x0000022ac1077130: ;   {metadata(method data for {method} {0x0000022b1a43d138} 'throwJavaNpe' '(Ljava/lang/String;)V' in 'kotlin/jvm/internal/Intrinsics')}
  0x0000022ac1077130: 48bf f06f | 731a 2b02 | 0000 4883 | af30 0100 | 0001 e979 | 0400 00e9 | 0000 0000 

  0x0000022ac107714c: ; implicit exception: dispatches to 0x0000022ac10775c9
  0x0000022ac107714c: 483b 00e9 | 0d05 0000 

  0x0000022ac1077154: ;   {metadata(method data for {method} {0x0000022b1a43dde0} 'checkNotNullParameter' '(Ljava/lang/Object;Ljava/lang/String;)V' in 'kotlin/jvm/internal/Intrinsics')}
  0x0000022ac1077154: 48ba 88b3 | 5f1a 2b02 | 0000 4883 | 8230 0100 

  0x0000022ac1077164: ;   {metadata(method data for {method} {0x0000022b1a43df60} 'throwParameterIsNullNPE' '(Ljava/lang/String;)V' in 'kotlin/jvm/internal/Intrinsics')}
  0x0000022ac1077164: 0001 48ba | 10b5 5f1a | 2b02 0000 | 8bb2 cc00 | 0000 83c6 | 0289 b2cc | 0000 0081 | e6fe ff1f 
  0x0000022ac1077184: 0085 f60f | 8441 0400 | 0066 6690 

  0x0000022ac1077190: ;   {no_reloc}
  0x0000022ac1077190: e969 0400 | 0000 0000 | 0000 498b | 87b8 0100 | 0048 8d78 | 3049 3bbf | c801 0000 | 0f87 5604 
  0x0000022ac10771b0: 0000 4989 | bfb8 0100 | 0048 c700 | 0100 0000 | 488b ca49 | ba00 0000 | d92a 0200 | 0049 2bca 
  0x0000022ac10771d0: 8948 0848 | 33c9 8948 | 0c48 33c9 | 4889 4810 | 4889 4818 | 4889 4820 | 4889 4828 

  0x0000022ac10771ec: ;   {metadata(method data for {method} {0x0000022b1a43df60} 'throwParameterIsNullNPE' '(Ljava/lang/String;)V' in 'kotlin/jvm/internal/Intrinsics')}
  0x0000022ac10771ec: 48ba 10b5 | 5f1a 2b02 | 0000 4883 | 8210 0100 

  0x0000022ac10771fc: ;   {oop("property"{0x0000000706401c60})}
  0x0000022ac10771fc: 0001 48ba | 601c 4006 | 0700 0000 | 4889 8424 | 0001 0000 | 0f1f 8000 

  0x0000022ac1077214: ;   {static_call}
  0x0000022ac1077214: 0000 00e8 

  0x0000022ac1077218: ; ImmutableOopMap {[256]=Oop }
                      ;*invokestatic createParameterIsNullExceptionMessage {reexecute=0 rethrow=0 return_oop=0}
                      ; - kotlin.jvm.internal.Intrinsics::throwParameterIsNullNPE@5 (line 140)
                      ; - kotlin.jvm.internal.Intrinsics::checkNotNullParameter@5 (line 131)
                      ; - godot.common.util.ThreadLocalDelegate::getValue@3
                      ; - godot.internal.memory.TransferContext::getBuffer@9 (line 28)
                      ; - godot.internal.memory.TransferContext::readReturnValue@7 (line 73)
                      ; - godot.api.Node2D::getGlobalPosition@41 (line 477)
  0x0000022ac1077218: 647e 2207 

  0x0000022ac107721c: ;   {other}
  0x0000022ac107721c: 0f1f 8400 | 0c0f 0008 | 4c8b 8424 | 0001 0000 

  0x0000022ac107722c: ;   {metadata(method data for {method} {0x0000022b1a43df60} 'throwParameterIsNullNPE' '(Ljava/lang/String;)V' in 'kotlin/jvm/internal/Intrinsics')}
  0x0000022ac107722c: 48ba 10b5 | 5f1a 2b02 | 0000 4883 | 8220 0100 | 0001 4c8b | c048 8b94 | 2400 0100 | 0066 0f1f 
  0x0000022ac107724c: ;   {optimized virtual_call}
  0x0000022ac107724c: 4400 00e8 

  0x0000022ac1077250: ; ImmutableOopMap {[256]=Oop }
                      ;*invokespecial <init> {reexecute=0 rethrow=0 return_oop=0}
                      ; - kotlin.jvm.internal.Intrinsics::throwParameterIsNullNPE@8 (line 140)
                      ; - kotlin.jvm.internal.Intrinsics::checkNotNullParameter@5 (line 131)
                      ; - godot.common.util.ThreadLocalDelegate::getValue@3
                      ; - godot.internal.memory.TransferContext::getBuffer@9 (line 28)
                      ; - godot.internal.memory.TransferContext::readReturnValue@7 (line 73)
                      ; - godot.api.Node2D::getGlobalPosition@41 (line 477)
  0x0000022ac1077250: 2c78 2207 

  0x0000022ac1077254: ;   {other}
  0x0000022ac1077254: 0f1f 8400 | 440f 0009 

  0x0000022ac107725c: ;   {metadata(method data for {method} {0x0000022b1a43df60} 'throwParameterIsNullNPE' '(Ljava/lang/String;)V' in 'kotlin/jvm/internal/Intrinsics')}
  0x0000022ac107725c: 48ba 10b5 | 5f1a 2b02 | 0000 4883 | 8230 0100 

  0x0000022ac107726c: ;   {metadata(method data for {method} {0x0000022b1a43efd8} 'sanitizeStackTrace' '(Ljava/lang/Throwable;)Ljava/lang/Throwable;' in 'kotlin/jvm/internal/Intrinsics')}
  0x0000022ac107726c: 0001 48ba | f0bb 5f1a | 2b02 0000 | 8bb2 cc00 | 0000 83c6 | 0289 b2cc | 0000 0081 | e6fe ff1f 
  0x0000022ac107728c: 0085 f60f | 8480 0300 

  0x0000022ac1077294: ;   {oop(a 'java/lang/Class'{0x0000000705e25858} = 'kotlin/jvm/internal/Intrinsics')}
  0x0000022ac1077294: 0048 ba58 | 58e2 0507 | 0000 0048 

  0x0000022ac10772a0: ;   {metadata(method data for {method} {0x0000022b1a43efd8} 'sanitizeStackTrace' '(Ljava/lang/Throwable;)Ljava/lang/Throwable;' in 'kotlin/jvm/internal/Intrinsics')}
  0x0000022ac10772a0: 8bf2 48bf | f0bb 5f1a | 2b02 0000 | 4883 8710 | 0100 0001 

  0x0000022ac10772b4: ;   {optimized virtual_call}
  0x0000022ac10772b4: 6666 90e8 

  0x0000022ac10772b8: ; ImmutableOopMap {[256]=Oop }
                      ;*invokevirtual getName {reexecute=0 rethrow=0 return_oop=0}
                      ; - kotlin.jvm.internal.Intrinsics::sanitizeStackTrace@3 (line 253)
                      ; - kotlin.jvm.internal.Intrinsics::throwParameterIsNullNPE@11 (line 140)
                      ; - kotlin.jvm.internal.Intrinsics::checkNotNullParameter@5 (line 131)
                      ; - godot.common.util.ThreadLocalDelegate::getValue@3
                      ; - godot.internal.memory.TransferContext::getBuffer@9 (line 28)
                      ; - godot.internal.memory.TransferContext::readReturnValue@7 (line 73)
                      ; - godot.api.Node2D::getGlobalPosition@41 (line 477)
  0x0000022ac10772b8: c477 2207 

  0x0000022ac10772bc: ;   {other}
  0x0000022ac10772bc: 0f1f 8400 | ac0f 000a 

  0x0000022ac10772c4: ;   {metadata(method data for {method} {0x0000022b1a43efd8} 'sanitizeStackTrace' '(Ljava/lang/Throwable;)Ljava/lang/Throwable;' in 'kotlin/jvm/internal/Intrinsics')}
  0x0000022ac10772c4: 48ba f0bb | 5f1a 2b02 | 0000 4883 | 8248 0100 | 0001 488b | 9424 0001 | 0000 4c8b | c066 0f1f 
  0x0000022ac10772e4: ;   {static_call}
  0x0000022ac10772e4: 4400 00e8 

  0x0000022ac10772e8: ; ImmutableOopMap {}
                      ;*invokestatic sanitizeStackTrace {reexecute=0 rethrow=0 return_oop=0}
                      ; - kotlin.jvm.internal.Intrinsics::sanitizeStackTrace@6 (line 253)
                      ; - kotlin.jvm.internal.Intrinsics::throwParameterIsNullNPE@11 (line 140)
                      ; - kotlin.jvm.internal.Intrinsics::checkNotNullParameter@5 (line 131)
                      ; - godot.common.util.ThreadLocalDelegate::getValue@3
                      ; - godot.internal.memory.TransferContext::getBuffer@9 (line 28)
                      ; - godot.internal.memory.TransferContext::readReturnValue@7 (line 73)
                      ; - godot.api.Node2D::getGlobalPosition@41 (line 477)
  0x0000022ac10772e8: 947d 2207 

  0x0000022ac10772ec: ;   {other}
  0x0000022ac10772ec: 0f1f 8400 | dc0f 000b | 4885 c075 

  0x0000022ac10772f8: ;   {metadata(method data for {method} {0x0000022b1a43df60} 'throwParameterIsNullNPE' '(Ljava/lang/String;)V' in 'kotlin/jvm/internal/Intrinsics')}
  0x0000022ac10772f8: 1648 bf10 | b55f 1a2b | 0200 0080 | 8f39 0100 | 0001 e9cd 

  0x0000022ac107730c: ;   {metadata('java/lang/NullPointerException')}
  0x0000022ac107730c: 0000 0048 | bb28 d906 | d92a 0200 | 008b 7808 | 49ba 0000 | 00d9 2a02 | 0000 4903 | fa48 3b5f 
  0x0000022ac107732c: 500f 858d 

  0x0000022ac1077330: ;   {metadata(method data for {method} {0x0000022b1a43df60} 'throwParameterIsNullNPE' '(Ljava/lang/String;)V' in 'kotlin/jvm/internal/Intrinsics')}
  0x0000022ac1077330: 0000 0048 | bf10 b55f | 1a2b 0200 | 008b 5808 | 49ba 0000 | 00d9 2a02 | 0000 4903 | da48 3b9f 
  0x0000022ac1077350: 5001 0000 | 750d 4883 | 8758 0100 | 0001 e979 | 0000 0048 | 3b9f 6001 | 0000 750d | 4883 8768 
  0x0000022ac1077370: 0100 0001 | e963 0000 | 0048 83bf | 5001 0000 | 0075 1748 | 899f 5001 | 0000 48c7 | 8758 0100 
  0x0000022ac1077390: 0001 0000 | 00e9 4200 | 0000 4883 | bf60 0100 | 0000 7517 | 4889 9f60 | 0100 0048 | c787 6801 
  0x0000022ac10773b0: 0000 0100 | 0000 e921 | 0000 00e9 | 1c00 0000 

  0x0000022ac10773c0: ;   {metadata(method data for {method} {0x0000022b1a43df60} 'throwParameterIsNullNPE' '(Ljava/lang/String;)V' in 'kotlin/jvm/internal/Intrinsics')}
  0x0000022ac10773c0: 48bf 10b5 | 5f1a 2b02 | 0000 4883 | af40 0100 | 0001 e95f | 0200 00e9 | 0000 0000 

  0x0000022ac10773dc: ; implicit exception: dispatches to 0x0000022ac107763f
  0x0000022ac10773dc: 483b 00e9 | 7d02 0000 

  0x0000022ac10773e4: ;   {metadata({method} {0x0000022b1a718a58} 'getGlobalPosition' '()Lgodot/core/Vector2;' in 'godot/api/Node2D')}
  0x0000022ac10773e4: 49ba 508a | 711a 2b02 | 0000 4c89 | 5424 0848 | c704 24ff 

  0x0000022ac10773f8: ;   {runtime_call counter_overflow Runtime1 stub}
  0x0000022ac10773f8: ffff ffe8 

  0x0000022ac10773fc: ; ImmutableOopMap {rdx=Oop }
                      ;*synchronization entry
                      ; - godot.api.Node2D::getGlobalPosition@-1 (line 475)
  0x0000022ac10773fc: 003e 2f07 | e9a1 f2ff 

  0x0000022ac1077404: ;   {runtime_call new_object_array Runtime1 stub}
  0x0000022ac1077404: ffe8 f6fe 

  0x0000022ac1077408: ; ImmutableOopMap {[216]=Oop }
                      ;*anewarray {reexecute=0 rethrow=0 return_oop=0}
                      ; - godot.api.Node2D::getGlobalPosition@4 (line 475)
  0x0000022ac1077408: 2e07 e930 

  0x0000022ac107740c: ;   {metadata({method} {0x0000022b1b44c0c8} 'getGetGlobalPositionPtr$godot_api_library' '()J' in 'godot/api/Node2D$MethodBindings')}
  0x0000022ac107740c: f3ff ff49 | bac0 c044 | 1b2b 0200 | 004c 8954 | 2408 48c7 | 0424 ffff 

  0x0000022ac1077424: ;   {runtime_call counter_overflow Runtime1 stub}
  0x0000022ac1077424: ffff e8d5 

  0x0000022ac1077428: ; ImmutableOopMap {[224]=Oop }
                      ;*synchronization entry
                      ; - godot.api.Node2D$MethodBindings::getGetGlobalPositionPtr$godot_api_library@-1 (line 644)
                      ; - godot.api.Node2D::getGlobalPosition@20 (line 476)
  0x0000022ac1077428: 3d2f 07e9 | b7f3 ffff 

  0x0000022ac1077430: ;   {metadata({method} {0x0000022b1a46be40} 'readReturnValue' '(Lgodot/common/interop/VariantConverter;)Ljava/lang/Object;' in 'godot/internal/memory/TransferContext')}
  0x0000022ac1077430: 49ba 38be | 461a 2b02 | 0000 4c89 | 5424 0848 | c704 24ff 

  0x0000022ac1077444: ;   {runtime_call counter_overflow Runtime1 stub}
  0x0000022ac1077444: ffff ffe8 

  0x0000022ac1077448: ; ImmutableOopMap {}
                      ;*synchronization entry
                      ; - godot.internal.memory.TransferContext::readReturnValue@-1
                      ; - godot.api.Node2D::getGlobalPosition@41 (line 477)
  0x0000022ac1077448: b43d 2f07 | e91c f4ff 

  0x0000022ac1077450: ;   {metadata({method} {0x0000022b1a43dde0} 'checkNotNullParameter' '(Ljava/lang/Object;Ljava/lang/String;)V' in 'kotlin/jvm/internal/Intrinsics')}
  0x0000022ac1077450: ff49 bad8 | dd43 1a2b | 0200 004c | 8954 2408 | 48c7 0424 | ffff ffff 

  0x0000022ac1077468: ;   {runtime_call counter_overflow Runtime1 stub}
  0x0000022ac1077468: e893 3d2f 

  0x0000022ac107746c: ; ImmutableOopMap {}
                      ;*synchronization entry
                      ; - kotlin.jvm.internal.Intrinsics::checkNotNullParameter@-1 (line 130)
                      ; - godot.internal.memory.TransferContext::readReturnValue@3
                      ; - godot.api.Node2D::getGlobalPosition@41 (line 477)
  0x0000022ac107746c: 07e9 34f4 

  0x0000022ac1077470: ;   {metadata({method} {0x0000022b1a46b778} 'getBuffer' '()Ljava/nio/ByteBuffer;' in 'godot/internal/memory/TransferContext')}
  0x0000022ac1077470: ffff 49ba | 70b7 461a | 2b02 0000 | 4c89 5424 | 0848 c704 | 24ff ffff 

  0x0000022ac1077488: ;   {runtime_call counter_overflow Runtime1 stub}
  0x0000022ac1077488: ffe8 723d 

  0x0000022ac107748c: ; ImmutableOopMap {}
                      ;*synchronization entry
                      ; - godot.internal.memory.TransferContext::getBuffer@-1 (line 28)
                      ; - godot.internal.memory.TransferContext::readReturnValue@7 (line 73)
                      ; - godot.api.Node2D::getGlobalPosition@41 (line 477)
  0x0000022ac107748c: 2f07 e966 

  0x0000022ac1077490: ;   {runtime_call throw_null_pointer_exception Runtime1 stub}
  0x0000022ac1077490: f4ff ffe8 

  0x0000022ac1077494: ; ImmutableOopMap {}
                      ;*aaload {reexecute=0 rethrow=0 return_oop=0}
                      ; - godot.internal.memory.TransferContext::getBuffer@8 (line 28)
                      ; - godot.internal.memory.TransferContext::readReturnValue@7 (line 73)
                      ; - godot.api.Node2D::getGlobalPosition@41 (line 477)
  0x0000022ac1077494: 68e2 2e07 

  0x0000022ac1077498: ;   {metadata({method} {0x0000022b1a45e9a0} 'getValue' '(Ljava/lang/Object;Lkotlin/reflect/KProperty;)Ljava/lang/Object;' in 'godot/common/util/ThreadLocalDelegate')}
  0x0000022ac1077498: 49ba 98e9 | 451a 2b02 | 0000 4c89 | 5424 0848 | c704 24ff 

  0x0000022ac10774ac: ;   {runtime_call counter_overflow Runtime1 stub}
  0x0000022ac10774ac: ffff ffe8 

  0x0000022ac10774b0: ; ImmutableOopMap {rdx=Oop }
                      ;*synchronization entry
                      ; - godot.common.util.ThreadLocalDelegate::getValue@-1
                      ; - godot.internal.memory.TransferContext::getBuffer@9 (line 28)
                      ; - godot.internal.memory.TransferContext::readReturnValue@7 (line 73)
                      ; - godot.api.Node2D::getGlobalPosition@41 (line 477)
  0x0000022ac10774b0: 4c3d 2f07 | e994 f4ff 

  0x0000022ac10774b8: ;   {metadata({method} {0x0000022b1a43dde0} 'checkNotNullParameter' '(Ljava/lang/Object;Ljava/lang/String;)V' in 'kotlin/jvm/internal/Intrinsics')}
  0x0000022ac10774b8: ff49 bad8 | dd43 1a2b | 0200 004c | 8954 2408 | 48c7 0424 | ffff ffff 

  0x0000022ac10774d0: ;   {runtime_call counter_overflow Runtime1 stub}
  0x0000022ac10774d0: e82b 3d2f 

  0x0000022ac10774d4: ; ImmutableOopMap {rdx=Oop }
                      ;*synchronization entry
                      ; - kotlin.jvm.internal.Intrinsics::checkNotNullParameter@-1 (line 130)
                      ; - godot.common.util.ThreadLocalDelegate::getValue@3
                      ; - godot.internal.memory.TransferContext::getBuffer@9 (line 28)
                      ; - godot.internal.memory.TransferContext::readReturnValue@7 (line 73)
                      ; - godot.api.Node2D::getGlobalPosition@41 (line 477)
  0x0000022ac10774d4: 07e9 acf4 

  0x0000022ac10774d8: ;   {runtime_call throw_null_pointer_exception Runtime1 stub}
  0x0000022ac10774d8: ffff e821 

  0x0000022ac10774dc: ; ImmutableOopMap {}
                      ;*getfield threadLocal {reexecute=1 rethrow=0 return_oop=0}
                      ; - (reexecute) godot.common.util.ThreadLocalDelegate::getValue@7 (line 7)
                      ; - godot.internal.memory.TransferContext::getBuffer@9 (line 28)
                      ; - godot.internal.memory.TransferContext::readReturnValue@7 (line 73)
                      ; - godot.api.Node2D::getGlobalPosition@41 (line 477)
                      ;   {runtime_call throw_null_pointer_exception Runtime1 stub}
  0x0000022ac10774dc: e22e 07e8 

  0x0000022ac10774e0: ; ImmutableOopMap {rdx=Oop }
                      ;*invokevirtual get {reexecute=0 rethrow=0 return_oop=0}
                      ; - godot.common.util.ThreadLocalDelegate::getValue@10 (line 7)
                      ; - godot.internal.memory.TransferContext::getBuffer@9 (line 28)
                      ; - godot.internal.memory.TransferContext::readReturnValue@7 (line 73)
                      ; - godot.api.Node2D::getGlobalPosition@41 (line 477)
  0x0000022ac10774e0: 1ce2 2e07 | 4889 0424 

  0x0000022ac10774e8: ;   {runtime_call throw_class_cast_exception Runtime1 stub}
  0x0000022ac10774e8: e813 102f 

  0x0000022ac10774ec: ; ImmutableOopMap {}
                      ;*checkcast {reexecute=0 rethrow=0 return_oop=0}
                      ; - godot.internal.memory.TransferContext::getBuffer@12 (line 28)
                      ; - godot.internal.memory.TransferContext::readReturnValue@7 (line 73)
                      ; - godot.api.Node2D::getGlobalPosition@41 (line 477)
                      ;   {runtime_call throw_null_pointer_exception Runtime1 stub}
  0x0000022ac10774ec: 07e8 0ee2 

  0x0000022ac10774f0: ; ImmutableOopMap {rsi=Oop }
                      ;*invokevirtual rewind {reexecute=0 rethrow=0 return_oop=0}
                      ; - godot.internal.memory.TransferContext::readReturnValue@14 (line 74)
                      ; - godot.api.Node2D::getGlobalPosition@41 (line 477)
                      ;   {metadata({method} {0x0000022b1a43ce68} 'checkNotNull' '(Ljava/lang/Object;Ljava/lang/String;)V' in 'kotlin/jvm/internal/Intrinsics')}
  0x0000022ac10774f0: 2e07 49ba | 60ce 431a | 2b02 0000 | 4c89 5424 | 0848 c704 | 24ff ffff 

  0x0000022ac1077508: ;   {runtime_call counter_overflow Runtime1 stub}
  0x0000022ac1077508: ffe8 f23c 

  0x0000022ac107750c: ; ImmutableOopMap {rax=Oop [240]=Oop }
                      ;*synchronization entry
                      ; - kotlin.jvm.internal.Intrinsics::checkNotNull@-1 (line 30)
                      ; - godot.api.Node2D::getGlobalPosition@47 (line 477)
  0x0000022ac107750c: 2f07 e90a 

  0x0000022ac1077510: ;   {metadata({method} {0x0000022b1a43d138} 'throwJavaNpe' '(Ljava/lang/String;)V' in 'kotlin/jvm/internal/Intrinsics')}
  0x0000022ac1077510: f8ff ff49 | ba30 d143 | 1a2b 0200 | 004c 8954 | 2408 48c7 | 0424 ffff 

  0x0000022ac1077528: ;   {runtime_call counter_overflow Runtime1 stub}
  0x0000022ac1077528: ffff e8d1 

  0x0000022ac107752c: ; ImmutableOopMap {[240]=Oop }
                      ;*synchronization entry
                      ; - kotlin.jvm.internal.Intrinsics::throwJavaNpe@-1 (line 50)
                      ; - kotlin.jvm.internal.Intrinsics::checkNotNull@5 (line 31)
                      ; - godot.api.Node2D::getGlobalPosition@47 (line 477)
  0x0000022ac107752c: 3c2f 07e9 | 57f8 ffff 

  0x0000022ac1077534: ;   {metadata(nullptr)}
  0x0000022ac1077534: 48ba 0000 | 0000 0000 | 0000 b800 

  0x0000022ac1077540: ;   {runtime_call load_klass_patching Runtime1 stub}
  0x0000022ac1077540: 0f05 0ae8 

  0x0000022ac1077544: ; ImmutableOopMap {[240]=Oop }
                      ;*new {reexecute=1 rethrow=0 return_oop=0}
                      ; - (reexecute) kotlin.jvm.internal.Intrinsics::throwJavaNpe@0 (line 50)
                      ; - kotlin.jvm.internal.Intrinsics::checkNotNull@5 (line 31)
                      ; - godot.api.Node2D::getGlobalPosition@47 (line 477)
  0x0000022ac1077544: 382c 2f07 | e943 f8ff | ff48 8bd2 

  0x0000022ac1077550: ;   {runtime_call fast_new_instance Runtime1 stub}
  0x0000022ac1077550: e8ab f42e 

  0x0000022ac1077554: ; ImmutableOopMap {[240]=Oop }
                      ;*new {reexecute=0 rethrow=0 return_oop=0}
                      ; - kotlin.jvm.internal.Intrinsics::throwJavaNpe@0 (line 50)
                      ; - kotlin.jvm.internal.Intrinsics::checkNotNull@5 (line 31)
                      ; - godot.api.Node2D::getGlobalPosition@47 (line 477)
  0x0000022ac1077554: 07e9 92f8 

  0x0000022ac1077558: ;   {metadata({method} {0x0000022b1a43efd8} 'sanitizeStackTrace' '(Ljava/lang/Throwable;)Ljava/lang/Throwable;' in 'kotlin/jvm/internal/Intrinsics')}
  0x0000022ac1077558: ffff 49ba | d0ef 431a | 2b02 0000 | 4c89 5424 | 0848 c704 | 24ff ffff 

  0x0000022ac1077570: ;   {runtime_call counter_overflow Runtime1 stub}
  0x0000022ac1077570: ffe8 8a3c 

  0x0000022ac1077574: ; ImmutableOopMap {[240]=Oop [248]=Oop }
                      ;*synchronization entry
                      ; - kotlin.jvm.internal.Intrinsics::sanitizeStackTrace@-1 (line 253)
                      ; - kotlin.jvm.internal.Intrinsics::throwJavaNpe@8 (line 50)
                      ; - kotlin.jvm.internal.Intrinsics::checkNotNull@5 (line 31)
                      ; - godot.api.Node2D::getGlobalPosition@47 (line 477)
  0x0000022ac1077574: 2f07 e9e2 

  0x0000022ac1077578: ;   {metadata({method} {0x0000022ad946ee00} 'getName' '()Ljava/lang/String;' in 'java/lang/Class')}
  0x0000022ac1077578: f8ff ff49 | baf8 ed46 | d92a 0200 | 004c 8954 | 2408 48c7 | 0424 ffff 

  0x0000022ac1077590: ;   {runtime_call counter_overflow Runtime1 stub}
  0x0000022ac1077590: ffff e869 

  0x0000022ac1077594: ; ImmutableOopMap {rdx=Oop [240]=Oop [248]=Oop }
                      ;*synchronization entry
                      ; - java.lang.Class::getName@-1 (line 949)
                      ; - kotlin.jvm.internal.Intrinsics::sanitizeStackTrace@3 (line 253)
                      ; - kotlin.jvm.internal.Intrinsics::throwJavaNpe@8 (line 50)
                      ; - kotlin.jvm.internal.Intrinsics::checkNotNull@5 (line 31)
                      ; - godot.api.Node2D::getGlobalPosition@47 (line 477)
  0x0000022ac1077594: 3c2f 07e9 | 07f9 ffff 

  0x0000022ac107759c: ;   {runtime_call throw_null_pointer_exception Runtime1 stub}
  0x0000022ac107759c: e85f e12e 

  0x0000022ac10775a0: ; ImmutableOopMap {[240]=Oop [248]=Oop }
                      ;*getfield name {reexecute=1 rethrow=0 return_oop=0}
                      ; - (reexecute) java.lang.Class::getName@1 (line 949)
                      ; - kotlin.jvm.internal.Intrinsics::sanitizeStackTrace@3 (line 253)
                      ; - kotlin.jvm.internal.Intrinsics::throwJavaNpe@8 (line 50)
                      ; - kotlin.jvm.internal.Intrinsics::checkNotNull@5 (line 31)
                      ; - godot.api.Node2D::getGlobalPosition@47 (line 477)
  0x0000022ac10775a0: 0748 8904 

  0x0000022ac10775a4: ;   {runtime_call throw_class_cast_exception Runtime1 stub}
  0x0000022ac10775a4: 24e8 560f 

  0x0000022ac10775a8: ; ImmutableOopMap {}
                      ;*checkcast {reexecute=0 rethrow=0 return_oop=0}
                      ; - godot.api.Node2D::getGlobalPosition@50 (line 477)
                      ;   {internal_word}
  0x0000022ac10775a8: 2f07 49ba | 2470 07c1 | 2a02 0000 | 4d89 9768 

  0x0000022ac10775b8: ;   {runtime_call SafepointBlob}
  0x0000022ac10775b8: 0400 00e9 | 40e1 2207 | 4889 0424 

  0x0000022ac10775c4: ;   {runtime_call throw_class_cast_exception Runtime1 stub}
  0x0000022ac10775c4: e837 0f2f 

  0x0000022ac10775c8: ; ImmutableOopMap {rdx=Oop [240]=Oop }
                      ;*checkcast {reexecute=0 rethrow=0 return_oop=0}
                      ; - kotlin.jvm.internal.Intrinsics::throwJavaNpe@11 (line 50)
                      ; - kotlin.jvm.internal.Intrinsics::checkNotNull@5 (line 31)
                      ; - godot.api.Node2D::getGlobalPosition@47 (line 477)
                      ;   {runtime_call throw_null_pointer_exception Runtime1 stub}
  0x0000022ac10775c8: 07e8 32e1 

  0x0000022ac10775cc: ; ImmutableOopMap {rdx=Oop rax=Oop [240]=Oop }
                      ;*athrow {reexecute=1 rethrow=0 return_oop=0}
                      ; - (reexecute) kotlin.jvm.internal.Intrinsics::throwJavaNpe@14 (line 50)
                      ; - kotlin.jvm.internal.Intrinsics::checkNotNull@5 (line 31)
                      ; - godot.api.Node2D::getGlobalPosition@47 (line 477)
                      ;   {metadata({method} {0x0000022b1a43df60} 'throwParameterIsNullNPE' '(Ljava/lang/String;)V' in 'kotlin/jvm/internal/Intrinsics')}
  0x0000022ac10775cc: 2e07 49ba | 58df 431a | 2b02 0000 | 4c89 5424 | 0848 c704 | 24ff ffff 

  0x0000022ac10775e4: ;   {runtime_call counter_overflow Runtime1 stub}
  0x0000022ac10775e4: ffe8 163c 

  0x0000022ac10775e8: ; ImmutableOopMap {}
                      ;*synchronization entry
                      ; - kotlin.jvm.internal.Intrinsics::throwParameterIsNullNPE@-1 (line 140)
                      ; - kotlin.jvm.internal.Intrinsics::checkNotNullParameter@5 (line 131)
                      ; - godot.common.util.ThreadLocalDelegate::getValue@3
                      ; - godot.internal.memory.TransferContext::getBuffer@9 (line 28)
                      ; - godot.internal.memory.TransferContext::readReturnValue@7 (line 73)
                      ; - godot.api.Node2D::getGlobalPosition@41 (line 477)
  0x0000022ac10775e8: 2f07 e99e 

  0x0000022ac10775ec: ;   {metadata(nullptr)}
  0x0000022ac10775ec: fbff ff48 | ba00 0000 | 0000 0000 | 00b8 000f 

  0x0000022ac10775fc: ;   {runtime_call load_klass_patching Runtime1 stub}
  0x0000022ac10775fc: 050a e87d 

  0x0000022ac1077600: ; ImmutableOopMap {}
                      ;*new {reexecute=1 rethrow=0 return_oop=0}
                      ; - (reexecute) kotlin.jvm.internal.Intrinsics::throwParameterIsNullNPE@0 (line 140)
                      ; - kotlin.jvm.internal.Intrinsics::checkNotNullParameter@5 (line 131)
                      ; - godot.common.util.ThreadLocalDelegate::getValue@3
                      ; - godot.internal.memory.TransferContext::getBuffer@9 (line 28)
                      ; - godot.internal.memory.TransferContext::readReturnValue@7 (line 73)
                      ; - godot.api.Node2D::getGlobalPosition@41 (line 477)
  0x0000022ac1077600: 2b2f 07e9 | 88fb ffff 

  0x0000022ac1077608: ;   {runtime_call fast_new_instance Runtime1 stub}
  0x0000022ac1077608: 488b d2e8 

  0x0000022ac107760c: ; ImmutableOopMap {}
                      ;*new {reexecute=0 rethrow=0 return_oop=0}
                      ; - kotlin.jvm.internal.Intrinsics::throwParameterIsNullNPE@0 (line 140)
                      ; - kotlin.jvm.internal.Intrinsics::checkNotNullParameter@5 (line 131)
                      ; - godot.common.util.ThreadLocalDelegate::getValue@3
                      ; - godot.internal.memory.TransferContext::getBuffer@9 (line 28)
                      ; - godot.internal.memory.TransferContext::readReturnValue@7 (line 73)
                      ; - godot.api.Node2D::getGlobalPosition@41 (line 477)
  0x0000022ac107760c: f0f3 2e07 | e9d7 fbff 

  0x0000022ac1077614: ;   {metadata({method} {0x0000022b1a43efd8} 'sanitizeStackTrace' '(Ljava/lang/Throwable;)Ljava/lang/Throwable;' in 'kotlin/jvm/internal/Intrinsics')}
  0x0000022ac1077614: ff49 bad0 | ef43 1a2b | 0200 004c | 8954 2408 | 48c7 0424 | ffff ffff 

  0x0000022ac107762c: ;   {runtime_call counter_overflow Runtime1 stub}
  0x0000022ac107762c: e8cf 3b2f 

  0x0000022ac1077630: ; ImmutableOopMap {[256]=Oop }
                      ;*synchronization entry
                      ; - kotlin.jvm.internal.Intrinsics::sanitizeStackTrace@-1 (line 253)
                      ; - kotlin.jvm.internal.Intrinsics::throwParameterIsNullNPE@11 (line 140)
                      ; - kotlin.jvm.internal.Intrinsics::checkNotNullParameter@5 (line 131)
                      ; - godot.common.util.ThreadLocalDelegate::getValue@3
                      ; - godot.internal.memory.TransferContext::getBuffer@9 (line 28)
                      ; - godot.internal.memory.TransferContext::readReturnValue@7 (line 73)
                      ; - godot.api.Node2D::getGlobalPosition@41 (line 477)
  0x0000022ac1077630: 07e9 5ffc | ffff 4889 

  0x0000022ac1077638: ;   {runtime_call throw_class_cast_exception Runtime1 stub}
  0x0000022ac1077638: 0424 e8c1 

  0x0000022ac107763c: ; ImmutableOopMap {}
                      ;*checkcast {reexecute=0 rethrow=0 return_oop=0}
                      ; - kotlin.jvm.internal.Intrinsics::throwParameterIsNullNPE@14 (line 140)
                      ; - kotlin.jvm.internal.Intrinsics::checkNotNullParameter@5 (line 131)
                      ; - godot.common.util.ThreadLocalDelegate::getValue@3
                      ; - godot.internal.memory.TransferContext::getBuffer@9 (line 28)
                      ; - godot.internal.memory.TransferContext::readReturnValue@7 (line 73)
                      ; - godot.api.Node2D::getGlobalPosition@41 (line 477)
                      ;   {runtime_call throw_null_pointer_exception Runtime1 stub}
  0x0000022ac107763c: 0e2f 07e8 

  0x0000022ac1077640: ; ImmutableOopMap {rax=Oop }
                      ;*athrow {reexecute=1 rethrow=0 return_oop=0}
                      ; - (reexecute) kotlin.jvm.internal.Intrinsics::throwParameterIsNullNPE@17 (line 140)
                      ; - kotlin.jvm.internal.Intrinsics::checkNotNullParameter@5 (line 131)
                      ; - godot.common.util.ThreadLocalDelegate::getValue@3
                      ; - godot.internal.memory.TransferContext::getBuffer@9 (line 28)
                      ; - godot.internal.memory.TransferContext::readReturnValue@7 (line 73)
                      ; - godot.api.Node2D::getGlobalPosition@41 (line 477)
  0x0000022ac1077640: bce0 2e07 | 498b 8700 | 0500 0049 | c787 0005 | 0000 0000 | 0000 49c7 | 8708 0500 | 0000 0000 
  0x0000022ac1077660: 0048 81c4 | 1001 0000 

  0x0000022ac1077668: ;   {runtime_call unwind_exception Runtime1 stub}
  0x0000022ac1077668: 5de9 12c8 | 2e07 f4f4 
[Stub Code]
  0x0000022ac1077670: ;   {no_reloc}
  0x0000022ac1077670: 0f1f 4400 

  0x0000022ac1077674: ;   {static_stub}
  0x0000022ac1077674: 0048 bb00 | 0000 0000 

  0x0000022ac107767c: ;   {runtime_call}
  0x0000022ac107767c: 0000 00e9 | fbff ffff 

  0x0000022ac1077684: ;   {static_stub}
  0x0000022ac1077684: 9048 bb00 | 0000 0000 

  0x0000022ac107768c: ;   {runtime_call}
  0x0000022ac107768c: 0000 00e9 | fbff ffff 

  0x0000022ac1077694: ;   {static_stub}
  0x0000022ac1077694: 9048 bb00 | 0000 0000 

  0x0000022ac107769c: ;   {runtime_call}
  0x0000022ac107769c: 0000 00e9 | fbff ffff 

  0x0000022ac10776a4: ;   {static_stub}
  0x0000022ac10776a4: 48bb 0000 | 0000 0000 

  0x0000022ac10776ac: ;   {runtime_call}
  0x0000022ac10776ac: 0000 e9fb 

  0x0000022ac10776b0: ;   {static_stub}
  0x0000022ac10776b0: ffff ff48 | bb00 0000 | 0000 0000 

  0x0000022ac10776bc: ;   {runtime_call}
  0x0000022ac10776bc: 00e9 fbff 

  0x0000022ac10776c0: ;   {static_stub}
  0x0000022ac10776c0: ffff 48bb | 0000 0000 | 0000 0000 

  0x0000022ac10776cc: ;   {runtime_call}
  0x0000022ac10776cc: e9fb ffff 

  0x0000022ac10776d0: ;   {static_stub}
  0x0000022ac10776d0: ff48 bb00 | 0000 0000 

  0x0000022ac10776d8: ;   {runtime_call}
  0x0000022ac10776d8: 0000 00e9 | fbff ffff 

  0x0000022ac10776e0: ;   {static_stub}
  0x0000022ac10776e0: 48bb 0000 | 0000 0000 

  0x0000022ac10776e8: ;   {runtime_call}
  0x0000022ac10776e8: 0000 e9fb 

  0x0000022ac10776ec: ;   {static_stub}
  0x0000022ac10776ec: ffff ff48 | bb00 0000 | 0000 0000 

  0x0000022ac10776f8: ;   {runtime_call}
  0x0000022ac10776f8: 00e9 fbff 

  0x0000022ac10776fc: ;   {static_stub}
  0x0000022ac10776fc: ffff 48bb | 0000 0000 | 0000 0000 

  0x0000022ac1077708: ;   {runtime_call}
  0x0000022ac1077708: e9fb ffff 

  0x0000022ac107770c: ;   {runtime_call handle_exception_from_callee Runtime1 stub}
  0x0000022ac107770c: ffe8 ee07 

  0x0000022ac1077710: ;   {external_word}
  0x0000022ac1077710: 2f07 48b9 | b078 d5b9 | f87f 0000 | 4883 e4f0 

  0x0000022ac1077720: ;   {runtime_call}
  0x0000022ac1077720: 48b8 9041 | 9db9 f87f | 0000 ffd0 

  0x0000022ac107772c: ;   {section_word}
  0x0000022ac107772c: f449 ba2d | 7707 c12a | 0200 0041 

  0x0000022ac1077738: ;   {runtime_call DeoptimizationBlob}
  0x0000022ac1077738: 52e9 62d2 | 2207 f4f4 
[/MachCode]


---------------  P R O C E S S  ---------------

Threads class SMR info:
_java_thread_list=0x0000022b1f331030, length=28, elements={
0x0000022ab6c1a7b0, 0x0000022ab7fed230, 0x0000022ab7fee0b0, 0x0000022ab802da70,
0x0000022ab8037230, 0x0000022ab030c0c0, 0x0000022ab80ffb20, 0x0000022ab8045880,
0x0000022ab8045f30, 0x0000022aa3c51560, 0x0000022ab81001b0, 0x0000022ab80ff490,
0x0000022ab8100840, 0x0000022ab8102910, 0x0000022ab8104350, 0x0000022ab8100ed0,
0x0000022ab81049e0, 0x0000022ab8102fa0, 0x0000022ab8103630, 0x0000022ab8105070,
0x0000022ab8101bf0, 0x0000022ab8105700, 0x0000022ab8105d90, 0x0000022ab8106420,
0x0000022b20a46cb0, 0x0000022b20a45270, 0x0000022b20a45900, 0x0000022b20a44550
}

Java Threads: ( => current thread )
=>0x0000022ab6c1a7b0 JavaThread "main"                              [_thread_in_native, id=8488, stack(0x000000d370200000,0x000000d370a00000) (8192K)]
  0x0000022ab7fed230 JavaThread "Reference Handler"          daemon [_thread_blocked, id=7528, stack(0x000000d30d000000,0x000000d30d800000) (8192K)]
  0x0000022ab7fee0b0 JavaThread "Finalizer"                  daemon [_thread_blocked, id=19964, stack(0x000000d30d800000,0x000000d30e000000) (8192K)]
  0x0000022ab802da70 JavaThread "Signal Dispatcher"          daemon [_thread_blocked, id=15560, stack(0x000000d30e000000,0x000000d30e800000) (8192K)]
  0x0000022ab8037230 JavaThread "Attach Listener"            daemon [_thread_blocked, id=14864, stack(0x000000d30e800000,0x000000d30f000000) (8192K)]
  0x0000022ab030c0c0 JavaThread "Service Thread"             daemon [_thread_blocked, id=15164, stack(0x000000d30f000000,0x000000d30f800000) (8192K)]
  0x0000022ab80ffb20 JavaThread "Monitor Deflation Thread"   daemon [_thread_blocked, id=6928, stack(0x000000d30f800000,0x000000d310000000) (8192K)]
  0x0000022ab8045880 JavaThread "C2 CompilerThread0"         daemon [_thread_blocked, id=9580, stack(0x000000d310000000,0x000000d310800000) (8192K)]
  0x0000022ab8045f30 JavaThread "C1 CompilerThread0"         daemon [_thread_blocked, id=4796, stack(0x000000d310800000,0x000000d311000000) (8192K)]
  0x0000022aa3c51560 JavaThread "C1 CompilerThread1"         daemon [_thread_blocked, id=23372, stack(0x000000d311000000,0x000000d311800000) (8192K)]
  0x0000022ab81001b0 JavaThread "Notification Thread"        daemon [_thread_blocked, id=1612, stack(0x000000d311800000,0x000000d312000000) (8192K)]
  0x0000022ab80ff490 JavaThread "Common-Cleaner"             daemon [_thread_blocked, id=22428, stack(0x000000d312000000,0x000000d312800000) (8192K)]
  0x0000022ab8100840 JavaThread "Thread-0"                          [_thread_in_native, id=18508, stack(0x000000d373200000,0x000000d373a00000) (8192K)]
  0x0000022ab8102910 JavaThread "Thread-1"                          [_thread_in_native, id=9880, stack(0x000000d372a00000,0x000000d373200000) (8192K)]
  0x0000022ab8104350 JavaThread "Thread-2"                          [_thread_in_native, id=22876, stack(0x000000d373a00000,0x000000d374200000) (8192K)]
  0x0000022ab8100ed0 JavaThread "Thread-3"                          [_thread_in_native, id=11352, stack(0x000000d374200000,0x000000d374a00000) (8192K)]
  0x0000022ab81049e0 JavaThread "Thread-4"                          [_thread_in_native, id=10720, stack(0x000000d375200000,0x000000d375a00000) (8192K)]
  0x0000022ab8102fa0 JavaThread "Thread-5"                          [_thread_in_native, id=2152, stack(0x000000d375a00000,0x000000d376200000) (8192K)]
  0x0000022ab8103630 JavaThread "Thread-6"                          [_thread_in_native, id=15084, stack(0x000000d376200000,0x000000d376a00000) (8192K)]
  0x0000022ab8105070 JavaThread "Thread-7"                          [_thread_in_native, id=7388, stack(0x000000d376a00000,0x000000d377200000) (8192K)]
  0x0000022ab8101bf0 JavaThread "Thread-8"                          [_thread_in_native, id=12696, stack(0x000000d377200000,0x000000d377a00000) (8192K)]
  0x0000022ab8105700 JavaThread "Thread-9"                          [_thread_in_native, id=9396, stack(0x000000d377a00000,0x000000d378200000) (8192K)]
  0x0000022ab8105d90 JavaThread "Thread-10"                         [_thread_in_native, id=7732, stack(0x000000d378200000,0x000000d378a00000) (8192K)]
  0x0000022ab8106420 JavaThread "Thread-11"                         [_thread_in_native, id=2604, stack(0x000000d378a00000,0x000000d379200000) (8192K)]
  0x0000022b20a46cb0 JavaThread "Thread-12"                         [_thread_in_native, id=18184, stack(0x000000d379200000,0x000000d379a00000) (8192K)]
  0x0000022b20a45270 JavaThread "Thread-13"                         [_thread_in_native, id=20700, stack(0x000000d379a00000,0x000000d37a200000) (8192K)]
  0x0000022b20a45900 JavaThread "Thread-14"                         [_thread_in_native, id=11240, stack(0x000000d37a200000,0x000000d37aa00000) (8192K)]
  0x0000022b20a44550 JavaThread "Thread-15"                         [_thread_in_native, id=3188, stack(0x000000d374a00000,0x000000d375200000) (8192K)]
Total: 28

Other Threads:
  0x0000022ab7f65d80 VMThread "VM Thread"                           [id=10772, stack(0x000000d30c800000,0x000000d30d000000) (8192K)]
  0x0000022aaf74be70 WatcherThread "VM Periodic Task Thread"        [id=9692, stack(0x000000d30c000000,0x000000d30c800000) (8192K)]
  0x0000022ab6fc4470 WorkerThread "GC Thread#0"                     [id=22256, stack(0x000000d309800000,0x000000d30a000000) (8192K)]
  0x0000022b1e585200 WorkerThread "GC Thread#1"                     [id=16208, stack(0x000000d314800000,0x000000d315000000) (8192K)]
  0x0000022b1e585dc0 WorkerThread "GC Thread#2"                     [id=10492, stack(0x000000d315000000,0x000000d315800000) (8192K)]
  0x0000022b1e5dd1e0 WorkerThread "GC Thread#3"                     [id=13912, stack(0x000000d315800000,0x000000d316000000) (8192K)]
  0x0000022b1e5dd590 WorkerThread "GC Thread#4"                     [id=14792, stack(0x000000d316000000,0x000000d316800000) (8192K)]
  0x0000022b1e5ddcf0 WorkerThread "GC Thread#5"                     [id=8848, stack(0x000000d316800000,0x000000d317000000) (8192K)]
  0x0000022b1ea29e40 WorkerThread "GC Thread#6"                     [id=9404, stack(0x000000d313000000,0x000000d313800000) (8192K)]
  0x0000022b1ea280c0 WorkerThread "GC Thread#7"                     [id=13220, stack(0x000000d317000000,0x000000d317800000) (8192K)]
  0x0000022b1ea296e0 WorkerThread "GC Thread#8"                     [id=15748, stack(0x000000d317800000,0x000000d318000000) (8192K)]
  0x0000022b1ea28470 WorkerThread "GC Thread#9"                     [id=19560, stack(0x000000d318000000,0x000000d318800000) (8192K)]
  0x0000022b1ea28bd0 WorkerThread "GC Thread#10"                    [id=20004, stack(0x000000d318800000,0x000000d319000000) (8192K)]
  0x0000022b1ea26340 WorkerThread "GC Thread#11"                    [id=21020, stack(0x000000d319000000,0x000000d319800000) (8192K)]
  0x0000022b1ea27d10 WorkerThread "GC Thread#12"                    [id=10408, stack(0x000000d319800000,0x000000d31a000000) (8192K)]
  0x0000022ab0157e20 ConcurrentGCThread "G1 Main Marker"            [id=13212, stack(0x000000d30a000000,0x000000d30a800000) (8192K)]
  0x0000022ab7b4ae60 WorkerThread "G1 Conc#0"                       [id=8356, stack(0x000000d30a800000,0x000000d30b000000) (8192K)]
  0x0000022b1ea29a90 WorkerThread "G1 Conc#1"                       [id=14392, stack(0x000000d31a000000,0x000000d31a800000) (8192K)]
  0x0000022b1ea28f80 WorkerThread "G1 Conc#2"                       [id=19508, stack(0x000000d31a800000,0x000000d31b000000) (8192K)]
  0x0000022ab0262880 ConcurrentGCThread "G1 Refine#0"               [id=11504, stack(0x000000d30b000000,0x000000d30b800000) (8192K)]
  0x0000022ab03660b0 ConcurrentGCThread "G1 Service"                [id=17400, stack(0x000000d30b800000,0x000000d30c000000) (8192K)]
Total: 21

Threads with active compile tasks:
Total: 0

VM state: not at safepoint (normal execution)

VM Mutex/Monitor currently owned by a thread: None

Heap address: 0x0000000704a00000, size: 4022 MB, Compressed Oops mode: Zero based, Oop shift amount: 3

CDS archive(s) mapped at: [0x0000022ad9000000-0x0000022ad9c90000-0x0000022ad9c90000), size 13172736, SharedBaseAddress: 0x0000022ad9000000, ArchiveRelocationMode: 1.
Compressed class space mapped at: 0x0000022ada000000-0x0000022b1a000000, reserved size: 1073741824
Narrow klass base: 0x0000022ad9000000, Narrow klass shift: 0, Narrow klass range: 0x100000000

GC Precious Log:
 CardTable entry size: 512
 Card Set container configuration: InlinePtr #cards 4 size 8 Array Of Cards #cards 16 size 48 Howl #buckets 8 coarsen threshold 3686 Howl Bitmap #cards 512 size 80 coarsen threshold 460 Card regions per heap region 1 cards per card region 4096
 CPUs: 16 total, 16 available
 Memory: 16087M
 Large Page Support: Disabled
 NUMA Support: Disabled
 Compressed Oops: Enabled (Zero based)
 Heap Region Size: 2M
 Heap Min Capacity: 8M
 Heap Initial Capacity: 252M
 Heap Max Capacity: 4022M
 Pre-touch: Disabled
 Parallel Workers: 13
 Concurrent Workers: 3
 Concurrent Refinement Workers: 13
 Periodic GC: Disabled

Heap:
 garbage-first heap   total 36864K, used 16744K [0x0000000704a00000, 0x0000000800000000)
  region size 2048K, 10 young (20480K), 4 survivors (8192K)
 Metaspace       used 25759K, committed 25920K, reserved 1114112K
  class space    used 2629K, committed 2688K, reserved 1048576K

Heap Regions: E=young(eden), S=young(survivor), O=old, HS=humongous(starts), HC=humongous(continues), CS=collection set, F=free, TAMS=top-at-mark-start, PB=parsable bottom
|   0|0x0000000704a00000, 0x0000000704a00000, 0x0000000704c00000|  0%| F|  |TAMS 0x0000000704a00000| PB 0x0000000704a00000| Untracked 
|   1|0x0000000704c00000, 0x0000000704c00000, 0x0000000704e00000|  0%| F|  |TAMS 0x0000000704c00000| PB 0x0000000704c00000| Untracked 
|   2|0x0000000704e00000, 0x0000000704e00000, 0x0000000705000000|  0%| F|  |TAMS 0x0000000704e00000| PB 0x0000000704e00000| Untracked 
|   3|0x0000000705000000, 0x0000000705000000, 0x0000000705200000|  0%| F|  |TAMS 0x0000000705000000| PB 0x0000000705000000| Untracked 
|   4|0x0000000705200000, 0x0000000705200000, 0x0000000705400000|  0%| F|  |TAMS 0x0000000705200000| PB 0x0000000705200000| Untracked 
|   5|0x0000000705400000, 0x0000000705400000, 0x0000000705600000|  0%| F|  |TAMS 0x0000000705400000| PB 0x0000000705400000| Untracked 
|   6|0x0000000705600000, 0x0000000705600000, 0x0000000705800000|  0%| F|  |TAMS 0x0000000705600000| PB 0x0000000705600000| Untracked 
|   7|0x0000000705800000, 0x0000000705800000, 0x0000000705a00000|  0%| F|  |TAMS 0x0000000705800000| PB 0x0000000705800000| Untracked 
|   8|0x0000000705a00000, 0x0000000705b00000, 0x0000000705c00000| 50%| E|  |TAMS 0x0000000705a00000| PB 0x0000000705a00000| Complete 
|   9|0x0000000705c00000, 0x0000000705e00000, 0x0000000705e00000|100%| E|CS|TAMS 0x0000000705c00000| PB 0x0000000705c00000| Complete 
|  10|0x0000000705e00000, 0x0000000706000000, 0x0000000706000000|100%| S|CS|TAMS 0x0000000705e00000| PB 0x0000000705e00000| Complete 
|  11|0x0000000706000000, 0x0000000706200000, 0x0000000706200000|100%| S|CS|TAMS 0x0000000706000000| PB 0x0000000706000000| Complete 
|  12|0x0000000706200000, 0x0000000706400000, 0x0000000706400000|100%| S|CS|TAMS 0x0000000706200000| PB 0x0000000706200000| Complete 
|  13|0x0000000706400000, 0x000000070645a200, 0x0000000706600000| 17%| S|CS|TAMS 0x0000000706400000| PB 0x0000000706400000| Complete 
| 120|0x0000000713a00000, 0x0000000713c00000, 0x0000000713c00000|100%| E|CS|TAMS 0x0000000713a00000| PB 0x0000000713a00000| Complete 
| 121|0x0000000713c00000, 0x0000000713e00000, 0x0000000713e00000|100%| E|CS|TAMS 0x0000000713c00000| PB 0x0000000713c00000| Complete 
| 122|0x0000000713e00000, 0x0000000714000000, 0x0000000714000000|100%| E|CS|TAMS 0x0000000713e00000| PB 0x0000000713e00000| Complete 
| 125|0x0000000714400000, 0x0000000714600000, 0x0000000714600000|100%| E|CS|TAMS 0x0000000714400000| PB 0x0000000714400000| Complete 

Card table byte_map: [0x0000022ad0d60000,0x0000022ad1540000] _byte_map_base: 0x0000022acd53b000

Marking Bits: (CMBitMap*) 0x0000022ab7b38c60
 Bits: [0x0000022ad1540000, 0x0000022ad5418000)

Polling page: 0x0000022ab0c90000

Metaspace:

Usage:
  Non-class:     22.59 MB used.
      Class:      2.57 MB used.
       Both:     25.16 MB used.

Virtual space:
  Non-class space:       64.00 MB reserved,      22.69 MB ( 35%) committed,  1 nodes.
      Class space:        1.00 GB reserved,       2.62 MB ( <1%) committed,  1 nodes.
             Both:        1.06 GB reserved,      25.31 MB (  2%) committed. 

Chunk freelists:
   Non-Class:  6.62 MB
       Class:  13.21 MB
        Both:  19.83 MB

MaxMetaspaceSize: unlimited
CompressedClassSpaceSize: 1.00 GB
Initial GC threshold: 21.00 MB
Current GC threshold: 35.12 MB
CDS: on
 - commit_granule_bytes: 65536.
 - commit_granule_words: 8192.
 - virtual_space_node_default_size: 8388608.
 - enlarge_chunks_in_place: 1.
 - use_allocation_guard: 0.


Internal statistics:

num_allocs_failed_limit: 3.
num_arena_births: 114.
num_arena_deaths: 0.
num_vsnodes_births: 2.
num_vsnodes_deaths: 0.
num_space_committed: 404.
num_space_uncommitted: 0.
num_chunks_returned_to_freelist: 3.
num_chunks_taken_from_freelist: 957.
num_chunk_merges: 3.
num_chunk_splits: 838.
num_chunks_enlarged: 739.
num_inconsistent_stats: 0.

CodeHeap 'non-profiled nmethods': size=119168Kb used=620Kb max_used=620Kb free=118547Kb
 bounds [0x0000022ac89a0000, 0x0000022ac8c10000, 0x0000022acfe00000]
CodeHeap 'profiled nmethods': size=119104Kb used=2776Kb max_used=2776Kb free=116327Kb
 bounds [0x0000022ac0e00000, 0x0000022ac10c0000, 0x0000022ac8250000]
CodeHeap 'non-nmethods': size=7488Kb used=2151Kb max_used=3250Kb free=5337Kb
 bounds [0x0000022ac8250000, 0x0000022ac8590000, 0x0000022ac89a0000]
 total_blobs=2086 nmethods=1440 adapters=550
 compilation: enabled
              stopped_count=0, restarted_count=0
 full_count=0

Compilation events (20 events):
Event: 13.974 Thread 0x0000022aa3c51560 nmethod 1430 0x0000022ac10a9c90 code [0x0000022ac10a9ec0, 0x0000022ac10aa5e8]
Event: 13.974 Thread 0x0000022ab8045f30 nmethod 1431 0x0000022ac10aa890 code [0x0000022ac10aaac0, 0x0000022ac10ab178]
Event: 13.994 Thread 0x0000022ab8045880 1432       4       godot.core.VariantParser$VECTOR2::toUnsafeGodot (37 bytes)
Event: 13.998 Thread 0x0000022ab8045880 nmethod 1432 0x0000022ac8a3aa90 code [0x0000022ac8a3ac40, 0x0000022ac8a3ae78]
Event: 14.036 Thread 0x0000022aa3c51560 1433       3       godot.core.VariantCaster$INT::toKotlinCast (6 bytes)
Event: 14.036 Thread 0x0000022ab8045f30 1434       3       godot.core.VariantCaster$INT::toKotlinCast (18 bytes)
Event: 14.036 Thread 0x0000022aa3c51560 nmethod 1433 0x0000022ac10ab410 code [0x0000022ac10ab640, 0x0000022ac10abd68]
Event: 14.037 Thread 0x0000022ab8045f30 nmethod 1434 0x0000022ac10ac010 code [0x0000022ac10ac260, 0x0000022ac10acb70]
Event: 14.155 Thread 0x0000022ab8045f30 1435       3       godot.entry.ProjectileRegistrar$register$1$1$2::invoke (19 bytes)
Event: 14.155 Thread 0x0000022aa3c51560 1436       3       godot.entry.ProjectileRegistrar$register$1$1$2::invoke (12 bytes)
Event: 14.156 Thread 0x0000022aa3c51560 nmethod 1436 0x0000022ac10ace90 code [0x0000022ac10ad0c0, 0x0000022ac10ad6d8]
Event: 14.156 Thread 0x0000022ab8045f30 nmethod 1435 0x0000022ac10ad990 code [0x0000022ac10adc00, 0x0000022ac10ae560]
Event: 14.156 Thread 0x0000022aa3c51560 1437       3       game.items.weapons.projectiles.Projectile::_process (71 bytes)
Event: 14.156 Thread 0x0000022aa3c51560 nmethod 1437 0x0000022ac10ae890 code [0x0000022ac10aeaa0, 0x0000022ac10aeed0]
Event: 14.258 Thread 0x0000022aa3c51560 1438       3       godot.core.VariantArray::size (5 bytes)
Event: 14.258 Thread 0x0000022ab8045f30 1439       3       godot.core.VariantArray::getSize (35 bytes)
Event: 14.260 Thread 0x0000022aa3c51560 nmethod 1438 0x0000022ac10af110 code [0x0000022ac10af520, 0x0000022ac10b0ee0]
Event: 14.260 Thread 0x0000022ab8045f30 nmethod 1439 0x0000022ac10b1810 code [0x0000022ac10b1c20, 0x0000022ac10b3648]
Event: 14.286 Thread 0x0000022ab8045f30 1440       3       godot.core.VariantArray::get (46 bytes)
Event: 14.287 Thread 0x0000022ab8045f30 nmethod 1440 0x0000022ac10b3f90 code [0x0000022ac10b4300, 0x0000022ac10b5958]

GC Heap History (8 events):
Event: 0.276 GC heap before
{Heap before GC invocations=0 (full 0):
 garbage-first heap   total 258048K, used 20480K [0x0000000704a00000, 0x0000000800000000)
  region size 2048K, 11 young (22528K), 0 survivors (0K)
 Metaspace       used 6590K, committed 6720K, reserved 1114112K
  class space    used 382K, committed 448K, reserved 1048576K
}
Event: 0.280 GC heap after
{Heap after GC invocations=1 (full 0):
 garbage-first heap   total 258048K, used 2424K [0x0000000704a00000, 0x0000000800000000)
  region size 2048K, 2 young (4096K), 2 survivors (4096K)
 Metaspace       used 6590K, committed 6720K, reserved 1114112K
  class space    used 382K, committed 448K, reserved 1048576K
}
Event: 0.775 GC heap before
{Heap before GC invocations=1 (full 0):
 garbage-first heap   total 258048K, used 41336K [0x0000000704a00000, 0x0000000800000000)
  region size 2048K, 21 young (43008K), 2 survivors (4096K)
 Metaspace       used 19483K, committed 19648K, reserved 1114112K
  class space    used 1859K, committed 1920K, reserved 1048576K
}
Event: 0.778 GC heap after
{Heap after GC invocations=2 (full 0):
 garbage-first heap   total 258048K, used 4240K [0x0000000704a00000, 0x0000000800000000)
  region size 2048K, 3 young (6144K), 3 survivors (6144K)
 Metaspace       used 19483K, committed 19648K, reserved 1114112K
  class space    used 1859K, committed 1920K, reserved 1048576K
}
Event: 0.864 GC heap before
{Heap before GC invocations=2 (full 0):
 garbage-first heap   total 258048K, used 8336K [0x0000000704a00000, 0x0000000800000000)
  region size 2048K, 6 young (12288K), 3 survivors (6144K)
 Metaspace       used 21389K, committed 21504K, reserved 1114112K
  class space    used 1990K, committed 2048K, reserved 1048576K
}
Event: 0.866 GC heap after
{Heap after GC invocations=3 (full 0):
 garbage-first heap   total 258048K, used 4972K [0x0000000704a00000, 0x0000000800000000)
  region size 2048K, 3 young (6144K), 3 survivors (6144K)
 Metaspace       used 21389K, committed 21504K, reserved 1114112K
  class space    used 1990K, committed 2048K, reserved 1048576K
}
Event: 1.197 GC heap before
{Heap before GC invocations=4 (full 0):
 garbage-first heap   total 28672K, used 27500K [0x0000000704a00000, 0x0000000800000000)
  region size 2048K, 14 young (28672K), 3 survivors (6144K)
 Metaspace       used 24753K, committed 24896K, reserved 1114112K
  class space    used 2553K, committed 2624K, reserved 1048576K
}
Event: 1.202 GC heap after
{Heap after GC invocations=5 (full 0):
 garbage-first heap   total 36864K, used 6504K [0x0000000704a00000, 0x0000000800000000)
  region size 2048K, 4 young (8192K), 4 survivors (8192K)
 Metaspace       used 24753K, committed 24896K, reserved 1114112K
  class space    used 2553K, committed 2624K, reserved 1048576K
}

Dll operation events (6 events):
Event: 0.005 Loaded shared library C:\Program Files\Java\jdk-21\bin\java.dll
Event: 0.025 Loaded shared library C:\Program Files\Java\jdk-21\bin\jsvml.dll
Event: 0.037 Loaded shared library C:\Program Files\Java\jdk-21\bin\net.dll
Event: 0.037 Loaded shared library C:\Program Files\Java\jdk-21\bin\nio.dll
Event: 0.044 Loaded shared library C:\Program Files\Java\jdk-21\bin\zip.dll
Event: 0.123 Loaded shared library C:\Program Files\Java\jdk-21\bin\jimage.dll

Deoptimization events (20 events):
Event: 12.530 Thread 0x0000022ab6c1a7b0 Uncommon trap: trap_request=0xffffffd6 fr.pc=0x0000022ac8a29bdc relative=0x000000000000041c
Event: 12.531 Thread 0x0000022ab6c1a7b0 Uncommon trap: reason=array_check action=maybe_recompile pc=0x0000022ac8a29bdc method=java.util.Arrays.fill([Ljava/lang/Object;IILjava/lang/Object;)V @ 20 c2
Event: 12.531 Thread 0x0000022ab6c1a7b0 DEOPT PACKING pc=0x0000022ac8a29bdc sp=0x000000d3709fcf10
Event: 12.531 Thread 0x0000022ab6c1a7b0 DEOPT UNPACKING pc=0x0000022ac82a46a2 sp=0x000000d3709fced8 mode 2
Event: 12.531 Thread 0x0000022ab6c1a7b0 Uncommon trap: trap_request=0xffffffd6 fr.pc=0x0000022ac8a29bdc relative=0x000000000000041c
Event: 12.531 Thread 0x0000022ab6c1a7b0 Uncommon trap: reason=array_check action=maybe_recompile pc=0x0000022ac8a29bdc method=java.util.Arrays.fill([Ljava/lang/Object;IILjava/lang/Object;)V @ 20 c2
Event: 12.531 Thread 0x0000022ab6c1a7b0 DEOPT PACKING pc=0x0000022ac8a29bdc sp=0x000000d3709fcf10
Event: 12.531 Thread 0x0000022ab6c1a7b0 DEOPT UNPACKING pc=0x0000022ac82a46a2 sp=0x000000d3709fced8 mode 2
Event: 12.531 Thread 0x0000022ab6c1a7b0 Uncommon trap: trap_request=0xffffffd6 fr.pc=0x0000022ac8a29bdc relative=0x000000000000041c
Event: 12.531 Thread 0x0000022ab6c1a7b0 Uncommon trap: reason=array_check action=maybe_recompile pc=0x0000022ac8a29bdc method=java.util.Arrays.fill([Ljava/lang/Object;IILjava/lang/Object;)V @ 20 c2
Event: 12.531 Thread 0x0000022ab6c1a7b0 DEOPT PACKING pc=0x0000022ac8a29bdc sp=0x000000d3709fcf10
Event: 12.531 Thread 0x0000022ab6c1a7b0 DEOPT UNPACKING pc=0x0000022ac82a46a2 sp=0x000000d3709fced8 mode 2
Event: 12.531 Thread 0x0000022ab6c1a7b0 Uncommon trap: trap_request=0xffffffd6 fr.pc=0x0000022ac8a29bdc relative=0x000000000000041c
Event: 12.531 Thread 0x0000022ab6c1a7b0 Uncommon trap: reason=array_check action=maybe_recompile pc=0x0000022ac8a29bdc method=java.util.Arrays.fill([Ljava/lang/Object;IILjava/lang/Object;)V @ 20 c2
Event: 12.531 Thread 0x0000022ab6c1a7b0 DEOPT PACKING pc=0x0000022ac8a29bdc sp=0x000000d3709fcf10
Event: 12.531 Thread 0x0000022ab6c1a7b0 DEOPT UNPACKING pc=0x0000022ac82a46a2 sp=0x000000d3709fced8 mode 2
Event: 13.050 Thread 0x0000022ab6c1a7b0 Uncommon trap: trap_request=0xffffff5c fr.pc=0x0000022ac8a31094 relative=0x0000000000000074
Event: 13.050 Thread 0x0000022ab6c1a7b0 Uncommon trap: reason=speculate_null_check action=make_not_entrant pc=0x0000022ac8a31094 method=jdk.internal.misc.Unsafe.putLongUnaligned(Ljava/lang/Object;JJZ)V @ 10 c2
Event: 13.050 Thread 0x0000022ab6c1a7b0 DEOPT PACKING pc=0x0000022ac8a31094 sp=0x000000d3709fe1f0
Event: 13.050 Thread 0x0000022ab6c1a7b0 DEOPT UNPACKING pc=0x0000022ac82a46a2 sp=0x000000d3709fe140 mode 2

Classes loaded (20 events):
Event: 1.309 Loading class java/util/ArrayList$SubList$1
Event: 1.309 Loading class java/util/ArrayList$SubList$1 done
Event: 11.840 Loading class java/io/StringWriter
Event: 11.840 Loading class java/io/StringWriter done
Event: 11.840 Loading class java/io/PrintWriter
Event: 11.840 Loading class java/io/PrintWriter done
Event: 11.840 Loading class java/io/PrintWriter$1
Event: 11.840 Loading class jdk/internal/access/JavaIOPrintWriterAccess
Event: 11.840 Loading class jdk/internal/access/JavaIOPrintWriterAccess done
Event: 11.840 Loading class java/io/PrintWriter$1 done
Event: 11.841 Loading class java/lang/Throwable$WrappedPrintWriter
Event: 11.841 Loading class java/lang/Throwable$PrintStreamOrWriter
Event: 11.841 Loading class java/lang/Throwable$PrintStreamOrWriter done
Event: 11.841 Loading class java/lang/Throwable$WrappedPrintWriter done
Event: 12.392 Loading class java/lang/FdLibm$Atan2
Event: 12.393 Loading class java/lang/FdLibm$Atan2 done
Event: 12.393 Loading class java/lang/FdLibm
Event: 12.393 Loading class java/lang/FdLibm done
Event: 12.393 Loading class java/lang/FdLibm$Atan
Event: 12.393 Loading class java/lang/FdLibm$Atan done

Classes unloaded (0 events):
No events

Classes redefined (0 events):
No events

Internal exceptions (3 events):
Event: 1.036 Thread 0x0000022ab6c1a7b0 Exception <a 'java/lang/NoSuchMethodError'{0x000000070525d100}: 'java.lang.Object java.lang.invoke.DirectMethodHandle$Holder.invokeStaticInit(java.lang.Object, java.lang.Object, java.lang.Object)'> (0x000000070525d100) 
thrown [s\open\src\hotspot\share\interpreter\linkResolver.cpp, line 773]
Event: 1.276 Thread 0x0000022ab6c1a7b0 Exception <a 'java/lang/NoSuchMethodError'{0x00000007145188f8}: 'java.lang.Object java.lang.invoke.DirectMethodHandle$Holder.newInvokeSpecial(java.lang.Object, long, long, int)'> (0x00000007145188f8) 
thrown [s\open\src\hotspot\share\interpreter\linkResolver.cpp, line 773]
Event: 11.838 Thread 0x0000022ab6c1a7b0 Exception <a 'java/lang/ClassCastException'{0x0000000713df5880}: class godot.api.Resource cannot be cast to class godot.api.PackedScene (godot.api.Resource and godot.api.PackedScene are in unnamed module of loader java.net.URLClassLoader @36baf30c)> (0x0000000713df5880) 
thrown [s\open\src\hotspot\share\interpreter\interpreterRuntime.cpp, line 455]

ZGC Phase Switch (0 events):
No events

VM Operations (20 events):
Event: 1.064 Executing VM operation: HandshakeAllThreads (Deoptimize)
Event: 1.064 Executing VM operation: HandshakeAllThreads (Deoptimize) done
Event: 1.197 Executing VM operation: G1CollectForAllocation (G1 Evacuation Pause)
Event: 1.202 Executing VM operation: G1CollectForAllocation (G1 Evacuation Pause) done
Event: 1.289 Executing VM operation: HandshakeAllThreads (Deoptimize)
Event: 1.289 Executing VM operation: HandshakeAllThreads (Deoptimize) done
Event: 2.289 Executing VM operation: Cleanup
Event: 2.289 Executing VM operation: Cleanup done
Event: 9.293 Executing VM operation: Cleanup
Event: 9.293 Executing VM operation: Cleanup done
Event: 11.840 Executing VM operation: HandshakeAllThreads (Deoptimize)
Event: 11.840 Executing VM operation: HandshakeAllThreads (Deoptimize) done
Event: 11.842 Executing VM operation: HandshakeAllThreads (Deoptimize)
Event: 11.842 Executing VM operation: HandshakeAllThreads (Deoptimize) done
Event: 11.842 Executing VM operation: Cleanup
Event: 11.842 Executing VM operation: Cleanup done
Event: 12.842 Executing VM operation: Cleanup
Event: 12.842 Executing VM operation: Cleanup done
Event: 13.843 Executing VM operation: Cleanup
Event: 13.843 Executing VM operation: Cleanup done

Events (20 events):
Event: 0.369 Thread 0x0000022aa3c51c30 Thread exited: 0x0000022aa3c51c30
Event: 1.187 Thread 0x0000022aa3c50e90 Thread exited: 0x0000022aa3c50e90
Event: 1.194 Thread 0x0000022ab8100840 Thread added: 0x0000022ab8100840
Event: 1.195 Thread 0x0000022ab8102910 Thread added: 0x0000022ab8102910
Event: 1.195 Thread 0x0000022ab8104350 Thread added: 0x0000022ab8104350
Event: 1.195 Thread 0x0000022ab8100ed0 Thread added: 0x0000022ab8100ed0
Event: 1.195 Thread 0x0000022ab81049e0 Thread added: 0x0000022ab81049e0
Event: 1.195 Thread 0x0000022ab8102fa0 Thread added: 0x0000022ab8102fa0
Event: 1.196 Thread 0x0000022ab8103630 Thread added: 0x0000022ab8103630
Event: 1.196 Thread 0x0000022ab8105070 Thread added: 0x0000022ab8105070
Event: 1.197 Thread 0x0000022ab8101bf0 Thread added: 0x0000022ab8101bf0
Event: 1.197 Thread 0x0000022ab8105700 Thread added: 0x0000022ab8105700
Event: 1.197 Thread 0x0000022ab8105d90 Thread added: 0x0000022ab8105d90
Event: 1.197 Thread 0x0000022ab8106420 Thread added: 0x0000022ab8106420
Event: 1.197 Thread 0x0000022b20a46cb0 Thread added: 0x0000022b20a46cb0
Event: 1.202 Thread 0x0000022b20a45270 Thread added: 0x0000022b20a45270
Event: 1.202 Thread 0x0000022b20a45900 Thread added: 0x0000022b20a45900
Event: 1.202 Thread 0x0000022b20a44550 Thread added: 0x0000022b20a44550
Event: 4.815 Thread 0x0000022b1e4753b0 Thread exited: 0x0000022b1e4753b0
Event: 4.940 Thread 0x0000022aa3c52300 Thread exited: 0x0000022aa3c52300


Dynamic libraries:
0x00007ff6ce900000 - 0x00007ff6d7f0a000 	D:\Godot\godot.windows.editor.x86_64.jvm.0.14.3.exe
0x00007ff9bdb20000 - 0x00007ff9bdd86000 	C:\WINDOWS\SYSTEM32\ntdll.dll
0x00007ff9bce20000 - 0x00007ff9bcee9000 	C:\WINDOWS\System32\KERNEL32.DLL
0x00007ff9bb340000 - 0x00007ff9bb740000 	C:\WINDOWS\System32\KERNELBASE.dll
0x00007ff9bc970000 - 0x00007ff9bcb0a000 	C:\WINDOWS\System32\ole32.dll
0x00007ff9bb290000 - 0x00007ff9bb333000 	C:\WINDOWS\System32\msvcp_win.dll
0x00007ff9a93a0000 - 0x00007ff9a93d6000 	C:\WINDOWS\SYSTEM32\WINMM.dll
0x00007ff9bae20000 - 0x00007ff9baf6c000 	C:\WINDOWS\System32\ucrtbase.dll
0x00007ff9bcb10000 - 0x00007ff9bcb3b000 	C:\WINDOWS\System32\GDI32.dll
0x00007ff9bb0e0000 - 0x00007ff9bb107000 	C:\WINDOWS\System32\win32u.dll
0x00007ff9bb750000 - 0x00007ff9bb87a000 	C:\WINDOWS\System32\gdi32full.dll
0x00007ff9bcf80000 - 0x00007ff9bd147000 	C:\WINDOWS\System32\USER32.dll
0x00007ff9bd150000 - 0x00007ff9bd4d3000 	C:\WINDOWS\System32\combase.dll
0x00007ff9bc7d0000 - 0x00007ff9bc8e8000 	C:\WINDOWS\System32\RPCRT4.dll
0x00007ff9bc590000 - 0x00007ff9bc669000 	C:\WINDOWS\System32\OLEAUT32.dll
0x00007ff9bd5f0000 - 0x00007ff9bd657000 	C:\WINDOWS\System32\SHLWAPI.dll
0x00007ff9bd4e0000 - 0x00007ff9bd5da000 	C:\WINDOWS\System32\shcore.dll
0x00007ff9bbdf0000 - 0x00007ff9bc582000 	C:\WINDOWS\System32\SHELL32.dll
0x00007ff9bda20000 - 0x00007ff9bdad7000 	C:\WINDOWS\System32\ADVAPI32.dll
0x00007ff9bd810000 - 0x00007ff9bd8b9000 	C:\WINDOWS\System32\msvcrt.dll
0x00007ff9bd760000 - 0x00007ff9bd80a000 	C:\WINDOWS\System32\sechost.dll
0x00007ff9bcb40000 - 0x00007ff9bcb72000 	C:\WINDOWS\System32\IMM32.dll
0x00007ff9bb110000 - 0x00007ff9bb288000 	C:\WINDOWS\System32\CRYPT32.dll
0x00007ff9bbd60000 - 0x00007ff9bbde1000 	C:\WINDOWS\System32\WS2_32.dll
0x00007ff9bacb0000 - 0x00007ff9bacda000 	C:\WINDOWS\SYSTEM32\bcrypt.dll
0x00007ff9b7e00000 - 0x00007ff9b7e2f000 	C:\WINDOWS\SYSTEM32\dwmapi.dll
0x00007ff9b33b0000 - 0x00007ff9b33bb000 	C:\WINDOWS\SYSTEM32\AVRT.dll
0x00007ff9b5350000 - 0x00007ff9b55b8000 	C:\WINDOWS\SYSTEM32\DWrite.dll
0x00007ff9b7eb0000 - 0x00007ff9b80f2000 	C:\WINDOWS\SYSTEM32\dbghelp.dll
0x00007ff9b9570000 - 0x00007ff9b95a3000 	C:\WINDOWS\SYSTEM32\IPHLPAPI.DLL
0x00007ff9ab9e0000 - 0x00007ff9ab9ea000 	C:\WINDOWS\SYSTEM32\WSOCK32.dll
0x00007ff9bb030000 - 0x00007ff9bb0dc000 	C:\WINDOWS\System32\bcryptPrimitives.dll
0x00007ff9b9b50000 - 0x00007ff9b9b6b000 	C:\WINDOWS\SYSTEM32\kernel.appcore.dll
0x00007ff9b79a0000 - 0x00007ff9b7a49000 	C:\WINDOWS\system32\uxtheme.dll
0x00007ff9ba170000 - 0x00007ff9ba1dc000 	C:\WINDOWS\system32\mswsock.dll
0x00007ff97f0d0000 - 0x00007ff97f254000 	C:\WINDOWS\SYSTEM32\vulkan-1.dll
0x00007ff9ba9d0000 - 0x00007ff9baa21000 	C:\WINDOWS\SYSTEM32\CFGMGR32.dll
0x00007ff9b7b20000 - 0x00007ff9b7c5a000 	C:\WINDOWS\system32\dxgi.dll
0x00007ff9b9940000 - 0x00007ff9b999e000 	C:\WINDOWS\SYSTEM32\powrprof.dll
0x00007ff9b9920000 - 0x00007ff9b9934000 	C:\WINDOWS\SYSTEM32\UMPDC.dll
0x00007ff991160000 - 0x00007ff99117d000 	C:\WINDOWS\SYSTEM32\windows.staterepositorycore.dll
0x00007ff9b7e60000 - 0x00007ff9b7ea4000 	C:\WINDOWS\SYSTEM32\dxcore.dll
0x00007ff9b2690000 - 0x00007ff9b26ef000 	C:\WINDOWS\SYSTEM32\directxdatabasehelper.dll
0x00007ff8d74e0000 - 0x00007ff8d8037000 	C:\Program Files\WindowsApps\Microsoft.D3DMappingLayers_1.2605.1.0_x64__8wekyb3d8bbwe\x64\vulkan_dzn.dll
0x00007ff9aa640000 - 0x00007ff9aa64b000 	C:\WINDOWS\SYSTEM32\VERSION.dll
0x00007ff8d8040000 - 0x00007ff8dac2b000 	C:\WINDOWS\System32\DriverStore\FileRepository\nvacegpu.inf_amd64_0af8f5d55a9e9293\nvoglv64.dll
0x00007ff9bb8a0000 - 0x00007ff9bbd27000 	C:\WINDOWS\System32\SETUPAPI.dll
0x00007ff9b66a0000 - 0x00007ff9b66ca000 	C:\WINDOWS\SYSTEM32\WTSAPI32.dll
0x00007ff9b9e90000 - 0x00007ff9b9eda000 	C:\WINDOWS\SYSTEM32\SspiCli.dll
0x00007ff9ba590000 - 0x00007ff9ba5a3000 	C:\WINDOWS\SYSTEM32\msasn1.dll
0x00007ff9aa3d0000 - 0x00007ff9aa40d000 	C:\WINDOWS\SYSTEM32\cryptnet.dll
0x00007ff9a9f10000 - 0x00007ff9aa088000 	C:\WINDOWS\SYSTEM32\drvstore.dll
0x00007ff9baa30000 - 0x00007ff9baa5f000 	C:\WINDOWS\SYSTEM32\devobj.dll
0x00007ff9ba520000 - 0x00007ff9ba58a000 	C:\WINDOWS\SYSTEM32\wldp.dll
0x00007ff9ba480000 - 0x00007ff9ba48c000 	C:\WINDOWS\SYSTEM32\cryptbase.dll
0x00007ff9bad90000 - 0x00007ff9bae13000 	C:\WINDOWS\System32\wintrust.dll
0x00007ff9bd730000 - 0x00007ff9bd750000 	C:\WINDOWS\System32\imagehlp.dll
0x00007ff9ba460000 - 0x00007ff9ba47b000 	C:\WINDOWS\SYSTEM32\CRYPTSP.dll
0x00007ff9b9b70000 - 0x00007ff9b9ba9000 	C:\WINDOWS\system32\rsaenh.dll
0x00007ff9ba1e0000 - 0x00007ff9ba210000 	C:\WINDOWS\SYSTEM32\gpapi.dll
0x00007ff9bac80000 - 0x00007ff9baca9000 	C:\WINDOWS\SYSTEM32\profapi.dll
0x00007ff92d4a0000 - 0x00007ff92f68b000 	C:\WINDOWS\System32\DriverStore\FileRepository\nvacegpu.inf_amd64_0af8f5d55a9e9293\nvgpucomp64.dll
0x00007ff9b9d10000 - 0x00007ff9b9d46000 	C:\WINDOWS\SYSTEM32\ntmarta.dll
0x00007ff8d5cb0000 - 0x00007ff8d74e0000 	C:\WINDOWS\System32\DriverStore\FileRepository\iigd_dch.inf_amd64_438afae43f7267c8\igvk64.dll
0x00007ff9a6f60000 - 0x00007ff9a750a000 	C:\WINDOWS\System32\DriverStore\FileRepository\iigd_dch.inf_amd64_438afae43f7267c8\igdgmm64.dll
0x00007ff9a1450000 - 0x00007ff9a65f7000 	C:\WINDOWS\System32\DriverStore\FileRepository\iigd_dch.inf_amd64_438afae43f7267c8\igc64.dll
0x00007ff9bcb80000 - 0x00007ff9bcc2e000 	C:\WINDOWS\System32\clbcatq.dll
0x00007ff9b6c10000 - 0x00007ff9b6d7a000 	C:\Windows\System32\WinTypes.dll
0x00007ff98f7a0000 - 0x00007ff98f7d9000 	C:\WINDOWS\SYSTEM32\rometadata.dll
0x00007ff96cab0000 - 0x00007ff96cc1a000 	C:\Program Files\WindowsApps\Microsoft.D3DMappingLayers_1.2605.1.0_x64__8wekyb3d8bbwe\x64\DXIL.dll
0x00007ff9ab400000 - 0x00007ff9ab423000 	C:\WINDOWS\SYSTEM32\d3d12.dll
0x00007ff92c380000 - 0x00007ff92c6d7000 	C:\WINDOWS\SYSTEM32\D3D12Core.dll
0x00007ff9b8910000 - 0x00007ff9b9196000 	C:\WINDOWS\SYSTEM32\windows.storage.dll
0x00007ff947460000 - 0x00007ff947731000 	C:\WINDOWS\system32\nvspcap64.dll
0x00007ff928450000 - 0x00007ff92849d000 	C:\WINDOWS\SYSTEM32\ControlLib.dll
0x00007ff96bd60000 - 0x00007ff96be0c000 	C:\WINDOWS\System32\DriverStore\FileRepository\iigd_dch.inf_amd64_438afae43f7267c8\IntelControlLib.dll
0x00007ff96c940000 - 0x00007ff96caa1000 	C:\WINDOWS\System32\DriverStore\FileRepository\iigd_dch.inf_amd64_438afae43f7267c8\igvkMedia64.dll
0x00007ff984fb0000 - 0x00007ff986526000 	C:\WINDOWS\System32\DriverStore\FileRepository\iigd_dch.inf_amd64_438afae43f7267c8\igddxvacommon64.dll
0x00007ff982e00000 - 0x00007ff984e80000 	C:\WINDOWS\System32\DriverStore\FileRepository\iigd_dch.inf_amd64_438afae43f7267c8\media_bin_64.dll
0x00007ff9b1c10000 - 0x00007ff9b1ccc000 	C:\WINDOWS\System32\DriverStore\FileRepository\nvacegpu.inf_amd64_0af8f5d55a9e9293\nvldumdx.dll
0x00007ff8cd900000 - 0x00007ff8d2d10000 	C:\WINDOWS\System32\DriverStore\FileRepository\nvacegpu.inf_amd64_0af8f5d55a9e9293\nvwgf2umx.dll
0x00007ff991180000 - 0x00007ff9918b7000 	C:\WINDOWS\System32\DriverStore\FileRepository\nvacegpu.inf_amd64_0af8f5d55a9e9293\Display.NvContainer\MessageBus.dll
0x00007ff9bbd50000 - 0x00007ff9bbd5a000 	C:\WINDOWS\System32\NSI.dll
0x00007ff9b1fb0000 - 0x00007ff9b1fd5000 	C:\WINDOWS\SYSTEM32\dhcpcsvc.DLL
0x00007ff97fe20000 - 0x00007ff97ff00000 	C:\WINDOWS\SYSTEM32\D3DSCache.dll
0x00007ff9ba220000 - 0x00007ff9ba253000 	C:\WINDOWS\SYSTEM32\USERENV.dll
0x00007ff9b5e70000 - 0x00007ff9b6092000 	C:\WINDOWS\SYSTEM32\DComp.DLL
0x00007ff9b5100000 - 0x00007ff9b5119000 	C:\WINDOWS\SYSTEM32\Microsoft.Internal.WarpPal.dll
0x00007ff987c40000 - 0x00007ff987c9c000 	C:\WINDOWS\System32\DriverStore\FileRepository\iigd_dch.inf_amd64_438afae43f7267c8\igd12umd64.dll
0x00007ff8d3bc0000 - 0x00007ff8d5ca1000 	C:\WINDOWS\System32\DriverStore\FileRepository\iigd_dch.inf_amd64_438afae43f7267c8\igd12um64xel.dll
0x00007ff981d60000 - 0x00007ff981de3000 	C:\WINDOWS\System32\DriverStore\FileRepository\iigd_dch.inf_amd64_438afae43f7267c8\igdext64.dll
0x00007ff8e63b0000 - 0x00007ff8e6705000 	C:\WINDOWS\System32\DriverStore\FileRepository\iigd_dch.inf_amd64_438afae43f7267c8\igd12dxva64.dll
0x00007ff986e80000 - 0x00007ff986ea8000 	C:\WINDOWS\System32\DriverStore\FileRepository\iigd_dch.inf_amd64_438afae43f7267c8\igdinfo64.dll
0x00007ff962a90000 - 0x00007ff96303e000 	C:\WINDOWS\SYSTEM32\d3d10warp.dll
0x00007ff9bd8c0000 - 0x00007ff9bda1d000 	C:\WINDOWS\System32\MSCTF.dll
0x00007ff9b75d0000 - 0x00007ff9b76d6000 	C:\WINDOWS\SYSTEM32\PROPSYS.dll
0x00007ff9b91a0000 - 0x00007ff9b91af000 	C:\WINDOWS\SYSTEM32\hid.dll
0x00007ff9b4b90000 - 0x00007ff9b4bab000 	C:\WINDOWS\SYSTEM32\XInput1_4.dll
0x00007ff9927b0000 - 0x00007ff992994000 	C:\WINDOWS\SYSTEM32\inputhost.dll
0x00007ff9b66d0000 - 0x00007ff9b67f6000 	C:\WINDOWS\SYSTEM32\CoreMessaging.dll
0x00007ff9b1bc0000 - 0x00007ff9b1c0b000 	C:\Windows\System32\dinput8.dll
0x00007ff98b370000 - 0x00007ff98b4b7000 	C:\WINDOWS\SYSTEM32\textinputframework.dll
0x00007ff97f020000 - 0x00007ff97f0c7000 	C:\WINDOWS\System32\DriverStore\FileRepository\nvacegpu.inf_amd64_0af8f5d55a9e9293\NvCamera\NvCameraAllowlisting64.dll
0x00007ff98f040000 - 0x00007ff98f0cf000 	C:\Windows\System32\DispBroker.dll
0x00007ff99dfb0000 - 0x00007ff99e752000 	C:\WINDOWS\SYSTEM32\nvapi64.dll
0x00007ff9b2ff0000 - 0x00007ff9b3094000 	C:\WINDOWS\System32\MMDevApi.dll
0x00007ff992310000 - 0x00007ff9924c7000 	C:\WINDOWS\SYSTEM32\AUDIOSES.DLL
0x00007ff9b84f0000 - 0x00007ff9b8504000 	C:\WINDOWS\SYSTEM32\resourcepolicyclient.dll
0x00007ff969250000 - 0x00007ff96935c000 	C:\WINDOWS\SYSTEM32\opengl32.dll
0x00007ff9b1b40000 - 0x00007ff9b1b6d000 	C:\WINDOWS\SYSTEM32\GLU32.dll
0x00007ff8d3460000 - 0x00007ff8d3bb5000 	C:\WINDOWS\System32\DriverStore\FileRepository\nvacegpu.inf_amd64_0af8f5d55a9e9293\nvppex.dll
0x00007ff9b9450000 - 0x00007ff9b94b2000 	C:\WINDOWS\SYSTEM32\WINSTA.dll
0x00007ff9b5c00000 - 0x00007ff9b5e60000 	C:\WINDOWS\system32\d3d11.dll
0x00007ff9a9070000 - 0x00007ff9a9303000 	C:\WINDOWS\System32\DriverStore\FileRepository\iigd_dch.inf_amd64_438afae43f7267c8\igd10iumd64.dll
0x00007ff9b6db0000 - 0x00007ff9b6e50000 	C:\WINDOWS\SYSTEM32\apphelp.dll
0x00007ff9a7f50000 - 0x00007ff9a9063000 	C:\WINDOWS\System32\DriverStore\FileRepository\iigd_dch.inf_amd64_438afae43f7267c8\igd10um64xe.DLL
0x00007ff8b93b0000 - 0x00007ff8ba0cd000 	C:\Program Files\Java\jdk-21\bin\server\jvm.dll
0x00007ff99bb40000 - 0x00007ff99bb5e000 	C:\WINDOWS\SYSTEM32\VCRUNTIME140.dll
0x00007ff99af90000 - 0x00007ff99af9c000 	C:\WINDOWS\SYSTEM32\VCRUNTIME140_1.dll
0x00007ff9b4b80000 - 0x00007ff9b4b8a000 	C:\Program Files\Java\jdk-21\bin\jimage.dll
0x00007ff995760000 - 0x00007ff99579b000 	C:\WINDOWS\SYSTEM32\dbgcore.DLL
0x00007ff9b0740000 - 0x00007ff9b075f000 	C:\Program Files\Java\jdk-21\bin\java.dll
0x00007ff968ad0000 - 0x00007ff968ba7000 	C:\Program Files\Java\jdk-21\bin\jsvml.dll
0x00007ff9b1cf0000 - 0x00007ff9b1d00000 	C:\Program Files\Java\jdk-21\bin\net.dll
0x00007ff9b2040000 - 0x00007ff9b2169000 	C:\WINDOWS\SYSTEM32\WINHTTP.dll
0x00007ff9a9990000 - 0x00007ff9a99a6000 	C:\Program Files\Java\jdk-21\bin\nio.dll
0x00007ff9a0f60000 - 0x00007ff9a0f78000 	C:\Program Files\Java\jdk-21\bin\zip.dll
0x00007ff96be10000 - 0x00007ff96be6c000 	C:\WINDOWS\system32\dataexchange.dll

dbghelp: loaded successfully - version: 4.0.5 - missing functions: none
symbol engine: initialized successfully - sym options: 0x614 - pdb path: .;D:\Godot;C:\WINDOWS\SYSTEM32;C:\Program Files\WindowsApps\Microsoft.D3DMappingLayers_1.2605.1.0_x64__8wekyb3d8bbwe\x64;C:\WINDOWS\System32\DriverStore\FileRepository\nvacegpu.inf_amd64_0af8f5d55a9e9293;C:\WINDOWS\System32\DriverStore\FileRepository\iigd_dch.inf_amd64_438afae43f7267c8;C:\WINDOWS\System32\DriverStore\FileRepository\nvacegpu.inf_amd64_0af8f5d55a9e9293\Display.NvContainer;C:\WINDOWS\System32\DriverStore\FileRepository\nvacegpu.inf_amd64_0af8f5d55a9e9293\NvCamera;C:\Program Files\Java\jdk-21\bin\server;C:\Program Files\Java\jdk-21\bin

VM Arguments:
java_command: <unknown>
java_class_path (initial): <not set>
Launcher Type: generic

[Global flags]
     intx CICompilerCount                          = 12                                        {product} {ergonomic}
     uint ConcGCThreads                            = 3                                         {product} {ergonomic}
     uint G1ConcRefinementThreads                  = 13                                        {product} {ergonomic}
   size_t G1HeapRegionSize                         = 2097152                                   {product} {ergonomic}
    uintx GCDrainStackTargetSize                   = 64                                        {product} {ergonomic}
   size_t InitialHeapSize                          = 264241152                                 {product} {ergonomic}
   size_t MarkStackSize                            = 4194304                                   {product} {ergonomic}
   size_t MaxHeapSize                              = 4217372672                                {product} {ergonomic}
   size_t MaxNewSize                               = 2529165312                                {product} {ergonomic}
   size_t MinHeapDeltaBytes                        = 2097152                                   {product} {ergonomic}
   size_t MinHeapSize                              = 8388608                                   {product} {ergonomic}
    uintx NonNMethodCodeHeapSize                   = 7602480                                {pd product} {ergonomic}
    uintx NonProfiledCodeHeapSize                  = 122027880                              {pd product} {ergonomic}
    uintx ProfiledCodeHeapSize                     = 122027880                              {pd product} {ergonomic}
    uintx ReservedCodeCacheSize                    = 251658240                              {pd product} {ergonomic}
     bool SegmentedCodeCache                       = true                                      {product} {ergonomic}
   size_t SoftMaxHeapSize                          = 4217372672                             {manageable} {ergonomic}
     bool UseCompressedOops                        = true                           {product lp64_product} {ergonomic}
     bool UseG1GC                                  = true                                      {product} {ergonomic}
     bool UseLargePagesIndividualAllocation        = false                                  {pd product} {ergonomic}

Logging:
Log output configuration:
 #0: stdout all=warning uptime,level,tags foldmultilines=false
 #1: stderr all=off uptime,level,tags foldmultilines=false

Environment Variables:
JAVA_HOME=C:\Program Files\Java\jdk-21
PATH=C:\Program Files\Eclipse Adoptium\jdk-25.0.2.10-hotspot\bin;C:\Program Files\Common Files\Oracle\Java\javapath;C:\MinGW\bin;C:\Windows;C:\Windows\System32\Wbem;C:\Windows\System32\WindowsPowerShell\v1.0\;C:\Windows\System32\OpenSSH\;C:\Program Files (x86)\NVIDIA Corporation\PhysX\Common;C:\Program Files\NVIDIA Corporation\NVIDIA NvDLISR;C:\Program Files\Microsoft SQL Server\150\Tools\Binn\;C:\Program Files\Microsoft SQL Server\Client SDK\ODBC\170\Tools\Binn\;C:\Program Files\dotnet\;C:\Program Files (x86)\Windows Kits\10\Windows Performance Toolkit\;C:\Users\ADMIN\Downloads\winlibs-x86_64-posix-seh-gcc-12.1.0-mingw-w64msvcrt-10.0.0-r3.zip\mingw64\bin;C:\Program Files\nodejs\;C:\ProgramData\chocolatey\bin;C:\WINDOWS\system32;C:\WINDOWS;C:\WINDOWS\System32\Wbem;C:\WINDOWS\System32\WindowsPowerShell\v1.0\;C:\WINDOWS\System32\OpenSSH\;D:\Git\cmd;C:\Program Files\Java\jdk-21\bin;C:\Program Files (x86)\Microsoft SQL Server\170\Tools\Binn\;C:\Program Files\Microsoft SQL Server\170\Tools\Binn\;C:\Program Files\Microsoft SQL Server\Client SDK\ODBC\180\Tools\Binn\;C:\Program Files\Microsoft SQL Server\170\DTS\Binn\;C:\Program Files (x86)\Microsoft SQL Server\160\DTS\Binn\;C:\Users\ADMIN\AppData\Local\Microsoft\WindowsApps;C:\Users\ADMIN\.dotnet\tools;C:\TDM-GCC-64\bin;C:\Microsoft VS Code\bin;C:\Users\ADMIN\AppData\Roaming\npm;C:\Git\bin;C:\Users\ADMIN\anaconda3\Lib\site-packages\pyarrow\src\arrow\python;C:\Users\ADMIN\AppData\Local\Programs\Microsoft VS Code\bin;D:\Antigravity\bin;C:\Users\ADMIN\AppData\Local\Programs\Antigravity IDE\bin;D:\Antigravity IDE\bin
USERNAME=ADMIN
OS=Windows_NT
PROCESSOR_IDENTIFIER=Intel64 Family 6 Model 186 Stepping 2, GenuineIntel
TMP=C:\Users\ADMIN\AppData\Local\Temp
TEMP=C:\Users\ADMIN\AppData\Local\Temp




Periodic native trim disabled

---------------  S Y S T E M  ---------------

OS:
 Windows 11 , 64 bit Build 26100 (10.0.26100.8553)
OS uptime: 0 days 1:40 hours
Hyper-V role detected

CPU: total 16 (initial active 16) (8 cores per cpu, 2 threads per core) family 6 model 186 stepping 2 microcode 0x5105, cx8, cmov, fxsr, ht, mmx, 3dnowpref, sse, sse2, sse3, ssse3, sse4.1, sse4.2, popcnt, lzcnt, tsc, tscinvbit, avx, avx2, aes, erms, clmul, bmi1, bmi2, adx, sha, fma, vzeroupper, clflush, clflushopt, clwb, hv, serialize, rdtscp, rdpid, fsrm, f16c, cet_ibt, cet_ss
Processor Information for processor 0
  Max Mhz: 2400, Current Mhz: 1520, Mhz Limit: 2400
Processor Information for processor 1
  Max Mhz: 2400, Current Mhz: 2400, Mhz Limit: 2400
Processor Information for processor 2
  Max Mhz: 2400, Current Mhz: 1520, Mhz Limit: 2400
Processor Information for processor 3
  Max Mhz: 2400, Current Mhz: 1520, Mhz Limit: 2400
Processor Information for processor 4
  Max Mhz: 2400, Current Mhz: 1520, Mhz Limit: 2400
Processor Information for processor 5
  Max Mhz: 2400, Current Mhz: 2400, Mhz Limit: 2400
Processor Information for processor 6
  Max Mhz: 2400, Current Mhz: 2400, Mhz Limit: 2400
Processor Information for processor 7
  Max Mhz: 2400, Current Mhz: 1520, Mhz Limit: 2400
Processor Information for processor 8
  Max Mhz: 2400, Current Mhz: 1520, Mhz Limit: 2400
Processor Information for processor 9
  Max Mhz: 2400, Current Mhz: 1520, Mhz Limit: 2400
Processor Information for processor 10
  Max Mhz: 2400, Current Mhz: 2400, Mhz Limit: 2400
Processor Information for processor 11
  Max Mhz: 2400, Current Mhz: 1520, Mhz Limit: 2400
Processor Information for processor 12
  Max Mhz: 2400, Current Mhz: 1466, Mhz Limit: 2400
Processor Information for processor 13
  Max Mhz: 2400, Current Mhz: 1466, Mhz Limit: 2400
Processor Information for processor 14
  Max Mhz: 2400, Current Mhz: 1466, Mhz Limit: 2400
Processor Information for processor 15
  Max Mhz: 2400, Current Mhz: 1466, Mhz Limit: 2400

Memory: 4k page, system-wide physical 16087M (5316M free)
TotalPageFile size 20439M (AvailPageFile size 3621M)
current process WorkingSet (physical memory assigned to process): 727M, peak: 727M
current process commit charge ("private bytes"): 1001M, peak: 1001M

vm_info: Java HotSpot(TM) 64-Bit Server VM (21.0.9+7-LTS-338) for windows-amd64 JRE (21.0.9+7-LTS-338), built on 2025-09-26T06:33:49Z by "mach5run" with MS VC++ 17.6 (VS2022)

END.
