#
# A fatal error has been detected by the Java Runtime Environment:
#
#  EXCEPTION_ACCESS_VIOLATION (0xc0000005) at pc=0x000000002e747069, pid=2264, tid=6684
#
# JRE version: Java(TM) SE Runtime Environment (21.0.9+7) (build 21.0.9+7-LTS-338)
# Java VM: Java HotSpot(TM) 64-Bit Server VM (21.0.9+7-LTS-338, mixed mode, sharing, tiered, compressed oops, compressed class ptrs, g1 gc, windows-amd64)
# Problematic frame:
# C  [godot.windows.editor.x86_64.jvm.0.14.3.exe+0x3420607]  Node2D::get_global_position+0x187
#
# No core dump will be written. Minidumps are not enabled by default on client versions of Windows
#
# If you would like to submit a bug report, please visit:
#   https://bugreport.java.com/bugreport/crash.jsp
# The crash happened outside the Java Virtual Machine in native code.
# See problematic frame for where to report the bug.
#

---------------  S U M M A R Y ------------

Command Line: 

Host: 13th Gen Intel(R) Core(TM) i7-13620H, 16 cores, 15G,  Windows 11 , 64 bit Build 26100 (10.0.26100.8553)
Time: Wed Jun  3 16:39:48 2026 SE Asia Standard Time elapsed time: 10.441116 seconds (0d 0h 0m 10s)

---------------  T H R E A D  ---------------

Current thread (0x0000012e35184d60):  JavaThread "main"             [_thread_in_native, id=6684, stack(0x0000000100400000,0x0000000100c00000) (8192K)]

Stack: [0x0000000100400000,0x0000000100c00000],  sp=0x0000000100bfe2c0,  free space=8184k
Native frames: (J=compiled Java code, j=interpreted, Vv=VM code, C=native code)
C  0x000000002e747069

Java frames: (J=compiled Java code, j=interpreted, Vv=VM code)
J 1071  godot.internal.memory.TransferContext.icall(JJI)V (0 bytes) @ 0x0000012e46bec078 [0x0000012e46bec020+0x0000000000000058]
J 1497 c2 godot.api.Node2D.getGlobalPosition()Lgodot/core/Vector2; (54 bytes) @ 0x0000012e46c1c444 [0x0000012e46c1c2e0+0x0000000000000164]
J 1556 c1 game.items.weapons.Weapon.getClosestTarget()Lgodot/api/Node2D; (115 bytes) @ 0x0000012e3f2d291c [0x0000012e3f2d2580+0x000000000000039c]
J 1445 c2 godot.entry.WeaponRegistrar$register$1$1$2.invoke(Ljava/lang/Object;Ljava/lang/Object;)Ljava/lang/Object; (19 bytes) @ 0x0000012e46c0d640 [0x0000012e46c0c540+0x0000000000001100]
J 1339 c2 godot.core.KtFunction.invoke(Lgodot/core/KtObject;)V (79 bytes) @ 0x0000012e46bff698 [0x0000012e46bff1c0+0x00000000000004d8]
v  ~StubRoutines::call_stub 0x0000012e4642100d

siginfo: EXCEPTION_ACCESS_VIOLATION (0xc0000005), data execution prevention violation at address 0x000000002e747069


Registers:
RAX=0x00007ff768ade758, RBX=0x0000012e9d636cc0, RCX=0x0000012e9d636cc0, RDX=0x0000000100bfe318
RSP=0x0000000100bfe2b8, RBP=0x0000000100bfe3c9, RSI=0x0000012e16819980, RDI=0x0000000100bfe3a0
R8 =0x0000000000000000, R9 =0x00007ff7639a0480, R10=0x00007ff9c00a87c0, R11=0x0000000100bfe748
R12=0x0000012e9d636cc0, R13=0x0000012e2f003470, R14=0x0000000000000000, R15=0x0000000100bfe488
RIP=0x000000002e747069, EFLAGS=0x0000000000010202


Register to memory mapping:

RAX=0x00007ff768ade758 godot.windows.editor.x86_64.jvm.0.14.3.exe::Object::`vftable' + 0x0
RBX=0x0000012e9d636cc0 points into unknown readable memory: 0x00007ff768ade758 | 58 e7 ad 68 f7 7f 00 00
RCX=0x0000012e9d636cc0 points into unknown readable memory: 0x00007ff768ade758 | 58 e7 ad 68 f7 7f 00 00
RDX=0x0000000100bfe318 is pointing into the stack for thread: 0x0000012e35184d60
RSP=0x0000000100bfe2b8 is pointing into the stack for thread: 0x0000012e35184d60
RBP=0x0000000100bfe3c9 is pointing into the stack for thread: 0x0000012e35184d60
RSI=0x0000012e16819980 points into unknown readable memory: 0x0000000000000000 | 00 00 00 00 00 00 00 00
RDI=0x0000000100bfe3a0 is pointing into the stack for thread: 0x0000012e35184d60
R8 =0x0 is null
R9 =0x00007ff7639a0480 godot.windows.editor.x86_64.jvm.0.14.3.exe::Node2D::get_global_position + 0x0
R10=0x00007ff9c00a87c0 jvm.dll
R11=0x0000000100bfe748 is pointing into the stack for thread: 0x0000012e35184d60
R12=0x0000012e9d636cc0 points into unknown readable memory: 0x00007ff768ade758 | 58 e7 ad 68 f7 7f 00 00
R13=0x0000012e2f003470 points into unknown readable memory: 0x00007ff76857f998 | 98 f9 57 68 f7 7f 00 00
R14=0x0 is null
R15=0x0000000100bfe488 is pointing into the stack for thread: 0x0000012e35184d60

Top of Stack: (sp=0x0000000100bfe2b8)
0x0000000100bfe2b8:   00007ff7639a0607 0000000100000000
0x0000000100bfe2c8:   3f8000003f800000 0000012e9e60bff0
0x0000000100bfe2d8:   0000000100bfe318 0000012e16819f50
0x0000000100bfe2e8:   0000012e368492b0 0000205c00000001
0x0000000100bfe2f8:   0000012e2f003070 0000012e9e42f180
0x0000000100bfe308:   0000000000000000 0000012e00000000
0x0000000100bfe318:   bdc6a7babec6afe3 bec6afe33dc6a7ba
0x0000000100bfe328:   439f9e5c43b57cd7 0000205c95b49e51
0x0000000100bfe338:   43bb05f300000000 0000000100bfe4a0
0x0000000100bfe348:   00007ff76399ff02 0000000700000000
0x0000000100bfe358:   43bb05f343f6dc0c 00007ff765f54498
0x0000000100bfe368:   0000000000000000 3f7c71c71c71c71d
0x0000000100bfe378:   0000000000000000 0000012e35184d60
0x0000000100bfe388:   0000012e58016638 0000000000000000
0x0000000100bfe398:   0000000000000000 439f9e5c43b57cd7
0x0000000100bfe3a8:   0000012e98481208 0000000100bfe420
0x0000000100bfe3b8:   0000012e00000000 0000000100bfe4a0
0x0000000100bfe3c8:   00007ff7613cdc77 0000205c95b49fc1
0x0000000100bfe3d8:   0000000000000000 00000000000001c0
0x0000000100bfe3e8:   00007ff760580000 0000000000000000
0x0000000100bfe3f8:   0000000000000000 0000012e2f003470
0x0000000100bfe408:   0000012e1681ab50 0000000100bfe520
0x0000000100bfe418:   00007ff7613d0a38 0000000704cce8f8
0x0000000100bfe428:   00000007056cc018 0000012e34cb0130
0x0000000100bfe438:   0000012e16819f50 0000000000000000
0x0000000100bfe448:   0000000100bfe488 0000000000000000
0x0000000100bfe458:   0000000714014e80 00000007056c0e38
0x0000000100bfe468:   0000012e3f24bc9c 0000000700000000
0x0000000100bfe478:   0000012e2f003470 0000012e9d636cc0
0x0000000100bfe488:   0000000000000000 0000012e00000000
0x0000000100bfe498:   0000012e35185120 0000000700000000
0x0000000100bfe4a8:   0000000000000000 0000000000000000 

Instructions: (pc=0x00007ff7639a0607)
0x00007ff7639a0507:   44 24 60 80 00 00 00 48 8d 05 0b 53 ac 04 33 f6
0x00007ff7639a0517:   48 8d 54 24 58 48 89 44 24 58 48 8d 4c 24 40 48
0x00007ff7639a0527:   89 74 24 40 e8 70 a5 a4 01 4c 8b c3 48 8d 54 24
0x00007ff7639a0537:   40 48 8d 4c 24 48 e8 3e 99 bf fc 89 74 24 30 4c
0x00007ff7639a0547:   8d 0d 03 2b b5 04 40 88 74 24 28 48 8d 15 2f ee
0x00007ff7639a0557:   bd 04 41 b8 22 01 00 00 48 89 44 24 20 48 8d 0d
0x00007ff7639a0567:   fd ef bd 04 e8 80 33 a4 01 48 8d 4c 24 48 e8 86
0x00007ff7639a0577:   8e bf fc 48 8b 44 24 40 48 85 c0 74 6d 48 8d 48
0x00007ff7639a0587:   f0 8b d6 48 0f 45 d1 48 c7 c0 ff ff ff ff f0 48
0x00007ff7639a0597:   0f c1 02 48 83 f8 01 75 51 48 8b 4c 24 40 33 d2
0x00007ff7639a05a7:   48 83 c1 f0 48 89 74 24 40 e8 7b 43 a4 01 48 39
0x00007ff7639a05b7:   74 24 40 74 35 89 74 24 30 48 8d 05 09 30 5b 02
0x00007ff7639a05c7:   40 88 74 24 28 4c 8d 0d 45 30 5b 02 41 b8 0e 01
0x00007ff7639a05d7:   00 00 48 89 44 24 20 48 8d 15 eb 2e 5b 02 48 8d
0x00007ff7639a05e7:   0d 54 30 5b 02 e8 3f 30 a4 01 48 89 37 eb 18 48
0x00007ff7639a05f7:   8b 03 48 8d 54 24 58 48 8b cb ff 90 b8 02 00 00
0x00007ff7639a0607:   48 8b 40 10 48 89 07 48 8b c7 48 8b 4c 24 70 48
0x00007ff7639a0617:   33 cc e8 c2 f2 50 02 4c 8d 9c 24 80 00 00 00 49
0x00007ff7639a0627:   8b 5b 20 49 8b 73 28 49 8b e3 5f c3 cc cc cc cc
0x00007ff7639a0637:   cc cc cc cc cc cc cc cc cc 48 89 5c 24 10 57 48
0x00007ff7639a0647:   81 ec 80 00 00 00 48 8b 05 ac 8e a7 05 48 33 c4
0x00007ff7639a0657:   48 89 44 24 70 65 48 8b 04 25 58 00 00 00 48 8b
0x00007ff7639a0667:   d9 8b 0d 5a 24 e1 05 48 8b 3c c8 b8 1c 19 00 00
0x00007ff7639a0677:   80 3c 38 00 75 05 e8 4e f3 50 02 b8 f0 12 00 00
0x00007ff7639a0687:   48 83 3c 38 00 0f 85 1c 01 00 00 e8 f9 15 cc 01
0x00007ff7639a0697:   84 c0 0f 85 0f 01 00 00 48 83 bb 48 02 00 00 00
0x00007ff7639a06a7:   0f 84 01 01 00 00 48 8d 54 24 50 48 8b cb e8 b6
0x00007ff7639a06b7:   e2 55 ff 48 8b d8 48 c7 44 24 60 80 00 00 00 48
0x00007ff7639a06c7:   8d 05 53 51 ac 04 33 ff 48 8d 54 24 58 48 89 44
0x00007ff7639a06d7:   24 58 48 8d 4c 24 40 48 89 7c 24 40 e8 b8 a3 a4
0x00007ff7639a06e7:   01 4c 8b c3 48 8d 54 24 40 48 8d 4c 24 48 e8 86
0x00007ff7639a06f7:   97 bf fc 89 7c 24 30 4c 8d 0d 3b df ac 04 40 88 


Stack slot to memory mapping:

stack at sp + 0 slots: 0x0000000100000000 is an unknown value
stack at sp + 1 slots: 0x3f8000003f800000 is an unknown value
stack at sp + 2 slots: 0x0000012e9e60bff0 points into unknown readable memory: 0x00007ff766a1adf8 | f8 ad a1 66 f7 7f 00 00
stack at sp + 3 slots: 0x0000000100bfe318 is pointing into the stack for thread: 0x0000012e35184d60
stack at sp + 4 slots: 0x0000012e16819f50 points into unknown readable memory: 0x0000000000000000 | 00 00 00 00 00 00 00 00
stack at sp + 5 slots: 0x0000012e368492b0 points into unknown readable memory: 0x00007ff766a1adf8 | f8 ad a1 66 f7 7f 00 00
stack at sp + 6 slots: 0x0000205c00000001 is an unknown value
stack at sp + 7 slots: 0x0000012e2f003070 points into unknown readable memory: 0x00007ff76857f8f8 | f8 f8 57 68 f7 7f 00 00


Compiled method (n/a)   10548 1071     n 0       godot.internal.memory.TransferContext::icall (native)
 total in heap  [0x0000012e46bebe90,0x0000012e46bec240] = 944
 relocation     [0x0000012e46bebff0,0x0000012e46bec020] = 48
 main code      [0x0000012e46bec020,0x0000012e46bec237] = 535
 stub code      [0x0000012e46bec237,0x0000012e46bec238] = 1
 oops           [0x0000012e46bec238,0x0000012e46bec240] = 8

[Constant Pool (empty)]

[MachCode]
[Entry Point]
  # {method} {0x0000012e9846c0b8} 'icall' '(JJI)V' in 'godot/internal/memory/TransferContext'
  # this:     rdx:rdx   = 'godot/internal/memory/TransferContext'
  # parm0:    r8:r8     = long
  # parm1:    r9:r9     = long
  # parm2:    rdi       = int
  #           [sp+0x70]  (sp of caller)
  0x0000012e46bec020: 448b 5208 | 49bb 0000 | 0057 2e01 | 0000 4d03 | d349 3bc2 | 0f84 0600 

  0x0000012e46bec038: ;   {runtime_call ic_miss_stub}
  0x0000012e46bec038: 0000 e941 | 2788 ff90 
[Verified Entry Point]
  0x0000012e46bec040: 8984 2400 | 80ff ff55 | 488b ec48 | 83ec 6090 | 4181 7f20 | 0300 0000 

  0x0000012e46bec058: ;   {runtime_call StubRoutines (final stubs)}
  0x0000012e46bec058: 7405 e801 | 8d86 ff48 | 897c 2420 | 4889 5424 | 2848 83fa | 0048 8d54 | 2428 480f | 4454 2428 
  0x0000012e46bec078: ;   {internal_word}
  0x0000012e46bec078: c5f8 7749 | ba78 c0be | 462e 0100 | 004d 8997 | a803 0000 | 4989 a7a0 

  0x0000012e46bec090: ;   {external_word}
  0x0000012e46bec090: 0300 0049 | bac0 870a | c0f9 7f00 | 0041 803a | 000f 844e | 0000 0052 | 4150 4151 

  0x0000012e46bec0ac: ;   {metadata({method} {0x0000012e9846c0b8} 'icall' '(JJI)V' in 'godot/internal/memory/TransferContext')}
  0x0000012e46bec0ac: 48ba b0c0 | 4698 2e01 | 0000 498b | cf48 83ec | 2040 f6c4 | 0f0f 8419 | 0000 0048 

  0x0000012e46bec0c8: ;   {runtime_call}
  0x0000012e46bec0c8: 83ec 0848 | b890 1ebb | bff9 7f00 | 00ff d048 | 83c4 08e9 | 0c00 0000 

  0x0000012e46bec0e0: ;   {runtime_call}
  0x0000012e46bec0e0: 48b8 901e | bbbf f97f | 0000 ffd0 | 4883 c420 | 4159 4158 | 5a49 8d8f | c003 0000 | 41c7 874c 
  0x0000012e46bec100: 0400 0004 

  0x0000012e46bec104: ;   {runtime_call TransferContext::icall}
  0x0000012e46bec104: 0000 0048 | b870 043d | 61f7 7f00 | 00ff d0c5 | f877 41c7 | 874c 0400 | 0005 0000 | 00f0 8344 
  0x0000012e46bec124: 24c0 0049 | 3baf 5004 | 0000 0f87 | 0e00 0000 | 4183 bf48 | 0400 0000 | 0f84 2300 | 0000 c5f8 
  0x0000012e46bec144: 7749 8bcf | 4c8b e448 | 83ec 2048 

  0x0000012e46bec150: ;   {runtime_call}
  0x0000012e46bec150: 83e4 f048 | b860 cb86 | bff9 7f00 | 00ff d049 | 8be4 4d33 | e441 c787 | 4c04 0000 | 0800 0000 
  0x0000012e46bec170: 4183 bfc8 | 0400 0002 | 0f84 9400 

  0x0000012e46bec17c: ;   {external_word}
  0x0000012e46bec17c: 0000 49ba | c087 0ac0 | f97f 0000 | 4180 3a00 | 0f84 4400 

  0x0000012e46bec190: ;   {metadata({method} {0x0000012e9846c0b8} 'icall' '(JJI)V' in 'godot/internal/memory/TransferContext')}
  0x0000012e46bec190: 0000 48ba | b0c0 4698 | 2e01 0000 | 498b cf48 | 83ec 2040 | f6c4 0f0f | 8419 0000 | 0048 83ec 
  0x0000012e46bec1b0: ;   {runtime_call}
  0x0000012e46bec1b0: 0848 b890 | 1ebb bff9 | 7f00 00ff | d048 83c4 | 08e9 0c00 

  0x0000012e46bec1c4: ;   {runtime_call}
  0x0000012e46bec1c4: 0000 48b8 | 901e bbbf | f97f 0000 | ffd0 4883 | c420 49c7 | 87a0 0300 | 0000 0000 | 0049 c787 
  0x0000012e46bec1e4: a803 0000 | 0000 0000 | c5f8 7749 | 8b8f 3004 | 0000 c781 | 0001 0000 | 0000 0000 | c949 837f 
  0x0000012e46bec204: 0800 0f85 | 0100 0000 

  0x0000012e46bec20c: ;   {runtime_call StubRoutines (initial stubs)}
  0x0000012e46bec20c: c3e9 ee4c | 83ff c5f8 | 774c 8be4 | 4883 ec20 | 4883 e4f0 

  0x0000012e46bec220: ;   {runtime_call}
  0x0000012e46bec220: 48b8 4056 | bbbf f97f | 0000 ffd0 | 498b e44d | 33e4 e947 | ffff fff4 
[/MachCode]


Compiled method (c2)   10566 1497       4       godot.api.Node2D::getGlobalPosition (54 bytes)
 total in heap  [0x0000012e46c1c090,0x0000012e46c1d608] = 5496
 relocation     [0x0000012e46c1c1f0,0x0000012e46c1c2d8] = 232
 main code      [0x0000012e46c1c2e0,0x0000012e46c1ca30] = 1872
 stub code      [0x0000012e46c1ca30,0x0000012e46c1ca78] = 72
 oops           [0x0000012e46c1ca78,0x0000012e46c1cab0] = 56
 metadata       [0x0000012e46c1cab0,0x0000012e46c1cc70] = 448
 scopes data    [0x0000012e46c1cc70,0x0000012e46c1d2c8] = 1624
 scopes pcs     [0x0000012e46c1d2c8,0x0000012e46c1d4f8] = 560
 dependencies   [0x0000012e46c1d4f8,0x0000012e46c1d530] = 56
 handler table  [0x0000012e46c1d530,0x0000012e46c1d5c0] = 144
 nul chk table  [0x0000012e46c1d5c0,0x0000012e46c1d608] = 72

[Constant Pool (empty)]

[MachCode]
[Entry Point]
  # {method} {0x0000012e98718a58} 'getGlobalPosition' '()Lgodot/core/Vector2;' in 'godot/api/Node2D'
  #           [sp+0x50]  (sp of caller)
  0x0000012e46c1c2e0: 448b 5208 | 49bb 0000 | 0057 2e01 | 0000 4d03 | d349 3bc2 

  0x0000012e46c1c2f4: ;   {runtime_call ic_miss_stub}
  0x0000012e46c1c2f4: 0f85 8624 | 85ff 6690 | 0f1f 4000 
[Verified Entry Point]
  0x0000012e46c1c300: 8984 2400 | 80ff ff55 | 4883 ec40 | 4181 7f20 | 0300 0000 | 0f85 0c07 | 0000 4889 

  0x0000012e46c1c31c: ;   {oop(a 'kotlin/reflect/KProperty'[1] {0x0000000704a010c0})}
  0x0000012e46c1c31c: 1424 49ba | c010 a004 | 0700 0000 | 458b 5210 | 4585 d20f | 84e7 0400 

  0x0000012e46c1c334: ;   {oop(a 'godot/common/util/ThreadLocalDelegate'{0x0000000704a010d8})}
  0x0000012e46c1c334: 0049 bad8 | 10a0 0407 | 0000 0041 | 8b6a 1045 | 8b54 ec08 

  0x0000012e46c1c348: ;   {metadata('java/lang/ThreadLocal$SuppliedThreadLocal')}
  0x0000012e46c1c348: 4181 fa68 | 3f04 010f | 8554 0300 | 0049 8d1c | ec4d 8b97 | 8803 0000 | 4d8b 0a41 | 8b49 4c41 
  0x0000012e46c1c368: 8b6c cc14 

  0x0000012e46c1c36c: ; implicit exception: dispatches to 0x0000012e46c1c944
  0x0000012e46c1c36c: 458b 44ec | 0c45 8d50 | ff44 2353 | 0c45 85c0 | 0f86 3a03 | 0000 4d8d | 1cec 478b | 5c93 1045 
  0x0000012e46c1c38c: 85db 0f84 | 7502 0000 | 438b 7cdc | 0c4c 8bc7 | 49c1 e003 | 4c3b c30f | 85bf 0300 | 004b 8d04 
  0x0000012e46c1c3ac: dc44 8b58 | 1c4d 8bd3 | 49c1 e203 

  0x0000012e46c1c3b8: ; implicit exception: dispatches to 0x0000012e46c1c958
  0x0000012e46c1c3b8: 458b 5a08 

  0x0000012e46c1c3bc: ;   {metadata('java/nio/DirectByteBuffer')}
  0x0000012e46c1c3bc: 4181 fb78 | 0b1c 000f | 8534 0500 | 0041 8b6a | 1c41 c742 | 0cff ffff | ff45 8962 | 1883 fd04 
  0x0000012e46c1c3dc: 0f8c 5604 | 0000 41c7 | 4218 0400 | 0000 458b | 5a24 498b | 4a10 4585 | db0f 85e9 | 0200 0041 
  0x0000012e46c1c3fc: 0fb6 6a2d | 85ed 0f85 | b403 0000 | 4c89 4c24 | 084c 8b14 | 244d 8b42 | 104c 8bd1 

  0x0000012e46c1c418: ;   {oop(a 'godot/core/VariantParser$VECTOR2'{0x0000000704bbfd08})}
  0x0000012e46c1c418: 4589 2249 | ba08 fdbb | 0407 0000 | 0041 8b7a | 1849 b970 | 3400 2f2e 

  0x0000012e46c1c430: ;   {oop(a 'godot/internal/memory/TransferContext'{0x0000000704a010f0})}
  0x0000012e46c1c430: 0100 0048 | baf0 10a0 | 0407 0000 

  0x0000012e46c1c43c: ;   {optimized virtual_call}
  0x0000012e46c1c43c: 0066 90e8 

  0x0000012e46c1c440: ; ImmutableOopMap {[8]=Oop }
                      ;*invokespecial icall {reexecute=0 rethrow=0 return_oop=0}
                      ; - godot.internal.memory.TransferContext::callMethod@17 (line 79)
                      ; - godot.api.Node2D::getGlobalPosition@29 (line 476)
  0x0000012e46c1c440: fcfb fcff 

  0x0000012e46c1c444: ;   {other}
  0x0000012e46c1c444: 0f1f 8400 | b403 0000 

  0x0000012e46c1c44c: ;   {oop(a 'kotlin/reflect/KProperty'[1] {0x0000000704a010c0})}
  0x0000012e46c1c44c: 49ba c010 | a004 0700 | 0000 418b | 6a10 85ed | 0f84 f203 

  0x0000012e46c1c460: ;   {oop(a 'godot/common/util/ThreadLocalDelegate'{0x0000000704a010d8})}
  0x0000012e46c1c460: 0000 49ba | d810 a004 | 0700 0000 | 458b 4210 

  0x0000012e46c1c470: ; implicit exception: dispatches to 0x0000012e46c1c970
  0x0000012e46c1c470: 478b 5cc4 

  0x0000012e46c1c474: ;   {metadata('java/lang/ThreadLocal$SuppliedThreadLocal')}
  0x0000012e46c1c474: 0841 81fb | 683f 0401 | 0f85 8e02 | 0000 4c8b | 5424 0841 | 8b4a 4c49 | c1e0 0341 | 8b6c cc14 
  0x0000012e46c1c494: ; implicit exception: dispatches to 0x0000012e46c1c984
  0x0000012e46c1c494: 458b 54ec | 0c45 8d5a | ff45 2358 | 0c45 85d2 | 0f86 7e02 | 0000 4d8d | 14ec 438b | 6c9a 1085 
  0x0000012e46c1c4b4: ed0f 8484 | 0100 0045 | 8b54 ec0c | 49c1 e203 | 4d3b d00f | 85cf 0200 | 0049 8d04 | ec44 8b50 
  0x0000012e46c1c4d4: 1c4d 8bc2 | 49c1 e003 

  0x0000012e46c1c4dc: ; implicit exception: dispatches to 0x0000012e46c1c998
  0x0000012e46c1c4dc: 458b 5008 

  0x0000012e46c1c4e0: ;   {metadata('java/nio/DirectByteBuffer')}
  0x0000012e46c1c4e0: 4181 fa78 | 0b1c 000f | 852b 0400 | 0045 8b50 | 1c44 8954 | 2418 41c7 | 400c ffff | ffff 4589 
  0x0000012e46c1c500: 6018 4183 | fa04 0f8c | 5c03 0000 | 41c7 4018 | 0400 0000 | 458b 5824 | 4d8b 5010 | 4c89 5424 
  0x0000012e46c1c520: 1045 85db | 0f85 1e02 | 0000 450f | b658 2d41 | 8b0a 4585 | db0f 85a5 

  0x0000012e46c1c538: ;   {oop(a 'godot/core/VariantParser$VECTOR2'{0x0000000704bbfd08})}
  0x0000012e46c1c538: 0200 0049 | ba08 fdbb | 0407 0000 | 0041 8b6a | 183b cd0f | 85b3 0200 | 0049 8b87 | b801 0000 
  0x0000012e46c1c558: 4c8b d049 | 83c2 204d | 3b97 c801 | 0000 0f83 | 1801 0000 | 4d89 97b8 | 0100 0041 | 0f0d 8ac0 
  0x0000012e46c1c578: 0000 0048 | c700 0100 

  0x0000012e46c1c580: ;   {metadata('godot/core/Vector2')}
  0x0000012e46c1c580: 0000 c740 | 0810 8402 | 0144 8960 | 0c4c 8960 | 104c 8960 | 188b 6c24 | 1883 c5fc | 83fd 040f 
  0x0000012e46c1c5a0: 8cdf 0200 | 004c 8b54 | 2410 458b | 5204 41c7 | 4018 0800 | 0000 448b | 5c24 1841 | 83c3 f8c4 
  0x0000012e46c1c5c0: c179 6ec2 | c5fa 5ac0 | 4183 fb04 | 0f8c d602 | 0000 c5fb | 1140 1041 | c740 180c | 0000 004c 
  0x0000012e46c1c5e0: 8b54 2410 | 458b 5208 | c4c1 796e | cac5 fa5a | c1c5 fb11 | 4018 4883 

  0x0000012e46c1c5f8: ;   {poll_return}
  0x0000012e46c1c5f8: c440 5d49 | 3ba7 5004 | 0000 0f87 | 0804 0000 | c34c 894c | 2408 488b | eb49 8d14 | cc4c 8bc3 
  0x0000012e46c1c618: 458b ca33 

  0x0000012e46c1c61c: ;   {optimized virtual_call}
  0x0000012e46c1c61c: ff66 90e8 

  0x0000012e46c1c620: ; ImmutableOopMap {rbp=Oop [0]=Oop [8]=Oop }
                      ;*invokevirtual getEntryAfterMiss {reexecute=0 rethrow=0 return_oop=1}
                      ; - java.lang.ThreadLocal$ThreadLocalMap::getEntry@38 (line 504)
                      ; - java.lang.ThreadLocal::get@12 (line 187)
                      ; - java.lang.ThreadLocal::get@4 (line 172)
                      ; - godot.common.util.ThreadLocalDelegate::getValue@10 (line 7)
                      ; - godot.internal.memory.TransferContext::getBuffer@9 (line 28)
                      ; - godot.internal.memory.TransferContext::writeArguments@7 (line 34)
                      ; - godot.api.Node2D::getGlobalPosition@7 (line 475)
  0x0000012e46c1c620: 5c24 85ff 

  0x0000012e46c1c624: ;   {other}
  0x0000012e46c1c624: 0f1f 8400 | 9405 0001 | 4885 c00f | 849f 0200 | 004c 8b4c | 2408 e96e | fdff ff49 | 8d14 cc45 
  0x0000012e46c1c644: 8bcb 33ff | 4c89 4424 

  0x0000012e46c1c64c: ;   {optimized virtual_call}
  0x0000012e46c1c64c: 1066 90e8 

  0x0000012e46c1c650: ; ImmutableOopMap {[8]=Oop [16]=Oop }
                      ;*invokevirtual getEntryAfterMiss {reexecute=0 rethrow=0 return_oop=1}
                      ; - java.lang.ThreadLocal$ThreadLocalMap::getEntry@38 (line 504)
                      ; - java.lang.ThreadLocal::get@12 (line 187)
                      ; - java.lang.ThreadLocal::get@4 (line 172)
                      ; - godot.common.util.ThreadLocalDelegate::getValue@10 (line 7)
                      ; - godot.internal.memory.TransferContext::getBuffer@9 (line 28)
                      ; - godot.internal.memory.TransferContext::readReturnValue@7 (line 73)
                      ; - godot.api.Node2D::getGlobalPosition@41 (line 477)
  0x0000012e46c1c650: 2c24 85ff 

  0x0000012e46c1c654: ;   {other}
  0x0000012e46c1c654: 0f1f 8400 | c405 0002 | 4885 c00f | 856c feff | ff48 8b54 | 2410 4c8b 

  0x0000012e46c1c66c: ;   {optimized virtual_call}
  0x0000012e46c1c66c: 4424 08e8 

  0x0000012e46c1c670: ; ImmutableOopMap {}
                      ;*invokevirtual setInitialValue {reexecute=0 rethrow=0 return_oop=1}
                      ; - java.lang.ThreadLocal::get@31 (line 194)
                      ; - java.lang.ThreadLocal::get@4 (line 172)
                      ; - godot.common.util.ThreadLocalDelegate::getValue@10 (line 7)
                      ; - godot.internal.memory.TransferContext::getBuffer@9 (line 28)
                      ; - godot.internal.memory.TransferContext::readReturnValue@7 (line 73)
                      ; - godot.api.Node2D::getGlobalPosition@41 (line 477)
  0x0000012e46c1c670: 0c24 85ff 

  0x0000012e46c1c674: ;   {other}
  0x0000012e46c1c674: 0f1f 8400 | e405 0003 | 4c8b c0e9 | 58fe ffff 

  0x0000012e46c1c684: ;   {metadata('godot/core/Vector2')}
  0x0000012e46c1c684: 48ba 1084 | 0258 2e01 | 0000 4c89 

  0x0000012e46c1c690: ;   {runtime_call _new_instance_Java}
  0x0000012e46c1c690: 0424 90e8 

  0x0000012e46c1c694: ; ImmutableOopMap {[0]=Oop }
                      ;*new {reexecute=0 rethrow=0 return_oop=1}
                      ; - godot.core.VariantKt::getVector2@0 (line 19)
                      ; - godot.core.VariantKt::access$getVector2@1 (line 1)
                      ; - godot.core.VariantParser$VECTOR2::toUnsafeKotlin@7 (line 176)
                      ; - godot.core.VariantParser$VECTOR2::toUnsafeKotlin@2 (line 175)
                      ; - godot.core.VariantParser::toKotlin@21 (line 479)
                      ; - godot.internal.memory.TransferContext::readReturnValue@20 (line 75)
                      ; - godot.api.Node2D::getGlobalPosition@41 (line 477)
  0x0000012e46c1c694: e802 92ff 

  0x0000012e46c1c698: ;   {other}
  0x0000012e46c1c698: 0f1f 8400 | 0806 0004 | 4c8b 0424 | e9ec feff | ffba deff 

  0x0000012e46c1c6ac: ;   {runtime_call UncommonTrapBlob}
  0x0000012e46c1c6ac: ffff 90e8 

  0x0000012e46c1c6b0: ; ImmutableOopMap {rbp=NarrowOop [0]=Oop }
                      ;*invokevirtual get {reexecute=0 rethrow=0 return_oop=0}
                      ; - godot.common.util.ThreadLocalDelegate::getValue@10 (line 7)
                      ; - godot.internal.memory.TransferContext::getBuffer@9 (line 28)
                      ; - godot.internal.memory.TransferContext::writeArguments@7 (line 34)
                      ; - godot.api.Node2D::getGlobalPosition@7 (line 475)
  0x0000012e46c1c6b0: 4c7f 85ff 

  0x0000012e46c1c6b4: ;   {other}
  0x0000012e46c1c6b4: 0f1f 8400 | 2406 0005 | bae4 ffff | ff4c 894c | 2410 894c | 2418 4889 | 5c24 2044 | 8954 2428 
  0x0000012e46c1c6d4: ;   {runtime_call UncommonTrapBlob}
  0x0000012e46c1c6d4: 6666 90e8 

  0x0000012e46c1c6d8: ; ImmutableOopMap {rbp=NarrowOop [0]=Oop [16]=Oop [24]=NarrowOop [32]=Oop }
                      ;*aaload {reexecute=0 rethrow=0 return_oop=0}
                      ; - java.lang.ThreadLocal$ThreadLocalMap::getEntry@18 (line 500)
                      ; - java.lang.ThreadLocal::get@12 (line 187)
                      ; - java.lang.ThreadLocal::get@4 (line 172)
                      ; - godot.common.util.ThreadLocalDelegate::getValue@10 (line 7)
                      ; - godot.internal.memory.TransferContext::getBuffer@9 (line 28)
                      ; - godot.internal.memory.TransferContext::writeArguments@7 (line 34)
                      ; - godot.api.Node2D::getGlobalPosition@7 (line 475)
  0x0000012e46c1c6d8: 247f 85ff 

  0x0000012e46c1c6dc: ;   {other}
  0x0000012e46c1c6dc: 0f1f 8400 | 4c06 0006 | baec ffff | ff48 8b2c | 244c 8954 | 2408 4c89 | 5424 1048 | 894c 2418 
  0x0000012e46c1c6fc: 4489 5c24 

  0x0000012e46c1c700: ;   {runtime_call UncommonTrapBlob}
  0x0000012e46c1c700: 2866 90e8 

  0x0000012e46c1c704: ; ImmutableOopMap {rbp=Oop [8]=Oop [16]=Oop [40]=NarrowOop }
                      ;*ifnull {reexecute=1 rethrow=0 return_oop=0}
                      ; - (reexecute) java.nio.Buffer::session@4 (line 792)
                      ; - java.nio.DirectByteBuffer::putInt@7 (line 773)
                      ; - java.nio.DirectByteBuffer::putInt@11 (line 785)
                      ; - godot.internal.memory.TransferContext::writeArguments@21 (line 36)
                      ; - godot.api.Node2D::getGlobalPosition@7 (line 475)
  0x0000012e46c1c704: f87e 85ff 

  0x0000012e46c1c708: ;   {other}
  0x0000012e46c1c708: 0f1f 8400 | 7806 0007 | bade ffff | ff41 8be8 

  0x0000012e46c1c718: ;   {runtime_call UncommonTrapBlob}
  0x0000012e46c1c718: 6666 90e8 

  0x0000012e46c1c71c: ; ImmutableOopMap {rbp=NarrowOop }
                      ;*invokevirtual get {reexecute=0 rethrow=0 return_oop=0}
                      ; - godot.common.util.ThreadLocalDelegate::getValue@10 (line 7)
                      ; - godot.internal.memory.TransferContext::getBuffer@9 (line 28)
                      ; - godot.internal.memory.TransferContext::readReturnValue@7 (line 73)
                      ; - godot.api.Node2D::getGlobalPosition@41 (line 477)
  0x0000012e46c1c71c: e07e 85ff 

  0x0000012e46c1c720: ;   {other}
  0x0000012e46c1c720: 0f1f 8400 | 9006 0008 | bae4 ffff | ff89 4c24 | 104c 8944 | 2418 4489 

  0x0000012e46c1c738: ;   {runtime_call UncommonTrapBlob}
  0x0000012e46c1c738: 5c24 20e8 

  0x0000012e46c1c73c: ; ImmutableOopMap {rbp=NarrowOop [8]=Oop [16]=NarrowOop [24]=Oop }
                      ;*aaload {reexecute=0 rethrow=0 return_oop=0}
                      ; - java.lang.ThreadLocal$ThreadLocalMap::getEntry@18 (line 500)
                      ; - java.lang.ThreadLocal::get@12 (line 187)
                      ; - java.lang.ThreadLocal::get@4 (line 172)
                      ; - godot.common.util.ThreadLocalDelegate::getValue@10 (line 7)
                      ; - godot.internal.memory.TransferContext::getBuffer@9 (line 28)
                      ; - godot.internal.memory.TransferContext::readReturnValue@7 (line 73)
                      ; - godot.api.Node2D::getGlobalPosition@41 (line 477)
  0x0000012e46c1c73c: c07e 85ff 

  0x0000012e46c1c740: ;   {other}
  0x0000012e46c1c740: 0f1f 8400 | b006 0009 | baec ffff | ff4c 8904 | 244c 8944 | 2408 4489 

  0x0000012e46c1c758: ;   {runtime_call UncommonTrapBlob}
  0x0000012e46c1c758: 5c24 20e8 

  0x0000012e46c1c75c: ; ImmutableOopMap {[0]=Oop [8]=Oop [32]=NarrowOop }
                      ;*ifnull {reexecute=1 rethrow=0 return_oop=0}
                      ; - (reexecute) java.nio.Buffer::session@4 (line 792)
                      ; - java.nio.DirectByteBuffer::getInt@4 (line 744)
                      ; - java.nio.DirectByteBuffer::getInt@10 (line 753)
                      ; - godot.core.VariantKt::getVariantType@1 (line 104)
                      ; - godot.core.VariantKt::access$getVariantType@1 (line 1)
                      ; - godot.core.VariantParser::toKotlin@7 (line 477)
                      ; - godot.internal.memory.TransferContext::readReturnValue@20 (line 75)
                      ; - godot.api.Node2D::getGlobalPosition@41 (line 477)
  0x0000012e46c1c75c: a07e 85ff 

  0x0000012e46c1c760: ;   {other}
  0x0000012e46c1c760: 0f1f 8400 | d006 000a | ba45 ffff | ff33 ed4c | 3bc3 400f | 94c5 4c89 | 4c24 1089 | 4c24 1848 
  0x0000012e46c1c780: 895c 2420 | 4489 5424 | 1c44 895c 

  0x0000012e46c1c78c: ;   {runtime_call UncommonTrapBlob}
  0x0000012e46c1c78c: 2428 90e8 

  0x0000012e46c1c790: ; ImmutableOopMap {[0]=Oop [16]=Oop [24]=NarrowOop [32]=Oop [40]=NarrowOop }
                      ;*ifeq {reexecute=1 rethrow=0 return_oop=0}
                      ; - (reexecute) java.lang.ThreadLocal$ThreadLocalMap::getEntry@29 (line 501)
                      ; - java.lang.ThreadLocal::get@12 (line 187)
                      ; - java.lang.ThreadLocal::get@4 (line 172)
                      ; - godot.common.util.ThreadLocalDelegate::getValue@10 (line 7)
                      ; - godot.internal.memory.TransferContext::getBuffer@9 (line 28)
                      ; - godot.internal.memory.TransferContext::writeArguments@7 (line 34)
                      ; - godot.api.Node2D::getGlobalPosition@7 (line 475)
  0x0000012e46c1c790: 6c7e 85ff 

  0x0000012e46c1c794: ;   {other}
  0x0000012e46c1c794: 0f1f 8400 | 0407 000b | ba45 ffff | ff89 4c24 | 104c 8944 | 2418 4489 

  0x0000012e46c1c7ac: ;   {runtime_call UncommonTrapBlob}
  0x0000012e46c1c7ac: 5c24 14e8 

  0x0000012e46c1c7b0: ; ImmutableOopMap {rbp=NarrowOop [8]=Oop [16]=NarrowOop [24]=Oop }
                      ;*ifeq {reexecute=1 rethrow=0 return_oop=0}
                      ; - (reexecute) java.lang.ThreadLocal$ThreadLocalMap::getEntry@29 (line 501)
                      ; - java.lang.ThreadLocal::get@12 (line 187)
                      ; - java.lang.ThreadLocal::get@4 (line 172)
                      ; - godot.common.util.ThreadLocalDelegate::getValue@10 (line 7)
                      ; - godot.internal.memory.TransferContext::getBuffer@9 (line 28)
                      ; - godot.internal.memory.TransferContext::readReturnValue@7 (line 73)
                      ; - godot.api.Node2D::getGlobalPosition@41 (line 477)
  0x0000012e46c1c7b0: 4c7e 85ff 

  0x0000012e46c1c7b4: ;   {other}
  0x0000012e46c1c7b4: 0f1f 8400 | 2407 000c | ba45 ffff | ff4c 8954 | 2410 4c89 | 5424 1848 | 894c 2420 

  0x0000012e46c1c7d0: ;   {runtime_call UncommonTrapBlob}
  0x0000012e46c1c7d0: 6666 90e8 

  0x0000012e46c1c7d4: ; ImmutableOopMap {[0]=Oop [16]=Oop [24]=Oop }
                      ;*if_icmpne {reexecute=1 rethrow=0 return_oop=0}
                      ; - (reexecute) jdk.internal.misc.Unsafe::convEndian@4 (line 3818)
                      ; - jdk.internal.misc.Unsafe::putIntUnaligned@7 (line 3698)
                      ; - jdk.internal.misc.ScopedMemoryAccess::putIntUnalignedInternal@17 (line 1930)
                      ; - jdk.internal.misc.ScopedMemoryAccess::putIntUnaligned@8 (line 1918)
                      ; - java.nio.DirectByteBuffer::putInt@18 (line 773)
                      ; - java.nio.DirectByteBuffer::putInt@11 (line 785)
                      ; - godot.internal.memory.TransferContext::writeArguments@21 (line 36)
                      ; - godot.api.Node2D::getGlobalPosition@7 (line 475)
  0x0000012e46c1c7d4: 287e 85ff 

  0x0000012e46c1c7d8: ;   {other}
  0x0000012e46c1c7d8: 0f1f 8400 | 4807 000d | ba45 ffff | ff4c 8904 | 244c 8944 | 2408 894c | 2410 4489 

  0x0000012e46c1c7f4: ;   {runtime_call UncommonTrapBlob}
  0x0000012e46c1c7f4: 5c24 14e8 

  0x0000012e46c1c7f8: ; ImmutableOopMap {[0]=Oop [8]=Oop }
                      ;*if_icmpne {reexecute=1 rethrow=0 return_oop=0}
                      ; - (reexecute) jdk.internal.misc.Unsafe::convEndian@4 (line 3818)
                      ; - jdk.internal.misc.Unsafe::getIntUnaligned@8 (line 3575)
                      ; - jdk.internal.misc.ScopedMemoryAccess::getIntUnalignedInternal@15 (line 1909)
                      ; - jdk.internal.misc.ScopedMemoryAccess::getIntUnaligned@6 (line 1897)
                      ; - java.nio.DirectByteBuffer::getInt@13 (line 744)
                      ; - java.nio.DirectByteBuffer::getInt@10 (line 753)
                      ; - godot.core.VariantKt::getVariantType@1 (line 104)
                      ; - godot.core.VariantKt::access$getVariantType@1 (line 1)
                      ; - godot.core.VariantParser::toKotlin@7 (line 477)
                      ; - godot.internal.memory.TransferContext::readReturnValue@20 (line 75)
                      ; - godot.api.Node2D::getGlobalPosition@41 (line 477)
  0x0000012e46c1c7f8: 047e 85ff 

  0x0000012e46c1c7fc: ;   {other}
  0x0000012e46c1c7fc: 0f1f 8400 | 6c07 000e | ba45 ffff | ff89 4c24 

  0x0000012e46c1c80c: ;   {runtime_call UncommonTrapBlob}
  0x0000012e46c1c80c: 0466 90e8 

  0x0000012e46c1c810: ; ImmutableOopMap {}
                      ;*if_icmpne {reexecute=1 rethrow=0 return_oop=0}
                      ; - (reexecute) godot.core.VariantParser::toKotlin@16 (line 478)
                      ; - godot.internal.memory.TransferContext::readReturnValue@20 (line 75)
                      ; - godot.api.Node2D::getGlobalPosition@41 (line 477)
  0x0000012e46c1c810: ec7d 85ff 

  0x0000012e46c1c814: ;   {other}
  0x0000012e46c1c814: 0f1f 8400 | 8407 000f | ba45 ffff | ff48 8b2c | 2444 8914 

  0x0000012e46c1c828: ;   {runtime_call UncommonTrapBlob}
  0x0000012e46c1c828: 2466 90e8 

  0x0000012e46c1c82c: ; ImmutableOopMap {rbp=Oop [0]=NarrowOop }
                      ;*ifnonnull {reexecute=1 rethrow=0 return_oop=0}
                      ; - (reexecute) kotlin.jvm.internal.Intrinsics::checkNotNullParameter@1 (line 130)
                      ; - godot.common.util.ThreadLocalDelegate::getValue@3
                      ; - godot.internal.memory.TransferContext::getBuffer@9 (line 28)
                      ; - godot.internal.memory.TransferContext::writeArguments@7 (line 34)
                      ; - godot.api.Node2D::getGlobalPosition@7 (line 475)
  0x0000012e46c1c82c: d07d 85ff 

  0x0000012e46c1c830: ;   {other}
  0x0000012e46c1c830: 0f1f 8400 | a007 0010 | ba45 ffff | ff4c 8954 | 2410 4c89 

  0x0000012e46c1c844: ;   {runtime_call UncommonTrapBlob}
  0x0000012e46c1c844: 5424 18e8 

  0x0000012e46c1c848: ; ImmutableOopMap {[0]=Oop [16]=Oop [24]=Oop }
                      ;*if_icmpge {reexecute=1 rethrow=0 return_oop=0}
                      ; - (reexecute) java.nio.Buffer::nextPutIndex@12 (line 743)
                      ; - java.nio.DirectByteBuffer::putInt@4 (line 785)
                      ; - godot.internal.memory.TransferContext::writeArguments@21 (line 36)
                      ; - godot.api.Node2D::getGlobalPosition@7 (line 475)
  0x0000012e46c1c848: b47d 85ff 

  0x0000012e46c1c84c: ;   {other}
  0x0000012e46c1c84c: 0f1f 8400 | bc07 0011 | ba45 ffff 

  0x0000012e46c1c858: ;   {runtime_call UncommonTrapBlob}
  0x0000012e46c1c858: ff66 90e8 

  0x0000012e46c1c85c: ; ImmutableOopMap {rbp=NarrowOop }
                      ;*ifnonnull {reexecute=1 rethrow=0 return_oop=0}
                      ; - (reexecute) kotlin.jvm.internal.Intrinsics::checkNotNullParameter@1 (line 130)
                      ; - godot.common.util.ThreadLocalDelegate::getValue@3
                      ; - godot.internal.memory.TransferContext::getBuffer@9 (line 28)
                      ; - godot.internal.memory.TransferContext::readReturnValue@7 (line 73)
                      ; - godot.api.Node2D::getGlobalPosition@41 (line 477)
  0x0000012e46c1c85c: a07d 85ff 

  0x0000012e46c1c860: ;   {other}
  0x0000012e46c1c860: 0f1f 8400 | d007 0012 | ba45 ffff | ff4c 8904 | 244c 8944 

  0x0000012e46c1c874: ;   {runtime_call UncommonTrapBlob}
  0x0000012e46c1c874: 2408 90e8 

  0x0000012e46c1c878: ; ImmutableOopMap {[0]=Oop [8]=Oop }
                      ;*if_icmpge {reexecute=1 rethrow=0 return_oop=0}
                      ; - (reexecute) java.nio.Buffer::nextGetIndex@12 (line 720)
                      ; - java.nio.DirectByteBuffer::getInt@4 (line 753)
                      ; - godot.core.VariantKt::getVariantType@1 (line 104)
                      ; - godot.core.VariantKt::access$getVariantType@1 (line 1)
                      ; - godot.core.VariantParser::toKotlin@7 (line 477)
                      ; - godot.internal.memory.TransferContext::readReturnValue@20 (line 75)
                      ; - godot.api.Node2D::getGlobalPosition@41 (line 477)
  0x0000012e46c1c878: 847d 85ff 

  0x0000012e46c1c87c: ;   {other}
  0x0000012e46c1c87c: 0f1f 8400 | ec07 0013 | ba45 ffff | ff48 8944 | 2410 4c89 | 4424 184c | 8944 2420 

  0x0000012e46c1c898: ;   {runtime_call UncommonTrapBlob}
  0x0000012e46c1c898: 6666 90e8 

  0x0000012e46c1c89c: ; ImmutableOopMap {[16]=Oop [24]=Oop [32]=Oop }
                      ;*if_icmpge {reexecute=1 rethrow=0 return_oop=0}
                      ; - (reexecute) java.nio.Buffer::nextGetIndex@12 (line 720)
                      ; - java.nio.DirectByteBuffer::getFloat@4 (line 953)
                      ; - godot.core.VariantKt::getVector2@5 (line 19)
                      ; - godot.core.VariantKt::access$getVector2@1 (line 1)
                      ; - godot.core.VariantParser$VECTOR2::toUnsafeKotlin@7 (line 176)
                      ; - godot.core.VariantParser$VECTOR2::toUnsafeKotlin@2 (line 175)
                      ; - godot.core.VariantParser::toKotlin@21 (line 479)
                      ; - godot.internal.memory.TransferContext::readReturnValue@20 (line 75)
                      ; - godot.api.Node2D::getGlobalPosition@41 (line 477)
  0x0000012e46c1c89c: 607d 85ff 

  0x0000012e46c1c8a0: ;   {other}
  0x0000012e46c1c8a0: 0f1f 8400 | 1008 0014 | ba45 ffff | ff48 8904 | 24c5 fb11 | 4424 084c | 8944 2418 | 4c89 4424 
  0x0000012e46c1c8c0: 2044 895c 

  0x0000012e46c1c8c4: ;   {runtime_call UncommonTrapBlob}
  0x0000012e46c1c8c4: 2428 90e8 

  0x0000012e46c1c8c8: ; ImmutableOopMap {[0]=Oop [24]=Oop [32]=Oop }
                      ;*if_icmpge {reexecute=1 rethrow=0 return_oop=0}
                      ; - (reexecute) java.nio.Buffer::nextGetIndex@12 (line 720)
                      ; - java.nio.DirectByteBuffer::getFloat@4 (line 953)
                      ; - godot.core.VariantKt::getVector2@14 (line 19)
                      ; - godot.core.VariantKt::access$getVector2@1 (line 1)
                      ; - godot.core.VariantParser$VECTOR2::toUnsafeKotlin@7 (line 176)
                      ; - godot.core.VariantParser$VECTOR2::toUnsafeKotlin@2 (line 175)
                      ; - godot.core.VariantParser::toKotlin@21 (line 479)
                      ; - godot.internal.memory.TransferContext::readReturnValue@20 (line 75)
                      ; - godot.api.Node2D::getGlobalPosition@41 (line 477)
  0x0000012e46c1c8c8: 347d 85ff 

  0x0000012e46c1c8cc: ;   {other}
  0x0000012e46c1c8cc: 0f1f 8400 | 3c08 0015 | 488b d54c | 8b44 2408 | 488b 2c24 

  0x0000012e46c1c8e0: ;   {optimized virtual_call}
  0x0000012e46c1c8e0: 6666 90e8 

  0x0000012e46c1c8e4: ; ImmutableOopMap {rbp=Oop [0]=Oop [8]=Oop }
                      ;*invokevirtual setInitialValue {reexecute=0 rethrow=0 return_oop=1}
                      ; - java.lang.ThreadLocal::get@31 (line 194)
                      ; - java.lang.ThreadLocal::get@4 (line 172)
                      ; - godot.common.util.ThreadLocalDelegate::getValue@10 (line 7)
                      ; - godot.internal.memory.TransferContext::getBuffer@9 (line 28)
                      ; - godot.internal.memory.TransferContext::writeArguments@7 (line 34)
                      ; - godot.api.Node2D::getGlobalPosition@7 (line 475)
  0x0000012e46c1c8e4: 9821 85ff 

  0x0000012e46c1c8e8: ;   {other}
  0x0000012e46c1c8e8: 0f1f 8400 | 5808 0016 | 4c8b 4c24 | 084c 8bd0 | e9bb faff | ffba deff | ffff 488b | 2c24 4c89 
  0x0000012e46c1c908: ;   {runtime_call UncommonTrapBlob}
  0x0000012e46c1c908: 1424 90e8 

  0x0000012e46c1c90c: ; ImmutableOopMap {rbp=Oop [0]=Oop }
                      ;*checkcast {reexecute=0 rethrow=0 return_oop=0}
                      ; - godot.internal.memory.TransferContext::getBuffer@12 (line 28)
                      ; - godot.internal.memory.TransferContext::writeArguments@7 (line 34)
                      ; - godot.api.Node2D::getGlobalPosition@7 (line 475)
  0x0000012e46c1c90c: f07c 85ff 

  0x0000012e46c1c910: ;   {other}
  0x0000012e46c1c910: 0f1f 8400 | 8008 0017 | bade ffff | ff49 8be8 

  0x0000012e46c1c920: ;   {runtime_call UncommonTrapBlob}
  0x0000012e46c1c920: 6666 90e8 

  0x0000012e46c1c924: ; ImmutableOopMap {rbp=Oop }
                      ;*checkcast {reexecute=0 rethrow=0 return_oop=0}
                      ; - godot.internal.memory.TransferContext::getBuffer@12 (line 28)
                      ; - godot.internal.memory.TransferContext::readReturnValue@7 (line 73)
                      ; - godot.api.Node2D::getGlobalPosition@41 (line 477)
  0x0000012e46c1c924: d87c 85ff 

  0x0000012e46c1c928: ;   {other}
  0x0000012e46c1c928: 0f1f 8400 | 9808 0018 | baf6 ffff 

  0x0000012e46c1c934: ;   {runtime_call UncommonTrapBlob}
  0x0000012e46c1c934: ff66 90e8 

  0x0000012e46c1c938: ; ImmutableOopMap {}
                      ;*invokevirtual get {reexecute=0 rethrow=0 return_oop=0}
                      ; - godot.common.util.ThreadLocalDelegate::getValue@10 (line 7)
                      ; - godot.internal.memory.TransferContext::getBuffer@9 (line 28)
                      ; - godot.internal.memory.TransferContext::writeArguments@7 (line 34)
                      ; - godot.api.Node2D::getGlobalPosition@7 (line 475)
  0x0000012e46c1c938: c47c 85ff 

  0x0000012e46c1c93c: ;   {other}
  0x0000012e46c1c93c: 0f1f 8400 | ac08 0019 | baf6 ffff 

  0x0000012e46c1c948: ;   {runtime_call UncommonTrapBlob}
  0x0000012e46c1c948: ff66 90e8 

  0x0000012e46c1c94c: ; ImmutableOopMap {}
                      ;*arraylength {reexecute=0 rethrow=0 return_oop=0}
                      ; - java.lang.ThreadLocal$ThreadLocalMap::getEntry@8 (line 499)
                      ; - java.lang.ThreadLocal::get@12 (line 187)
                      ; - java.lang.ThreadLocal::get@4 (line 172)
                      ; - godot.common.util.ThreadLocalDelegate::getValue@10 (line 7)
                      ; - godot.internal.memory.TransferContext::getBuffer@9 (line 28)
                      ; - godot.internal.memory.TransferContext::writeArguments@7 (line 34)
                      ; - godot.api.Node2D::getGlobalPosition@7 (line 475)
  0x0000012e46c1c94c: b07c 85ff 

  0x0000012e46c1c950: ;   {other}
  0x0000012e46c1c950: 0f1f 8400 | c008 001a | baf4 ffff | ff48 8b2c 

  0x0000012e46c1c960: ;   {runtime_call UncommonTrapBlob}
  0x0000012e46c1c960: 2466 90e8 

  0x0000012e46c1c964: ; ImmutableOopMap {rbp=Oop }
                      ;*checkcast {reexecute=0 rethrow=0 return_oop=0}
                      ; - godot.internal.memory.TransferContext::getBuffer@12 (line 28)
                      ; - godot.internal.memory.TransferContext::writeArguments@7 (line 34)
                      ; - godot.api.Node2D::getGlobalPosition@7 (line 475)
  0x0000012e46c1c964: 987c 85ff 

  0x0000012e46c1c968: ;   {other}
  0x0000012e46c1c968: 0f1f 8400 | d808 001b | baf6 ffff 

  0x0000012e46c1c974: ;   {runtime_call UncommonTrapBlob}
  0x0000012e46c1c974: ff66 90e8 

  0x0000012e46c1c978: ; ImmutableOopMap {}
                      ;*invokevirtual get {reexecute=0 rethrow=0 return_oop=0}
                      ; - godot.common.util.ThreadLocalDelegate::getValue@10 (line 7)
                      ; - godot.internal.memory.TransferContext::getBuffer@9 (line 28)
                      ; - godot.internal.memory.TransferContext::readReturnValue@7 (line 73)
                      ; - godot.api.Node2D::getGlobalPosition@41 (line 477)
  0x0000012e46c1c978: 847c 85ff 

  0x0000012e46c1c97c: ;   {other}
  0x0000012e46c1c97c: 0f1f 8400 | ec08 001c | baf6 ffff 

  0x0000012e46c1c988: ;   {runtime_call UncommonTrapBlob}
  0x0000012e46c1c988: ff66 90e8 

  0x0000012e46c1c98c: ; ImmutableOopMap {}
                      ;*arraylength {reexecute=0 rethrow=0 return_oop=0}
                      ; - java.lang.ThreadLocal$ThreadLocalMap::getEntry@8 (line 499)
                      ; - java.lang.ThreadLocal::get@12 (line 187)
                      ; - java.lang.ThreadLocal::get@4 (line 172)
                      ; - godot.common.util.ThreadLocalDelegate::getValue@10 (line 7)
                      ; - godot.internal.memory.TransferContext::getBuffer@9 (line 28)
                      ; - godot.internal.memory.TransferContext::readReturnValue@7 (line 73)
                      ; - godot.api.Node2D::getGlobalPosition@41 (line 477)
  0x0000012e46c1c98c: 707c 85ff 

  0x0000012e46c1c990: ;   {other}
  0x0000012e46c1c990: 0f1f 8400 | 0009 001d | baf4 ffff 

  0x0000012e46c1c99c: ;   {runtime_call UncommonTrapBlob}
  0x0000012e46c1c99c: ff66 90e8 

  0x0000012e46c1c9a0: ; ImmutableOopMap {}
                      ;*checkcast {reexecute=0 rethrow=0 return_oop=0}
                      ; - godot.internal.memory.TransferContext::getBuffer@12 (line 28)
                      ; - godot.internal.memory.TransferContext::readReturnValue@7 (line 73)
                      ; - godot.api.Node2D::getGlobalPosition@41 (line 477)
  0x0000012e46c1c9a0: 5c7c 85ff 

  0x0000012e46c1c9a4: ;   {other}
  0x0000012e46c1c9a4: 0f1f 8400 | 1409 001e | ba45 ffff | ff48 8b2c | 2448 891c | 244c 894c | 2408 894c 

  0x0000012e46c1c9c0: ;   {runtime_call UncommonTrapBlob}
  0x0000012e46c1c9c0: 2414 90e8 

  0x0000012e46c1c9c4: ; ImmutableOopMap {rbp=Oop [0]=Oop [8]=Oop [20]=NarrowOop }
                      ;*ifnull {reexecute=1 rethrow=0 return_oop=0}
                      ; - (reexecute) java.lang.ThreadLocal::get@7 (line 186)
                      ; - java.lang.ThreadLocal::get@4 (line 172)
                      ; - godot.common.util.ThreadLocalDelegate::getValue@10 (line 7)
                      ; - godot.internal.memory.TransferContext::getBuffer@9 (line 28)
                      ; - godot.internal.memory.TransferContext::writeArguments@7 (line 34)
                      ; - godot.api.Node2D::getGlobalPosition@7 (line 475)
  0x0000012e46c1c9c4: 387c 85ff 

  0x0000012e46c1c9c8: ;   {other}
  0x0000012e46c1c9c8: 0f1f 8400 | 3809 001f | ba45 ffff | ff49 8be8 | 4c89 1424 | 894c 240c 

  0x0000012e46c1c9e0: ;   {runtime_call UncommonTrapBlob}
  0x0000012e46c1c9e0: 6666 90e8 

  0x0000012e46c1c9e4: ; ImmutableOopMap {rbp=Oop [0]=Oop [12]=NarrowOop }
                      ;*ifnull {reexecute=1 rethrow=0 return_oop=0}
                      ; - (reexecute) java.lang.ThreadLocal::get@7 (line 186)
                      ; - java.lang.ThreadLocal::get@4 (line 172)
                      ; - godot.common.util.ThreadLocalDelegate::getValue@10 (line 7)
                      ; - godot.internal.memory.TransferContext::getBuffer@9 (line 28)
                      ; - godot.internal.memory.TransferContext::readReturnValue@7 (line 73)
                      ; - godot.api.Node2D::getGlobalPosition@41 (line 477)
  0x0000012e46c1c9e4: 187c 85ff 

  0x0000012e46c1c9e8: ;   {other}
  0x0000012e46c1c9e8: 0f1f 8400 | 5809 0020 | eb07 eb0a | 488b d0eb | 0d48 8bd0 | eb08 488b | d0eb 0348 | 8bd0 4883 
  0x0000012e46c1ca08: ;   {runtime_call _rethrow_Java}
  0x0000012e46c1ca08: c440 5de9 | 702d a4ff 

  0x0000012e46c1ca10: ;   {internal_word}
  0x0000012e46c1ca10: 49ba fbc5 | c146 2e01 | 0000 4d89 | 9768 0400 

  0x0000012e46c1ca20: ;   {runtime_call SafepointBlob}
  0x0000012e46c1ca20: 00e9 da8c 

  0x0000012e46c1ca24: ;   {runtime_call StubRoutines (final stubs)}
  0x0000012e46c1ca24: 85ff e835 | 8383 ffe9 | eaf8 ffff 
[Stub Code]
  0x0000012e46c1ca30: ;   {no_reloc}
  0x0000012e46c1ca30: 48bb 0000 | 0000 0000 

  0x0000012e46c1ca38: ;   {runtime_call}
  0x0000012e46c1ca38: 0000 e9fb 

  0x0000012e46c1ca3c: ;   {static_stub}
  0x0000012e46c1ca3c: ffff ff48 | bb00 0000 | 0000 0000 

  0x0000012e46c1ca48: ;   {runtime_call}
  0x0000012e46c1ca48: 00e9 fbff 

  0x0000012e46c1ca4c: ;   {static_stub}
  0x0000012e46c1ca4c: ffff 48bb | 0000 0000 | 0000 0000 

  0x0000012e46c1ca58: ;   {runtime_call}
  0x0000012e46c1ca58: e9fb ffff 

  0x0000012e46c1ca5c: ;   {runtime_call ExceptionBlob}
  0x0000012e46c1ca5c: ffe9 1e02 | 92ff e800 | 0000 0048 | 832c 2405 

  0x0000012e46c1ca6c: ;   {runtime_call DeoptimizationBlob}
  0x0000012e46c1ca6c: e92f 7f85 | fff4 f4f4 | f4f4 f4f4 
[/MachCode]


Compiled method (c1)   10580 1556       3       game.items.weapons.Weapon::getClosestTarget (115 bytes)
 total in heap  [0x0000012e3f2d2310,0x0000012e3f2d3248] = 3896
 relocation     [0x0000012e3f2d2470,0x0000012e3f2d2578] = 264
 main code      [0x0000012e3f2d2580,0x0000012e3f2d2e88] = 2312
 stub code      [0x0000012e3f2d2e88,0x0000012e3f2d2f20] = 152
 oops           [0x0000012e3f2d2f20,0x0000012e3f2d2f30] = 16
 metadata       [0x0000012e3f2d2f30,0x0000012e3f2d2f40] = 16
 scopes data    [0x0000012e3f2d2f40,0x0000012e3f2d3068] = 296
 scopes pcs     [0x0000012e3f2d3068,0x0000012e3f2d31f8] = 400
 dependencies   [0x0000012e3f2d31f8,0x0000012e3f2d3200] = 8
 nul chk table  [0x0000012e3f2d3200,0x0000012e3f2d3248] = 72

[Constant Pool (empty)]

[MachCode]
[Entry Point]
  # {method} {0x0000012e997125e0} 'getClosestTarget' '()Lgodot/api/Node2D;' in 'game/items/weapons/Weapon'
  #           [sp+0x80]  (sp of caller)
  0x0000012e3f2d2580: 448b 5208 | 49bb 0000 | 0057 2e01 | 0000 4d03 | d34c 3bd0 

  0x0000012e3f2d2594: ;   {runtime_call ic_miss_stub}
  0x0000012e3f2d2594: 0f85 e6c1 | 1907 660f | 1f44 0000 
[Verified Entry Point]
  0x0000012e3f2d25a0: 8984 2400 | 80ff ff55 | 4883 ec70 | 4181 7f20 | 0300 0000 

  0x0000012e3f2d25b4: ;   {runtime_call StubRoutines (final stubs)}
  0x0000012e3f2d25b4: 7405 e8a5 | 2718 0748 | 8954 2428 

  0x0000012e3f2d25c0: ;   {metadata(method data for {method} {0x0000012e997125e0} 'getClosestTarget' '()Lgodot/api/Node2D;' in 'game/items/weapons/Weapon')}
  0x0000012e3f2d25c0: 48be 50a5 | 9099 2e01 | 0000 8bbe | cc00 0000 | 83c7 0289 | becc 0000 | 0081 e7fe | 0700 0085 
  0x0000012e3f2d25e0: ff0f 84cd | 0700 008b | 7240 48c1 | e603 4885 

  0x0000012e3f2d25f0: ;   {metadata(method data for {method} {0x0000012e997125e0} 'getClosestTarget' '()Lgodot/api/Node2D;' in 'game/items/weapons/Weapon')}
  0x0000012e3f2d25f0: f648 bf50 | a590 992e | 0100 0048 | bb10 0100 | 0000 0000 | 0074 0a48 | bb20 0100 | 0000 0000 
  0x0000012e3f2d2610: 0048 8b04 | 1f48 8d40 | 0148 8904 | 1f0f 8474 | 0700 0048 | 3b06 488b 

  0x0000012e3f2d2628: ;   {metadata(method data for {method} {0x0000012e997125e0} 'getClosestTarget' '()Lgodot/api/Node2D;' in 'game/items/weapons/Weapon')}
  0x0000012e3f2d2628: fe48 bb50 | a590 992e | 0100 008b | 7f08 49ba | 0000 0057 | 2e01 0000 | 4903 fa48 | 3bbb 4001 
  0x0000012e3f2d2648: 0000 750d | 4883 8348 | 0100 0001 | e960 0000 | 0048 3bbb | 5001 0000 | 750d 4883 | 8358 0100 
  0x0000012e3f2d2668: 0001 e94a | 0000 0048 | 83bb 4001 | 0000 0075 | 1748 89bb | 4001 0000 | 48c7 8348 | 0100 0001 
  0x0000012e3f2d2688: 0000 00e9 | 2900 0000 | 4883 bb50 | 0100 0000 | 7517 4889 | bb50 0100 | 0048 c783 | 5801 0000 
  0x0000012e3f2d26a8: 0100 0000 | e908 0000 | 0048 8383 | 3001 0000 | 0148 8bd6 | 9048 b8d8 | a80b 572e 

  0x0000012e3f2d26c4: ;   {virtual_call}
  0x0000012e3f2d26c4: 0100 00e8 

  0x0000012e3f2d26c8: ; ImmutableOopMap {[40]=Oop }
                      ;*invokeinterface isEmpty {reexecute=0 rethrow=0 return_oop=0}
                      ; - game.items.weapons.Weapon::getClosestTarget@11 (line 122)
  0x0000012e3f2d26c8: 5421 9307 

  0x0000012e3f2d26cc: ;   {other}
  0x0000012e3f2d26cc: 0f1f 8400 | bc03 0000 

  0x0000012e3f2d26d4: ;   {metadata(method data for {method} {0x0000012e997125e0} 'getClosestTarget' '()Lgodot/api/Node2D;' in 'game/items/weapons/Weapon')}
  0x0000012e3f2d26d4: 85c0 49b8 | 50a5 9099 | 2e01 0000 | 48ba 7801 | 0000 0000 | 0000 750a | 48ba 6801 | 0000 0000 
  0x0000012e3f2d26f4: 0000 498b | 3410 488d | 7601 4989 | 3410 0f85 | 8f06 0000 | 488b 5424 | 288b 7240 | 48c1 e603 
  0x0000012e3f2d2714: ; implicit exception: dispatches to 0x0000012e3f2d2dda
  0x0000012e3f2d2714: 483b 064c 

  0x0000012e3f2d2718: ;   {metadata(method data for {method} {0x0000012e997125e0} 'getClosestTarget' '()Lgodot/api/Node2D;' in 'game/items/weapons/Weapon')}
  0x0000012e3f2d2718: 8bc6 48bf | 50a5 9099 | 2e01 0000 | 458b 4008 | 49ba 0000 | 0057 2e01 | 0000 4d03 | c24c 3b87 
  0x0000012e3f2d2738: 9801 0000 | 750d 4883 | 87a0 0100 | 0001 e960 | 0000 004c | 3b87 a801 | 0000 750d | 4883 87b0 
  0x0000012e3f2d2758: 0100 0001 | e94a 0000 | 0048 83bf | 9801 0000 | 0075 174c | 8987 9801 | 0000 48c7 | 87a0 0100 
  0x0000012e3f2d2778: 0001 0000 | 00e9 2900 | 0000 4883 | bfa8 0100 | 0000 7517 | 4c89 87a8 | 0100 0048 | c787 b001 
  0x0000012e3f2d2798: 0000 0100 | 0000 e908 | 0000 0048 | 8387 8801 | 0000 0141 | b800 0000 | 0048 8bd6 | 9048 b8d8 
  0x0000012e3f2d27b8: a80b 572e 

  0x0000012e3f2d27bc: ;   {virtual_call}
  0x0000012e3f2d27bc: 0100 00e8 

  0x0000012e3f2d27c0: ; ImmutableOopMap {[40]=Oop }
                      ;*invokeinterface get {reexecute=0 rethrow=0 return_oop=0}
                      ; - game.items.weapons.Weapon::getClosestTarget@26 (line 123)
  0x0000012e3f2d27c0: 5c3d 9607 

  0x0000012e3f2d27c4: ;   {other}
  0x0000012e3f2d27c4: 0f1f 8400 | b404 0001 | 4885 c075 

  0x0000012e3f2d27d0: ;   {metadata(method data for {method} {0x0000012e997125e0} 'getClosestTarget' '()Lgodot/api/Node2D;' in 'game/items/weapons/Weapon')}
  0x0000012e3f2d27d0: 1648 bf50 | a590 992e | 0100 0080 | 8fb9 0100 | 0001 e9cd 

  0x0000012e3f2d27e4: ;   {metadata('godot/api/Node2D')}
  0x0000012e3f2d27e4: 0000 0048 | bbf0 3403 | 582e 0100 | 008b 7808 | 49ba 0000 | 0057 2e01 | 0000 4903 | fa48 3b5f 
  0x0000012e3f2d2804: 580f 858d 

  0x0000012e3f2d2808: ;   {metadata(method data for {method} {0x0000012e997125e0} 'getClosestTarget' '()Lgodot/api/Node2D;' in 'game/items/weapons/Weapon')}
  0x0000012e3f2d2808: 0000 0048 | bf50 a590 | 992e 0100 | 008b 5808 | 49ba 0000 | 0057 2e01 | 0000 4903 | da48 3b9f 
  0x0000012e3f2d2828: d001 0000 | 750d 4883 | 87d8 0100 | 0001 e979 | 0000 0048 | 3b9f e001 | 0000 750d | 4883 87e8 
  0x0000012e3f2d2848: 0100 0001 | e963 0000 | 0048 83bf | d001 0000 | 0075 1748 | 899f d001 | 0000 48c7 | 87d8 0100 
  0x0000012e3f2d2868: 0001 0000 | 00e9 4200 | 0000 4883 | bfe0 0100 | 0000 7517 | 4889 9fe0 | 0100 0048 | c787 e801 
  0x0000012e3f2d2888: 0000 0100 | 0000 e921 | 0000 00e9 | 1c00 0000 

  0x0000012e3f2d2898: ;   {metadata(method data for {method} {0x0000012e997125e0} 'getClosestTarget' '()Lgodot/api/Node2D;' in 'game/items/weapons/Weapon')}
  0x0000012e3f2d2898: 48bf 50a5 | 9099 2e01 | 0000 4883 | afc0 0100 | 0001 e930 | 0500 00e9 | 0000 0000 | 488b f048 
  0x0000012e3f2d28b8: 8974 2430 | 488b 5424 

  0x0000012e3f2d28c0: ;   {metadata(method data for {method} {0x0000012e997125e0} 'getClosestTarget' '()Lgodot/api/Node2D;' in 'game/items/weapons/Weapon')}
  0x0000012e3f2d28c0: 2848 bf50 | a590 992e | 0100 0048 | 8387 f801 | 0000 0148 | 8b54 2428 | 0f1f 8000 

  0x0000012e3f2d28dc: ;   {optimized virtual_call}
  0x0000012e3f2d28dc: 0000 00e8 

  0x0000012e3f2d28e0: ; ImmutableOopMap {[40]=Oop [48]=Oop }
                      ;*invokevirtual getGlobalPosition {reexecute=0 rethrow=0 return_oop=0}
                      ; - game.items.weapons.Weapon::getClosestTarget@36 (line 124)
  0x0000012e3f2d28e0: 1c9a 9407 

  0x0000012e3f2d28e4: ;   {other}
  0x0000012e3f2d28e4: 0f1f 8400 | d405 0002 | 488b 7424 | 3048 3b06 

  0x0000012e3f2d28f4: ;   {metadata(method data for {method} {0x0000012e997125e0} 'getClosestTarget' '()Lgodot/api/Node2D;' in 'game/items/weapons/Weapon')}
  0x0000012e3f2d28f4: 488b d648 | bf50 a590 | 992e 0100 | 0048 8387 | 3002 0000 | 0148 8bd6 | 4889 4424 | 3866 0f1f 
  0x0000012e3f2d2914: ;   {optimized virtual_call}
  0x0000012e3f2d2914: 4400 00e8 

  0x0000012e3f2d2918: ; ImmutableOopMap {[40]=Oop [48]=Oop [56]=Oop }
                      ;*invokevirtual getGlobalPosition {reexecute=0 rethrow=0 return_oop=0}
                      ; - game.items.weapons.Weapon::getClosestTarget@40 (line 124)
  0x0000012e3f2d2918: e499 9407 

  0x0000012e3f2d291c: ;   {other}
  0x0000012e3f2d291c: 0f1f 8400 | 0c06 0003 | 488b 5424 | 3848 3b02 

  0x0000012e3f2d292c: ;   {metadata(method data for {method} {0x0000012e997125e0} 'getClosestTarget' '()Lgodot/api/Node2D;' in 'game/items/weapons/Weapon')}
  0x0000012e3f2d292c: 4c8b c248 | be50 a590 | 992e 0100 | 0048 8386 | 6802 0000 | 014c 8bc0 

  0x0000012e3f2d2944: ;   {optimized virtual_call}
  0x0000012e3f2d2944: 6666 90e8 

  0x0000012e3f2d2948: ; ImmutableOopMap {[40]=Oop [48]=Oop }
                      ;*invokevirtual distanceTo {reexecute=0 rethrow=0 return_oop=0}
                      ; - game.items.weapons.Weapon::getClosestTarget@43 (line 124)
  0x0000012e3f2d2948: 9430 fbff 

  0x0000012e3f2d294c: ;   {other}
  0x0000012e3f2d294c: 0f1f 8400 | 3c06 0004 | 488b 7424 | 30bf 0100 | 0000 897c | 2440 c5fb | 1144 2460 | e913 0300 
  0x0000012e3f2d296c: 0066 6690 | 488b 5424 | 288b 7240 | 48c1 e603 

  0x0000012e3f2d297c: ; implicit exception: dispatches to 0x0000012e3f2d2df2
  0x0000012e3f2d297c: 483b 064c 

  0x0000012e3f2d2980: ;   {metadata(method data for {method} {0x0000012e997125e0} 'getClosestTarget' '()Lgodot/api/Node2D;' in 'game/items/weapons/Weapon')}
  0x0000012e3f2d2980: 8bc6 48bb | 50a5 9099 | 2e01 0000 | 458b 4008 | 49ba 0000 | 0057 2e01 | 0000 4d03 | c24c 3b83 
  0x0000012e3f2d29a0: 0803 0000 | 750d 4883 | 8310 0300 | 0001 e960 | 0000 004c | 3b83 1803 | 0000 750d | 4883 8320 
  0x0000012e3f2d29c0: 0300 0001 | e94a 0000 | 0048 83bb | 0803 0000 | 0075 174c | 8983 0803 | 0000 48c7 | 8310 0300 
  0x0000012e3f2d29e0: 0001 0000 | 00e9 2900 | 0000 4883 | bb18 0300 | 0000 7517 | 4c89 8318 | 0300 0048 | c783 2003 
  0x0000012e3f2d2a00: 0000 0100 | 0000 e908 | 0000 0048 | 8383 f802 | 0000 014c | 8bc7 488b | d689 7c24 | 4048 b8d8 
  0x0000012e3f2d2a20: a80b 572e 

  0x0000012e3f2d2a24: ;   {virtual_call}
  0x0000012e3f2d2a24: 0100 00e8 

  0x0000012e3f2d2a28: ; ImmutableOopMap {[40]=Oop [72]=Oop }
                      ;*invokeinterface get {reexecute=0 rethrow=0 return_oop=0}
                      ; - game.items.weapons.Weapon::getClosestTarget@70 (line 127)
  0x0000012e3f2d2a28: f43a 9607 

  0x0000012e3f2d2a2c: ;   {other}
  0x0000012e3f2d2a2c: 0f1f 8400 | 1c07 0005 | 4885 c075 

  0x0000012e3f2d2a38: ;   {metadata(method data for {method} {0x0000012e997125e0} 'getClosestTarget' '()Lgodot/api/Node2D;' in 'game/items/weapons/Weapon')}
  0x0000012e3f2d2a38: 1648 bf50 | a590 992e | 0100 0080 | 8f29 0300 | 0001 e9cd 

  0x0000012e3f2d2a4c: ;   {metadata('godot/api/Node2D')}
  0x0000012e3f2d2a4c: 0000 0048 | bbf0 3403 | 582e 0100 | 008b 7808 | 49ba 0000 | 0057 2e01 | 0000 4903 | fa48 3b5f 
  0x0000012e3f2d2a6c: 580f 858d 

  0x0000012e3f2d2a70: ;   {metadata(method data for {method} {0x0000012e997125e0} 'getClosestTarget' '()Lgodot/api/Node2D;' in 'game/items/weapons/Weapon')}
  0x0000012e3f2d2a70: 0000 0048 | bf50 a590 | 992e 0100 | 008b 5808 | 49ba 0000 | 0057 2e01 | 0000 4903 | da48 3b9f 
  0x0000012e3f2d2a90: 4003 0000 | 750d 4883 | 8748 0300 | 0001 e979 | 0000 0048 | 3b9f 5003 | 0000 750d | 4883 8758 
  0x0000012e3f2d2ab0: 0300 0001 | e963 0000 | 0048 83bf | 4003 0000 | 0075 1748 | 899f 4003 | 0000 48c7 | 8748 0300 
  0x0000012e3f2d2ad0: 0001 0000 | 00e9 4200 | 0000 4883 | bf50 0300 | 0000 7517 | 4889 9f50 | 0300 0048 | c787 5803 
  0x0000012e3f2d2af0: 0000 0100 | 0000 e921 | 0000 00e9 | 1c00 0000 

  0x0000012e3f2d2b00: ;   {metadata(method data for {method} {0x0000012e997125e0} 'getClosestTarget' '()Lgodot/api/Node2D;' in 'game/items/weapons/Weapon')}
  0x0000012e3f2d2b00: 48bf 50a5 | 9099 2e01 | 0000 4883 | af30 0300 | 0001 e9e0 | 0200 00e9 | 0000 0000 | 488b f048 
  0x0000012e3f2d2b20: 8974 2450 | 488b 5424 

  0x0000012e3f2d2b28: ;   {metadata(method data for {method} {0x0000012e997125e0} 'getClosestTarget' '()Lgodot/api/Node2D;' in 'game/items/weapons/Weapon')}
  0x0000012e3f2d2b28: 2848 bf50 | a590 992e | 0100 0048 | 8387 6803 | 0000 0148 | 8b54 2428 | 0f1f 8000 

  0x0000012e3f2d2b44: ;   {optimized virtual_call}
  0x0000012e3f2d2b44: 0000 00e8 

  0x0000012e3f2d2b48: ; ImmutableOopMap {[40]=Oop [72]=Oop [80]=Oop }
                      ;*invokevirtual getGlobalPosition {reexecute=0 rethrow=0 return_oop=0}
                      ; - game.items.weapons.Weapon::getClosestTarget@81 (line 128)
  0x0000012e3f2d2b48: b497 9407 

  0x0000012e3f2d2b4c: ;   {other}
  0x0000012e3f2d2b4c: 0f1f 8400 | 3c08 0006 | 488b 7424 | 5048 3b06 

  0x0000012e3f2d2b5c: ;   {metadata(method data for {method} {0x0000012e997125e0} 'getClosestTarget' '()Lgodot/api/Node2D;' in 'game/items/weapons/Weapon')}
  0x0000012e3f2d2b5c: 488b d648 | bf50 a590 | 992e 0100 | 0048 8387 | a003 0000 | 0148 8bd6 | 4889 4424 | 5866 0f1f 
  0x0000012e3f2d2b7c: ;   {optimized virtual_call}
  0x0000012e3f2d2b7c: 4400 00e8 

  0x0000012e3f2d2b80: ; ImmutableOopMap {[40]=Oop [72]=Oop [80]=Oop [88]=Oop }
                      ;*invokevirtual getGlobalPosition {reexecute=0 rethrow=0 return_oop=0}
                      ; - game.items.weapons.Weapon::getClosestTarget@86 (line 128)
  0x0000012e3f2d2b80: 7c97 9407 

  0x0000012e3f2d2b84: ;   {other}
  0x0000012e3f2d2b84: 0f1f 8400 | 7408 0007 | 488b 5424 | 5848 3b02 

  0x0000012e3f2d2b94: ;   {metadata(method data for {method} {0x0000012e997125e0} 'getClosestTarget' '()Lgodot/api/Node2D;' in 'game/items/weapons/Weapon')}
  0x0000012e3f2d2b94: 4c8b c248 | be50 a590 | 992e 0100 | 0048 8386 | d803 0000 | 014c 8bc0 

  0x0000012e3f2d2bac: ;   {optimized virtual_call}
  0x0000012e3f2d2bac: 6666 90e8 

  0x0000012e3f2d2bb0: ; ImmutableOopMap {[40]=Oop [72]=Oop [80]=Oop }
                      ;*invokevirtual distanceTo {reexecute=0 rethrow=0 return_oop=0}
                      ; - game.items.weapons.Weapon::getClosestTarget@89 (line 128)
  0x0000012e3f2d2bb0: 2c2e fbff 

  0x0000012e3f2d2bb4: ;   {other}
  0x0000012e3f2d2bb4: 0f1f 8400 | a408 0008 | c5fb 104c | 2460 c5f9 | 2ec1 b801 | 0000 000f | 8a13 0000 | 000f 870d 
  0x0000012e3f2d2bd4: 0000 00b8 | 0000 0000 | 0f84 0200 | 0000 ffc8 

  0x0000012e3f2d2be4: ;   {metadata(method data for {method} {0x0000012e997125e0} 'getClosestTarget' '()Lgodot/api/Node2D;' in 'game/items/weapons/Weapon')}
  0x0000012e3f2d2be4: 85c0 48b8 | 50a5 9099 | 2e01 0000 | 48be 2004 | 0000 0000 | 0000 7c0a | 48be 1004 | 0000 0000 
  0x0000012e3f2d2c04: 0000 488b | 3c30 488d | 7f01 4889 | 3c30 0f8c | 0e00 0000 | c5f9 28c1 | 488b 7424 | 48e9 0500 
  0x0000012e3f2d2c24: 0000 488b | 7424 508b | 7c24 40ff 

  0x0000012e3f2d2c30: ;   {metadata(method data for {method} {0x0000012e997125e0} 'getClosestTarget' '()Lgodot/api/Node2D;' in 'game/items/weapons/Weapon')}
  0x0000012e3f2d2c30: c748 b850 | a590 992e | 0100 008b | 98d0 0000 | 0083 c302 | 8998 d000 | 0000 81e3 | fe3f 0000 
  0x0000012e3f2d2c50: 85db 0f84 | b201 0000 | 4d8b 9758 

  0x0000012e3f2d2c5c: ; ImmutableOopMap {rsi=Oop [40]=Oop }
                      ;*goto {reexecute=1 rethrow=0 return_oop=0}
                      ; - (reexecute) game.items.weapons.Weapon::getClosestTarget@110 (line 126)
                      ;   {poll}
  0x0000012e3f2d2c5c: 0400 0041 

  0x0000012e3f2d2c60: ;   {metadata(method data for {method} {0x0000012e997125e0} 'getClosestTarget' '()Lgodot/api/Node2D;' in 'game/items/weapons/Weapon')}
  0x0000012e3f2d2c60: 8502 48b8 | 50a5 9099 | 2e01 0000 | ff80 3004 | 0000 c5f9 | 28c8 897c | 2440 c5fb | 114c 2460 
  0x0000012e3f2d2c80: 4889 7424 | 4848 8b54 | 2428 8b5a | 4048 c1e3 | 0348 3b03 

  0x0000012e3f2d2c94: ;   {metadata(method data for {method} {0x0000012e997125e0} 'getClosestTarget' '()Lgodot/api/Node2D;' in 'game/items/weapons/Weapon')}
  0x0000012e3f2d2c94: 488b c348 | b950 a590 | 992e 0100 | 008b 4008 | 49ba 0000 | 0057 2e01 | 0000 4903 | c248 3b81 
  0x0000012e3f2d2cb4: b002 0000 | 750d 4883 | 81b8 0200 | 0001 e960 | 0000 0048 | 3b81 c002 | 0000 750d | 4883 81c8 
  0x0000012e3f2d2cd4: 0200 0001 | e94a 0000 | 0048 83b9 | b002 0000 | 0075 1748 | 8981 b002 | 0000 48c7 | 81b8 0200 
  0x0000012e3f2d2cf4: 0001 0000 | 00e9 2900 | 0000 4883 | b9c0 0200 | 0000 7517 | 4889 81c0 | 0200 0048 | c781 c802 
  0x0000012e3f2d2d14: 0000 0100 | 0000 e908 | 0000 0048 | 8381 a002 | 0000 0148 | 8bd3 6666 | 9048 b8d8 | a80b 572e 
  0x0000012e3f2d2d34: ;   {virtual_call}
  0x0000012e3f2d2d34: 0100 00e8 

  0x0000012e3f2d2d38: ; ImmutableOopMap {[40]=Oop [72]=Oop }
                      ;*invokeinterface size {reexecute=0 rethrow=0 return_oop=0}
                      ; - game.items.weapons.Weapon::getClosestTarget@56 (line 126)
  0x0000012e3f2d2d38: 64d7 8a07 

  0x0000012e3f2d2d3c: ;   {other}
  0x0000012e3f2d2d3c: 0f1f 8400 | 2c0a 000a | 8b7c 2440 

  0x0000012e3f2d2d48: ;   {metadata(method data for {method} {0x0000012e997125e0} 'getClosestTarget' '()Lgodot/api/Node2D;' in 'game/items/weapons/Weapon')}
  0x0000012e3f2d2d48: 3bf8 49b8 | 50a5 9099 | 2e01 0000 | 48ba e802 | 0000 0000 | 0000 7c0a | 48ba d802 | 0000 0000 
  0x0000012e3f2d2d68: 0000 498b | 3410 488d | 7601 4989 | 3410 0f8c | f4fb ffff | 488b 7424 | 4848 8bc6 | 4883 c470 
  0x0000012e3f2d2d88: ;   {poll_return}
  0x0000012e3f2d2d88: 5d49 3ba7 | 5004 0000 | 0f87 9a00 

  0x0000012e3f2d2d94: ;   {oop(nullptr)}
  0x0000012e3f2d2d94: 0000 c348 | b800 0000 | 0000 0000 | 0048 83c4 

  0x0000012e3f2d2da4: ;   {poll_return}
  0x0000012e3f2d2da4: 705d 493b | a750 0400 | 000f 8793 | 0000 00c3 

  0x0000012e3f2d2db4: ;   {metadata({method} {0x0000012e997125e0} 'getClosestTarget' '()Lgodot/api/Node2D;' in 'game/items/weapons/Weapon')}
  0x0000012e3f2d2db4: 49ba d825 | 7199 2e01 | 0000 4c89 | 5424 0848 | c704 24ff 

  0x0000012e3f2d2dc8: ;   {runtime_call counter_overflow Runtime1 stub}
  0x0000012e3f2d2dc8: ffff ffe8 

  0x0000012e3f2d2dcc: ; ImmutableOopMap {rdx=Oop [40]=Oop }
                      ;*synchronization entry
                      ; - game.items.weapons.Weapon::getClosestTarget@-1 (line 122)
  0x0000012e3f2d2dcc: 3084 2607 | e912 f8ff 

  0x0000012e3f2d2dd4: ;   {runtime_call throw_null_pointer_exception Runtime1 stub}
  0x0000012e3f2d2dd4: ffe8 2633 

  0x0000012e3f2d2dd8: ; ImmutableOopMap {rsi=Oop [40]=Oop }
                      ;*invokeinterface isEmpty {reexecute=0 rethrow=0 return_oop=0}
                      ; - game.items.weapons.Weapon::getClosestTarget@11 (line 122)
                      ;   {runtime_call throw_null_pointer_exception Runtime1 stub}
  0x0000012e3f2d2dd8: 2607 e821 

  0x0000012e3f2d2ddc: ; ImmutableOopMap {rdx=Oop rsi=Oop [40]=Oop }
                      ;*invokeinterface get {reexecute=0 rethrow=0 return_oop=0}
                      ; - game.items.weapons.Weapon::getClosestTarget@26 (line 123)
  0x0000012e3f2d2ddc: 3326 0748 

  0x0000012e3f2d2de0: ;   {runtime_call throw_class_cast_exception Runtime1 stub}
  0x0000012e3f2d2de0: 8904 24e8 

  0x0000012e3f2d2de4: ; ImmutableOopMap {[40]=Oop }
                      ;*checkcast {reexecute=0 rethrow=0 return_oop=0}
                      ; - game.items.weapons.Weapon::getClosestTarget@31 (line 123)
  0x0000012e3f2d2de4: 1857 2607 

  0x0000012e3f2d2de8: ;   {runtime_call throw_null_pointer_exception Runtime1 stub}
  0x0000012e3f2d2de8: e813 3326 

  0x0000012e3f2d2dec: ; ImmutableOopMap {rax=Oop rsi=Oop [40]=Oop [48]=Oop }
                      ;*invokevirtual getGlobalPosition {reexecute=0 rethrow=0 return_oop=0}
                      ; - game.items.weapons.Weapon::getClosestTarget@40 (line 124)
                      ;   {runtime_call throw_null_pointer_exception Runtime1 stub}
  0x0000012e3f2d2dec: 07e8 0e33 

  0x0000012e3f2d2df0: ; ImmutableOopMap {rax=Oop rdx=Oop [40]=Oop [48]=Oop }
                      ;*invokevirtual distanceTo {reexecute=0 rethrow=0 return_oop=0}
                      ; - game.items.weapons.Weapon::getClosestTarget@43 (line 124)
                      ;   {runtime_call throw_null_pointer_exception Runtime1 stub}
  0x0000012e3f2d2df0: 2607 e809 

  0x0000012e3f2d2df4: ; ImmutableOopMap {rdx=Oop rsi=Oop [40]=Oop [72]=Oop }
                      ;*invokeinterface get {reexecute=0 rethrow=0 return_oop=0}
                      ; - game.items.weapons.Weapon::getClosestTarget@70 (line 127)
  0x0000012e3f2d2df4: 3326 0748 

  0x0000012e3f2d2df8: ;   {runtime_call throw_class_cast_exception Runtime1 stub}
  0x0000012e3f2d2df8: 8904 24e8 

  0x0000012e3f2d2dfc: ; ImmutableOopMap {[40]=Oop [72]=Oop }
                      ;*checkcast {reexecute=0 rethrow=0 return_oop=0}
                      ; - game.items.weapons.Weapon::getClosestTarget@75 (line 127)
  0x0000012e3f2d2dfc: 0057 2607 

  0x0000012e3f2d2e00: ;   {runtime_call throw_null_pointer_exception Runtime1 stub}
  0x0000012e3f2d2e00: e8fb 3226 

  0x0000012e3f2d2e04: ; ImmutableOopMap {rax=Oop rsi=Oop [40]=Oop [72]=Oop [80]=Oop }
                      ;*invokevirtual getGlobalPosition {reexecute=0 rethrow=0 return_oop=0}
                      ; - game.items.weapons.Weapon::getClosestTarget@86 (line 128)
                      ;   {runtime_call throw_null_pointer_exception Runtime1 stub}
  0x0000012e3f2d2e04: 07e8 f632 

  0x0000012e3f2d2e08: ; ImmutableOopMap {rax=Oop rdx=Oop [40]=Oop [72]=Oop [80]=Oop }
                      ;*invokevirtual distanceTo {reexecute=0 rethrow=0 return_oop=0}
                      ; - game.items.weapons.Weapon::getClosestTarget@89 (line 128)
                      ;   {metadata({method} {0x0000012e997125e0} 'getClosestTarget' '()Lgodot/api/Node2D;' in 'game/items/weapons/Weapon')}
  0x0000012e3f2d2e08: 2607 49ba | d825 7199 | 2e01 0000 | 4c89 5424 | 0848 c704 | 246e 0000 

  0x0000012e3f2d2e20: ;   {runtime_call counter_overflow Runtime1 stub}
  0x0000012e3f2d2e20: 00e8 da83 

  0x0000012e3f2d2e24: ; ImmutableOopMap {rsi=Oop [40]=Oop }
                      ;*goto {reexecute=1 rethrow=0 return_oop=0}
                      ; - (reexecute) game.items.weapons.Weapon::getClosestTarget@110 (line 126)
  0x0000012e3f2d2e24: 2607 e92d 

  0x0000012e3f2d2e28: ;   {runtime_call throw_null_pointer_exception Runtime1 stub}
  0x0000012e3f2d2e28: feff ffe8 

  0x0000012e3f2d2e2c: ; ImmutableOopMap {rdx=Oop rbx=Oop [40]=Oop [72]=Oop }
                      ;*invokeinterface size {reexecute=0 rethrow=0 return_oop=0}
                      ; - game.items.weapons.Weapon::getClosestTarget@56 (line 126)
  0x0000012e3f2d2e2c: d032 2607 

  0x0000012e3f2d2e30: ;   {internal_word}
  0x0000012e3f2d2e30: 49ba 892d | 2d3f 2e01 | 0000 4d89 | 9768 0400 

  0x0000012e3f2d2e40: ;   {runtime_call SafepointBlob}
  0x0000012e3f2d2e40: 00e9 ba28 

  0x0000012e3f2d2e44: ;   {internal_word}
  0x0000012e3f2d2e44: 1a07 49ba | a62d 2d3f | 2e01 0000 | 4d89 9768 

  0x0000012e3f2d2e54: ;   {runtime_call SafepointBlob}
  0x0000012e3f2d2e54: 0400 00e9 | a428 1a07 | 498b 8700 | 0500 0049 | c787 0005 | 0000 0000 | 0000 49c7 | 8708 0500 
  0x0000012e3f2d2e74: 0000 0000 | 0048 83c4 

  0x0000012e3f2d2e7c: ;   {runtime_call unwind_exception Runtime1 stub}
  0x0000012e3f2d2e7c: 705d e97d | 2326 07f4 | f4f4 f4f4 
[Stub Code]
  0x0000012e3f2d2e88: ;   {no_reloc}
  0x0000012e3f2d2e88: 0f1f 4400 

  0x0000012e3f2d2e8c: ;   {static_stub}
  0x0000012e3f2d2e8c: 0048 bb00 | 0000 0000 

  0x0000012e3f2d2e94: ;   {runtime_call}
  0x0000012e3f2d2e94: 0000 00e9 | fbff ffff 

  0x0000012e3f2d2e9c: ;   {static_stub}
  0x0000012e3f2d2e9c: 9048 bb00 | 0000 0000 

  0x0000012e3f2d2ea4: ;   {runtime_call}
  0x0000012e3f2d2ea4: 0000 00e9 | fbff ffff 

  0x0000012e3f2d2eac: ;   {static_stub}
  0x0000012e3f2d2eac: 9048 bb00 | 0000 0000 

  0x0000012e3f2d2eb4: ;   {runtime_call}
  0x0000012e3f2d2eb4: 0000 00e9 | fbff ffff 

  0x0000012e3f2d2ebc: ;   {static_stub}
  0x0000012e3f2d2ebc: 9048 bb00 | 0000 0000 

  0x0000012e3f2d2ec4: ;   {runtime_call}
  0x0000012e3f2d2ec4: 0000 00e9 | fbff ffff 

  0x0000012e3f2d2ecc: ;   {static_stub}
  0x0000012e3f2d2ecc: 48bb 0000 | 0000 0000 

  0x0000012e3f2d2ed4: ;   {runtime_call}
  0x0000012e3f2d2ed4: 0000 e9fb 

  0x0000012e3f2d2ed8: ;   {static_stub}
  0x0000012e3f2d2ed8: ffff ff48 | bb00 0000 | 0000 0000 

  0x0000012e3f2d2ee4: ;   {runtime_call}
  0x0000012e3f2d2ee4: 00e9 fbff 

  0x0000012e3f2d2ee8: ;   {runtime_call handle_exception_from_callee Runtime1 stub}
  0x0000012e3f2d2ee8: ffff e811 

  0x0000012e3f2d2eec: ;   {external_word}
  0x0000012e3f2d2eec: 5026 0748 | b9b0 78e2 | bff9 7f00 | 0048 83e4 

  0x0000012e3f2d2efc: ;   {runtime_call}
  0x0000012e3f2d2efc: f048 b890 | 41aa bff9 | 7f00 00ff 

  0x0000012e3f2d2f08: ;   {section_word}
  0x0000012e3f2d2f08: d0f4 49ba | 0a2f 2d3f | 2e01 0000 

  0x0000012e3f2d2f14: ;   {runtime_call DeoptimizationBlob}
  0x0000012e3f2d2f14: 4152 e985 | 1a1a 07f4 | f4f4 f4f4 
[/MachCode]


---------------  P R O C E S S  ---------------

Threads class SMR info:
_java_thread_list=0x0000012e9f914d20, length=28, elements={
0x0000012e35184d60, 0x0000012e36292f70, 0x0000012e3629c730, 0x0000012e362e90b0,
0x0000012e36311d50, 0x0000012e36320530, 0x0000012e36320ba0, 0x0000012e36321210,
0x0000012e36321cd0, 0x0000012e367a2010, 0x0000012e367fbfd0, 0x0000012e9eb728b0,
0x0000012e9dc33120, 0x0000012e9dc33fa0, 0x0000012e9df98ef0, 0x0000012e2ee29930,
0x0000012e2ee2d440, 0x0000012e2ee29fc0, 0x0000012e2ee2ee80, 0x0000012e2ee30f50,
0x0000012e2ee2e7f0, 0x0000012e2ee2dad0, 0x0000012e2ee2fba0, 0x0000012e2ee2e160,
0x0000012e2ee2f510, 0x0000012e2ee30230, 0x0000012e2ee308c0, 0x0000012e9c522f70
}

Java Threads: ( => current thread )
=>0x0000012e35184d60 JavaThread "main"                              [_thread_in_native, id=6684, stack(0x0000000100400000,0x0000000100c00000) (8192K)]
  0x0000012e36292f70 JavaThread "Reference Handler"          daemon [_thread_blocked, id=7104, stack(0x000000011cc00000,0x000000011d400000) (8192K)]
  0x0000012e3629c730 JavaThread "Finalizer"                  daemon [_thread_blocked, id=16584, stack(0x000000011d400000,0x000000011dc00000) (8192K)]
  0x0000012e362e90b0 JavaThread "Signal Dispatcher"          daemon [_thread_blocked, id=16620, stack(0x000000011dc00000,0x000000011e400000) (8192K)]
  0x0000012e36311d50 JavaThread "Attach Listener"            daemon [_thread_blocked, id=11672, stack(0x000000011e400000,0x000000011ec00000) (8192K)]
  0x0000012e36320530 JavaThread "Service Thread"             daemon [_thread_blocked, id=2800, stack(0x000000011ec00000,0x000000011f400000) (8192K)]
  0x0000012e36320ba0 JavaThread "Monitor Deflation Thread"   daemon [_thread_blocked, id=5520, stack(0x000000011f400000,0x000000011fc00000) (8192K)]
  0x0000012e36321210 JavaThread "C2 CompilerThread0"         daemon [_thread_blocked, id=2848, stack(0x000000011fc00000,0x0000000120400000) (8192K)]
  0x0000012e36321cd0 JavaThread "C1 CompilerThread0"         daemon [_thread_blocked, id=1080, stack(0x0000000120400000,0x0000000120c00000) (8192K)]
  0x0000012e367a2010 JavaThread "Notification Thread"        daemon [_thread_blocked, id=16104, stack(0x0000000121c00000,0x0000000122400000) (8192K)]
  0x0000012e367fbfd0 JavaThread "Common-Cleaner"             daemon [_thread_blocked, id=13436, stack(0x0000000122400000,0x0000000122c00000) (8192K)]
  0x0000012e9eb728b0 JavaThread "Thread-0"                          [_thread_in_native, id=11024, stack(0x0000000103400000,0x0000000103c00000) (8192K)]
  0x0000012e9dc33120 JavaThread "Thread-1"                          [_thread_in_native, id=19184, stack(0x0000000103c00000,0x0000000104400000) (8192K)]
  0x0000012e9dc33fa0 JavaThread "Thread-2"                          [_thread_in_native, id=4564, stack(0x0000000104400000,0x0000000104c00000) (8192K)]
  0x0000012e9df98ef0 JavaThread "Thread-3"                          [_thread_in_native, id=14540, stack(0x0000000104c00000,0x0000000105400000) (8192K)]
  0x0000012e2ee29930 JavaThread "Thread-4"                          [_thread_in_native, id=7264, stack(0x0000000105400000,0x0000000105c00000) (8192K)]
  0x0000012e2ee2d440 JavaThread "Thread-5"                          [_thread_in_native, id=12960, stack(0x0000000102c00000,0x0000000103400000) (8192K)]
  0x0000012e2ee29fc0 JavaThread "Thread-6"                          [_thread_in_native, id=12104, stack(0x0000000105c00000,0x0000000106400000) (8192K)]
  0x0000012e2ee2ee80 JavaThread "Thread-7"                          [_thread_in_native, id=16484, stack(0x0000000106400000,0x0000000106c00000) (8192K)]
  0x0000012e2ee30f50 JavaThread "Thread-8"                          [_thread_in_native, id=23320, stack(0x0000000106c00000,0x0000000107400000) (8192K)]
  0x0000012e2ee2e7f0 JavaThread "Thread-9"                          [_thread_in_native, id=7732, stack(0x0000000107c00000,0x0000000108400000) (8192K)]
  0x0000012e2ee2dad0 JavaThread "Thread-10"                         [_thread_in_native, id=7476, stack(0x0000000108400000,0x0000000108c00000) (8192K)]
  0x0000012e2ee2fba0 JavaThread "Thread-11"                         [_thread_in_native, id=23112, stack(0x0000000108c00000,0x0000000109400000) (8192K)]
  0x0000012e2ee2e160 JavaThread "Thread-12"                         [_thread_in_native, id=8464, stack(0x0000000109400000,0x0000000109c00000) (8192K)]
  0x0000012e2ee2f510 JavaThread "Thread-13"                         [_thread_in_native, id=14000, stack(0x0000000107400000,0x0000000107c00000) (8192K)]
  0x0000012e2ee30230 JavaThread "Thread-14"                         [_thread_in_native, id=12396, stack(0x000000010a400000,0x000000010ac00000) (8192K)]
  0x0000012e2ee308c0 JavaThread "Thread-15"                         [_thread_in_native, id=13024, stack(0x0000000109c00000,0x000000010a400000) (8192K)]
  0x0000012e9c522f70 JavaThread "C1 CompilerThread1"         daemon [_thread_blocked, id=16836, stack(0x0000000120c00000,0x0000000121400000) (8192K)]
Total: 28

Other Threads:
  0x0000012e2e4dba90 VMThread "VM Thread"                           [id=21456, stack(0x000000011c400000,0x000000011cc00000) (8192K)]
  0x0000012e235b0730 WatcherThread "VM Periodic Task Thread"        [id=5468, stack(0x000000011bc00000,0x000000011c400000) (8192K)]
  0x0000012e2e4dbe40 WorkerThread "GC Thread#0"                     [id=7100, stack(0x0000000119400000,0x0000000119c00000) (8192K)]
  0x0000012e9c5bc130 WorkerThread "GC Thread#1"                     [id=3460, stack(0x0000000124400000,0x0000000124c00000) (8192K)]
  0x0000012e9c5bb620 WorkerThread "GC Thread#2"                     [id=10712, stack(0x0000000124c00000,0x0000000125400000) (8192K)]
  0x0000012e9c5bed70 WorkerThread "GC Thread#3"                     [id=21324, stack(0x0000000125400000,0x0000000125c00000) (8192K)]
  0x0000012e9c5be9c0 WorkerThread "GC Thread#4"                     [id=2344, stack(0x0000000125c00000,0x0000000126400000) (8192K)]
  0x0000012e9c5be260 WorkerThread "GC Thread#5"                     [id=12004, stack(0x0000000126400000,0x0000000126c00000) (8192K)]
  0x0000012e9c5bd750 WorkerThread "GC Thread#6"                     [id=17148, stack(0x0000000126c00000,0x0000000127400000) (8192K)]
  0x0000012e9c5bd3a0 WorkerThread "GC Thread#7"                     [id=11532, stack(0x0000000127400000,0x0000000127c00000) (8192K)]
  0x0000012e9c5bdb00 WorkerThread "GC Thread#8"                     [id=3616, stack(0x0000000127c00000,0x0000000128400000) (8192K)]
  0x0000012e9d065740 WorkerThread "GC Thread#9"                     [id=444, stack(0x0000000128400000,0x0000000128c00000) (8192K)]
  0x0000012e9d065af0 WorkerThread "GC Thread#10"                    [id=12784, stack(0x0000000128c00000,0x0000000129400000) (8192K)]
  0x0000012e9d066600 WorkerThread "GC Thread#11"                    [id=17604, stack(0x0000000129400000,0x0000000129c00000) (8192K)]
  0x0000012e9d0669b0 WorkerThread "GC Thread#12"                    [id=4660, stack(0x0000000129c00000,0x000000012a400000) (8192K)]
  0x0000012e2ec490e0 ConcurrentGCThread "G1 Main Marker"            [id=13536, stack(0x0000000119c00000,0x000000011a400000) (8192K)]
  0x0000012e2e4dd460 WorkerThread "G1 Conc#0"                       [id=11384, stack(0x000000011a400000,0x000000011ac00000) (8192K)]
  0x0000012e9d063610 WorkerThread "G1 Conc#1"                       [id=4120, stack(0x0000000123400000,0x0000000123c00000) (8192K)]
  0x0000012e9d064120 WorkerThread "G1 Conc#2"                       [id=10436, stack(0x000000012a400000,0x000000012ac00000) (8192K)]
  0x0000012e2ed78400 ConcurrentGCThread "G1 Refine#0"               [id=10160, stack(0x000000011ac00000,0x000000011b400000) (8192K)]
  0x0000012e2eb9a710 ConcurrentGCThread "G1 Service"                [id=14036, stack(0x000000011b400000,0x000000011bc00000) (8192K)]
Total: 21

Threads with active compile tasks:
Total: 0

VM state: not at safepoint (normal execution)

VM Mutex/Monitor currently owned by a thread: None

Heap address: 0x0000000704a00000, size: 4022 MB, Compressed Oops mode: Zero based, Oop shift amount: 3

CDS archive(s) mapped at: [0x0000012e57000000-0x0000012e57c90000-0x0000012e57c90000), size 13172736, SharedBaseAddress: 0x0000012e57000000, ArchiveRelocationMode: 1.
Compressed class space mapped at: 0x0000012e58000000-0x0000012e98000000, reserved size: 1073741824
Narrow klass base: 0x0000012e57000000, Narrow klass shift: 0, Narrow klass range: 0x100000000

GC Precious Log:
 CardTable entry size: 512
 Card Set container configuration: InlinePtr #cards 4 size 8 Array Of Cards #cards 16 size 48 Howl #buckets 8 coarsen threshold 3686 Howl Bitmap #cards 512 size 80 coarsen threshold 460 Card regions per heap region 1 cards per card region 4096
 CPUs: 16 total, 16 available
 Memory: 16087M
 Large Page Support: Disabled
 NUMA Support: Disabled
 Compressed Oops: Enabled (Zero based)
 Heap Region Size: 2M
 Heap Min Capacity: 8M
 Heap Initial Capacity: 252M
 Heap Max Capacity: 4022M
 Pre-touch: Disabled
 Parallel Workers: 13
 Concurrent Workers: 3
 Concurrent Refinement Workers: 13
 Periodic GC: Disabled

Heap:
 garbage-first heap   total 34816K, used 8434K [0x0000000704a00000, 0x0000000800000000)
  region size 2048K, 3 young (6144K), 1 survivors (2048K)
 Metaspace       used 25779K, committed 25920K, reserved 1114112K
  class space    used 2610K, committed 2688K, reserved 1048576K

Heap Regions: E=young(eden), S=young(survivor), O=old, HS=humongous(starts), HC=humongous(continues), CS=collection set, F=free, TAMS=top-at-mark-start, PB=parsable bottom
|   0|0x0000000704a00000, 0x0000000704c00000, 0x0000000704c00000|100%| O|  |TAMS 0x0000000704a00000| PB 0x0000000704a00000| Untracked 
|   1|0x0000000704c00000, 0x0000000704e00000, 0x0000000704e00000|100%| O|  |TAMS 0x0000000704c00000| PB 0x0000000704c00000| Untracked 
|   2|0x0000000704e00000, 0x0000000704e3cb90, 0x0000000705000000| 11%| O|  |TAMS 0x0000000704e00000| PB 0x0000000704e00000| Untracked 
|   3|0x0000000705000000, 0x0000000705000000, 0x0000000705200000|  0%| F|  |TAMS 0x0000000705000000| PB 0x0000000705000000| Untracked 
|   4|0x0000000705200000, 0x0000000705200000, 0x0000000705400000|  0%| F|  |TAMS 0x0000000705200000| PB 0x0000000705200000| Untracked 
|   5|0x0000000705400000, 0x0000000705400000, 0x0000000705600000|  0%| F|  |TAMS 0x0000000705400000| PB 0x0000000705400000| Untracked 
|   6|0x0000000705600000, 0x0000000705800000, 0x0000000705800000|100%| S|CS|TAMS 0x0000000705600000| PB 0x0000000705600000| Complete 
|   7|0x0000000705800000, 0x0000000705800000, 0x0000000705a00000|  0%| F|  |TAMS 0x0000000705800000| PB 0x0000000705800000| Untracked 
|   8|0x0000000705a00000, 0x0000000705a00000, 0x0000000705c00000|  0%| F|  |TAMS 0x0000000705a00000| PB 0x0000000705a00000| Untracked 
|   9|0x0000000705c00000, 0x0000000705c00000, 0x0000000705e00000|  0%| F|  |TAMS 0x0000000705c00000| PB 0x0000000705c00000| Untracked 
|  10|0x0000000705e00000, 0x0000000705e00000, 0x0000000706000000|  0%| F|  |TAMS 0x0000000705e00000| PB 0x0000000705e00000| Untracked 
|  11|0x0000000706000000, 0x0000000706000000, 0x0000000706200000|  0%| F|  |TAMS 0x0000000706000000| PB 0x0000000706000000| Untracked 
|  12|0x0000000706200000, 0x0000000706200000, 0x0000000706400000|  0%| F|  |TAMS 0x0000000706200000| PB 0x0000000706200000| Untracked 
| 121|0x0000000713c00000, 0x0000000713c00000, 0x0000000713e00000|  0%| F|  |TAMS 0x0000000713c00000| PB 0x0000000713c00000| Untracked 
| 122|0x0000000713e00000, 0x0000000713e00000, 0x0000000714000000|  0%| F|  |TAMS 0x0000000713e00000| PB 0x0000000713e00000| Untracked 
| 123|0x0000000714000000, 0x0000000714052168, 0x0000000714200000| 16%| E|  |TAMS 0x0000000714000000| PB 0x0000000714000000| Complete 
| 125|0x0000000714400000, 0x0000000714600000, 0x0000000714600000|100%| E|CS|TAMS 0x0000000714400000| PB 0x0000000714400000| Complete 

Card table byte_map: [0x0000012e4ef30000,0x0000012e4f710000] _byte_map_base: 0x0000012e4b70b000

Marking Bits: (CMBitMap*) 0x0000012e35da8890
 Bits: [0x0000012e4f710000, 0x0000012e535e8000)

Polling page: 0x0000012e2f6e0000

Metaspace:

Usage:
  Non-class:     22.63 MB used.
      Class:      2.55 MB used.
       Both:     25.18 MB used.

Virtual space:
  Non-class space:       64.00 MB reserved,      22.69 MB ( 35%) committed,  1 nodes.
      Class space:        1.00 GB reserved,       2.62 MB ( <1%) committed,  1 nodes.
             Both:        1.06 GB reserved,      25.31 MB (  2%) committed. 

Chunk freelists:
   Non-Class:  6.62 MB
       Class:  13.22 MB
        Both:  19.84 MB

MaxMetaspaceSize: unlimited
CompressedClassSpaceSize: 1.00 GB
Initial GC threshold: 21.00 MB
Current GC threshold: 35.12 MB
CDS: on
 - commit_granule_bytes: 65536.
 - commit_granule_words: 8192.
 - virtual_space_node_default_size: 8388608.
 - enlarge_chunks_in_place: 1.
 - use_allocation_guard: 0.


Internal statistics:

num_allocs_failed_limit: 3.
num_arena_births: 124.
num_arena_deaths: 0.
num_vsnodes_births: 2.
num_vsnodes_deaths: 0.
num_space_committed: 404.
num_space_uncommitted: 0.
num_chunks_returned_to_freelist: 3.
num_chunks_taken_from_freelist: 972.
num_chunk_merges: 3.
num_chunk_splits: 847.
num_chunks_enlarged: 744.
num_inconsistent_stats: 0.

CodeHeap 'non-profiled nmethods': size=119168Kb used=803Kb max_used=803Kb free=118364Kb
 bounds [0x0000012e46b70000, 0x0000012e46de0000, 0x0000012e4dfd0000]
CodeHeap 'profiled nmethods': size=119104Kb used=3305Kb max_used=3305Kb free=115798Kb
 bounds [0x0000012e3efd0000, 0x0000012e3f310000, 0x0000012e46420000]
CodeHeap 'non-nmethods': size=7488Kb used=2151Kb max_used=3297Kb free=5336Kb
 bounds [0x0000012e46420000, 0x0000012e46760000, 0x0000012e46b70000]
 total_blobs=2309 nmethods=1663 adapters=550
 compilation: enabled
              stopped_count=0, restarted_count=0
 full_count=0

Compilation events (20 events):
Event: 9.351 Thread 0x0000012e36321cd0 1654       3       godot.entry.ShootingBehaviorRegistrar$register$1$1$2::invoke (19 bytes)
Event: 9.351 Thread 0x0000012e9c522f70 1655       3       godot.entry.ShootingBehaviorRegistrar$register$1$1$2::invoke (12 bytes)
Event: 9.351 Thread 0x0000012e9c522f70 nmethod 1655 0x0000012e3f308190 code [0x0000012e3f3083c0, 0x0000012e3f3089d8]
Event: 9.351 Thread 0x0000012e36321cd0 nmethod 1654 0x0000012e3f308c90 code [0x0000012e3f308f00, 0x0000012e3f309860]
Event: 9.352 Thread 0x0000012e9c522f70 1656       3       game.entity.enemies.ShootingBehavior::_process (111 bytes)
Event: 9.352 Thread 0x0000012e9c522f70 nmethod 1656 0x0000012e3f309b90 code [0x0000012e3f309da0, 0x0000012e3f30a1e8]
Event: 9.450 Thread 0x0000012e36321cd0 1657       1       godot.api.PackedScene$GenEditState::getValue (5 bytes)
Event: 9.450 Thread 0x0000012e36321cd0 nmethod 1657 0x0000012e46c36a90 code [0x0000012e46c36c20, 0x0000012e46c36ce8]
Event: 9.450 Thread 0x0000012e36321cd0 1658       1       godot.api.Node$InternalMode::getValue (5 bytes)
Event: 9.450 Thread 0x0000012e36321cd0 nmethod 1658 0x0000012e46c36d90 code [0x0000012e46c36f20, 0x0000012e46c36fe8]
Event: 9.531 Thread 0x0000012e36321210 1659       4       jdk.internal.math.FloatToDecimal::appendDigit (22 bytes)
Event: 9.533 Thread 0x0000012e36321210 nmethod 1659 0x0000012e46c37090 code [0x0000012e46c37220, 0x0000012e46c37308]
Event: 9.559 Thread 0x0000012e36321210 1660       4       godot.api.Node2D::setPosition (51 bytes)
Event: 9.568 Thread 0x0000012e36321210 nmethod 1660 0x0000012e46c37410 code [0x0000012e46c37620, 0x0000012e46c37a30]
Event: 9.596 Thread 0x0000012e36321210 1661       4       java.util.concurrent.locks.AbstractQueuedSynchronizer::signalNext (34 bytes)
Event: 9.597 Thread 0x0000012e36321210 nmethod 1661 0x0000012e46c38290 code [0x0000012e46c38420, 0x0000012e46c38510]
Event: 9.677 Thread 0x0000012e36321210 1662       4       godot.core.VariantParser$BOOL::toUnsafeGodot (40 bytes)
Event: 9.680 Thread 0x0000012e36321210 nmethod 1662 0x0000012e46c38610 code [0x0000012e46c387c0, 0x0000012e46c38988]
Event: 9.831 Thread 0x0000012e9c522f70 1663       3       jdk.internal.math.DoubleToDecimal::rop (58 bytes)
Event: 9.831 Thread 0x0000012e9c522f70 nmethod 1663 0x0000012e3f30a310 code [0x0000012e3f30a4c0, 0x0000012e3f30a670]

GC Heap History (10 events):
Event: 0.269 GC heap before
{Heap before GC invocations=0 (full 0):
 garbage-first heap   total 258048K, used 20480K [0x0000000704a00000, 0x0000000800000000)
  region size 2048K, 11 young (22528K), 0 survivors (0K)
 Metaspace       used 6546K, committed 6656K, reserved 1114112K
  class space    used 378K, committed 448K, reserved 1048576K
}
Event: 0.271 GC heap after
{Heap after GC invocations=1 (full 0):
 garbage-first heap   total 258048K, used 2325K [0x0000000704a00000, 0x0000000800000000)
  region size 2048K, 2 young (4096K), 2 survivors (4096K)
 Metaspace       used 6546K, committed 6656K, reserved 1114112K
  class space    used 378K, committed 448K, reserved 1048576K
}
Event: 0.737 GC heap before
{Heap before GC invocations=1 (full 0):
 garbage-first heap   total 258048K, used 41237K [0x0000000704a00000, 0x0000000800000000)
  region size 2048K, 22 young (45056K), 2 survivors (4096K)
 Metaspace       used 20248K, committed 20416K, reserved 1114112K
  class space    used 1922K, committed 1984K, reserved 1048576K
}
Event: 0.741 GC heap after
{Heap after GC invocations=2 (full 0):
 garbage-first heap   total 258048K, used 4404K [0x0000000704a00000, 0x0000000800000000)
  region size 2048K, 3 young (6144K), 3 survivors (6144K)
 Metaspace       used 20248K, committed 20416K, reserved 1114112K
  class space    used 1922K, committed 1984K, reserved 1048576K
}
Event: 0.798 GC heap before
{Heap before GC invocations=2 (full 0):
 garbage-first heap   total 258048K, used 6452K [0x0000000704a00000, 0x0000000800000000)
  region size 2048K, 5 young (10240K), 3 survivors (6144K)
 Metaspace       used 21389K, committed 21504K, reserved 1114112K
  class space    used 1990K, committed 2048K, reserved 1048576K
}
Event: 0.801 GC heap after
{Heap after GC invocations=3 (full 0):
 garbage-first heap   total 258048K, used 4929K [0x0000000704a00000, 0x0000000800000000)
  region size 2048K, 3 young (6144K), 3 survivors (6144K)
 Metaspace       used 21389K, committed 21504K, reserved 1114112K
  class space    used 1990K, committed 2048K, reserved 1048576K
}
Event: 1.090 GC heap before
{Heap before GC invocations=4 (full 0):
 garbage-first heap   total 28672K, used 27457K [0x0000000704a00000, 0x0000000800000000)
  region size 2048K, 14 young (28672K), 3 survivors (6144K)
 Metaspace       used 24924K, committed 25088K, reserved 1114112K
  class space    used 2556K, committed 2624K, reserved 1048576K
}
Event: 1.094 GC heap after
{Heap after GC invocations=5 (full 0):
 garbage-first heap   total 34816K, used 5773K [0x0000000704a00000, 0x0000000800000000)
  region size 2048K, 3 young (6144K), 3 survivors (6144K)
 Metaspace       used 24924K, committed 25088K, reserved 1114112K
  class space    used 2556K, committed 2624K, reserved 1048576K
}
Event: 8.483 GC heap before
{Heap before GC invocations=5 (full 0):
 garbage-first heap   total 34816K, used 20109K [0x0000000704a00000, 0x0000000800000000)
  region size 2048K, 10 young (20480K), 3 survivors (6144K)
 Metaspace       used 25757K, committed 25920K, reserved 1114112K
  class space    used 2610K, committed 2688K, reserved 1048576K
}
Event: 8.491 GC heap after
{Heap after GC invocations=6 (full 0):
 garbage-first heap   total 34816K, used 6386K [0x0000000704a00000, 0x0000000800000000)
  region size 2048K, 1 young (2048K), 1 survivors (2048K)
 Metaspace       used 25757K, committed 25920K, reserved 1114112K
  class space    used 2610K, committed 2688K, reserved 1048576K
}

Dll operation events (6 events):
Event: 0.004 Loaded shared library C:\Program Files\Java\jdk-21\bin\java.dll
Event: 0.024 Loaded shared library C:\Program Files\Java\jdk-21\bin\jsvml.dll
Event: 0.036 Loaded shared library C:\Program Files\Java\jdk-21\bin\net.dll
Event: 0.037 Loaded shared library C:\Program Files\Java\jdk-21\bin\nio.dll
Event: 0.043 Loaded shared library C:\Program Files\Java\jdk-21\bin\zip.dll
Event: 0.121 Loaded shared library C:\Program Files\Java\jdk-21\bin\jimage.dll

Deoptimization events (20 events):
Event: 8.073 Thread 0x0000012e35184d60 Uncommon trap: trap_request=0xffffff45 fr.pc=0x0000012e46c23ffc relative=0x0000000000000f1c
Event: 8.073 Thread 0x0000012e35184d60 Uncommon trap: reason=unstable_if action=reinterpret pc=0x0000012e46c23ffc method=java.util.HashMap.putVal(ILjava/lang/Object;Ljava/lang/Object;ZZ)Ljava/lang/Object; @ 94 c2
Event: 8.073 Thread 0x0000012e35184d60 DEOPT PACKING pc=0x0000012e46c23ffc sp=0x0000000100bfc400
Event: 8.073 Thread 0x0000012e35184d60 DEOPT UNPACKING pc=0x0000012e464746a2 sp=0x0000000100bfc3b8 mode 2
Event: 8.074 Thread 0x0000012e35184d60 Uncommon trap: trap_request=0xffffff45 fr.pc=0x0000012e46c2707c relative=0x000000000000105c
Event: 8.074 Thread 0x0000012e35184d60 Uncommon trap: reason=unstable_if action=reinterpret pc=0x0000012e46c2707c method=java.util.HashMap.getNode(Ljava/lang/Object;)Ljava/util/HashMap$Node; @ 66 c2
Event: 8.074 Thread 0x0000012e35184d60 DEOPT PACKING pc=0x0000012e46c2707c sp=0x0000000100bfc940
Event: 8.074 Thread 0x0000012e35184d60 DEOPT UNPACKING pc=0x0000012e464746a2 sp=0x0000000100bfc5a0 mode 2
Event: 8.128 Thread 0x0000012e35184d60 Uncommon trap: trap_request=0xffffff45 fr.pc=0x0000012e46c2a3a8 relative=0x0000000000001088
Event: 8.128 Thread 0x0000012e35184d60 Uncommon trap: reason=unstable_if action=reinterpret pc=0x0000012e46c2a3a8 method=java.util.HashMap.getNode(Ljava/lang/Object;)Ljava/util/HashMap$Node; @ 66 c2
Event: 8.128 Thread 0x0000012e35184d60 DEOPT PACKING pc=0x0000012e46c2a3a8 sp=0x0000000100bfe2d0
Event: 8.128 Thread 0x0000012e35184d60 DEOPT UNPACKING pc=0x0000012e464746a2 sp=0x0000000100bfe060 mode 2
Event: 8.129 Thread 0x0000012e35184d60 Uncommon trap: trap_request=0xffffff45 fr.pc=0x0000012e46c09a2c relative=0x000000000000014c
Event: 8.129 Thread 0x0000012e35184d60 Uncommon trap: reason=unstable_if action=reinterpret pc=0x0000012e46c09a2c method=java.util.HashMap.getNode(Ljava/lang/Object;)Ljava/util/HashMap$Node; @ 66 c2
Event: 8.129 Thread 0x0000012e35184d60 DEOPT PACKING pc=0x0000012e46c09a2c sp=0x0000000100bfcda0
Event: 8.129 Thread 0x0000012e35184d60 DEOPT UNPACKING pc=0x0000012e464746a2 sp=0x0000000100bfcd10 mode 2
Event: 8.493 Thread 0x0000012e35184d60 Uncommon trap: trap_request=0xffffff45 fr.pc=0x0000012e46c1f3e0 relative=0x0000000000000040
Event: 8.493 Thread 0x0000012e35184d60 Uncommon trap: reason=unstable_if action=reinterpret pc=0x0000012e46c1f3e0 method=java.util.concurrent.locks.AbstractQueuedSynchronizer.signalNext(Ljava/util/concurrent/locks/AbstractQueuedSynchronizer$Node;)V @ 1 c2
Event: 8.493 Thread 0x0000012e35184d60 DEOPT PACKING pc=0x0000012e46c1f3e0 sp=0x0000000100bfeb80
Event: 8.493 Thread 0x0000012e35184d60 DEOPT UNPACKING pc=0x0000012e464746a2 sp=0x0000000100bfeb10 mode 2

Classes loaded (20 events):
Event: 1.068 Loading class java/lang/Throwable$WrappedPrintWriter
Event: 1.068 Loading class java/lang/Throwable$PrintStreamOrWriter
Event: 1.068 Loading class java/lang/Throwable$PrintStreamOrWriter done
Event: 1.068 Loading class java/lang/Throwable$WrappedPrintWriter done
Event: 1.087 Loading class java/lang/Thread$ThreadNumbering
Event: 1.087 Loading class java/lang/Thread$ThreadNumbering done
Event: 1.097 Loading class java/util/LinkedList
Event: 1.097 Loading class java/util/AbstractSequentialList
Event: 1.097 Loading class java/util/AbstractSequentialList done
Event: 1.097 Loading class java/util/LinkedList done
Event: 1.111 Loading class java/lang/invoke/MethodHandle$1
Event: 1.111 Loading class java/lang/invoke/MethodHandle$1 done
Event: 1.192 Loading class java/util/ArrayList$SubList$1
Event: 1.192 Loading class java/util/ArrayList$SubList$1 done
Event: 1.574 Loading class java/lang/FdLibm$Atan2
Event: 1.574 Loading class java/lang/FdLibm$Atan2 done
Event: 1.574 Loading class java/lang/FdLibm
Event: 1.574 Loading class java/lang/FdLibm done
Event: 1.574 Loading class java/lang/FdLibm$Atan
Event: 1.575 Loading class java/lang/FdLibm$Atan done

Classes unloaded (0 events):
No events

Classes redefined (0 events):
No events

Internal exceptions (3 events):
Event: 0.973 Thread 0x0000012e35184d60 Exception <a 'java/lang/NoSuchMethodError'{0x000000070553c3c8}: 'java.lang.Object java.lang.invoke.DirectMethodHandle$Holder.invokeStaticInit(java.lang.Object, java.lang.Object, java.lang.Object)'> (0x000000070553c3c8) 
thrown [s\open\src\hotspot\share\interpreter\linkResolver.cpp, line 773]
Event: 1.042 Thread 0x0000012e35184d60 Exception <a 'java/lang/NoSuchMethodError'{0x000000070524b0b0}: 'java.lang.Object java.lang.invoke.DirectMethodHandle$Holder.newInvokeSpecial(java.lang.Object, long, long, int)'> (0x000000070524b0b0) 
thrown [s\open\src\hotspot\share\interpreter\linkResolver.cpp, line 773]
Event: 1.066 Thread 0x0000012e35184d60 Exception <a 'java/lang/ClassCastException'{0x000000070525b3d0}: class godot.api.Resource cannot be cast to class godot.api.PackedScene (godot.api.Resource and godot.api.PackedScene are in unnamed module of loader java.net.URLClassLoader @36baf30c)> (0x000000070525b3d0) 
thrown [s\open\src\hotspot\share\interpreter\interpreterRuntime.cpp, line 455]

ZGC Phase Switch (0 events):
No events

VM Operations (20 events):
Event: 1.090 Executing VM operation: G1CollectForAllocation (G1 Evacuation Pause)
Event: 1.094 Executing VM operation: G1CollectForAllocation (G1 Evacuation Pause) done
Event: 1.098 Executing VM operation: HandshakeAllThreads (Deoptimize)
Event: 1.098 Executing VM operation: HandshakeAllThreads (Deoptimize) done
Event: 2.098 Executing VM operation: Cleanup
Event: 2.098 Executing VM operation: Cleanup done
Event: 3.099 Executing VM operation: Cleanup
Event: 3.099 Executing VM operation: Cleanup done
Event: 4.099 Executing VM operation: Cleanup
Event: 4.099 Executing VM operation: Cleanup done
Event: 5.099 Executing VM operation: Cleanup
Event: 5.099 Executing VM operation: Cleanup done
Event: 6.099 Executing VM operation: Cleanup
Event: 6.099 Executing VM operation: Cleanup done
Event: 8.101 Executing VM operation: Cleanup
Event: 8.101 Executing VM operation: Cleanup done
Event: 8.483 Executing VM operation: G1CollectForAllocation (G1 Evacuation Pause)
Event: 8.491 Executing VM operation: G1CollectForAllocation (G1 Evacuation Pause) done
Event: 9.491 Executing VM operation: Cleanup
Event: 9.491 Executing VM operation: Cleanup done

Events (20 events):
Event: 1.088 Thread 0x0000012e9df98ef0 Thread added: 0x0000012e9df98ef0
Event: 1.088 Thread 0x0000012e2ee29930 Thread added: 0x0000012e2ee29930
Event: 1.088 Thread 0x0000012e2ee2d440 Thread added: 0x0000012e2ee2d440
Event: 1.088 Thread 0x0000012e2ee29fc0 Thread added: 0x0000012e2ee29fc0
Event: 1.088 Thread 0x0000012e2ee2ee80 Thread added: 0x0000012e2ee2ee80
Event: 1.089 Thread 0x0000012e2ee30f50 Thread added: 0x0000012e2ee30f50
Event: 1.089 Thread 0x0000012e2ee2e7f0 Thread added: 0x0000012e2ee2e7f0
Event: 1.089 Thread 0x0000012e2ee2dad0 Thread added: 0x0000012e2ee2dad0
Event: 1.089 Thread 0x0000012e2ee2fba0 Thread added: 0x0000012e2ee2fba0
Event: 1.089 Thread 0x0000012e2ee2e160 Thread added: 0x0000012e2ee2e160
Event: 1.089 Thread 0x0000012e2ee2f510 Thread added: 0x0000012e2ee2f510
Event: 1.090 Thread 0x0000012e2ee30230 Thread added: 0x0000012e2ee30230
Event: 1.095 Thread 0x0000012e2ee308c0 Thread added: 0x0000012e2ee308c0
Event: 1.463 Thread 0x0000012e222cf8f0 Thread exited: 0x0000012e222cf8f0
Event: 6.553 Thread 0x0000012e9c520d60 Thread exited: 0x0000012e9c520d60
Event: 6.553 Thread 0x0000012e222d0690 Thread exited: 0x0000012e222d0690
Event: 6.649 Thread 0x0000012e222d21d0 Thread exited: 0x0000012e222d21d0
Event: 8.492 Thread 0x0000012e9c522f70 Thread added: 0x0000012e9c522f70
Event: 8.700 Thread 0x0000012e9c5228a0 Thread added: 0x0000012e9c5228a0
Event: 8.948 Thread 0x0000012e9c5228a0 Thread exited: 0x0000012e9c5228a0


Dynamic libraries:
0x00007ff760580000 - 0x00007ff769b8a000 	D:\Godot\godot.windows.editor.x86_64.jvm.0.14.3.exe
0x00007ffabe500000 - 0x00007ffabe766000 	C:\WINDOWS\SYSTEM32\ntdll.dll
0x00007ffabcc00000 - 0x00007ffabccc9000 	C:\WINDOWS\System32\KERNEL32.DLL
0x00007ffabbc50000 - 0x00007ffabc050000 	C:\WINDOWS\System32\KERNELBASE.dll
0x00007ffabdef0000 - 0x00007ffabe08a000 	C:\WINDOWS\System32\ole32.dll
0x00007ffaa7c20000 - 0x00007ffaa7c56000 	C:\WINDOWS\SYSTEM32\WINMM.dll
0x00007ffabb830000 - 0x00007ffabb8d3000 	C:\WINDOWS\System32\msvcp_win.dll
0x00007ffabc110000 - 0x00007ffabc25c000 	C:\WINDOWS\System32\ucrtbase.dll
0x00007ffabcf90000 - 0x00007ffabcfbb000 	C:\WINDOWS\System32\GDI32.dll
0x00007ffabb8e0000 - 0x00007ffabb907000 	C:\WINDOWS\System32\win32u.dll
0x00007ffabbb20000 - 0x00007ffabbc4a000 	C:\WINDOWS\System32\gdi32full.dll
0x00007ffabc800000 - 0x00007ffabc9c7000 	C:\WINDOWS\System32\USER32.dll
0x00007ffabd890000 - 0x00007ffabdc13000 	C:\WINDOWS\System32\combase.dll
0x00007ffabe130000 - 0x00007ffabe248000 	C:\WINDOWS\System32\RPCRT4.dll
0x00007ffabcfc0000 - 0x00007ffabd099000 	C:\WINDOWS\System32\OLEAUT32.dll
0x00007ffabc710000 - 0x00007ffabc777000 	C:\WINDOWS\System32\SHLWAPI.dll
0x00007ffabe250000 - 0x00007ffabe34a000 	C:\WINDOWS\System32\shcore.dll
0x00007ffabd0f0000 - 0x00007ffabd882000 	C:\WINDOWS\System32\SHELL32.dll
0x00007ffabdcd0000 - 0x00007ffabdd87000 	C:\WINDOWS\System32\ADVAPI32.dll
0x00007ffabde40000 - 0x00007ffabdee9000 	C:\WINDOWS\System32\msvcrt.dll
0x00007ffabdc20000 - 0x00007ffabdcca000 	C:\WINDOWS\System32\sechost.dll
0x00007ffabca60000 - 0x00007ffabca92000 	C:\WINDOWS\System32\IMM32.dll
0x00007ffabb9a0000 - 0x00007ffabbb18000 	C:\WINDOWS\System32\CRYPT32.dll
0x00007ffabe090000 - 0x00007ffabe111000 	C:\WINDOWS\System32\WS2_32.dll
0x00007ffab32c0000 - 0x00007ffab32cb000 	C:\WINDOWS\SYSTEM32\AVRT.dll
0x00007ffab52e0000 - 0x00007ffab5548000 	C:\WINDOWS\SYSTEM32\DWrite.dll
0x00007ffabb660000 - 0x00007ffabb68a000 	C:\WINDOWS\SYSTEM32\bcrypt.dll
0x00007ffab8690000 - 0x00007ffab86bf000 	C:\WINDOWS\SYSTEM32\dwmapi.dll
0x00007ffab9f70000 - 0x00007ffab9fa3000 	C:\WINDOWS\SYSTEM32\IPHLPAPI.DLL
0x00007ffab87b0000 - 0x00007ffab89f2000 	C:\WINDOWS\SYSTEM32\dbghelp.dll
0x00007ffa11210000 - 0x00007ffa1121a000 	C:\WINDOWS\SYSTEM32\WSOCK32.dll
0x00007ffabc060000 - 0x00007ffabc10c000 	C:\WINDOWS\System32\bcryptPrimitives.dll
0x00007ffaba530000 - 0x00007ffaba54b000 	C:\WINDOWS\SYSTEM32\kernel.appcore.dll
0x00007ffab83e0000 - 0x00007ffab8489000 	C:\WINDOWS\system32\uxtheme.dll
0x00007ffabab50000 - 0x00007ffababbc000 	C:\WINDOWS\system32\mswsock.dll
0x00007ff9e11d0000 - 0x00007ff9e1354000 	C:\WINDOWS\SYSTEM32\vulkan-1.dll
0x00007ffabb3f0000 - 0x00007ffabb441000 	C:\WINDOWS\SYSTEM32\CFGMGR32.dll
0x00007ffab8530000 - 0x00007ffab866a000 	C:\WINDOWS\system32\dxgi.dll
0x00007ffaba320000 - 0x00007ffaba37e000 	C:\WINDOWS\SYSTEM32\powrprof.dll
0x00007ffaba300000 - 0x00007ffaba314000 	C:\WINDOWS\SYSTEM32\UMPDC.dll
0x00007ffa94c70000 - 0x00007ffa94c8d000 	C:\WINDOWS\SYSTEM32\windows.staterepositorycore.dll
0x00007ffab8c30000 - 0x00007ffab8c74000 	C:\WINDOWS\SYSTEM32\dxcore.dll
0x00007ffab2dd0000 - 0x00007ffab2e2f000 	C:\WINDOWS\SYSTEM32\directxdatabasehelper.dll
0x00007ff9e0670000 - 0x00007ff9e11c7000 	C:\Program Files\WindowsApps\Microsoft.D3DMappingLayers_1.2605.1.0_x64__8wekyb3d8bbwe\x64\vulkan_dzn.dll
0x00007ffaab1f0000 - 0x00007ffaab1fb000 	C:\WINDOWS\SYSTEM32\VERSION.dll
0x00007ff9c9fc0000 - 0x00007ff9ccbab000 	C:\WINDOWS\System32\DriverStore\FileRepository\nvacegpu.inf_amd64_0af8f5d55a9e9293\nvoglv64.dll
0x00007ffabc280000 - 0x00007ffabc707000 	C:\WINDOWS\System32\SETUPAPI.dll
0x00007ffab82a0000 - 0x00007ffab82ca000 	C:\WINDOWS\SYSTEM32\WTSAPI32.dll
0x00007ffaba870000 - 0x00007ffaba8ba000 	C:\WINDOWS\SYSTEM32\SspiCli.dll
0x00007ffabaf70000 - 0x00007ffabaf83000 	C:\WINDOWS\SYSTEM32\msasn1.dll
0x00007ffaab080000 - 0x00007ffaab0bd000 	C:\WINDOWS\SYSTEM32\cryptnet.dll
0x00007ffaaad80000 - 0x00007ffaaaef8000 	C:\WINDOWS\SYSTEM32\drvstore.dll
0x00007ffabb3b0000 - 0x00007ffabb3df000 	C:\WINDOWS\SYSTEM32\devobj.dll
0x00007ffabaf00000 - 0x00007ffabaf6a000 	C:\WINDOWS\SYSTEM32\wldp.dll
0x00007ffabae60000 - 0x00007ffabae6c000 	C:\WINDOWS\SYSTEM32\cryptbase.dll
0x00007ffabb910000 - 0x00007ffabb993000 	C:\WINDOWS\System32\wintrust.dll
0x00007ffabdd90000 - 0x00007ffabddb0000 	C:\WINDOWS\System32\imagehlp.dll
0x00007ffabae40000 - 0x00007ffabae5b000 	C:\WINDOWS\SYSTEM32\CRYPTSP.dll
0x00007ffaba550000 - 0x00007ffaba589000 	C:\WINDOWS\system32\rsaenh.dll
0x00007ffababc0000 - 0x00007ffababf0000 	C:\WINDOWS\SYSTEM32\gpapi.dll
0x00007ffabb690000 - 0x00007ffabb6b9000 	C:\WINDOWS\SYSTEM32\profapi.dll
0x00007ffa0f020000 - 0x00007ffa1120b000 	C:\WINDOWS\System32\DriverStore\FileRepository\nvacegpu.inf_amd64_0af8f5d55a9e9293\nvgpucomp64.dll
0x00007ffaba6f0000 - 0x00007ffaba726000 	C:\WINDOWS\SYSTEM32\ntmarta.dll
0x00007ff9c8790000 - 0x00007ff9c9fc0000 	C:\WINDOWS\System32\DriverStore\FileRepository\iigd_dch.inf_amd64_438afae43f7267c8\igvk64.dll
0x00007ffaa6590000 - 0x00007ffaa6b3a000 	C:\WINDOWS\System32\DriverStore\FileRepository\iigd_dch.inf_amd64_438afae43f7267c8\igdgmm64.dll
0x00007ffaa0260000 - 0x00007ffaa5407000 	C:\WINDOWS\System32\DriverStore\FileRepository\iigd_dch.inf_amd64_438afae43f7267c8\igc64.dll
0x00007ffabccf0000 - 0x00007ffabcd9e000 	C:\WINDOWS\System32\clbcatq.dll
0x00007ffab6d70000 - 0x00007ffab6eda000 	C:\Windows\System32\WinTypes.dll
0x00007ffa8f8e0000 - 0x00007ffa8f919000 	C:\WINDOWS\SYSTEM32\rometadata.dll
0x00007ffa41ad0000 - 0x00007ffa41c3a000 	C:\Program Files\WindowsApps\Microsoft.D3DMappingLayers_1.2605.1.0_x64__8wekyb3d8bbwe\x64\DXIL.dll
0x00007ffaabfe0000 - 0x00007ffaac003000 	C:\WINDOWS\SYSTEM32\d3d12.dll
0x00007ff9e0310000 - 0x00007ff9e0667000 	C:\WINDOWS\SYSTEM32\D3D12Core.dll
0x00007ffab9300000 - 0x00007ffab9b86000 	C:\WINDOWS\SYSTEM32\windows.storage.dll
0x00007ffa09930000 - 0x00007ffa09c01000 	C:\WINDOWS\system32\nvspcap64.dll
0x00007ff9f8b80000 - 0x00007ff9f8bcd000 	C:\WINDOWS\SYSTEM32\ControlLib.dll
0x00007ffa6e810000 - 0x00007ffa6e8bc000 	C:\WINDOWS\System32\DriverStore\FileRepository\iigd_dch.inf_amd64_438afae43f7267c8\IntelControlLib.dll
0x00007ff9c8620000 - 0x00007ff9c8781000 	C:\WINDOWS\System32\DriverStore\FileRepository\iigd_dch.inf_amd64_438afae43f7267c8\igvkMedia64.dll
0x00007ffa85c30000 - 0x00007ffa871a6000 	C:\WINDOWS\System32\DriverStore\FileRepository\iigd_dch.inf_amd64_438afae43f7267c8\igddxvacommon64.dll
0x00007ffa83ab0000 - 0x00007ffa85b30000 	C:\WINDOWS\System32\DriverStore\FileRepository\iigd_dch.inf_amd64_438afae43f7267c8\media_bin_64.dll
0x00007ffa2e770000 - 0x00007ffa2e82c000 	C:\WINDOWS\System32\DriverStore\FileRepository\nvacegpu.inf_amd64_0af8f5d55a9e9293\nvldumdx.dll
0x00007ff9c3210000 - 0x00007ff9c8620000 	C:\WINDOWS\System32\DriverStore\FileRepository\nvacegpu.inf_amd64_0af8f5d55a9e9293\nvwgf2umx.dll
0x00007ffa91b20000 - 0x00007ffa92257000 	C:\WINDOWS\System32\DriverStore\FileRepository\nvacegpu.inf_amd64_0af8f5d55a9e9293\Display.NvContainer\MessageBus.dll
0x00007ffabcce0000 - 0x00007ffabccea000 	C:\WINDOWS\System32\NSI.dll
0x00007ffab2b30000 - 0x00007ffab2b55000 	C:\WINDOWS\SYSTEM32\dhcpcsvc.DLL
0x00007ff9e4e80000 - 0x00007ff9e4f60000 	C:\WINDOWS\SYSTEM32\D3DSCache.dll
0x00007ffabac00000 - 0x00007ffabac33000 	C:\WINDOWS\SYSTEM32\USERENV.dll
0x00007ffab5ec0000 - 0x00007ffab60e2000 	C:\WINDOWS\SYSTEM32\DComp.DLL
0x00007ffab5080000 - 0x00007ffab5099000 	C:\WINDOWS\SYSTEM32\Microsoft.Internal.WarpPal.dll
0x00007ffa607b0000 - 0x00007ffa6080c000 	C:\WINDOWS\System32\DriverStore\FileRepository\iigd_dch.inf_amd64_438afae43f7267c8\igd12umd64.dll
0x00007ff9c1120000 - 0x00007ff9c3201000 	C:\WINDOWS\System32\DriverStore\FileRepository\iigd_dch.inf_amd64_438afae43f7267c8\igd12um64xel.dll
0x00007ffa43ce0000 - 0x00007ffa43d63000 	C:\WINDOWS\System32\DriverStore\FileRepository\iigd_dch.inf_amd64_438afae43f7267c8\igdext64.dll
0x00007ff9c0dc0000 - 0x00007ff9c1115000 	C:\WINDOWS\System32\DriverStore\FileRepository\iigd_dch.inf_amd64_438afae43f7267c8\igd12dxva64.dll
0x00007ffa83a40000 - 0x00007ffa83a68000 	C:\WINDOWS\System32\DriverStore\FileRepository\iigd_dch.inf_amd64_438afae43f7267c8\igdinfo64.dll
0x00007ffa630a0000 - 0x00007ffa6364e000 	C:\WINDOWS\SYSTEM32\d3d10warp.dll
0x00007ffabcaa0000 - 0x00007ffabcbfd000 	C:\WINDOWS\System32\MSCTF.dll
0x00007ffab7750000 - 0x00007ffab7856000 	C:\WINDOWS\SYSTEM32\PROPSYS.dll
0x00007ffab9b90000 - 0x00007ffab9b9f000 	C:\WINDOWS\SYSTEM32\hid.dll
0x00007ffab13f0000 - 0x00007ffab140b000 	C:\WINDOWS\SYSTEM32\XInput1_4.dll
0x00007ffa890e0000 - 0x00007ffa892c4000 	C:\WINDOWS\SYSTEM32\inputhost.dll
0x00007ffab7360000 - 0x00007ffab7486000 	C:\WINDOWS\SYSTEM32\CoreMessaging.dll
0x00007ffa60a20000 - 0x00007ffa60a6b000 	C:\Windows\System32\dinput8.dll
0x00007ffa8abb0000 - 0x00007ffa8acf7000 	C:\WINDOWS\SYSTEM32\textinputframework.dll
0x00007ffa1a7d0000 - 0x00007ffa1a877000 	C:\WINDOWS\System32\DriverStore\FileRepository\nvacegpu.inf_amd64_0af8f5d55a9e9293\NvCamera\NvCameraAllowlisting64.dll
0x00007ffa91a80000 - 0x00007ffa91b0f000 	C:\Windows\System32\DispBroker.dll
0x00007ffa9f580000 - 0x00007ffa9fd22000 	C:\WINDOWS\SYSTEM32\nvapi64.dll
0x00007ffab3830000 - 0x00007ffab38d4000 	C:\WINDOWS\System32\MMDevApi.dll
0x00007ffa92260000 - 0x00007ffa92417000 	C:\WINDOWS\SYSTEM32\AUDIOSES.DLL
0x00007ffab8fc0000 - 0x00007ffab8fd4000 	C:\WINDOWS\SYSTEM32\resourcepolicyclient.dll
0x00007ff9c0900000 - 0x00007ff9c0a0c000 	C:\WINDOWS\SYSTEM32\opengl32.dll
0x00007ffa7f140000 - 0x00007ffa7f16d000 	C:\WINDOWS\SYSTEM32\GLU32.dll
0x00007ff9c01a0000 - 0x00007ff9c08f5000 	C:\WINDOWS\System32\DriverStore\FileRepository\nvacegpu.inf_amd64_0af8f5d55a9e9293\nvppex.dll
0x00007ffab9e40000 - 0x00007ffab9ea2000 	C:\WINDOWS\SYSTEM32\WINSTA.dll
0x00007ffab5550000 - 0x00007ffab57b0000 	C:\WINDOWS\system32\d3d11.dll
0x00007ffaa95e0000 - 0x00007ffaa9873000 	C:\WINDOWS\System32\DriverStore\FileRepository\iigd_dch.inf_amd64_438afae43f7267c8\igd10iumd64.dll
0x00007ffab72b0000 - 0x00007ffab7350000 	C:\WINDOWS\SYSTEM32\apphelp.dll
0x00007ffaa8310000 - 0x00007ffaa9423000 	C:\WINDOWS\System32\DriverStore\FileRepository\iigd_dch.inf_amd64_438afae43f7267c8\igd10um64xe.DLL
0x00007ff9bf480000 - 0x00007ff9c019d000 	C:\Program Files\Java\jdk-21\bin\server\jvm.dll
0x00007ffa9b950000 - 0x00007ffa9b95c000 	C:\WINDOWS\SYSTEM32\VCRUNTIME140_1.dll
0x00007ffa9c670000 - 0x00007ffa9c68e000 	C:\WINDOWS\SYSTEM32\VCRUNTIME140.dll
0x00007ffab1a20000 - 0x00007ffab1a2a000 	C:\Program Files\Java\jdk-21\bin\jimage.dll
0x00007ffa94ee0000 - 0x00007ffa94f1b000 	C:\WINDOWS\SYSTEM32\dbgcore.DLL
0x00007ffab13d0000 - 0x00007ffab13ef000 	C:\Program Files\Java\jdk-21\bin\java.dll
0x00007ff9bf3a0000 - 0x00007ff9bf477000 	C:\Program Files\Java\jdk-21\bin\jsvml.dll
0x00007ffab0290000 - 0x00007ffab02a0000 	C:\Program Files\Java\jdk-21\bin\net.dll
0x00007ffab2b80000 - 0x00007ffab2ca9000 	C:\WINDOWS\SYSTEM32\WINHTTP.dll
0x00007ffa945d0000 - 0x00007ffa945e6000 	C:\Program Files\Java\jdk-21\bin\nio.dll
0x00007ffa87d90000 - 0x00007ffa87da8000 	C:\Program Files\Java\jdk-21\bin\zip.dll
0x00007ffa6f960000 - 0x00007ffa6f9bc000 	C:\WINDOWS\system32\dataexchange.dll

dbghelp: loaded successfully - version: 4.0.5 - missing functions: none
symbol engine: initialized successfully - sym options: 0x614 - pdb path: .;D:\Godot;C:\WINDOWS\SYSTEM32;C:\Program Files\WindowsApps\Microsoft.D3DMappingLayers_1.2605.1.0_x64__8wekyb3d8bbwe\x64;C:\WINDOWS\System32\DriverStore\FileRepository\nvacegpu.inf_amd64_0af8f5d55a9e9293;C:\WINDOWS\System32\DriverStore\FileRepository\iigd_dch.inf_amd64_438afae43f7267c8;C:\WINDOWS\System32\DriverStore\FileRepository\nvacegpu.inf_amd64_0af8f5d55a9e9293\Display.NvContainer;C:\WINDOWS\System32\DriverStore\FileRepository\nvacegpu.inf_amd64_0af8f5d55a9e9293\NvCamera;C:\Program Files\Java\jdk-21\bin\server;C:\Program Files\Java\jdk-21\bin

VM Arguments:
java_command: <unknown>
java_class_path (initial): <not set>
Launcher Type: generic

[Global flags]
     intx CICompilerCount                          = 12                                        {product} {ergonomic}
     uint ConcGCThreads                            = 3                                         {product} {ergonomic}
     uint G1ConcRefinementThreads                  = 13                                        {product} {ergonomic}
   size_t G1HeapRegionSize                         = 2097152                                   {product} {ergonomic}
    uintx GCDrainStackTargetSize                   = 64                                        {product} {ergonomic}
   size_t InitialHeapSize                          = 264241152                                 {product} {ergonomic}
   size_t MarkStackSize                            = 4194304                                   {product} {ergonomic}
   size_t MaxHeapSize                              = 4217372672                                {product} {ergonomic}
   size_t MaxNewSize                               = 2529165312                                {product} {ergonomic}
   size_t MinHeapDeltaBytes                        = 2097152                                   {product} {ergonomic}
   size_t MinHeapSize                              = 8388608                                   {product} {ergonomic}
    uintx NonNMethodCodeHeapSize                   = 7602480                                {pd product} {ergonomic}
    uintx NonProfiledCodeHeapSize                  = 122027880                              {pd product} {ergonomic}
    uintx ProfiledCodeHeapSize                     = 122027880                              {pd product} {ergonomic}
    uintx ReservedCodeCacheSize                    = 251658240                              {pd product} {ergonomic}
     bool SegmentedCodeCache                       = true                                      {product} {ergonomic}
   size_t SoftMaxHeapSize                          = 4217372672                             {manageable} {ergonomic}
     bool UseCompressedOops                        = true                           {product lp64_product} {ergonomic}
     bool UseG1GC                                  = true                                      {product} {ergonomic}
     bool UseLargePagesIndividualAllocation        = false                                  {pd product} {ergonomic}

Logging:
Log output configuration:
 #0: stdout all=warning uptime,level,tags foldmultilines=false
 #1: stderr all=off uptime,level,tags foldmultilines=false

Environment Variables:
JAVA_HOME=C:\Program Files\Java\jdk-21
PATH=C:\Program Files\Eclipse Adoptium\jdk-25.0.2.10-hotspot\bin;C:\Program Files\Common Files\Oracle\Java\javapath;C:\MinGW\bin;C:\Windows;C:\Windows\System32\Wbem;C:\Windows\System32\WindowsPowerShell\v1.0\;C:\Windows\System32\OpenSSH\;C:\Program Files (x86)\NVIDIA Corporation\PhysX\Common;C:\Program Files\NVIDIA Corporation\NVIDIA NvDLISR;C:\Program Files\Microsoft SQL Server\150\Tools\Binn\;C:\Program Files\Microsoft SQL Server\Client SDK\ODBC\170\Tools\Binn\;C:\Program Files\dotnet\;C:\Program Files (x86)\Windows Kits\10\Windows Performance Toolkit\;C:\Users\ADMIN\Downloads\winlibs-x86_64-posix-seh-gcc-12.1.0-mingw-w64msvcrt-10.0.0-r3.zip\mingw64\bin;C:\Program Files\nodejs\;C:\ProgramData\chocolatey\bin;C:\WINDOWS\system32;C:\WINDOWS;C:\WINDOWS\System32\Wbem;C:\WINDOWS\System32\WindowsPowerShell\v1.0\;C:\WINDOWS\System32\OpenSSH\;D:\Git\cmd;C:\Program Files\Java\jdk-21\bin;C:\Program Files (x86)\Microsoft SQL Server\170\Tools\Binn\;C:\Program Files\Microsoft SQL Server\170\Tools\Binn\;C:\Program Files\Microsoft SQL Server\Client SDK\ODBC\180\Tools\Binn\;C:\Program Files\Microsoft SQL Server\170\DTS\Binn\;C:\Program Files (x86)\Microsoft SQL Server\160\DTS\Binn\;C:\Users\ADMIN\AppData\Local\Microsoft\WindowsApps;C:\Users\ADMIN\.dotnet\tools;C:\TDM-GCC-64\bin;C:\Microsoft VS Code\bin;C:\Users\ADMIN\AppData\Roaming\npm;C:\Git\bin;C:\Users\ADMIN\anaconda3\Lib\site-packages\pyarrow\src\arrow\python;C:\Users\ADMIN\AppData\Local\Programs\Microsoft VS Code\bin;D:\Antigravity\bin;C:\Users\ADMIN\AppData\Local\Programs\Antigravity IDE\bin;D:\Antigravity IDE\bin
USERNAME=ADMIN
OS=Windows_NT
PROCESSOR_IDENTIFIER=Intel64 Family 6 Model 186 Stepping 2, GenuineIntel
TMP=C:\Users\ADMIN\AppData\Local\Temp
TEMP=C:\Users\ADMIN\AppData\Local\Temp




Periodic native trim disabled

---------------  S Y S T E M  ---------------

OS:
 Windows 11 , 64 bit Build 26100 (10.0.26100.8553)
OS uptime: 0 days 2:06 hours
Hyper-V role detected

CPU: total 16 (initial active 16) (8 cores per cpu, 2 threads per core) family 6 model 186 stepping 2 microcode 0x5105, cx8, cmov, fxsr, ht, mmx, 3dnowpref, sse, sse2, sse3, ssse3, sse4.1, sse4.2, popcnt, lzcnt, tsc, tscinvbit, avx, avx2, aes, erms, clmul, bmi1, bmi2, adx, sha, fma, vzeroupper, clflush, clflushopt, clwb, hv, serialize, rdtscp, rdpid, fsrm, f16c, cet_ibt, cet_ss
Processor Information for processor 0
  Max Mhz: 2400, Current Mhz: 1520, Mhz Limit: 2400
Processor Information for processor 1
  Max Mhz: 2400, Current Mhz: 1520, Mhz Limit: 2400
Processor Information for processor 2
  Max Mhz: 2400, Current Mhz: 1520, Mhz Limit: 2400
Processor Information for processor 3
  Max Mhz: 2400, Current Mhz: 1520, Mhz Limit: 2400
Processor Information for processor 4
  Max Mhz: 2400, Current Mhz: 2400, Mhz Limit: 2400
Processor Information for processor 5
  Max Mhz: 2400, Current Mhz: 1520, Mhz Limit: 2400
Processor Information for processor 6
  Max Mhz: 2400, Current Mhz: 2400, Mhz Limit: 2400
Processor Information for processor 7
  Max Mhz: 2400, Current Mhz: 1520, Mhz Limit: 2400
Processor Information for processor 8
  Max Mhz: 2400, Current Mhz: 1520, Mhz Limit: 2400
Processor Information for processor 9
  Max Mhz: 2400, Current Mhz: 1520, Mhz Limit: 2400
Processor Information for processor 10
  Max Mhz: 2400, Current Mhz: 1520, Mhz Limit: 2400
Processor Information for processor 11
  Max Mhz: 2400, Current Mhz: 1520, Mhz Limit: 2400
Processor Information for processor 12
  Max Mhz: 2400, Current Mhz: 1466, Mhz Limit: 2400
Processor Information for processor 13
  Max Mhz: 2400, Current Mhz: 1466, Mhz Limit: 2400
Processor Information for processor 14
  Max Mhz: 2400, Current Mhz: 1466, Mhz Limit: 2400
Processor Information for processor 15
  Max Mhz: 2400, Current Mhz: 1466, Mhz Limit: 2400

Memory: 4k page, system-wide physical 16087M (4924M free)
TotalPageFile size 20183M (AvailPageFile size 3336M)
current process WorkingSet (physical memory assigned to process): 637M, peak: 637M
current process commit charge ("private bytes"): 881M, peak: 881M

vm_info: Java HotSpot(TM) 64-Bit Server VM (21.0.9+7-LTS-338) for windows-amd64 JRE (21.0.9+7-LTS-338), built on 2025-09-26T06:33:49Z by "mach5run" with MS VC++ 17.6 (VS2022)

END.
