#
# A fatal error has been detected by the Java Runtime Environment:
#
#  EXCEPTION_ACCESS_VIOLATION (0xc0000005) at pc=0x000000002e747069, pid=26036, tid=11492
#
# JRE version: Java(TM) SE Runtime Environment (21.0.9+7) (build 21.0.9+7-LTS-338)
# Java VM: Java HotSpot(TM) 64-Bit Server VM (21.0.9+7-LTS-338, mixed mode, sharing, tiered, compressed oops, compressed class ptrs, g1 gc, windows-amd64)
# Problematic frame:
# C  [godot.windows.editor.x86_64.jvm.0.14.3.exe+0x3420607]  Node2D::get_global_position+0x187
#
# No core dump will be written. Minidumps are not enabled by default on client versions of Windows
#
# If you would like to submit a bug report, please visit:
#   https://bugreport.java.com/bugreport/crash.jsp
# The crash happened outside the Java Virtual Machine in native code.
# See problematic frame for where to report the bug.
#

---------------  S U M M A R Y ------------

Command Line: 

Host: 13th Gen Intel(R) Core(TM) i7-13620H, 16 cores, 15G,  Windows 11 , 64 bit Build 26100 (10.0.26100.8553)
Time: Thu Jun  4 13:34:45 2026 SE Asia Standard Time elapsed time: 7.388370 seconds (0d 0h 0m 7s)

---------------  T H R E A D  ---------------

Current thread (0x0000017d2a8319c0):  JavaThread "main"             [_thread_in_native, id=11492, stack(0x0000006fce800000,0x0000006fcf000000) (8192K)]

Stack: [0x0000006fce800000,0x0000006fcf000000],  sp=0x0000006fceffe7d0,  free space=8185k
Native frames: (J=compiled Java code, j=interpreted, Vv=VM code, C=native code)
C  0x000000002e747069

Java frames: (J=compiled Java code, j=interpreted, Vv=VM code)
J 1115  godot.internal.memory.TransferContext.icall(JJI)V (0 bytes) @ 0x0000017d3c3355f8 [0x0000017d3c3355a0+0x0000000000000058]
J 1507 c2 godot.api.Node2D.getGlobalPosition()Lgodot/core/Vector2; (54 bytes) @ 0x0000017d3c362c10 [0x0000017d3c362ac0+0x0000000000000150]
j  game.items.weapons.Weapon.getClosestTarget()Lgodot/api/Node2D;+40
J 1481 c2 godot.entry.WeaponRegistrar$register$1$1$2.invoke(Ljava/lang/Object;Ljava/lang/Object;)Ljava/lang/Object; (19 bytes) @ 0x0000017d3c3558fc [0x0000017d3c354900+0x0000000000000ffc]
J 1381 c2 godot.core.KtFunction.invoke(Lgodot/core/KtObject;)V (79 bytes) @ 0x0000017d3c3497b8 [0x0000017d3c349300+0x00000000000004b8]
v  ~StubRoutines::call_stub 0x0000017d3bb6100d

siginfo: EXCEPTION_ACCESS_VIOLATION (0xc0000005), data execution prevention violation at address 0x000000002e747069


Registers:
RAX=0x00007ff7311fe758, RBX=0x0000017d947c25a0, RCX=0x0000017d947c25a0, RDX=0x0000006fceffe828
RSP=0x0000006fceffe7c8, RBP=0x0000006fceffe8d9, RSI=0x0000017d0e2e9980, RDI=0x0000006fceffe8b0
R8 =0x0000000000000000, R9 =0x00007ff72c0c0480, R10=0x00007ffed38e87c0, R11=0x0000006fceffec58
R12=0x0000017d947c25a0, R13=0x0000017d26b3ea20, R14=0x0000000000000000, R15=0x0000006fceffe998
RIP=0x000000002e747069, EFLAGS=0x0000000000010202


Register to memory mapping:

RAX=0x00007ff7311fe758 godot.windows.editor.x86_64.jvm.0.14.3.exe::Object::`vftable' + 0x0
RBX=0x0000017d947c25a0 points into unknown readable memory: 0x00002c90000045ce | ce 45 00 00 90 2c 00 00
RCX=0x0000017d947c25a0 points into unknown readable memory: 0x00002c90000045ce | ce 45 00 00 90 2c 00 00
RDX=0x0000006fceffe828 is pointing into the stack for thread: 0x0000017d2a8319c0
RSP=0x0000006fceffe7c8 is pointing into the stack for thread: 0x0000017d2a8319c0
RBP=0x0000006fceffe8d9 is pointing into the stack for thread: 0x0000017d2a8319c0
RSI=0x0000017d0e2e9980 points into unknown readable memory: 0x0000000000000000 | 00 00 00 00 00 00 00 00
RDI=0x0000006fceffe8b0 is pointing into the stack for thread: 0x0000017d2a8319c0
R8 =0x0 is null
R9 =0x00007ff72c0c0480 godot.windows.editor.x86_64.jvm.0.14.3.exe::Node2D::get_global_position + 0x0
R10=0x00007ffed38e87c0 jvm.dll
R11=0x0000006fceffec58 is pointing into the stack for thread: 0x0000017d2a8319c0
R12=0x0000017d947c25a0 points into unknown readable memory: 0x00002c90000045ce | ce 45 00 00 90 2c 00 00
R13=0x0000017d26b3ea20 points into unknown readable memory: 0x00007ff730c9f998 | 98 f9 c9 30 f7 7f 00 00
R14=0x0 is null
R15=0x0000006fceffe998 is pointing into the stack for thread: 0x0000017d2a8319c0

Top of Stack: (sp=0x0000006fceffe7c8)
0x0000006fceffe7c8:   00007ff72c0c0607 0000017d00000000
0x0000006fceffe7d8:   0000000000000120 0000017d945e54e0
0x0000006fceffe7e8:   0000006fceffe828 0000000000000000
0x0000006fceffe7f8:   40680a14a0000000 00000000434050a5
0x0000006fceffe808:   0000000000000000 0000000000000001
0x0000006fceffe818:   0000017d2a07f580 0000017d91bfda90
0x0000006fceffe828:   be8c9df4bed5ec2d bed5ec2d3e8c9df4
0x0000006fceffe838:   42cca14a43f4b9f8 0000184402754251
0x0000006fceffe848:   0000000000000000 0000006fceffe9b0
0x0000006fceffe858:   00007ff72c0bff02 0000017d945de7c4
0x0000006fceffe868:   00007ff72d356ff6 00007ff72e674498
0x0000006fceffe878:   0000000000000000 0000017d1a38d4d0
0x0000006fceffe888:   0000000000000000 0000000000000000
0x0000006fceffe898:   0000000000000000 0000000000000000
0x0000006fceffe8a8:   00007ff72c0be6b2 42cca14a43f4b9f8
0x0000006fceffe8b8:   00000000000012f0 0000006fceffea40
0x0000006fceffe8c8:   0000017d00000000 0000006fceffe9b0
0x0000006fceffe8d8:   00007ff729aedc77 0000184402754de1
0x0000006fceffe8e8:   0000001800000010 00000000000001c0
0x0000006fceffe8f8:   00007ff728ca0000 0000000000000000
0x0000006fceffe908:   0000000000000000 0000017d26b3ea20
0x0000006fceffe918:   0000017d0e2eab50 0000006fceffea30
0x0000006fceffe928:   00007ff729af0a38 00000007060423d8
0x0000006fceffe938:   0000000000002030 0000000000000000
0x0000006fceffe948:   0000017d0e2e9f50 0000000000000000
0x0000006fceffe958:   0000006fceffe998 0000000800000000
0x0000006fceffe968:   0000001800000010 0000006fceffeab0
0x0000006fceffe978:   0000006fceffea98 0000017d00000000
0x0000006fceffe988:   0000017d26b3ea20 0000017d947c25a0
0x0000006fceffe998:   0000000000000000 0000006f00000000
0x0000006fceffe9a8:   0000017d2a831d80 3f4ccccd00000000
0x0000006fceffe9b8:   0000000000000000 0000000000000000 

Instructions: (pc=0x00007ff72c0c0607)
0x00007ff72c0c0507:   44 24 60 80 00 00 00 48 8d 05 0b 53 ac 04 33 f6
0x00007ff72c0c0517:   48 8d 54 24 58 48 89 44 24 58 48 8d 4c 24 40 48
0x00007ff72c0c0527:   89 74 24 40 e8 70 a5 a4 01 4c 8b c3 48 8d 54 24
0x00007ff72c0c0537:   40 48 8d 4c 24 48 e8 3e 99 bf fc 89 74 24 30 4c
0x00007ff72c0c0547:   8d 0d 03 2b b5 04 40 88 74 24 28 48 8d 15 2f ee
0x00007ff72c0c0557:   bd 04 41 b8 22 01 00 00 48 89 44 24 20 48 8d 0d
0x00007ff72c0c0567:   fd ef bd 04 e8 80 33 a4 01 48 8d 4c 24 48 e8 86
0x00007ff72c0c0577:   8e bf fc 48 8b 44 24 40 48 85 c0 74 6d 48 8d 48
0x00007ff72c0c0587:   f0 8b d6 48 0f 45 d1 48 c7 c0 ff ff ff ff f0 48
0x00007ff72c0c0597:   0f c1 02 48 83 f8 01 75 51 48 8b 4c 24 40 33 d2
0x00007ff72c0c05a7:   48 83 c1 f0 48 89 74 24 40 e8 7b 43 a4 01 48 39
0x00007ff72c0c05b7:   74 24 40 74 35 89 74 24 30 48 8d 05 09 30 5b 02
0x00007ff72c0c05c7:   40 88 74 24 28 4c 8d 0d 45 30 5b 02 41 b8 0e 01
0x00007ff72c0c05d7:   00 00 48 89 44 24 20 48 8d 15 eb 2e 5b 02 48 8d
0x00007ff72c0c05e7:   0d 54 30 5b 02 e8 3f 30 a4 01 48 89 37 eb 18 48
0x00007ff72c0c05f7:   8b 03 48 8d 54 24 58 48 8b cb ff 90 b8 02 00 00
0x00007ff72c0c0607:   48 8b 40 10 48 89 07 48 8b c7 48 8b 4c 24 70 48
0x00007ff72c0c0617:   33 cc e8 c2 f2 50 02 4c 8d 9c 24 80 00 00 00 49
0x00007ff72c0c0627:   8b 5b 20 49 8b 73 28 49 8b e3 5f c3 cc cc cc cc
0x00007ff72c0c0637:   cc cc cc cc cc cc cc cc cc 48 89 5c 24 10 57 48
0x00007ff72c0c0647:   81 ec 80 00 00 00 48 8b 05 ac 8e a7 05 48 33 c4
0x00007ff72c0c0657:   48 89 44 24 70 65 48 8b 04 25 58 00 00 00 48 8b
0x00007ff72c0c0667:   d9 8b 0d 5a 24 e1 05 48 8b 3c c8 b8 1c 19 00 00
0x00007ff72c0c0677:   80 3c 38 00 75 05 e8 4e f3 50 02 b8 f0 12 00 00
0x00007ff72c0c0687:   48 83 3c 38 00 0f 85 1c 01 00 00 e8 f9 15 cc 01
0x00007ff72c0c0697:   84 c0 0f 85 0f 01 00 00 48 83 bb 48 02 00 00 00
0x00007ff72c0c06a7:   0f 84 01 01 00 00 48 8d 54 24 50 48 8b cb e8 b6
0x00007ff72c0c06b7:   e2 55 ff 48 8b d8 48 c7 44 24 60 80 00 00 00 48
0x00007ff72c0c06c7:   8d 05 53 51 ac 04 33 ff 48 8d 54 24 58 48 89 44
0x00007ff72c0c06d7:   24 58 48 8d 4c 24 40 48 89 7c 24 40 e8 b8 a3 a4
0x00007ff72c0c06e7:   01 4c 8b c3 48 8d 54 24 40 48 8d 4c 24 48 e8 86
0x00007ff72c0c06f7:   97 bf fc 89 7c 24 30 4c 8d 0d 3b df ac 04 40 88 


Stack slot to memory mapping:

stack at sp + 0 slots: 0x0000017d00000000 is an unknown value
stack at sp + 1 slots: 0x0000000000000120 is an unknown value
stack at sp + 2 slots: 0x0000017d945e54e0 points into unknown readable memory: 0x00007ff72f13adf8 | f8 ad 13 2f f7 7f 00 00
stack at sp + 3 slots: 0x0000006fceffe828 is pointing into the stack for thread: 0x0000017d2a8319c0
stack at sp + 4 slots: 0x0 is null
stack at sp + 5 slots: 0x40680a14a0000000 is an unknown value
stack at sp + 6 slots: 0x00000000434050a5 is an unknown value
stack at sp + 7 slots: 0x0 is null


Compiled method (n/a)    7472 1115     n 0       godot.internal.memory.TransferContext::icall (native)
 total in heap  [0x0000017d3c335410,0x0000017d3c3357c0] = 944
 relocation     [0x0000017d3c335570,0x0000017d3c3355a0] = 48
 main code      [0x0000017d3c3355a0,0x0000017d3c3357b7] = 535
 stub code      [0x0000017d3c3357b7,0x0000017d3c3357b8] = 1
 oops           [0x0000017d3c3357b8,0x0000017d3c3357c0] = 8

[Constant Pool (empty)]

[MachCode]
[Entry Point]
  # {method} {0x0000017d8d46c0b8} 'icall' '(JJI)V' in 'godot/internal/memory/TransferContext'
  # this:     rdx:rdx   = 'godot/internal/memory/TransferContext'
  # parm0:    r8:r8     = long
  # parm1:    r9:r9     = long
  # parm2:    rdi       = int
  #           [sp+0x70]  (sp of caller)
  0x0000017d3c3355a0: 448b 5208 | 49bb 0000 | 004c 7d01 | 0000 4d03 | d349 3bc2 | 0f84 0600 

  0x0000017d3c3355b8: ;   {runtime_call ic_miss_stub}
  0x0000017d3c3355b8: 0000 e9c1 | 9187 ff90 
[Verified Entry Point]
  0x0000017d3c3355c0: 8984 2400 | 80ff ff55 | 488b ec48 | 83ec 6090 | 4181 7f20 | 0300 0000 

  0x0000017d3c3355d8: ;   {runtime_call StubRoutines (final stubs)}
  0x0000017d3c3355d8: 7405 e881 | f785 ff48 | 897c 2420 | 4889 5424 | 2848 83fa | 0048 8d54 | 2428 480f | 4454 2428 
  0x0000017d3c3355f8: ;   {internal_word}
  0x0000017d3c3355f8: c5f8 7749 | baf8 5533 | 3c7d 0100 | 004d 8997 | a803 0000 | 4989 a7a0 

  0x0000017d3c335610: ;   {external_word}
  0x0000017d3c335610: 0300 0049 | bac0 878e | d3fe 7f00 | 0041 803a | 000f 844e | 0000 0052 | 4150 4151 

  0x0000017d3c33562c: ;   {metadata({method} {0x0000017d8d46c0b8} 'icall' '(JJI)V' in 'godot/internal/memory/TransferContext')}
  0x0000017d3c33562c: 48ba b0c0 | 468d 7d01 | 0000 498b | cf48 83ec | 2040 f6c4 | 0f0f 8419 | 0000 0048 

  0x0000017d3c335648: ;   {runtime_call}
  0x0000017d3c335648: 83ec 0848 | b890 1e3f | d3fe 7f00 | 00ff d048 | 83c4 08e9 | 0c00 0000 

  0x0000017d3c335660: ;   {runtime_call}
  0x0000017d3c335660: 48b8 901e | 3fd3 fe7f | 0000 ffd0 | 4883 c420 | 4159 4158 | 5a49 8d8f | c003 0000 | 41c7 874c 
  0x0000017d3c335680: 0400 0004 

  0x0000017d3c335684: ;   {runtime_call TransferContext::icall}
  0x0000017d3c335684: 0000 0048 | b870 04af | 29f7 7f00 | 00ff d0c5 | f877 41c7 | 874c 0400 | 0005 0000 | 00f0 8344 
  0x0000017d3c3356a4: 24c0 0049 | 3baf 5004 | 0000 0f87 | 0e00 0000 | 4183 bf48 | 0400 0000 | 0f84 2300 | 0000 c5f8 
  0x0000017d3c3356c4: 7749 8bcf | 4c8b e448 | 83ec 2048 

  0x0000017d3c3356d0: ;   {runtime_call}
  0x0000017d3c3356d0: 83e4 f048 | b860 cb0a | d3fe 7f00 | 00ff d049 | 8be4 4d33 | e441 c787 | 4c04 0000 | 0800 0000 
  0x0000017d3c3356f0: 4183 bfc8 | 0400 0002 | 0f84 9400 

  0x0000017d3c3356fc: ;   {external_word}
  0x0000017d3c3356fc: 0000 49ba | c087 8ed3 | fe7f 0000 | 4180 3a00 | 0f84 4400 

  0x0000017d3c335710: ;   {metadata({method} {0x0000017d8d46c0b8} 'icall' '(JJI)V' in 'godot/internal/memory/TransferContext')}
  0x0000017d3c335710: 0000 48ba | b0c0 468d | 7d01 0000 | 498b cf48 | 83ec 2040 | f6c4 0f0f | 8419 0000 | 0048 83ec 
  0x0000017d3c335730: ;   {runtime_call}
  0x0000017d3c335730: 0848 b890 | 1e3f d3fe | 7f00 00ff | d048 83c4 | 08e9 0c00 

  0x0000017d3c335744: ;   {runtime_call}
  0x0000017d3c335744: 0000 48b8 | 901e 3fd3 | fe7f 0000 | ffd0 4883 | c420 49c7 | 87a0 0300 | 0000 0000 | 0049 c787 
  0x0000017d3c335764: a803 0000 | 0000 0000 | c5f8 7749 | 8b8f 3004 | 0000 c781 | 0001 0000 | 0000 0000 | c949 837f 
  0x0000017d3c335784: 0800 0f85 | 0100 0000 

  0x0000017d3c33578c: ;   {runtime_call StubRoutines (initial stubs)}
  0x0000017d3c33578c: c3e9 6eb7 | 82ff c5f8 | 774c 8be4 | 4883 ec20 | 4883 e4f0 

  0x0000017d3c3357a0: ;   {runtime_call}
  0x0000017d3c3357a0: 48b8 4056 | 3fd3 fe7f | 0000 ffd0 | 498b e44d | 33e4 e947 | ffff fff4 
[/MachCode]


Compiled method (c2)    7479 1507       4       godot.api.Node2D::getGlobalPosition (54 bytes)
 total in heap  [0x0000017d3c362890,0x0000017d3c363cb0] = 5152
 relocation     [0x0000017d3c3629f0,0x0000017d3c362ab0] = 192
 main code      [0x0000017d3c362ac0,0x0000017d3c3631b8] = 1784
 stub code      [0x0000017d3c3631b8,0x0000017d3c3631e0] = 40
 oops           [0x0000017d3c3631e0,0x0000017d3c363218] = 56
 metadata       [0x0000017d3c363218,0x0000017d3c3633d0] = 440
 scopes data    [0x0000017d3c3633d0,0x0000017d3c3639e0] = 1552
 scopes pcs     [0x0000017d3c3639e0,0x0000017d3c363bf0] = 528
 dependencies   [0x0000017d3c363bf0,0x0000017d3c363c28] = 56
 handler table  [0x0000017d3c363c28,0x0000017d3c363c58] = 48
 nul chk table  [0x0000017d3c363c58,0x0000017d3c363cb0] = 88

[Constant Pool (empty)]

[MachCode]
[Entry Point]
  # {method} {0x0000017d8d718a58} 'getGlobalPosition' '()Lgodot/core/Vector2;' in 'godot/api/Node2D'
  #           [sp+0x50]  (sp of caller)
  0x0000017d3c362ac0: 448b 5208 | 49bb 0000 | 004c 7d01 | 0000 4d03 | d349 3bc2 

  0x0000017d3c362ad4: ;   {runtime_call ic_miss_stub}
  0x0000017d3c362ad4: 0f85 a6bc | 84ff 6690 | 0f1f 4000 
[Verified Entry Point]
  0x0000017d3c362ae0: 8984 2400 | 80ff ff55 | 4883 ec40 | 4181 7f20 | 0300 0000 | 0f85 b206 | 0000 488b 

  0x0000017d3c362afc: ;   {oop(a 'kotlin/reflect/KProperty'[1] {0x0000000705fd1ae8})}
  0x0000017d3c362afc: fa49 bae8 | 1afd 0507 | 0000 0045 | 8b5a 1045 | 85db 0f84 | 7004 0000 

  0x0000017d3c362b14: ;   {oop(a 'godot/common/util/ThreadLocalDelegate'{0x00000007060423b0})}
  0x0000017d3c362b14: 49ba b023 | 0406 0700 | 0000 418b | 6a10 458b 

  0x0000017d3c362b24: ;   {metadata('java/lang/ThreadLocal$SuppliedThreadLocal')}
  0x0000017d3c362b24: 5cec 0841 | 81fb 683f | 0401 0f85 | b402 0000 | 498d 1cec | 4d8b 9788 | 0300 0049 | 8b0a 448b 
  0x0000017d3c362b44: 494c 478b | 5ccc 1447 | 8b44 dc0c | 458d 50ff | 4423 530c | 4585 c00f | 869f 0200 | 0049 c1e3 
  0x0000017d3c362b64: 0347 8b44 | 9310 438b | 54c4 0c4c | 8bda 49c1 | e303 4c3b | db0f 85b1 | 0200 0043 | 8b6c c41c 
  0x0000017d3c362b84: ; implicit exception: dispatches to 0x0000017d3c363098
  0x0000017d3c362b84: 458b 54ec 

  0x0000017d3c362b88: ;   {metadata('java/nio/DirectByteBuffer')}
  0x0000017d3c362b88: 0841 81fa | 780b 1c00 | 0f85 ae04 | 0000 4d8d | 14ec 418b | 6a1c 41c7 | 420c ffff | ffff 4589 
  0x0000017d3c362ba8: 6218 83fd | 040f 8ced | 0300 0041 | c742 1804 | 0000 0045 | 8b5a 244d | 8b4a 1045 | 85db 0f85 
  0x0000017d3c362bc8: 9c02 0000 | 410f b66a | 2d85 ed0f | 8543 0300 | 0048 890c | 244c 8b47 | 104d 8bd1 | 4589 2249 
  0x0000017d3c362be8: b920 eab3 | 267d 0100 

  0x0000017d3c362bf0: ;   {oop(a 'godot/core/VariantParser$VECTOR2'{0x0000000705f5c6e8})}
  0x0000017d3c362bf0: 0049 bae8 | c6f5 0507 | 0000 0041 

  0x0000017d3c362bfc: ;   {oop(a 'godot/internal/memory/TransferContext'{0x0000000705e28220})}
  0x0000017d3c362bfc: 8b7a 1848 | ba20 82e2 | 0507 0000 

  0x0000017d3c362c08: ;   {optimized virtual_call}
  0x0000017d3c362c08: 0066 90e8 

  0x0000017d3c362c0c: ; ImmutableOopMap {[0]=Oop }
                      ;*invokespecial icall {reexecute=0 rethrow=0 return_oop=0}
                      ; - godot.internal.memory.TransferContext::callMethod@17 (line 79)
                      ; - godot.api.Node2D::getGlobalPosition@29 (line 476)
  0x0000017d3c362c0c: b029 fdff 

  0x0000017d3c362c10: ;   {other}
  0x0000017d3c362c10: 0f1f 8400 | 8003 0000 

  0x0000017d3c362c18: ;   {oop(a 'kotlin/reflect/KProperty'[1] {0x0000000705fd1ae8})}
  0x0000017d3c362c18: 49ba e81a | fd05 0700 | 0000 418b | 6a10 85ed | 0f84 9203 

  0x0000017d3c362c2c: ;   {oop(a 'godot/common/util/ThreadLocalDelegate'{0x00000007060423b0})}
  0x0000017d3c362c2c: 0000 49ba | b023 0406 | 0700 0000 | 458b 5210 

  0x0000017d3c362c3c: ; implicit exception: dispatches to 0x0000017d3c3630b0
  0x0000017d3c362c3c: 478b 5cd4 

  0x0000017d3c362c40: ;   {metadata('java/lang/ThreadLocal$SuppliedThreadLocal')}
  0x0000017d3c362c40: 0841 81fb | 683f 0401 | 0f85 4602 | 0000 4c8b | 0424 418b | 484c 4b8d | 1cd4 458b | 5ccc 1447 
  0x0000017d3c362c60: 8b54 dc0c | 458d 4aff | 4423 4b0c | 4585 d20f | 8637 0200 | 004f 8d14 | dc43 8b6c | 8a10 458b 
  0x0000017d3c362c80: 5cec 0c4d | 8bd3 49c1 | e203 4c3b | d30f 8541 | 0200 0041 | 8b6c ec1c 

  0x0000017d3c362c98: ; implicit exception: dispatches to 0x0000017d3c3630d8
  0x0000017d3c362c98: 458b 54ec 

  0x0000017d3c362c9c: ;   {metadata('java/nio/DirectByteBuffer')}
  0x0000017d3c362c9c: 0841 81fa | 780b 1c00 | 0f85 b203 | 0000 4d8d | 04ec 458b | 501c 41c7 | 400c ffff | ffff 4589 
  0x0000017d3c362cbc: 6018 4183 | fa04 0f8c | 0c03 0000 | 41c7 4018 | 0400 0000 | 458b 5824 | 4d8b 4810 | 4c89 4c24 
  0x0000017d3c362cdc: 1045 85db | 0f85 1602 | 0000 450f | b658 2d45 | 8b09 4585 | db0f 854d 

  0x0000017d3c362cf4: ;   {oop(a 'godot/core/VariantParser$VECTOR2'{0x0000000705f5c6e8})}
  0x0000017d3c362cf4: 0200 0049 | bbe8 c6f5 | 0507 0000 | 0041 8b6b | 1844 3bcd | 0f85 5e02 | 0000 498b | 87b8 0100 
  0x0000017d3c362d14: 004c 8bd8 | 4983 c320 | 4d3b 9fc8 | 0100 000f | 8395 0000 | 004d 899f | b801 0000 | 410f 0d8b 
  0x0000017d3c362d34: c000 0000 | 48c7 0001 

  0x0000017d3c362d3c: ;   {metadata('godot/core/Vector2')}
  0x0000017d3c362d3c: 0000 00c7 | 4008 1084 | 0201 4489 | 600c 4c89 | 6010 4c89 | 6018 418d | 6afc 83fd | 040f 8c95 
  0x0000017d3c362d5c: 0200 004c | 8b5c 2410 | 458b 5b04 | 41c7 4018 | 0800 0000 | 4183 c2f8 | c4c1 796e | c3c5 fa5a 
  0x0000017d3c362d7c: c041 83fa | 040f 8c91 | 0200 00c5 | fb11 4010 | 41c7 4018 | 0c00 0000 | 4c8b 5424 | 1045 8b52 
  0x0000017d3c362d9c: 08c4 c179 | 6eca c5fa | 5ac1 c5fb | 1140 1848 | 83c4 405d 

  0x0000017d3c362db0: ;   {poll_return}
  0x0000017d3c362db0: 493b a750 | 0400 000f | 87d9 0300 | 00c3 4489 | 1424 498b 

  0x0000017d3c362dc4: ;   {metadata('godot/core/Vector2')}
  0x0000017d3c362dc4: e848 ba10 | 8402 4d7d 

  0x0000017d3c362dcc: ;   {runtime_call _new_instance_Java}
  0x0000017d3c362dcc: 0100 00e8 

  0x0000017d3c362dd0: ; ImmutableOopMap {rbp=Oop }
                      ;*new {reexecute=0 rethrow=0 return_oop=1}
                      ; - godot.core.VariantKt::getVector2@0 (line 19)
                      ; - godot.core.VariantKt::access$getVector2@1 (line 1)
                      ; - godot.core.VariantParser$VECTOR2::toUnsafeKotlin@7 (line 176)
                      ; - godot.core.VariantParser$VECTOR2::toUnsafeKotlin@2 (line 175)
                      ; - godot.core.VariantParser::toKotlin@21 (line 479)
                      ; - godot.internal.memory.TransferContext::readReturnValue@20 (line 75)
                      ; - godot.api.Node2D::getGlobalPosition@41 (line 477)
  0x0000017d3c362dd0: aca6 91ff 

  0x0000017d3c362dd4: ;   {other}
  0x0000017d3c362dd4: 0f1f 8400 | 4405 0001 | 4c8b c544 | 8b14 24e9 | 6aff ffff | bade ffff | ff48 893c 

  0x0000017d3c362df0: ;   {runtime_call UncommonTrapBlob}
  0x0000017d3c362df0: 2466 90e8 

  0x0000017d3c362df4: ; ImmutableOopMap {rbp=NarrowOop [0]=Oop }
                      ;*invokevirtual get {reexecute=0 rethrow=0 return_oop=0}
                      ; - godot.common.util.ThreadLocalDelegate::getValue@10 (line 7)
                      ; - godot.internal.memory.TransferContext::getBuffer@9 (line 28)
                      ; - godot.internal.memory.TransferContext::writeArguments@7 (line 34)
                      ; - godot.api.Node2D::getGlobalPosition@7 (line 475)
  0x0000017d3c362df4: 0818 85ff 

  0x0000017d3c362df8: ;   {other}
  0x0000017d3c362df8: 0f1f 8400 | 6805 0002 | bae4 ffff | ff48 8bef | 4889 4c24 | 0844 894c | 2410 4889 | 5c24 1844 
  0x0000017d3c362e18: 895c 2420 | 4489 5424 

  0x0000017d3c362e20: ;   {runtime_call UncommonTrapBlob}
  0x0000017d3c362e20: 2466 90e8 

  0x0000017d3c362e24: ; ImmutableOopMap {rbp=Oop [8]=Oop [16]=NarrowOop [24]=Oop [32]=NarrowOop }
                      ;*aaload {reexecute=0 rethrow=0 return_oop=0}
                      ; - java.lang.ThreadLocal$ThreadLocalMap::getEntry@18 (line 500)
                      ; - java.lang.ThreadLocal::get@12 (line 187)
                      ; - java.lang.ThreadLocal::get@4 (line 172)
                      ; - godot.common.util.ThreadLocalDelegate::getValue@10 (line 7)
                      ; - godot.internal.memory.TransferContext::getBuffer@9 (line 28)
                      ; - godot.internal.memory.TransferContext::writeArguments@7 (line 34)
                      ; - godot.api.Node2D::getGlobalPosition@7 (line 475)
  0x0000017d3c362e24: d817 85ff 

  0x0000017d3c362e28: ;   {other}
  0x0000017d3c362e28: 0f1f 8400 | 9805 0003 | ba45 ffff | ff33 ed4c | 3bdb 400f | 94c5 4889 | 3c24 4889 | 4c24 1044 
  0x0000017d3c362e48: 894c 2418 | 4889 5c24 | 2044 8954 | 241c 4489 

  0x0000017d3c362e58: ;   {runtime_call UncommonTrapBlob}
  0x0000017d3c362e58: 4424 28e8 

  0x0000017d3c362e5c: ; ImmutableOopMap {[0]=Oop [16]=Oop [24]=NarrowOop [32]=Oop [40]=NarrowOop }
                      ;*ifeq {reexecute=1 rethrow=0 return_oop=0}
                      ; - (reexecute) java.lang.ThreadLocal$ThreadLocalMap::getEntry@29 (line 501)
                      ; - java.lang.ThreadLocal::get@12 (line 187)
                      ; - java.lang.ThreadLocal::get@4 (line 172)
                      ; - godot.common.util.ThreadLocalDelegate::getValue@10 (line 7)
                      ; - godot.internal.memory.TransferContext::getBuffer@9 (line 28)
                      ; - godot.internal.memory.TransferContext::writeArguments@7 (line 34)
                      ; - godot.api.Node2D::getGlobalPosition@7 (line 475)
  0x0000017d3c362e5c: a017 85ff 

  0x0000017d3c362e60: ;   {other}
  0x0000017d3c362e60: 0f1f 8400 | d005 0004 | baec ffff | ff48 8bef | 4c89 5424 | 084c 8954 | 2410 4c89 | 4c24 1844 
  0x0000017d3c362e80: 895c 2428 

  0x0000017d3c362e84: ;   {runtime_call UncommonTrapBlob}
  0x0000017d3c362e84: 6666 90e8 

  0x0000017d3c362e88: ; ImmutableOopMap {rbp=Oop [8]=Oop [16]=Oop [40]=NarrowOop }
                      ;*ifnull {reexecute=1 rethrow=0 return_oop=0}
                      ; - (reexecute) java.nio.Buffer::session@4 (line 792)
                      ; - java.nio.DirectByteBuffer::putInt@7 (line 773)
                      ; - java.nio.DirectByteBuffer::putInt@11 (line 785)
                      ; - godot.internal.memory.TransferContext::writeArguments@21 (line 36)
                      ; - godot.api.Node2D::getGlobalPosition@7 (line 475)
  0x0000017d3c362e88: 7417 85ff 

  0x0000017d3c362e8c: ;   {other}
  0x0000017d3c362e8c: 0f1f 8400 | fc05 0005 | bade ffff | ff41 8bea 

  0x0000017d3c362e9c: ;   {runtime_call UncommonTrapBlob}
  0x0000017d3c362e9c: 6666 90e8 

  0x0000017d3c362ea0: ; ImmutableOopMap {rbp=NarrowOop }
                      ;*invokevirtual get {reexecute=0 rethrow=0 return_oop=0}
                      ; - godot.common.util.ThreadLocalDelegate::getValue@10 (line 7)
                      ; - godot.internal.memory.TransferContext::getBuffer@9 (line 28)
                      ; - godot.internal.memory.TransferContext::readReturnValue@7 (line 73)
                      ; - godot.api.Node2D::getGlobalPosition@41 (line 477)
  0x0000017d3c362ea0: 5c17 85ff 

  0x0000017d3c362ea4: ;   {other}
  0x0000017d3c362ea4: 0f1f 8400 | 1406 0006 | bae4 ffff | ff89 4c24 | 0848 895c | 2410 4489 | 5c24 1844 | 894c 241c 
  0x0000017d3c362ec4: ;   {runtime_call UncommonTrapBlob}
  0x0000017d3c362ec4: 6666 90e8 

  0x0000017d3c362ec8: ; ImmutableOopMap {[0]=Oop [8]=NarrowOop [16]=Oop [24]=NarrowOop }
                      ;*aaload {reexecute=0 rethrow=0 return_oop=0}
                      ; - java.lang.ThreadLocal$ThreadLocalMap::getEntry@18 (line 500)
                      ; - java.lang.ThreadLocal::get@12 (line 187)
                      ; - java.lang.ThreadLocal::get@4 (line 172)
                      ; - godot.common.util.ThreadLocalDelegate::getValue@10 (line 7)
                      ; - godot.internal.memory.TransferContext::getBuffer@9 (line 28)
                      ; - godot.internal.memory.TransferContext::readReturnValue@7 (line 73)
                      ; - godot.api.Node2D::getGlobalPosition@41 (line 477)
  0x0000017d3c362ec8: 3417 85ff 

  0x0000017d3c362ecc: ;   {other}
  0x0000017d3c362ecc: 0f1f 8400 | 3c06 0007 | ba45 ffff | ff4c 8944 | 2408 894c | 2410 4889 | 5c24 1844 | 894c 2414 
  0x0000017d3c362eec: ;   {runtime_call UncommonTrapBlob}
  0x0000017d3c362eec: 6666 90e8 

  0x0000017d3c362ef0: ; ImmutableOopMap {rbp=NarrowOop [8]=Oop [16]=NarrowOop [24]=Oop }
                      ;*ifeq {reexecute=1 rethrow=0 return_oop=0}
                      ; - (reexecute) java.lang.ThreadLocal$ThreadLocalMap::getEntry@29 (line 501)
                      ; - java.lang.ThreadLocal::get@12 (line 187)
                      ; - java.lang.ThreadLocal::get@4 (line 172)
                      ; - godot.common.util.ThreadLocalDelegate::getValue@10 (line 7)
                      ; - godot.internal.memory.TransferContext::getBuffer@9 (line 28)
                      ; - godot.internal.memory.TransferContext::readReturnValue@7 (line 73)
                      ; - godot.api.Node2D::getGlobalPosition@41 (line 477)
  0x0000017d3c362ef0: 0c17 85ff 

  0x0000017d3c362ef4: ;   {other}
  0x0000017d3c362ef4: 0f1f 8400 | 6406 0008 | baec ffff | ff4c 8904 | 244c 8944 | 2408 4489 

  0x0000017d3c362f0c: ;   {runtime_call UncommonTrapBlob}
  0x0000017d3c362f0c: 5c24 20e8 

  0x0000017d3c362f10: ; ImmutableOopMap {[0]=Oop [8]=Oop [32]=NarrowOop }
                      ;*ifnull {reexecute=1 rethrow=0 return_oop=0}
                      ; - (reexecute) java.nio.Buffer::session@4 (line 792)
                      ; - java.nio.DirectByteBuffer::getInt@4 (line 744)
                      ; - java.nio.DirectByteBuffer::getInt@10 (line 753)
                      ; - godot.core.VariantKt::getVariantType@1 (line 104)
                      ; - godot.core.VariantKt::access$getVariantType@1 (line 1)
                      ; - godot.core.VariantParser::toKotlin@7 (line 477)
                      ; - godot.internal.memory.TransferContext::readReturnValue@20 (line 75)
                      ; - godot.api.Node2D::getGlobalPosition@41 (line 477)
  0x0000017d3c362f10: ec16 85ff 

  0x0000017d3c362f14: ;   {other}
  0x0000017d3c362f14: 0f1f 8400 | 8406 0009 | ba45 ffff | ff48 893c | 244c 8954 | 2410 4c89 | 5424 184c | 894c 2420 
  0x0000017d3c362f34: ;   {runtime_call UncommonTrapBlob}
  0x0000017d3c362f34: 6666 90e8 

  0x0000017d3c362f38: ; ImmutableOopMap {[0]=Oop [16]=Oop [24]=Oop }
                      ;*if_icmpne {reexecute=1 rethrow=0 return_oop=0}
                      ; - (reexecute) jdk.internal.misc.Unsafe::convEndian@4 (line 3818)
                      ; - jdk.internal.misc.Unsafe::putIntUnaligned@7 (line 3698)
                      ; - jdk.internal.misc.ScopedMemoryAccess::putIntUnalignedInternal@17 (line 1930)
                      ; - jdk.internal.misc.ScopedMemoryAccess::putIntUnaligned@8 (line 1918)
                      ; - java.nio.DirectByteBuffer::putInt@18 (line 773)
                      ; - java.nio.DirectByteBuffer::putInt@11 (line 785)
                      ; - godot.internal.memory.TransferContext::writeArguments@21 (line 36)
                      ; - godot.api.Node2D::getGlobalPosition@7 (line 475)
  0x0000017d3c362f38: c416 85ff 

  0x0000017d3c362f3c: ;   {other}
  0x0000017d3c362f3c: 0f1f 8400 | ac06 000a | ba45 ffff | ff4c 8904 | 244c 8944 | 2408 4489 | 4c24 1044 | 895c 2414 
  0x0000017d3c362f5c: ;   {runtime_call UncommonTrapBlob}
  0x0000017d3c362f5c: 6666 90e8 

  0x0000017d3c362f60: ; ImmutableOopMap {[0]=Oop [8]=Oop }
                      ;*if_icmpne {reexecute=1 rethrow=0 return_oop=0}
                      ; - (reexecute) jdk.internal.misc.Unsafe::convEndian@4 (line 3818)
                      ; - jdk.internal.misc.Unsafe::getIntUnaligned@8 (line 3575)
                      ; - jdk.internal.misc.ScopedMemoryAccess::getIntUnalignedInternal@15 (line 1909)
                      ; - jdk.internal.misc.ScopedMemoryAccess::getIntUnaligned@6 (line 1897)
                      ; - java.nio.DirectByteBuffer::getInt@13 (line 744)
                      ; - java.nio.DirectByteBuffer::getInt@10 (line 753)
                      ; - godot.core.VariantKt::getVariantType@1 (line 104)
                      ; - godot.core.VariantKt::access$getVariantType@1 (line 1)
                      ; - godot.core.VariantParser::toKotlin@7 (line 477)
                      ; - godot.internal.memory.TransferContext::readReturnValue@20 (line 75)
                      ; - godot.api.Node2D::getGlobalPosition@41 (line 477)
  0x0000017d3c362f60: 9c16 85ff 

  0x0000017d3c362f64: ;   {other}
  0x0000017d3c362f64: 0f1f 8400 | d406 000b | ba45 ffff | ff44 894c 

  0x0000017d3c362f74: ;   {runtime_call UncommonTrapBlob}
  0x0000017d3c362f74: 2404 90e8 

  0x0000017d3c362f78: ; ImmutableOopMap {}
                      ;*if_icmpne {reexecute=1 rethrow=0 return_oop=0}
                      ; - (reexecute) godot.core.VariantParser::toKotlin@16 (line 478)
                      ; - godot.internal.memory.TransferContext::readReturnValue@20 (line 75)
                      ; - godot.api.Node2D::getGlobalPosition@41 (line 477)
  0x0000017d3c362f78: 8416 85ff 

  0x0000017d3c362f7c: ;   {other}
  0x0000017d3c362f7c: 0f1f 8400 | ec06 000c | ba45 ffff | ff48 8bef | 4489 1c24 

  0x0000017d3c362f90: ;   {runtime_call UncommonTrapBlob}
  0x0000017d3c362f90: 6666 90e8 

  0x0000017d3c362f94: ; ImmutableOopMap {rbp=Oop [0]=NarrowOop }
                      ;*ifnonnull {reexecute=1 rethrow=0 return_oop=0}
                      ; - (reexecute) kotlin.jvm.internal.Intrinsics::checkNotNullParameter@1 (line 130)
                      ; - godot.common.util.ThreadLocalDelegate::getValue@3
                      ; - godot.internal.memory.TransferContext::getBuffer@9 (line 28)
                      ; - godot.internal.memory.TransferContext::writeArguments@7 (line 34)
                      ; - godot.api.Node2D::getGlobalPosition@7 (line 475)
  0x0000017d3c362f94: 6816 85ff 

  0x0000017d3c362f98: ;   {other}
  0x0000017d3c362f98: 0f1f 8400 | 0807 000d | ba45 ffff | ff48 893c | 244c 8954 | 2410 4c89 

  0x0000017d3c362fb0: ;   {runtime_call UncommonTrapBlob}
  0x0000017d3c362fb0: 5424 18e8 

  0x0000017d3c362fb4: ; ImmutableOopMap {[0]=Oop [16]=Oop [24]=Oop }
                      ;*if_icmpge {reexecute=1 rethrow=0 return_oop=0}
                      ; - (reexecute) java.nio.Buffer::nextPutIndex@12 (line 743)
                      ; - java.nio.DirectByteBuffer::putInt@4 (line 785)
                      ; - godot.internal.memory.TransferContext::writeArguments@21 (line 36)
                      ; - godot.api.Node2D::getGlobalPosition@7 (line 475)
  0x0000017d3c362fb4: 4816 85ff 

  0x0000017d3c362fb8: ;   {other}
  0x0000017d3c362fb8: 0f1f 8400 | 2807 000e | ba45 ffff 

  0x0000017d3c362fc4: ;   {runtime_call UncommonTrapBlob}
  0x0000017d3c362fc4: ff66 90e8 

  0x0000017d3c362fc8: ; ImmutableOopMap {rbp=NarrowOop }
                      ;*ifnonnull {reexecute=1 rethrow=0 return_oop=0}
                      ; - (reexecute) kotlin.jvm.internal.Intrinsics::checkNotNullParameter@1 (line 130)
                      ; - godot.common.util.ThreadLocalDelegate::getValue@3
                      ; - godot.internal.memory.TransferContext::getBuffer@9 (line 28)
                      ; - godot.internal.memory.TransferContext::readReturnValue@7 (line 73)
                      ; - godot.api.Node2D::getGlobalPosition@41 (line 477)
  0x0000017d3c362fc8: 3416 85ff 

  0x0000017d3c362fcc: ;   {other}
  0x0000017d3c362fcc: 0f1f 8400 | 3c07 000f | ba45 ffff | ff4c 8904 | 244c 8944 | 2408 4489 

  0x0000017d3c362fe4: ;   {runtime_call UncommonTrapBlob}
  0x0000017d3c362fe4: 5424 18e8 

  0x0000017d3c362fe8: ; ImmutableOopMap {[0]=Oop [8]=Oop }
                      ;*if_icmpge {reexecute=1 rethrow=0 return_oop=0}
                      ; - (reexecute) java.nio.Buffer::nextGetIndex@12 (line 720)
                      ; - java.nio.DirectByteBuffer::getInt@4 (line 753)
                      ; - godot.core.VariantKt::getVariantType@1 (line 104)
                      ; - godot.core.VariantKt::access$getVariantType@1 (line 1)
                      ; - godot.core.VariantParser::toKotlin@7 (line 477)
                      ; - godot.internal.memory.TransferContext::readReturnValue@20 (line 75)
                      ; - godot.api.Node2D::getGlobalPosition@41 (line 477)
  0x0000017d3c362fe8: 1416 85ff 

  0x0000017d3c362fec: ;   {other}
  0x0000017d3c362fec: 0f1f 8400 | 5c07 0010 | ba45 ffff | ff48 8944 | 2410 4c89 | 4424 184c | 8944 2420 

  0x0000017d3c363008: ;   {runtime_call UncommonTrapBlob}
  0x0000017d3c363008: 6666 90e8 

  0x0000017d3c36300c: ; ImmutableOopMap {[16]=Oop [24]=Oop [32]=Oop }
                      ;*if_icmpge {reexecute=1 rethrow=0 return_oop=0}
                      ; - (reexecute) java.nio.Buffer::nextGetIndex@12 (line 720)
                      ; - java.nio.DirectByteBuffer::getFloat@4 (line 953)
                      ; - godot.core.VariantKt::getVector2@5 (line 19)
                      ; - godot.core.VariantKt::access$getVector2@1 (line 1)
                      ; - godot.core.VariantParser$VECTOR2::toUnsafeKotlin@7 (line 176)
                      ; - godot.core.VariantParser$VECTOR2::toUnsafeKotlin@2 (line 175)
                      ; - godot.core.VariantParser::toKotlin@21 (line 479)
                      ; - godot.internal.memory.TransferContext::readReturnValue@20 (line 75)
                      ; - godot.api.Node2D::getGlobalPosition@41 (line 477)
  0x0000017d3c36300c: f015 85ff 

  0x0000017d3c363010: ;   {other}
  0x0000017d3c363010: 0f1f 8400 | 8007 0011 | ba45 ffff | ff48 8904 | 24c5 fb11 | 4424 084c | 8944 2418 | 4c89 4424 
  0x0000017d3c363030: 2044 8954 

  0x0000017d3c363034: ;   {runtime_call UncommonTrapBlob}
  0x0000017d3c363034: 2428 90e8 

  0x0000017d3c363038: ; ImmutableOopMap {[0]=Oop [24]=Oop [32]=Oop }
                      ;*if_icmpge {reexecute=1 rethrow=0 return_oop=0}
                      ; - (reexecute) java.nio.Buffer::nextGetIndex@12 (line 720)
                      ; - java.nio.DirectByteBuffer::getFloat@4 (line 953)
                      ; - godot.core.VariantKt::getVector2@14 (line 19)
                      ; - godot.core.VariantKt::access$getVector2@1 (line 1)
                      ; - godot.core.VariantParser$VECTOR2::toUnsafeKotlin@7 (line 176)
                      ; - godot.core.VariantParser$VECTOR2::toUnsafeKotlin@2 (line 175)
                      ; - godot.core.VariantParser::toKotlin@21 (line 479)
                      ; - godot.internal.memory.TransferContext::readReturnValue@20 (line 75)
                      ; - godot.api.Node2D::getGlobalPosition@41 (line 477)
  0x0000017d3c363038: c415 85ff 

  0x0000017d3c36303c: ;   {other}
  0x0000017d3c36303c: 0f1f 8400 | ac07 0012 | bade ffff | ff48 893c 

  0x0000017d3c36304c: ;   {runtime_call UncommonTrapBlob}
  0x0000017d3c36304c: 2466 90e8 

  0x0000017d3c363050: ; ImmutableOopMap {rbp=NarrowOop [0]=Oop }
                      ;*checkcast {reexecute=0 rethrow=0 return_oop=0}
                      ; - godot.internal.memory.TransferContext::getBuffer@12 (line 28)
                      ; - godot.internal.memory.TransferContext::writeArguments@7 (line 34)
                      ; - godot.api.Node2D::getGlobalPosition@7 (line 475)
  0x0000017d3c363050: ac15 85ff 

  0x0000017d3c363054: ;   {other}
  0x0000017d3c363054: 0f1f 8400 | c407 0013 | bade ffff 

  0x0000017d3c363060: ;   {runtime_call UncommonTrapBlob}
  0x0000017d3c363060: ff66 90e8 

  0x0000017d3c363064: ; ImmutableOopMap {rbp=NarrowOop }
                      ;*checkcast {reexecute=0 rethrow=0 return_oop=0}
                      ; - godot.internal.memory.TransferContext::getBuffer@12 (line 28)
                      ; - godot.internal.memory.TransferContext::readReturnValue@7 (line 73)
                      ; - godot.api.Node2D::getGlobalPosition@41 (line 477)
  0x0000017d3c363064: 9815 85ff 

  0x0000017d3c363068: ;   {other}
  0x0000017d3c363068: 0f1f 8400 | d807 0014 | baf6 ffff 

  0x0000017d3c363074: ;   {runtime_call UncommonTrapBlob}
  0x0000017d3c363074: ff66 90e8 

  0x0000017d3c363078: ; ImmutableOopMap {}
                      ;*invokevirtual get {reexecute=0 rethrow=0 return_oop=0}
                      ; - godot.common.util.ThreadLocalDelegate::getValue@10 (line 7)
                      ; - godot.internal.memory.TransferContext::getBuffer@9 (line 28)
                      ; - godot.internal.memory.TransferContext::writeArguments@7 (line 34)
                      ; - godot.api.Node2D::getGlobalPosition@7 (line 475)
  0x0000017d3c363078: 8415 85ff 

  0x0000017d3c36307c: ;   {other}
  0x0000017d3c36307c: 0f1f 8400 | ec07 0015 | baf6 ffff 

  0x0000017d3c363088: ;   {runtime_call UncommonTrapBlob}
  0x0000017d3c363088: ff66 90e8 

  0x0000017d3c36308c: ; ImmutableOopMap {}
                      ;*arraylength {reexecute=0 rethrow=0 return_oop=0}
                      ; - java.lang.ThreadLocal$ThreadLocalMap::getEntry@8 (line 499)
                      ; - java.lang.ThreadLocal::get@12 (line 187)
                      ; - java.lang.ThreadLocal::get@4 (line 172)
                      ; - godot.common.util.ThreadLocalDelegate::getValue@10 (line 7)
                      ; - godot.internal.memory.TransferContext::getBuffer@9 (line 28)
                      ; - godot.internal.memory.TransferContext::writeArguments@7 (line 34)
                      ; - godot.api.Node2D::getGlobalPosition@7 (line 475)
  0x0000017d3c36308c: 7015 85ff 

  0x0000017d3c363090: ;   {other}
  0x0000017d3c363090: 0f1f 8400 | 0008 0016 | baf4 ffff | ff48 8bef 

  0x0000017d3c3630a0: ;   {runtime_call UncommonTrapBlob}
  0x0000017d3c3630a0: 6666 90e8 

  0x0000017d3c3630a4: ; ImmutableOopMap {rbp=Oop }
                      ;*checkcast {reexecute=0 rethrow=0 return_oop=0}
                      ; - godot.internal.memory.TransferContext::getBuffer@12 (line 28)
                      ; - godot.internal.memory.TransferContext::writeArguments@7 (line 34)
                      ; - godot.api.Node2D::getGlobalPosition@7 (line 475)
  0x0000017d3c3630a4: 5815 85ff 

  0x0000017d3c3630a8: ;   {other}
  0x0000017d3c3630a8: 0f1f 8400 | 1808 0017 | baf6 ffff 

  0x0000017d3c3630b4: ;   {runtime_call UncommonTrapBlob}
  0x0000017d3c3630b4: ff66 90e8 

  0x0000017d3c3630b8: ; ImmutableOopMap {}
                      ;*invokevirtual get {reexecute=0 rethrow=0 return_oop=0}
                      ; - godot.common.util.ThreadLocalDelegate::getValue@10 (line 7)
                      ; - godot.internal.memory.TransferContext::getBuffer@9 (line 28)
                      ; - godot.internal.memory.TransferContext::readReturnValue@7 (line 73)
                      ; - godot.api.Node2D::getGlobalPosition@41 (line 477)
  0x0000017d3c3630b8: 4415 85ff 

  0x0000017d3c3630bc: ;   {other}
  0x0000017d3c3630bc: 0f1f 8400 | 2c08 0018 | baf6 ffff 

  0x0000017d3c3630c8: ;   {runtime_call UncommonTrapBlob}
  0x0000017d3c3630c8: ff66 90e8 

  0x0000017d3c3630cc: ; ImmutableOopMap {}
                      ;*arraylength {reexecute=0 rethrow=0 return_oop=0}
                      ; - java.lang.ThreadLocal$ThreadLocalMap::getEntry@8 (line 499)
                      ; - java.lang.ThreadLocal::get@12 (line 187)
                      ; - java.lang.ThreadLocal::get@4 (line 172)
                      ; - godot.common.util.ThreadLocalDelegate::getValue@10 (line 7)
                      ; - godot.internal.memory.TransferContext::getBuffer@9 (line 28)
                      ; - godot.internal.memory.TransferContext::readReturnValue@7 (line 73)
                      ; - godot.api.Node2D::getGlobalPosition@41 (line 477)
  0x0000017d3c3630cc: 3015 85ff 

  0x0000017d3c3630d0: ;   {other}
  0x0000017d3c3630d0: 0f1f 8400 | 4008 0019 | baf4 ffff 

  0x0000017d3c3630dc: ;   {runtime_call UncommonTrapBlob}
  0x0000017d3c3630dc: ff66 90e8 

  0x0000017d3c3630e0: ; ImmutableOopMap {}
                      ;*checkcast {reexecute=0 rethrow=0 return_oop=0}
                      ; - godot.internal.memory.TransferContext::getBuffer@12 (line 28)
                      ; - godot.internal.memory.TransferContext::readReturnValue@7 (line 73)
                      ; - godot.api.Node2D::getGlobalPosition@41 (line 477)
  0x0000017d3c3630e0: 1c15 85ff 

  0x0000017d3c3630e4: ;   {other}
  0x0000017d3c3630e4: 0f1f 8400 | 5408 001a | ba45 ffff | ff48 8bef | 4889 1c24 | 4889 4c24 | 0844 894c 

  0x0000017d3c363100: ;   {runtime_call UncommonTrapBlob}
  0x0000017d3c363100: 2414 90e8 

  0x0000017d3c363104: ; ImmutableOopMap {rbp=Oop [0]=Oop [8]=Oop [20]=NarrowOop }
                      ;*ifnull {reexecute=1 rethrow=0 return_oop=0}
                      ; - (reexecute) java.lang.ThreadLocal::get@7 (line 186)
                      ; - java.lang.ThreadLocal::get@4 (line 172)
                      ; - godot.common.util.ThreadLocalDelegate::getValue@10 (line 7)
                      ; - godot.internal.memory.TransferContext::getBuffer@9 (line 28)
                      ; - godot.internal.memory.TransferContext::writeArguments@7 (line 34)
                      ; - godot.api.Node2D::getGlobalPosition@7 (line 475)
  0x0000017d3c363104: f814 85ff 

  0x0000017d3c363108: ;   {other}
  0x0000017d3c363108: 0f1f 8400 | 7808 001b | ba45 ffff | ff48 8bef | 4889 4c24 | 0844 894c | 2410 4889 | 5c24 1844 
  0x0000017d3c363128: 8954 2414 | 4489 4424 

  0x0000017d3c363130: ;   {runtime_call UncommonTrapBlob}
  0x0000017d3c363130: 2466 90e8 

  0x0000017d3c363134: ; ImmutableOopMap {rbp=Oop [8]=Oop [16]=NarrowOop [24]=Oop [36]=NarrowOop }
                      ;*ifnull {reexecute=1 rethrow=0 return_oop=0}
                      ; - (reexecute) java.lang.ThreadLocal$ThreadLocalMap::getEntry@21 (line 501)
                      ; - java.lang.ThreadLocal::get@12 (line 187)
                      ; - java.lang.ThreadLocal::get@4 (line 172)
                      ; - godot.common.util.ThreadLocalDelegate::getValue@10 (line 7)
                      ; - godot.internal.memory.TransferContext::getBuffer@9 (line 28)
                      ; - godot.internal.memory.TransferContext::writeArguments@7 (line 34)
                      ; - godot.api.Node2D::getGlobalPosition@7 (line 475)
  0x0000017d3c363134: c814 85ff 

  0x0000017d3c363138: ;   {other}
  0x0000017d3c363138: 0f1f 8400 | a808 001c | ba45 ffff | ff48 8beb | 894c 240c 

  0x0000017d3c36314c: ;   {runtime_call UncommonTrapBlob}
  0x0000017d3c36314c: 6666 90e8 

  0x0000017d3c363150: ; ImmutableOopMap {rbp=Oop [0]=Oop [12]=NarrowOop }
                      ;*ifnull {reexecute=1 rethrow=0 return_oop=0}
                      ; - (reexecute) java.lang.ThreadLocal::get@7 (line 186)
                      ; - java.lang.ThreadLocal::get@4 (line 172)
                      ; - godot.common.util.ThreadLocalDelegate::getValue@10 (line 7)
                      ; - godot.internal.memory.TransferContext::getBuffer@9 (line 28)
                      ; - godot.internal.memory.TransferContext::readReturnValue@7 (line 73)
                      ; - godot.api.Node2D::getGlobalPosition@41 (line 477)
  0x0000017d3c363150: ac14 85ff 

  0x0000017d3c363154: ;   {other}
  0x0000017d3c363154: 0f1f 8400 | c408 001d | ba45 ffff | ff4c 8944 | 2408 894c | 2410 4889 | 5c24 1844 | 894c 2414 
  0x0000017d3c363174: ;   {runtime_call UncommonTrapBlob}
  0x0000017d3c363174: 6666 90e8 

  0x0000017d3c363178: ; ImmutableOopMap {rbp=NarrowOop [8]=Oop [16]=NarrowOop [24]=Oop }
                      ;*ifnull {reexecute=1 rethrow=0 return_oop=0}
                      ; - (reexecute) java.lang.ThreadLocal$ThreadLocalMap::getEntry@21 (line 501)
                      ; - java.lang.ThreadLocal::get@12 (line 187)
                      ; - java.lang.ThreadLocal::get@4 (line 172)
                      ; - godot.common.util.ThreadLocalDelegate::getValue@10 (line 7)
                      ; - godot.internal.memory.TransferContext::getBuffer@9 (line 28)
                      ; - godot.internal.memory.TransferContext::readReturnValue@7 (line 73)
                      ; - godot.api.Node2D::getGlobalPosition@41 (line 477)
  0x0000017d3c363178: 8414 85ff 

  0x0000017d3c36317c: ;   {other}
  0x0000017d3c36317c: 0f1f 8400 | ec08 001e | 488b d0eb | 0348 8bd0 | 4883 c440 

  0x0000017d3c363190: ;   {runtime_call _rethrow_Java}
  0x0000017d3c363190: 5de9 6aba 

  0x0000017d3c363194: ;   {internal_word}
  0x0000017d3c363194: acff 49ba | b02d 363c | 7d01 0000 | 4d89 9768 

  0x0000017d3c3631a4: ;   {runtime_call SafepointBlob}
  0x0000017d3c3631a4: 0400 00e9 | 5425 85ff 

  0x0000017d3c3631ac: ;   {runtime_call StubRoutines (final stubs)}
  0x0000017d3c3631ac: e8af 1b83 | ffe9 44f9 | ffff f4f4 
[Stub Code]
  0x0000017d3c3631b8: ;   {no_reloc}
  0x0000017d3c3631b8: 48bb 0000 | 0000 0000 

  0x0000017d3c3631c0: ;   {runtime_call}
  0x0000017d3c3631c0: 0000 e9fb 

  0x0000017d3c3631c4: ;   {runtime_call ExceptionBlob}
  0x0000017d3c3631c4: ffff ffe9 | b4a5 91ff 
[Deopt Handler Code]
  0x0000017d3c3631cc: e800 0000 | 0048 832c 

  0x0000017d3c3631d4: ;   {runtime_call DeoptimizationBlob}
  0x0000017d3c3631d4: 2405 e9c5 | 1785 fff4 | f4f4 f4f4 
[/MachCode]


Compiled method (c2)    7492 1481       4       godot.entry.WeaponRegistrar$register$1$1$2::invoke (19 bytes)
 total in heap  [0x0000017d3c354290,0x0000017d3c35b158] = 28360
 relocation     [0x0000017d3c3543f0,0x0000017d3c3548e0] = 1264
 constants      [0x0000017d3c3548e0,0x0000017d3c354900] = 32
 main code      [0x0000017d3c354900,0x0000017d3c357410] = 11024
 stub code      [0x0000017d3c357410,0x0000017d3c3574d0] = 192
 oops           [0x0000017d3c3574d0,0x0000017d3c357538] = 104
 metadata       [0x0000017d3c357538,0x0000017d3c357830] = 760
 scopes data    [0x0000017d3c357830,0x0000017d3c359f80] = 10064
 scopes pcs     [0x0000017d3c359f80,0x0000017d3c35ac50] = 3280
 dependencies   [0x0000017d3c35ac50,0x0000017d3c35ace8] = 152
 handler table  [0x0000017d3c35ace8,0x0000017d3c35af68] = 640
 nul chk table  [0x0000017d3c35af68,0x0000017d3c35b158] = 496


[Constant Pool]
             Address          hex4                    hex8      
  0x0000017d3c3548e0:   0x54442d18      0x3ff921fb54442d18      
  0x0000017d3c3548e4:   0x3ff921fb                              
  0x0000017d3c3548e8:   0x54442d18      0x400921fb54442d18      
  0x0000017d3c3548ec:   0x400921fb                              
  0x0000017d3c3548f0:   0xf4f4f4f4      0xf4f4f4f4f4f4f4f4      
  0x0000017d3c3548f4:   0xf4f4f4f4                              
  0x0000017d3c3548f8:   0xf4f4f4f4      0xf4f4f4f4f4f4f4f4      
  0x0000017d3c3548fc:   0xf4f4f4f4                              

[MachCode]
[Entry Point]
  # {method} {0x0000017d8e7e15b8} 'invoke' '(Ljava/lang/Object;Ljava/lang/Object;)Ljava/lang/Object;' in 'godot/entry/WeaponRegistrar$register$1$1$2'
  # this:     rdx:rdx   = 'godot/entry/WeaponRegistrar$register$1$1$2'
  # parm0:    r8:r8     = 'java/lang/Object'
  # parm1:    r9:r9     = 'java/lang/Object'
  #           [sp+0x80]  (sp of caller)
  0x0000017d3c354900: ;   {no_reloc}
  0x0000017d3c354900: 448b 5208 | 49bb 0000 | 004c 7d01 | 0000 4d03 | d349 3bc2 

  0x0000017d3c354914: ;   {runtime_call ic_miss_stub}
  0x0000017d3c354914: 0f85 669e | 85ff 6690 | 0f1f 4000 
[Verified Entry Point]
  0x0000017d3c354920: 8984 2400 | 80ff ff55 | 4883 ec70 | 4181 7f20 | 0300 0000 | 0f85 cc2a | 0000 4c8b | da45 8b50 
  0x0000017d3c354940: ;   {metadata('game/items/weapons/Weapon')}
  0x0000017d3c354940: 0841 81fa | f88e 2401 | 0f85 3a21 | 0000 4d8b | d045 8b41 

  0x0000017d3c354954: ;   {metadata('java/lang/Double')}
  0x0000017d3c354954: 0841 81f8 | c81e 0300 | 0f85 4621 | 0000 450f | b65a 0c4d | 8b87 8803 | 0000 498b | 3845 85db 
  0x0000017d3c354974: 0f85 1005 | 0000 418b | 6a40 458b 

  0x0000017d3c354980: ;   {metadata('java/util/ArrayList')}
  0x0000017d3c354980: 5cec 0841 | 81fb d8a8 | 0b00 0f85 | 9816 0000 | 4d8d 1cec | 458b 4310 | 4585 c00f | 854a 0f00 
  0x0000017d3c3549a0: 0041 807f | 4000 0f85 | 8410 0000 | 4589 6244 | 458b 5cec 

  0x0000017d3c3549b4: ;   {metadata('java/util/ArrayList')}
  0x0000017d3c3549b4: 0841 81fb | d8a8 0b00 | 0f85 7e16 | 0000 4d8d | 1cec 458b | 4310 4585 | c00f 85a4 

  0x0000017d3c3549d0: ;   {oop(a 'java/lang/Class'{0x0000000705f24200} = 'game/autoloads/Global')}
  0x0000017d3c3549d0: 0f00 0049 | bb00 42f2 | 0507 0000 | 0045 8b43 | 7047 8b5c | c424 4585 | db0f 8425 

  0x0000017d3c3549ec: ;   {oop(a 'kotlin/reflect/KProperty'[1] {0x0000000705fd1ae8})}
  0x0000017d3c3549ec: 1600 0049 | b8e8 1afd | 0507 0000 | 0041 8b68 | 1085 ed0f | 84a3 1d00 

  0x0000017d3c354a04: ;   {oop(a 'godot/common/util/ThreadLocalDelegate'{0x00000007060423b0})}
  0x0000017d3c354a04: 0049 b8b0 | 2304 0607 | 0000 0041 | 8b48 1045 | 8b44 cc08 

  0x0000017d3c354a18: ;   {metadata('java/lang/ThreadLocal$SuppliedThreadLocal')}
  0x0000017d3c354a18: 4181 f868 | 3f04 010f | 85c3 1600 | 0044 8b4f | 4c48 c1e1 | 0343 8b5c | cc14 458b | c348 897c 
  0x0000017d3c354a38: 2428 4c89 | 5424 2045 | 8b5c dc0c | 418d 7bff | 2379 0c45 | 85db 0f86 | b416 0000 | 4d8d 14dc 
  0x0000017d3c354a58: 458b 54ba | 1043 8b5c | d40c 48c1 | e303 483b | d90f 85c5 | 1600 0043 | 8b6c d41c 

  0x0000017d3c354a74: ; implicit exception: dispatches to 0x0000017d3c356e68
  0x0000017d3c354a74: 458b 54ec 

  0x0000017d3c354a78: ;   {metadata('java/nio/DirectByteBuffer')}
  0x0000017d3c354a78: 0841 81fa | 780b 1c00 | 0f85 ca20 | 0000 4d8d | 1cec 418b | 6b1c 41c7 | 430c ffff | ffff 4589 
  0x0000017d3c354a98: 6318 83fd | 040f 8c21 | 1d00 0041 | c743 1804 | 0000 0045 | 8b53 244d | 8b4b 1045 | 85d2 0f85 
  0x0000017d3c354ab8: b816 0000 | 410f b66b | 2d85 ed0f | 8547 1c00 

  0x0000017d3c354ac8: ;   {oop(a 'godot/core/VariantParser$VECTOR2'{0x0000000705f5c6e8})}
  0x0000017d3c354ac8: 0049 bae8 | c6f5 0507 | 0000 0041 | 8b7a 184f | 8b44 c410 | 4d8b d145 

  0x0000017d3c354ae0: ;   {oop(a 'godot/internal/memory/TransferContext'{0x0000000705e28220})}
  0x0000017d3c354ae0: 8922 48ba | 2082 e205 | 0700 0000 | 49b9 20e6 | b326 7d01 

  0x0000017d3c354af4: ;   {optimized virtual_call}
  0x0000017d3c354af4: 0000 90e8 

  0x0000017d3c354af8: ; ImmutableOopMap {[32]=Oop [40]=Oop }
                      ;*invokespecial icall {reexecute=0 rethrow=0 return_oop=0}
                      ; - godot.internal.memory.TransferContext::callMethod@17 (line 79)
                      ; - godot.api.Node2D::getScale@29 (line 413)
                      ; - game.entity.Player::isFacingRight@4 (line 261)
                      ; - game.items.weapons.Weapon::getIdleRotation@9 (line 139)
                      ; - game.items.weapons.Weapon::getRotationToTarget@20 (line 156)
                      ; - game.items.weapons.Weapon::rotateToTarget@21 (line 177)
                      ; - game.items.weapons.Weapon::_process@32 (line 192)
                      ; - godot.entry.WeaponRegistrar$register$1$1$2::invoke@8 (line 41)
                      ; - godot.entry.WeaponRegistrar$register$1$1$2::invoke@12 (line 41)
  0x0000017d3c354af8: c40a feff 

  0x0000017d3c354afc: ;   {other}
  0x0000017d3c354afc: 0f1f 8400 | 6c08 0000 

  0x0000017d3c354b04: ;   {oop(a 'kotlin/reflect/KProperty'[1] {0x0000000705fd1ae8})}
  0x0000017d3c354b04: 49ba e81a | fd05 0700 | 0000 418b | 6a10 85ed | 0f84 ce1c 

  0x0000017d3c354b18: ;   {oop(a 'godot/common/util/ThreadLocalDelegate'{0x00000007060423b0})}
  0x0000017d3c354b18: 0000 49ba | b023 0406 | 0700 0000 | 458b 5a10 

  0x0000017d3c354b28: ; implicit exception: dispatches to 0x0000017d3c356e84
  0x0000017d3c354b28: 478b 54dc 

  0x0000017d3c354b2c: ;   {metadata('java/lang/ThreadLocal$SuppliedThreadLocal')}
  0x0000017d3c354b2c: 0841 81fa | 683f 0401 | 0f85 6a16 | 0000 4c8b | 4c24 2845 | 8b41 4c4b | 8d0c dc47 | 8b5c c414 
  0x0000017d3c354b4c: ; implicit exception: dispatches to 0x0000017d3c356e98
  0x0000017d3c354b4c: 478b 54dc | 0c45 8d4a | ff44 2349 | 0c45 85d2 | 0f86 5e16 | 0000 4f8d | 14dc 478b | 548a 1043 
  0x0000017d3c354b6c: 8b5c d40c | 4c8b db49 | c1e3 034c | 3bd9 0f85 | 6c16 0000 | 438b 6cd4 | 1c45 8b54 

  0x0000017d3c354b88: ;   {metadata('java/nio/DirectByteBuffer')}
  0x0000017d3c354b88: ec08 4181 | fa78 0b1c | 000f 85e9 | 1f00 004d | 8d14 ec41 | 8b6a 1c41 | c742 0cff | ffff ff45 
  0x0000017d3c354ba8: 8962 1883 | fd04 0f8c | 481c 0000 | 41c7 4218 | 0400 0000 | 458b 5a24 | 498b 6a10 | 4585 db0f 
  0x0000017d3c354bc8: 855b 1600 | 0041 0fb6 | 522d 4c89 | 5424 304c | 8bd5 458b | 024c 8b54 | 2430 498b 

  0x0000017d3c354be4: ;   {static_call}
  0x0000017d3c354be4: ea66 90e8 

  0x0000017d3c354be8: ; ImmutableOopMap {rbp=Oop [32]=Oop [40]=Oop [48]=Oop }
                      ;*invokestatic convEndian {reexecute=0 rethrow=0 return_oop=0}
                      ; - jdk.internal.misc.Unsafe::getIntUnaligned@8 (line 3575)
                      ; - jdk.internal.misc.ScopedMemoryAccess::getIntUnalignedInternal@15 (line 1909)
                      ; - jdk.internal.misc.ScopedMemoryAccess::getIntUnaligned@6 (line 1897)
                      ; - java.nio.DirectByteBuffer::getInt@13 (line 744)
                      ; - java.nio.DirectByteBuffer::getInt@10 (line 753)
                      ; - godot.core.VariantKt::getVariantType@1 (line 104)
                      ; - godot.core.VariantKt::access$getVariantType@1 (line 1)
                      ; - godot.core.VariantParser::toKotlin@7 (line 477)
                      ; - godot.internal.memory.TransferContext::readReturnValue@20 (line 75)
                      ; - godot.api.Node2D::getScale@41 (line 414)
                      ; - game.entity.Player::isFacingRight@4 (line 261)
                      ; - game.items.weapons.Weapon::getIdleRotation@9 (line 139)
                      ; - game.items.weapons.Weapon::getRotationToTarget@20 (line 156)
                      ; - game.items.weapons.Weapon::rotateToTarget@21 (line 177)
                      ; - game.items.weapons.Weapon::_process@32 (line 192)
                      ; - godot.entry.WeaponRegistrar$register$1$1$2::invoke@8 (line 41)
                      ; - godot.entry.WeaponRegistrar$register$1$1$2::invoke@12 (line 41)
  0x0000017d3c354be8: b439 feff 

  0x0000017d3c354bec: ;   {other}
  0x0000017d3c354bec: 0f1f 8400 | 5c09 0001 

  0x0000017d3c354bf4: ;   {oop(a 'godot/core/VariantParser$VECTOR2'{0x0000000705f5c6e8})}
  0x0000017d3c354bf4: 49ba e8c6 | f505 0700 | 0000 418b | 6a18 3bc5 | 0f85 511b | 0000 4c8b | 4424 3045 | 8b58 1841 
  0x0000017d3c354c14: 8b68 1c41 | 2beb 83fd | 040f 8cf5 | 1b00 0041 | 8b68 2445 | 8d53 0445 | 8950 184d | 63cb 4d03 
  0x0000017d3c354c34: 4810 85ed | 0f85 0e16 | 0000 410f 

  0x0000017d3c354c40: ;   {oop(a 'jdk/internal/misc/Unsafe'{0x0000000705e268a0})}
  0x0000017d3c354c40: b678 2d48 | baa0 68e2 | 0507 0000 | 0045 33c0 | 4c8b 5424 | 3049 8bea 

  0x0000017d3c354c58: ;   {optimized virtual_call}
  0x0000017d3c354c58: 6666 90e8 

  0x0000017d3c354c5c: ; ImmutableOopMap {rbp=Oop [32]=Oop [40]=Oop [48]=Oop }
                      ;*invokevirtual getIntUnaligned {reexecute=0 rethrow=0 return_oop=0}
                      ; - jdk.internal.misc.ScopedMemoryAccess::getIntUnalignedInternal@15 (line 1909)
                      ; - jdk.internal.misc.ScopedMemoryAccess::getIntUnaligned@6 (line 1897)
                      ; - java.nio.DirectByteBuffer::getFloat@13 (line 944)
                      ; - java.nio.DirectByteBuffer::getFloat@10 (line 953)
                      ; - godot.core.VariantKt::getVector2@5 (line 19)
                      ; - godot.core.VariantKt::access$getVector2@1 (line 1)
                      ; - godot.core.VariantParser$VECTOR2::toUnsafeKotlin@7 (line 176)
                      ; - godot.core.VariantParser$VECTOR2::toUnsafeKotlin@2 (line 175)
                      ; - godot.core.VariantParser::toKotlin@21 (line 479)
                      ; - godot.internal.memory.TransferContext::readReturnValue@20 (line 75)
                      ; - godot.api.Node2D::getScale@41 (line 414)
                      ; - game.entity.Player::isFacingRight@4 (line 261)
                      ; - game.items.weapons.Weapon::getIdleRotation@9 (line 139)
                      ; - game.items.weapons.Weapon::getRotationToTarget@20 (line 156)
                      ; - game.items.weapons.Weapon::rotateToTarget@21 (line 177)
                      ; - game.items.weapons.Weapon::_process@32 (line 192)
                      ; - godot.entry.WeaponRegistrar$register$1$1$2::invoke@8 (line 41)
                      ; - godot.entry.WeaponRegistrar$register$1$1$2::invoke@12 (line 41)
  0x0000017d3c354c5c: 603c feff 

  0x0000017d3c354c60: ;   {other}
  0x0000017d3c354c60: 0f1f 8400 | d009 0002 | 8944 2448 | 4c8b d541 | 8b6a 1c45 | 8b52 1841 | 2bea c5f9 | 6ec8 c5fa 
  0x0000017d3c354c80: 5ac1 83fd | 040f 8ca1 | 1b00 004c | 8b5c 2430 | 418b 6b24 | 458d 4204 | 4589 4318 | 4d63 ca4d 
  0x0000017d3c354ca0: 8bd3 4d03 | 4a10 85ed | 0f85 b615 | 0000 c5fb | 1144 2438 | 410f b67a 

  0x0000017d3c354cb8: ;   {oop(a 'jdk/internal/misc/Unsafe'{0x0000000705e268a0})}
  0x0000017d3c354cb8: 2d48 baa0 | 68e2 0507 | 0000 0045 | 33c0 498b 

  0x0000017d3c354cc8: ;   {optimized virtual_call}
  0x0000017d3c354cc8: eb66 90e8 

  0x0000017d3c354ccc: ; ImmutableOopMap {rbp=Oop [32]=Oop [40]=Oop [48]=Oop }
                      ;*invokevirtual getIntUnaligned {reexecute=0 rethrow=0 return_oop=0}
                      ; - jdk.internal.misc.ScopedMemoryAccess::getIntUnalignedInternal@15 (line 1909)
                      ; - jdk.internal.misc.ScopedMemoryAccess::getIntUnaligned@6 (line 1897)
                      ; - java.nio.DirectByteBuffer::getFloat@13 (line 944)
                      ; - java.nio.DirectByteBuffer::getFloat@10 (line 953)
                      ; - godot.core.VariantKt::getVector2@14 (line 19)
                      ; - godot.core.VariantKt::access$getVector2@1 (line 1)
                      ; - godot.core.VariantParser$VECTOR2::toUnsafeKotlin@7 (line 176)
                      ; - godot.core.VariantParser$VECTOR2::toUnsafeKotlin@2 (line 175)
                      ; - godot.core.VariantParser::toKotlin@21 (line 479)
                      ; - godot.internal.memory.TransferContext::readReturnValue@20 (line 75)
                      ; - godot.api.Node2D::getScale@41 (line 414)
                      ; - game.entity.Player::isFacingRight@4 (line 261)
                      ; - game.items.weapons.Weapon::getIdleRotation@9 (line 139)
                      ; - game.items.weapons.Weapon::getRotationToTarget@20 (line 156)
                      ; - game.items.weapons.Weapon::rotateToTarget@21 (line 177)
                      ; - game.items.weapons.Weapon::_process@32 (line 192)
                      ; - godot.entry.WeaponRegistrar$register$1$1$2::invoke@8 (line 41)
                      ; - godot.entry.WeaponRegistrar$register$1$1$2::invoke@12 (line 41)
  0x0000017d3c354ccc: f03b feff 

  0x0000017d3c354cd0: ;   {other}
  0x0000017d3c354cd0: 0f1f 8400 | 400a 0003 | c5f0 57c9 | c5fa 1054 | 2448 c5f8 | 2eca 7606 | c5f9 57c0 

  0x0000017d3c354cec: ;   {section_word}
  0x0000017d3c354cec: eb08 c5fb | 1005 f2fb | ffff 498b | 87b8 0100 | 004c 8bd0 | 4983 c218 | c5f3 5ac8 | c5fa 5ac1 
  0x0000017d3c354d0c: 4d3b 97c8 | 0100 000f | 834e 0d00 | 004d 8997 | b801 0000 | 410f 0d8a | c000 0000 | 48c7 0001 
  0x0000017d3c354d2c: ;   {metadata('java/lang/Double')}
  0x0000017d3c354d2c: 0000 00c7 | 4008 c81e | 0300 4489 | 600c 4c89 | 6010 c5fb 

  0x0000017d3c354d40: ;   {oop(a 'kotlin/reflect/KProperty'[1] {0x0000000705fd1ae8})}
  0x0000017d3c354d40: 1140 1049 | bae8 1afd | 0507 0000 | 0041 8b6a | 1085 ed0f | 841b 1a00 

  0x0000017d3c354d58: ;   {oop(a 'godot/common/util/ThreadLocalDelegate'{0x00000007060423b0})}
  0x0000017d3c354d58: 0049 bab0 | 2304 0607 | 0000 0045 | 8b4a 1047 | 8b54 cc08 

  0x0000017d3c354d6c: ;   {metadata('java/lang/ThreadLocal$SuppliedThreadLocal')}
  0x0000017d3c354d6c: 4181 fa68 | 3f04 010f | 85e3 1200 | 0048 8b4c | 2428 448b | 414c 49c1 | e103 478b | 5cc4 1447 
  0x0000017d3c354d8c: 8b54 dc0c | 4889 4424 | 3041 8d4a | ff41 2349 | 0c45 85d2 | 0f86 d212 | 0000 4f8d | 14dc 418b 
  0x0000017d3c354dac: 6c8a 1045 | 8b5c ec0c | 4d8b d349 | c1e2 034d | 3bd1 0f85 | dc12 0000 | 418b 6cec | 1c45 8b54 
  0x0000017d3c354dcc: ;   {metadata('java/nio/DirectByteBuffer')}
  0x0000017d3c354dcc: ec08 4181 | fa78 0b1c | 000f 85f1 | 1d00 004d | 8d04 ec41 | 8b68 1c41 | c740 0cff | ffff ff45 
  0x0000017d3c354dec: 8960 1883 | fd04 0f8c | 9419 0000 | 41c7 4018 | 0400 0000 | 458b 5024 | 4d8b 5810 | 4585 d20f 
  0x0000017d3c354e0c: 85af 1200 | 0041 0fb6 | 682d 85ed | 0f85 ce18 | 0000 4d8b | d341 c702 | 0100 0000 

  0x0000017d3c354e28: ;   {oop(a 'godot/core/VariantParser$DOUBLE'{0x0000000705e29fa8})}
  0x0000017d3c354e28: 48ba a89f | e205 0700 | 0000 4c8b | c849 8be8 

  0x0000017d3c354e38: ;   {optimized virtual_call}
  0x0000017d3c354e38: 6666 90e8 

  0x0000017d3c354e3c: ; ImmutableOopMap {rbp=Oop [32]=Oop [40]=Oop [48]=Oop }
                      ;*invokeinterface toGodot {reexecute=0 rethrow=0 return_oop=0}
                      ; - godot.internal.memory.TransferContext::writeArguments@59 (line 38)
                      ; - godot.api.Node2D::setRotation@23 (line 368)
                      ; - game.items.weapons.Weapon::rotateToTarget@25 (line 177)
                      ; - game.items.weapons.Weapon::_process@32 (line 192)
                      ; - godot.entry.WeaponRegistrar$register$1$1$2::invoke@8 (line 41)
                      ; - godot.entry.WeaponRegistrar$register$1$1$2::invoke@12 (line 41)
  0x0000017d3c354e3c: 20f6 feff 

  0x0000017d3c354e40: ;   {other}
  0x0000017d3c354e40: 0f1f 8400 | b00b 0004 | 4c8b 5424 | 204d 8b42 

  0x0000017d3c354e50: ;   {oop(a 'godot/core/VariantParser$NIL'{0x0000000705f59218})}
  0x0000017d3c354e50: 1049 ba18 | 92f5 0507 | 0000 0041 | 8b7a 1849 | b920 dab3 | 267d 0100 

  0x0000017d3c354e68: ;   {oop(a 'godot/internal/memory/TransferContext'{0x0000000705e28220})}
  0x0000017d3c354e68: 0048 ba20 | 82e2 0507 

  0x0000017d3c354e70: ;   {optimized virtual_call}
  0x0000017d3c354e70: 0000 00e8 

  0x0000017d3c354e74: ; ImmutableOopMap {[32]=Oop [40]=Oop }
                      ;*invokespecial icall {reexecute=0 rethrow=0 return_oop=0}
                      ; - godot.internal.memory.TransferContext::callMethod@17 (line 79)
                      ; - godot.api.Node2D::setRotation@45 (line 369)
                      ; - game.items.weapons.Weapon::rotateToTarget@25 (line 177)
                      ; - game.items.weapons.Weapon::_process@32 (line 192)
                      ; - godot.entry.WeaponRegistrar$register$1$1$2::invoke@8 (line 41)
                      ; - godot.entry.WeaponRegistrar$register$1$1$2::invoke@12 (line 41)
  0x0000017d3c354e74: 4807 feff 

  0x0000017d3c354e78: ;   {other}
  0x0000017d3c354e78: 0f1f 8400 | e80b 0005 | 4c8b 5424 | 2048 8b7c | 2428 418b | 5a30 85db | 0f84 460d 

  0x0000017d3c354e94: ;   {oop(a 'kotlin/reflect/KProperty'[1] {0x0000000705fd1ae8})}
  0x0000017d3c354e94: 0000 49bb | e81a fd05 | 0700 0000 | 418b 6b10 | 85ed 0f84 | 0016 0000 

  0x0000017d3c354eac: ;   {oop(a 'godot/common/util/ThreadLocalDelegate'{0x00000007060423b0})}
  0x0000017d3c354eac: 49bb b023 | 0406 0700 | 0000 458b | 4b10 478b 

  0x0000017d3c354ebc: ;   {metadata('java/lang/ThreadLocal$SuppliedThreadLocal')}
  0x0000017d3c354ebc: 5ccc 0841 | 81fb 683f | 0401 0f85 | 380d 0000 | 448b 5f4c | 49c1 e103 

  0x0000017d3c354ed4: ; implicit exception: dispatches to 0x0000017d3c356f08
  0x0000017d3c354ed4: 438b 4cdc | 1445 8bc3 | 448b db48 | 897c 2428 | 4c89 5424 | 2045 8b54 | cc0c 418d | 5aff 4123 
  0x0000017d3c354ef4: 590c 4585 | d20f 8625 | 0d00 004d | 8d14 cc41 | 8b6c 9a10 

  0x0000017d3c354f08: ; implicit exception: dispatches to 0x0000017d3c356f34
  0x0000017d3c354f08: 418b 4cec | 0c4c 8bd1 | 49c1 e203 | 4d3b d10f | 8537 0d00 | 0041 8b6c | ec1c 458b 

  0x0000017d3c354f24: ;   {metadata('java/nio/DirectByteBuffer')}
  0x0000017d3c354f24: 54ec 0841 | 81fa 780b | 1c00 0f85 | 941b 0000 | 4d8d 04ec | 418b 681c | 41c7 400c | ffff ffff 
  0x0000017d3c354f44: 4589 6018 | 83fd 040f | 8c77 1500 | 0041 c740 | 1804 0000 | 0045 8b50 | 244d 8b48 | 1045 85d2 
  0x0000017d3c354f64: 0f85 120d | 0000 410f | b668 2d85 | ed0f 85d9 | 1300 004f | 8b44 dc10 | 4d8b d145 | 8922 49b9 
  0x0000017d3c354f84: a085 b326 | 7d01 0000 

  0x0000017d3c354f8c: ;   {oop(a 'godot/core/VariantParser$BOOL'{0x0000000705f5a220})}
  0x0000017d3c354f8c: 49ba 20a2 | f505 0700 | 0000 418b 

  0x0000017d3c354f98: ;   {oop(a 'godot/internal/memory/TransferContext'{0x0000000705e28220})}
  0x0000017d3c354f98: 7a18 48ba | 2082 e205 | 0700 0000 

  0x0000017d3c354fa4: ;   {optimized virtual_call}
  0x0000017d3c354fa4: 6666 90e8 

  0x0000017d3c354fa8: ; ImmutableOopMap {[32]=Oop [40]=Oop }
                      ;*invokespecial icall {reexecute=0 rethrow=0 return_oop=0}
                      ; - godot.internal.memory.TransferContext::callMethod@17 (line 79)
                      ; - godot.api.Timer::isStopped@29 (line 233)
                      ; - game.items.weapons.Weapon::canUseWeapon@4 (line 82)
                      ; - game.items.weapons.Weapon::_process@36 (line 194)
                      ; - godot.entry.WeaponRegistrar$register$1$1$2::invoke@8 (line 41)
                      ; - godot.entry.WeaponRegistrar$register$1$1$2::invoke@12 (line 41)
  0x0000017d3c354fa8: 1406 feff 

  0x0000017d3c354fac: ;   {other}
  0x0000017d3c354fac: 0f1f 8400 | 1c0d 0006 

  0x0000017d3c354fb4: ;   {oop(a 'kotlin/reflect/KProperty'[1] {0x0000000705fd1ae8})}
  0x0000017d3c354fb4: 49ba e81a | fd05 0700 | 0000 418b | 6a10 85ed | 0f84 2215 

  0x0000017d3c354fc8: ;   {oop(a 'godot/common/util/ThreadLocalDelegate'{0x00000007060423b0})}
  0x0000017d3c354fc8: 0000 49ba | b023 0406 | 0700 0000 | 418b 4a10 

  0x0000017d3c354fd8: ; implicit exception: dispatches to 0x0000017d3c356ca4
  0x0000017d3c354fd8: 458b 54cc 

  0x0000017d3c354fdc: ;   {metadata('java/lang/ThreadLocal$SuppliedThreadLocal')}
  0x0000017d3c354fdc: 0841 81fa | 683f 0401 | 0f85 c20c | 0000 4c8b | 4c24 2845 | 8b59 4c4d | 8d04 cc47 | 8b54 dc14 
  0x0000017d3c354ffc: ; implicit exception: dispatches to 0x0000017d3c356cb8
  0x0000017d3c354ffc: 438b 5cd4 | 0c44 8d4b | ff45 2348 | 0c85 db0f | 86b7 0c00 | 0049 c1e2 | 0343 8b6c | 8a10 458b 
  0x0000017d3c35501c: 54ec 0c49 | c1e2 034d | 3bd0 0f85 | c80c 0000 | 418b 6cec | 1c45 8b5c 

  0x0000017d3c355034: ;   {metadata('java/nio/DirectByteBuffer')}
  0x0000017d3c355034: ec08 4181 | fb78 0b1c | 000f 859d | 1a00 0049 | 8d0c ec44 | 8b51 1cc7 | 410c ffff | ffff 4489 
  0x0000017d3c355054: 6118 4183 | fa04 0f8c | a014 0000 | 458b c2c7 | 4118 0400 | 0000 448b | 5124 4c8b | 5910 4585 
  0x0000017d3c355074: d20f 859d | 0c00 0044 | 0fb6 512d | 4d8b cb45 | 8b19 4585 | d20f 85e9 

  0x0000017d3c35508c: ;   {oop(a 'godot/core/VariantParser$BOOL'{0x0000000705f5a220})}
  0x0000017d3c35508c: 1200 0049 | ba20 a2f5 | 0507 0000 | 0041 8b6a | 1844 3bdd | 0f85 fe12 | 0000 458d | 50fc 4183 
  0x0000017d3c3550ac: fa04 0f8c | 7414 0000 | c741 1808 | 0000 0045 | 8b51 0441 | 83fa 010f | 8518 0800 | 004c 8b4c 
  0x0000017d3c3550cc: 2420 458b | 5144 4585 | d20f 853a | 0900 0041 | 8b69 2885 | ed0f 8469 

  0x0000017d3c3550e4: ;   {oop(a 'kotlin/reflect/KProperty'[1] {0x0000000705fd1ae8})}
  0x0000017d3c3550e4: 1400 0049 | bae8 1afd | 0507 0000 | 0041 8b6a | 1085 ed0f | 8467 1400 

  0x0000017d3c3550fc: ;   {oop(a 'godot/common/util/ThreadLocalDelegate'{0x00000007060423b0})}
  0x0000017d3c3550fc: 0049 bab0 | 2304 0607 | 0000 0045 | 8b42 1047 | 8b5c c408 

  0x0000017d3c355110: ;   {metadata('java/lang/ThreadLocal$SuppliedThreadLocal')}
  0x0000017d3c355110: 4181 fb68 | 3f04 010f | 8527 0c00 | 0048 8b5c | 2428 448b | 534c 49c1 | e003 478b | 5cd4 1443 
  0x0000017d3c355130: 8b4c dc0c | 4c89 4c24 | 2044 8d49 | ff45 2348 | 0c85 c90f | 8617 0c00 | 0049 c1e3 | 0343 8b6c 
  0x0000017d3c355150: 8b10 458b | 5cec 0c49 | c1e3 034d | 3bd8 0f85 | 280c 0000 | 418b 6cec | 1c45 8b5c 

  0x0000017d3c35516c: ;   {metadata('java/nio/DirectByteBuffer')}
  0x0000017d3c35516c: ec08 4181 | fb78 0b1c | 000f 8579 | 1900 004d | 8d14 ec41 | 8b6a 1c41 | c742 0cff | ffff ff45 
  0x0000017d3c35518c: 8962 1883 | fd04 0f8c | e413 0000 | 41c7 4218 | 0400 0000 | 458b 5a24 | 4d8b 4a10 | 4585 db0f 
  0x0000017d3c3551ac: 85ff 0b00 | 0041 0fb6 | 6a2d 85ed | 0f85 fe11 

  0x0000017d3c3551bc: ;   {oop(a 'godot/core/VariantParser$DOUBLE'{0x0000000705e29fa8})}
  0x0000017d3c3551bc: 0000 49ba | a89f e205 | 0700 0000 | 418b 7a18 | 4c8b 5424 | 204d 8b42 | 104d 8bd1 | 4589 2249 
  0x0000017d3c3551dc: b9a0 e3b3 | 267d 0100 

  0x0000017d3c3551e4: ;   {oop(a 'godot/internal/memory/TransferContext'{0x0000000705e28220})}
  0x0000017d3c3551e4: 0048 ba20 | 82e2 0507 

  0x0000017d3c3551ec: ;   {optimized virtual_call}
  0x0000017d3c3551ec: 0000 00e8 

  0x0000017d3c3551f0: ; ImmutableOopMap {[32]=Oop [40]=Oop }
                      ;*invokespecial icall {reexecute=0 rethrow=0 return_oop=0}
                      ; - godot.internal.memory.TransferContext::callMethod@17 (line 79)
                      ; - godot.api.Node2D::getRotation@29 (line 395)
                      ; - game.items.weapons.Weapon::updateVisuals@9 (line 235)
                      ; - game.items.weapons.Weapon::_process@47 (line 196)
                      ; - godot.entry.WeaponRegistrar$register$1$1$2::invoke@8 (line 41)
                      ; - godot.entry.WeaponRegistrar$register$1$1$2::invoke@12 (line 41)
  0x0000017d3c3551f0: cc03 feff 

  0x0000017d3c3551f4: ;   {other}
  0x0000017d3c3551f4: 0f1f 8400 | 640f 0007 

  0x0000017d3c3551fc: ;   {oop(a 'kotlin/reflect/KProperty'[1] {0x0000000705fd1ae8})}
  0x0000017d3c3551fc: 49ba e81a | fd05 0700 | 0000 418b | 6a10 85ed | 0f84 8613 

  0x0000017d3c355210: ;   {oop(a 'godot/common/util/ThreadLocalDelegate'{0x00000007060423b0})}
  0x0000017d3c355210: 0000 49ba | b023 0406 | 0700 0000 | 458b 5210 

  0x0000017d3c355220: ; implicit exception: dispatches to 0x0000017d3c356d24
  0x0000017d3c355220: 478b 5cd4 

  0x0000017d3c355224: ;   {metadata('java/lang/ThreadLocal$SuppliedThreadLocal')}
  0x0000017d3c355224: 0841 81fb | 683f 0401 | 0f85 aa0b | 0000 4c8b | 4c24 2845 | 8b59 4c4b | 8d0c d447 | 8b44 dc14 
  0x0000017d3c355244: ; implicit exception: dispatches to 0x0000017d3c356d38
  0x0000017d3c355244: 478b 54c4 | 0c41 8d5a | ff23 590c | 4585 d20f | 869f 0b00 | 004f 8d14 | c441 8b6c | 9a10 458b 
  0x0000017d3c355264: 54ec 0c49 | c1e2 034c | 3bd1 0f85 | b00b 0000 | 418b 6cec | 1c45 8b5c 

  0x0000017d3c35527c: ;   {metadata('java/nio/DirectByteBuffer')}
  0x0000017d3c35527c: ec08 4181 | fb78 0b1c | 000f 857d | 1800 004d | 8d04 ec45 | 8b58 1c41 | c740 0cff | ffff ff45 
  0x0000017d3c35529c: 8960 1841 | 83fb 040f | 8c03 1300 | 0041 c740 | 1804 0000 | 0045 8b50 | 2449 8b48 | 1045 85d2 
  0x0000017d3c3552bc: 0f85 8a0b | 0000 418b | fb45 0fb6 | 582d 4d8b | d04c 8bc1 | 418b 0845 | 85db 0f85 | 0411 0000 
  0x0000017d3c3552dc: ;   {oop(a 'godot/core/VariantParser$DOUBLE'{0x0000000705e29fa8})}
  0x0000017d3c3552dc: 49bb a89f | e205 0700 | 0000 418b | 6b18 3bcd | 0f85 1a11 | 0000 83c7 | fc83 ff08 | 0f8c d612 
  0x0000017d3c3552fc: 0000 41c7 | 4218 0c00 | 0000 488b | 5c24 2044 | 8b53 2845 | 85d2 0f84 | d808 0000 | 4d8b 5804 
  0x0000017d3c35531c: ;   {oop(a 'kotlin/reflect/KProperty'[1] {0x0000000705fd1ae8})}
  0x0000017d3c35531c: 49b8 e81a | fd05 0700 | 0000 418b | 6810 c4c1 | f96e c3c5 | f35a c8c5 | fa5a c185 | ed0f 84bd 
  0x0000017d3c35533c: ;   {oop(a 'godot/common/util/ThreadLocalDelegate'{0x00000007060423b0})}
  0x0000017d3c35533c: 1200 0049 | bbb0 2304 | 0607 0000 | 0045 8b5b | 1043 8b4c 

  0x0000017d3c355350: ;   {metadata('java/lang/ThreadLocal$SuppliedThreadLocal')}
  0x0000017d3c355350: dc08 81f9 | 683f 0401 | 0f85 1a0b | 0000 498b | f145 8b41 | 4c4f 8d0c | dc43 8b7c | c414 458b 
  0x0000017d3c355370: 5cfc 0c41 | 8bc8 458b | c245 8d53 | ff45 2351 | 0c45 85db | 0f86 160b | 0000 4d8d | 1cfc 478b 
  0x0000017d3c355390: 5c93 1043 | 8b5c dc0c | 488b d348 | c1e2 0349 | 3bd1 0f85 | 2c0b 0000 | 438b 6cdc | 1c45 8b5c 
  0x0000017d3c3553b0: ;   {metadata('java/nio/DirectByteBuffer')}
  0x0000017d3c3553b0: ec08 4181 | fb78 0b1c | 000f 855d | 1700 0049 | 8d0c ec8b | 691c c741 | 0cff ffff | ff44 8961 
  0x0000017d3c3553d0: 1883 fd04 | 0f8c 4212 | 0000 c741 | 1804 0000 | 0044 8b51 | 244c 8b49 | 1045 85d2 | 0f85 260b 
  0x0000017d3c3553f0: 0000 0fb6 | 692d 85ed | 0f85 2610 | 0000 c5fb | 1144 2430 

  0x0000017d3c355404: ;   {oop(a 'godot/core/VariantParser$VECTOR2'{0x0000000705f5c6e8})}
  0x0000017d3c355404: 49ba e8c6 | f505 0700 | 0000 418b | 7a18 4f8b | 44c4 104d | 8bd1 4589 

  0x0000017d3c35541c: ;   {oop(a 'godot/internal/memory/TransferContext'{0x0000000705e28220})}
  0x0000017d3c35541c: 2248 ba20 | 82e2 0507 | 0000 0049 | b920 e6b3 | 267d 0100 

  0x0000017d3c355430: ;   {optimized virtual_call}
  0x0000017d3c355430: 0066 90e8 

  0x0000017d3c355434: ; ImmutableOopMap {[32]=Oop [40]=Oop }
                      ;*invokespecial icall {reexecute=0 rethrow=0 return_oop=0}
                      ; - godot.internal.memory.TransferContext::callMethod@17 (line 79)
                      ; - godot.api.Node2D::getScale@29 (line 413)
                      ; - game.items.weapons.Weapon::updateVisuals@18 (line 238)
                      ; - game.items.weapons.Weapon::_process@47 (line 196)
                      ; - godot.entry.WeaponRegistrar$register$1$1$2::invoke@8 (line 41)
                      ; - godot.entry.WeaponRegistrar$register$1$1$2::invoke@12 (line 41)
  0x0000017d3c355434: 8801 feff 

  0x0000017d3c355438: ;   {other}
  0x0000017d3c355438: 0f1f 8400 | a811 0008 

  0x0000017d3c355440: ;   {oop(a 'kotlin/reflect/KProperty'[1] {0x0000000705fd1ae8})}
  0x0000017d3c355440: 49ba e81a | fd05 0700 | 0000 418b | 6a10 85ed | 0f84 ee11 

  0x0000017d3c355454: ;   {oop(a 'godot/common/util/ThreadLocalDelegate'{0x00000007060423b0})}
  0x0000017d3c355454: 0000 49ba | b023 0406 | 0700 0000 | 418b 4a10 

  0x0000017d3c355464: ; implicit exception: dispatches to 0x0000017d3c356db0
  0x0000017d3c355464: 458b 5ccc 

  0x0000017d3c355468: ;   {metadata('java/lang/ThreadLocal$SuppliedThreadLocal')}
  0x0000017d3c355468: 0841 81fb | 683f 0401 | 0f85 da0a | 0000 4c8b | 4c24 2845 | 8b41 4c48 | c1e1 0347 | 8b5c c414 
  0x0000017d3c355488: ; implicit exception: dispatches to 0x0000017d3c356dc4
  0x0000017d3c355488: 478b 54dc | 0c41 8d5a | ff23 590c | 4585 d20f | 86cf 0a00 | 004f 8d14 | dc41 8b6c | 9a10 458b 
  0x0000017d3c3554a8: 5cec 0c4d | 8bd3 49c1 | e203 4c3b | d10f 85ed | 0a00 0041 | 8b6c ec1c 

  0x0000017d3c3554c0: ; implicit exception: dispatches to 0x0000017d3c356dd8
  0x0000017d3c3554c0: 458b 54ec 

  0x0000017d3c3554c4: ;   {metadata('java/nio/DirectByteBuffer')}
  0x0000017d3c3554c4: 0841 81fa | 780b 1c00 | 0f85 6a16 | 0000 4d8d | 1cec 418b | 5b1c 41c7 | 430c ffff | ffff 4589 
  0x0000017d3c3554e4: 6318 83fb | 040f 8c69 | 1100 0041 | c743 1804 | 0000 0045 | 8b53 2449 | 8b4b 1045 | 85d2 0f85 
  0x0000017d3c355504: d40a 0000 | 450f b643 | 2d44 8b11 | 4585 c00f | 8537 0f00 

  0x0000017d3c355518: ;   {oop(a 'godot/core/VariantParser$VECTOR2'{0x0000000705f5c6e8})}
  0x0000017d3c355518: 0049 b8e8 | c6f5 0507 | 0000 0041 | 8b68 1844 | 3bd5 0f85 | 580f 0000 | 8d6b fc83 | fd04 0f8c 
  0x0000017d3c355538: 5011 0000 | 41c7 4318 | 0800 0000 | 448b 5104 | 83c3 f8c4 | c179 6ec2 | c5f2 5ac8 | 83fb 040f 
  0x0000017d3c355558: 8c57 1100 | 0041 c743 | 180c 0000 | 00c5 ea5a 

  0x0000017d3c355568: ;   {oop(a 'godot/common/util/ThreadLocalDelegate'{0x00000007060423b0})}
  0x0000017d3c355568: 5108 49ba | b023 0406 | 0700 0000 | 418b 5a10 

  0x0000017d3c355578: ;   {oop(a 'kotlin/reflect/KProperty'[1] {0x0000000705fd1ae8})}
  0x0000017d3c355578: 49ba e81a | fd05 0700 | 0000 418b | 4a10 4c8b | 5424 2045 | 8b5a 28c5 | fb10 4424 

  0x0000017d3c355594: ;   {external_word}
  0x0000017d3c355594: 30c5 f954 | 0503 bd80 | ff45 8b41 

  0x0000017d3c3555a0: ;   {section_word}
  0x0000017d3c3555a0: 4cc5 f92e | 0537 f3ff | ff0f 8692 | 0100 0049 | 8b87 b801 | 0000 4c8b | d049 83c2 | 204d 3b97 
  0x0000017d3c3555c0: c801 0000 | 0f83 2405 | 0000 4d89 | 97b8 0100 | 0041 0f0d | 8ac0 0000 | 0048 c700 | 0100 0000 
  0x0000017d3c3555e0: ;   {metadata('godot/core/Vector2')}
  0x0000017d3c3555e0: c740 0810 | 8402 0144 | 8960 0c4c | 8960 104c | 8960 184c | 8bd0 c4c1 | 7b11 4a10 

  0x0000017d3c3555fc: ;   {external_word}
  0x0000017d3c3555fc: c5e9 5405 | 9cbc 80ff 

  0x0000017d3c355604: ;   {external_word}
  0x0000017d3c355604: c5f9 5705 | b4bc 80ff | c4c1 7b11 | 4218 4585 | db0f 849d | 1200 0085 | c90f 849d | 1300 0041 
  0x0000017d3c355624: 8b4c dc08 

  0x0000017d3c355628: ;   {metadata('java/lang/ThreadLocal$SuppliedThreadLocal')}
  0x0000017d3c355628: 81f9 683f | 0401 0f85 | 9c12 0000 | 498d 3cdc 

  0x0000017d3c355638: ; implicit exception: dispatches to 0x0000017d3c3572c4
  0x0000017d3c355638: 438b 5cc4 | 1441 8b74 | dc0c 8d4e | ff23 4f0c | 85f6 0f86 | a012 0000 | 48c1 e303 | 8b5c 8b10 
  0x0000017d3c355658: ; implicit exception: dispatches to 0x0000017d3c3572f0
  0x0000017d3c355658: 418b 54dc | 0c48 c1e2 | 0348 3bd7 | 0f85 ba12 | 0000 418b | 6cdc 1c45 | 8b4c ec08 

  0x0000017d3c355674: ;   {metadata('java/nio/DirectByteBuffer')}
  0x0000017d3c355674: 4181 f978 | 0b1c 000f | 8513 1500 | 004d 8d04 | ec41 8b68 | 1c41 c740 | 0cff ffff | ff45 8960 
  0x0000017d3c355694: 1883 fd04 | 0f8c 4213 | 0000 41c7 | 4018 0400 | 0000 458b | 4824 498b | 4810 4585 | c90f 85ad 
  0x0000017d3c3556b4: 1200 0041 | 0fb6 682d | 85ed 0f85 | d012 0000 | 4c89 5424 | 284c 8bd1 | 41c7 0201 | 0000 004b 
  0x0000017d3c3556d4: 8d2c dc44 | 895c 2420 

  0x0000017d3c3556dc: ;   {oop(a 'godot/core/VariantParser$VECTOR2'{0x0000000705f5c6e8})}
  0x0000017d3c3556dc: 48ba e8c6 | f505 0700 | 0000 4c8b | 4c24 284c | 8944 2430 

  0x0000017d3c3556f0: ;   {optimized virtual_call}
  0x0000017d3c3556f0: 6666 90e8 

  0x0000017d3c3556f4: ; ImmutableOopMap {rbp=Oop [32]=NarrowOop [40]=Oop [48]=Oop }
                      ;*invokeinterface toGodot {reexecute=0 rethrow=0 return_oop=0}
                      ; - godot.internal.memory.TransferContext::writeArguments@59 (line 38)
                      ; - godot.api.Node2D::setScale@25 (line 383)
                      ; - game.items.weapons.Weapon::updateVisuals@56 (line 243)
                      ; - game.items.weapons.Weapon::_process@47 (line 196)
                      ; - godot.entry.WeaponRegistrar$register$1$1$2::invoke@8 (line 41)
                      ; - godot.entry.WeaponRegistrar$register$1$1$2::invoke@12 (line 41)
  0x0000017d3c3556f4: 68ed feff 

  0x0000017d3c3556f8: ;   {other}
  0x0000017d3c3556f8: 0f1f 8400 | 6814 0009 

  0x0000017d3c355700: ;   {oop(a 'godot/core/VariantParser$NIL'{0x0000000705f59218})}
  0x0000017d3c355700: 49ba 1892 | f505 0700 | 0000 418b | 7a18 448b | 5c24 204f | 8b44 dc10 

  0x0000017d3c355718: ;   {oop(a 'godot/internal/memory/TransferContext'{0x0000000705e28220})}
  0x0000017d3c355718: 48ba 2082 | e205 0700 | 0000 49b9 | a0d7 b326 | 7d01 0000 

  0x0000017d3c35572c: ;   {optimized virtual_call}
  0x0000017d3c35572c: 6666 90e8 

  0x0000017d3c355730: ; ImmutableOopMap {}
                      ;*invokespecial icall {reexecute=0 rethrow=0 return_oop=0}
                      ; - godot.internal.memory.TransferContext::callMethod@17 (line 79)
                      ; - godot.api.Node2D::setScale@47 (line 384)
                      ; - game.items.weapons.Weapon::updateVisuals@56 (line 243)
                      ; - game.items.weapons.Weapon::_process@47 (line 196)
                      ; - godot.entry.WeaponRegistrar$register$1$1$2::invoke@8 (line 41)
                      ; - godot.entry.WeaponRegistrar$register$1$1$2::invoke@12 (line 41)
  0x0000017d3c355730: 8cfe fdff 

  0x0000017d3c355734: ;   {other}
  0x0000017d3c355734: 0f1f 8400 | a414 000a | e983 0100 | 0049 8b87 | b801 0000 | 4c8b d049 | 83c2 204d | 3b97 c801 
  0x0000017d3c355754: 0000 0f83 | 3203 0000 | 4d89 97b8 | 0100 0041 | 0f0d 8ac0 | 0000 0048 | c700 0100 

  0x0000017d3c355770: ;   {metadata('godot/core/Vector2')}
  0x0000017d3c355770: 0000 c740 | 0810 8402 | 0144 8960 | 0c4c 8960 | 104c 8960 | 184c 8bd0 

  0x0000017d3c355788: ;   {external_word}
  0x0000017d3c355788: c5e9 5405 | 10bb 80ff | c4c1 7b11 | 4218 c4c1 | 7b11 4a10 | 4585 db0f | 84df 0a00 | 0085 c90f 
  0x0000017d3c3557a8: 84c3 1000 | 0041 8b7c 

  0x0000017d3c3557b0: ;   {metadata('java/lang/ThreadLocal$SuppliedThreadLocal')}
  0x0000017d3c3557b0: dc08 81ff | 683f 0401 | 0f85 de0a | 0000 498d | 34dc 438b | 4cc4 1441 | 8b5c cc0c | 8d7b ff23 
  0x0000017d3c3557d0: 7e0c 85db | 0f86 e20a | 0000 48c1 | e103 8b6c | b910 418b | 4cec 0c48 | c1e1 0348 | 3bce 0f85 
  0x0000017d3c3557f0: fc0a 0000 | 418b 6cec | 1c45 8b4c 

  0x0000017d3c3557fc: ;   {metadata('java/nio/DirectByteBuffer')}
  0x0000017d3c3557fc: ec08 4181 | f978 0b1c | 000f 85a5 | 1300 004d | 8d04 ec41 | 8b68 1c41 | c740 0cff | ffff ff45 
  0x0000017d3c35581c: 8960 1883 | fd04 0f8c | 6810 0000 | 41c7 4018 | 0400 0000 | 458b 4824 | 498b 4810 | 4585 c90f 
  0x0000017d3c35583c: 85df 0a00 | 0041 0fb6 | 682d 85ed | 0f85 f60f | 0000 4c89 | 5424 284c | 8bd1 41c7 | 0201 0000 
  0x0000017d3c35585c: 004b 8d2c | dc44 895c 

  0x0000017d3c355864: ;   {oop(a 'godot/core/VariantParser$VECTOR2'{0x0000000705f5c6e8})}
  0x0000017d3c355864: 2420 48ba | e8c6 f505 | 0700 0000 | 4c8b 4c24 | 284c 8944 

  0x0000017d3c355878: ;   {optimized virtual_call}
  0x0000017d3c355878: 2430 90e8 

  0x0000017d3c35587c: ; ImmutableOopMap {rbp=Oop [32]=NarrowOop [40]=Oop [48]=Oop }
                      ;*invokeinterface toGodot {reexecute=0 rethrow=0 return_oop=0}
                      ; - godot.internal.memory.TransferContext::writeArguments@59 (line 38)
                      ; - godot.api.Node2D::setScale@25 (line 383)
                      ; - game.items.weapons.Weapon::updateVisuals@84 (line 246)
                      ; - game.items.weapons.Weapon::_process@47 (line 196)
                      ; - godot.entry.WeaponRegistrar$register$1$1$2::invoke@8 (line 41)
                      ; - godot.entry.WeaponRegistrar$register$1$1$2::invoke@12 (line 41)
  0x0000017d3c35587c: e0eb feff 

  0x0000017d3c355880: ;   {other}
  0x0000017d3c355880: 0f1f 8400 | f015 000b 

  0x0000017d3c355888: ;   {oop(a 'godot/core/VariantParser$NIL'{0x0000000705f59218})}
  0x0000017d3c355888: 49ba 1892 | f505 0700 | 0000 418b | 7a18 448b | 5c24 204f | 8b44 dc10 

  0x0000017d3c3558a0: ;   {oop(a 'godot/internal/memory/TransferContext'{0x0000000705e28220})}
  0x0000017d3c3558a0: 48ba 2082 | e205 0700 | 0000 49b9 | a0d7 b326 | 7d01 0000 

  0x0000017d3c3558b4: ;   {optimized virtual_call}
  0x0000017d3c3558b4: 6666 90e8 

  0x0000017d3c3558b8: ; ImmutableOopMap {}
                      ;*invokespecial icall {reexecute=0 rethrow=0 return_oop=0}
                      ; - godot.internal.memory.TransferContext::callMethod@17 (line 79)
                      ; - godot.api.Node2D::setScale@47 (line 384)
                      ; - game.items.weapons.Weapon::updateVisuals@84 (line 246)
                      ; - game.items.weapons.Weapon::_process@47 (line 196)
                      ; - godot.entry.WeaponRegistrar$register$1$1$2::invoke@8 (line 41)
                      ; - godot.entry.WeaponRegistrar$register$1$1$2::invoke@12 (line 41)
  0x0000017d3c3558b8: 04fd fdff 

  0x0000017d3c3558bc: ;   {other}
  0x0000017d3c3558bc: 0f1f 8400 | 2c16 000c 

  0x0000017d3c3558c4: ;   {oop(a 'kotlin/Unit'{0x0000000705ff9a78})}
  0x0000017d3c3558c4: 48b8 789a | ff05 0700 | 0000 4883 

  0x0000017d3c3558d0: ;   {poll_return}
  0x0000017d3c3558d0: c470 5d49 | 3ba7 5004 | 0000 0f87 | 101b 0000 | c34c 8b4c | 2420 e9f0 | f7ff ff48 | 897c 2420 
  0x0000017d3c3558f0: 498b ea49 

  0x0000017d3c3558f4: ;   {optimized virtual_call}
  0x0000017d3c3558f4: 8bd2 90e8 

  0x0000017d3c3558f8: ; ImmutableOopMap {rbp=Oop [32]=Oop }
                      ;*invokevirtual getClosestTarget {reexecute=0 rethrow=0 return_oop=1}
                      ; - game.items.weapons.Weapon::updateClosestTarget@2 (line 117)
                      ; - game.items.weapons.Weapon::_process@20 (line 188)
                      ; - godot.entry.WeaponRegistrar$register$1$1$2::invoke@8 (line 41)
                      ; - godot.entry.WeaponRegistrar$register$1$1$2::invoke@12 (line 41)
  0x0000017d3c3558f8: 411b 0000 

  0x0000017d3c3558fc: ;   {other}
  0x0000017d3c3558fc: 0f1f 8400 | 6c16 000d | 488b d841 | 807f 4000 | 0f85 3c02 | 0000 4c8b | d54d 8bda | 488b cb4c 
  0x0000017d3c35591c: 8bc9 49c1 | e903 4589 | 4a44 4c8b | c14d 33c3 | 49c1 e815 | 4d85 c074 | 1f48 85c9 | 741a 49c1 
  0x0000017d3c35593c: eb09 48b9 | 00b0 e340 | 7d01 0000 | 4903 cb80 | 3902 0f85 | 3402 0000 | 410f b66a | 0c85 ed0f 
  0x0000017d3c35595c: 85f3 1000 | 0041 8b6a | 4085 ed0f | 849b 1000 | 0048 8b7c | 2420 e939 | f0ff ff41 | 8b6a 4485 
  0x0000017d3c35597c: ed0f 84e9 | 1000 0048 | 897c 2428 | 498b ea49 

  0x0000017d3c35598c: ;   {optimized virtual_call}
  0x0000017d3c35598c: 8bd2 90e8 

  0x0000017d3c355990: ; ImmutableOopMap {rbp=Oop [40]=Oop }
                      ;*invokevirtual getGlobalPosition {reexecute=0 rethrow=0 return_oop=1}
                      ; - game.items.weapons.Weapon::getRotationToTarget@25 (line 159)
                      ; - game.items.weapons.Weapon::rotateToTarget@21 (line 177)
                      ; - game.items.weapons.Weapon::_process@32 (line 192)
                      ; - godot.entry.WeaponRegistrar$register$1$1$2::invoke@8 (line 41)
                      ; - godot.entry.WeaponRegistrar$register$1$1$2::invoke@12 (line 41)
  0x0000017d3c355990: 4cd1 0000 

  0x0000017d3c355994: ;   {other}
  0x0000017d3c355994: 0f1f 8400 | 0417 000e | 4889 4424 | 304c 8bdd | 418b 6b44 

  0x0000017d3c3559a8: ; implicit exception: dispatches to 0x0000017d3c357324
  0x0000017d3c3559a8: 458b 54ec 

  0x0000017d3c3559ac: ;   {metadata('game/entity/enemies/Enemy')}
  0x0000017d3c3559ac: 0841 81fa | e862 2401 | 0f85 ae11 | 0000 4c89 | 5c24 2049 | 8d14 ec49 

  0x0000017d3c3559c4: ;   {optimized virtual_call}
  0x0000017d3c3559c4: 8beb 90e8 

  0x0000017d3c3559c8: ; ImmutableOopMap {rbp=Oop [32]=Oop [40]=Oop [48]=Oop }
                      ;*invokevirtual getGlobalPosition {reexecute=0 rethrow=0 return_oop=1}
                      ; - game.items.weapons.Weapon::getRotationToTarget@35 (line 159)
                      ; - game.items.weapons.Weapon::rotateToTarget@21 (line 177)
                      ; - game.items.weapons.Weapon::_process@32 (line 192)
                      ; - godot.entry.WeaponRegistrar$register$1$1$2::invoke@8 (line 41)
                      ; - godot.entry.WeaponRegistrar$register$1$1$2::invoke@12 (line 41)
  0x0000017d3c3559c8: 14d1 0000 

  0x0000017d3c3559cc: ;   {other}
  0x0000017d3c3559cc: 0f1f 8400 | 3c17 000f | 4c8b 5c24 | 304d 85db | 0f84 3a10 | 0000 498b | d34c 8bc0 

  0x0000017d3c3559e8: ;   {optimized virtual_call}
  0x0000017d3c3559e8: 6666 90e8 

  0x0000017d3c3559ec: ; ImmutableOopMap {rbp=Oop [32]=Oop [40]=Oop }
                      ;*invokevirtual directionTo {reexecute=0 rethrow=0 return_oop=1}
                      ; - game.items.weapons.Weapon::getRotationToTarget@38 (line 159)
                      ; - game.items.weapons.Weapon::rotateToTarget@21 (line 177)
                      ; - game.items.weapons.Weapon::_process@32 (line 192)
                      ; - godot.entry.WeaponRegistrar$register$1$1$2::invoke@8 (line 41)
                      ; - godot.entry.WeaponRegistrar$register$1$1$2::invoke@12 (line 41)
  0x0000017d3c3559ec: 891a 0000 

  0x0000017d3c3559f0: ;   {other}
  0x0000017d3c3559f0: 0f1f 8400 | 6017 0010 

  0x0000017d3c3559f8: ; implicit exception: dispatches to 0x0000017d3c35733c
  0x0000017d3c3559f8: c5fb 1040 | 18c5 fb10 

  0x0000017d3c355a00: ;   {static_call}
  0x0000017d3c355a00: 4810 90e8 

  0x0000017d3c355a04: ; ImmutableOopMap {rbp=Oop [32]=Oop [40]=Oop }
                      ;*invokestatic compute {reexecute=0 rethrow=0 return_oop=0}
                      ; - java.lang.StrictMath::atan2@2 (line 581)
                      ; - java.lang.Math::atan2@2 (line 613)
                      ; - godot.core.Vector2::angle@8 (line 91)
                      ; - game.items.weapons.Weapon::getRotationToTarget@41 (line 159)
                      ; - game.items.weapons.Weapon::rotateToTarget@21 (line 177)
                      ; - game.items.weapons.Weapon::_process@32 (line 192)
                      ; - godot.entry.WeaponRegistrar$register$1$1$2::invoke@8 (line 41)
                      ; - godot.entry.WeaponRegistrar$register$1$1$2::invoke@12 (line 41)
  0x0000017d3c355a04: 9e1a 0000 

  0x0000017d3c355a08: ;   {other}
  0x0000017d3c355a08: 0f1f 8400 | 7817 0011 | e9e1 f2ff | ff49 8be9 

  0x0000017d3c355a18: ;   {optimized virtual_call}
  0x0000017d3c355a18: 498b d1e8 

  0x0000017d3c355a1c: ; ImmutableOopMap {rbp=Oop [40]=Oop }
                      ;*invokevirtual useWeapon {reexecute=0 rethrow=0 return_oop=0}
                      ; - game.items.weapons.Weapon::_process@43 (line 195)
                      ; - godot.entry.WeaponRegistrar$register$1$1$2::invoke@8 (line 41)
                      ; - godot.entry.WeaponRegistrar$register$1$1$2::invoke@12 (line 41)
  0x0000017d3c355a1c: 2c1a 0000 

  0x0000017d3c355a20: ;   {other}
  0x0000017d3c355a20: 0f1f 8400 | 9017 0012 | 4c8b cde9 | abf6 ffff | 458b 5a44 | 4585 db0f | 846f efff | ff4d 8b47 
  0x0000017d3c355a40: 2849 8bcb | 48c1 e103 | 4d85 c00f | 84e7 0c00 | 004d 8b5f | 384b 894c | 03f8 4983 | c0f8 4d89 
  0x0000017d3c355a60: 4728 e945 | efff ffc4 | e1f9 7ec5 

  0x0000017d3c355a6c: ;   {metadata('java/lang/Double')}
  0x0000017d3c355a6c: 48ba c81e | 034c 7d01 

  0x0000017d3c355a74: ;   {runtime_call _new_instance_Java}
  0x0000017d3c355a74: 0000 90e8 

  0x0000017d3c355a78: ; ImmutableOopMap {[32]=Oop [40]=Oop }
                      ;*new {reexecute=0 rethrow=0 return_oop=1}
                      ; - java.lang.Double::valueOf@0 (line 773)
                      ; - godot.api.Node2D::setRotation@15 (line 368)
                      ; - game.items.weapons.Weapon::rotateToTarget@25 (line 177)
                      ; - game.items.weapons.Weapon::_process@32 (line 192)
                      ; - godot.entry.WeaponRegistrar$register$1$1$2::invoke@8 (line 41)
                      ; - godot.entry.WeaponRegistrar$register$1$1$2::invoke@12 (line 41)
  0x0000017d3c355a78: 047a 92ff 

  0x0000017d3c355a7c: ;   {other}
  0x0000017d3c355a7c: 0f1f 8400 | ec17 0013 | c4e1 f96e | c5e9 b0f2 | ffff 4489 | 4424 3444 | 895c 2430 | 894c 242c 
  0x0000017d3c355a9c: 895c 2428 | c5fb 1154 | 2440 c5fb | 114c 2420 

  0x0000017d3c355aac: ;   {metadata('godot/core/Vector2')}
  0x0000017d3c355aac: 498b e948 | ba10 8402 | 4d7d 0100 

  0x0000017d3c355ab8: ;   {runtime_call _new_instance_Java}
  0x0000017d3c355ab8: 0066 90e8 

  0x0000017d3c355abc: ; ImmutableOopMap {rbp=Oop [40]=NarrowOop [44]=NarrowOop [48]=NarrowOop [52]=NarrowOop }
                      ;*new {reexecute=0 rethrow=0 return_oop=1}
                      ; - game.items.weapons.Weapon::updateVisuals@66 (line 246)
                      ; - game.items.weapons.Weapon::_process@47 (line 196)
                      ; - godot.entry.WeaponRegistrar$register$1$1$2::invoke@8 (line 41)
                      ; - godot.entry.WeaponRegistrar$register$1$1$2::invoke@12 (line 41)
  0x0000017d3c355abc: c079 92ff 

  0x0000017d3c355ac0: ;   {other}
  0x0000017d3c355ac0: 0f1f 8400 | 3018 0014 | 4c8b cdc5 | fb10 4c24 | 208b 5c24 | 288b 4c24 | 2c44 8b5c | 2430 448b 
  0x0000017d3c355ae0: 4424 34c5 | fb10 5424 | 40e9 97fc | ffff 4489 | 4424 3444 | 895c 2430 | 894c 242c | 895c 2428 
  0x0000017d3c355b00: c5fb 1154 | 2440 c5fb | 114c 2420 

  0x0000017d3c355b0c: ;   {metadata('godot/core/Vector2')}
  0x0000017d3c355b0c: 498b e948 | ba10 8402 | 4d7d 0100 

  0x0000017d3c355b18: ;   {runtime_call _new_instance_Java}
  0x0000017d3c355b18: 0066 90e8 

  0x0000017d3c355b1c: ; ImmutableOopMap {rbp=Oop [40]=NarrowOop [44]=NarrowOop [48]=NarrowOop [52]=NarrowOop }
                      ;*new {reexecute=0 rethrow=0 return_oop=1}
                      ; - game.items.weapons.Weapon::updateVisuals@37 (line 243)
                      ; - game.items.weapons.Weapon::_process@47 (line 196)
                      ; - godot.entry.WeaponRegistrar$register$1$1$2::invoke@8 (line 41)
                      ; - godot.entry.WeaponRegistrar$register$1$1$2::invoke@12 (line 41)
  0x0000017d3c355b1c: 6079 92ff 

  0x0000017d3c355b20: ;   {other}
  0x0000017d3c355b20: 0f1f 8400 | 9018 0015 | 4c8b cdc5 | fb10 4c24 | 208b 5c24 | 288b 4c24 | 2c44 8b5c | 2430 448b 
  0x0000017d3c355b40: 4424 34c5 | fb10 5424 | 40e9 a5fa | ffff 4c8b | d545 8b5a | 4445 85db | 0f84 b7fd | ffff 4d8b 
  0x0000017d3c355b60: 4728 498b | cb48 c1e1 | 034d 85c0 | 0f84 c20e | 0000 4d8b | 5f38 4b89 | 4c03 f849 | 83c0 f84d 
  0x0000017d3c355b80: 8947 28e9 | 8dfd ffff | 4d8b 5f48 | 4d8b 4758 | f083 4424 | c000 8039 | 000f 84b5 | fdff ff44 
  0x0000017d3c355ba0: 8821 4d85 | db75 2349 | 8bda 498b | d749 bab0 | 01fe d2fe | 7f00 0041 

  0x0000017d3c355bb8: ;   {other}
  0x0000017d3c355bb8: ffd2 0f1f | 8400 0000 | 0000 4c8b | d3e9 8afd | ffff 4b89 | 4c18 f849 | 83c3 f84d | 895f 48e9 
  0x0000017d3c355bd8: 78fd ffff | baf6 ffff 

  0x0000017d3c355be0: ;   {runtime_call UncommonTrapBlob}
  0x0000017d3c355be0: ff66 90e8 

  0x0000017d3c355be4: ; ImmutableOopMap {}
                      ;*invokevirtual isStopped {reexecute=0 rethrow=0 return_oop=0}
                      ; - game.items.weapons.Weapon::canUseWeapon@4 (line 82)
                      ; - game.items.weapons.Weapon::_process@36 (line 194)
                      ; - godot.entry.WeaponRegistrar$register$1$1$2::invoke@8 (line 41)
                      ; - godot.entry.WeaponRegistrar$register$1$1$2::invoke@12 (line 41)
  0x0000017d3c355be4: 18ea 85ff 

  0x0000017d3c355be8: ;   {other}
  0x0000017d3c355be8: 0f1f 8400 | 5819 0016 | baf6 ffff 

  0x0000017d3c355bf4: ;   {runtime_call UncommonTrapBlob}
  0x0000017d3c355bf4: ff66 90e8 

  0x0000017d3c355bf8: ; ImmutableOopMap {}
                      ;*invokevirtual getScale {reexecute=0 rethrow=0 return_oop=0}
                      ; - game.items.weapons.Weapon::updateVisuals@18 (line 238)
                      ; - game.items.weapons.Weapon::_process@47 (line 196)
                      ; - godot.entry.WeaponRegistrar$register$1$1$2::invoke@8 (line 41)
                      ; - godot.entry.WeaponRegistrar$register$1$1$2::invoke@12 (line 41)
  0x0000017d3c355bf8: 04ea 85ff 

  0x0000017d3c355bfc: ;   {other}
  0x0000017d3c355bfc: 0f1f 8400 | 6c19 0017 | bade ffff | ff4c 8954 | 2420 895c | 2428 4489 

  0x0000017d3c355c14: ;   {runtime_call UncommonTrapBlob}
  0x0000017d3c355c14: 4c24 2ce8 

  0x0000017d3c355c18: ; ImmutableOopMap {[32]=Oop [40]=NarrowOop [44]=NarrowOop }
                      ;*invokevirtual get {reexecute=0 rethrow=0 return_oop=0}
                      ; - godot.common.util.ThreadLocalDelegate::getValue@10 (line 7)
                      ; - godot.internal.memory.TransferContext::getBuffer@9 (line 28)
                      ; - godot.internal.memory.TransferContext::writeArguments@7 (line 34)
                      ; - godot.api.Timer::isStopped@7 (line 232)
                      ; - game.items.weapons.Weapon::canUseWeapon@4 (line 82)
                      ; - game.items.weapons.Weapon::_process@36 (line 194)
                      ; - godot.entry.WeaponRegistrar$register$1$1$2::invoke@8 (line 41)
                      ; - godot.entry.WeaponRegistrar$register$1$1$2::invoke@12 (line 41)
  0x0000017d3c355c18: e4e9 85ff 

  0x0000017d3c355c1c: ;   {other}
  0x0000017d3c355c1c: 0f1f 8400 | 8c19 0018 | bae4 ffff | ff48 8b6c | 2420 4489 | 5c24 3044 | 8944 2434 | 4c89 4c24 
  0x0000017d3c355c3c: 4089 4c24 | 4c89 5c24 

  0x0000017d3c355c44: ;   {runtime_call UncommonTrapBlob}
  0x0000017d3c355c44: 5066 90e8 

  0x0000017d3c355c48: ; ImmutableOopMap {rbp=Oop [40]=Oop [48]=NarrowOop [52]=NarrowOop [64]=Oop [76]=NarrowOop }
                      ;*aaload {reexecute=0 rethrow=0 return_oop=0}
                      ; - java.lang.ThreadLocal$ThreadLocalMap::getEntry@18 (line 500)
                      ; - java.lang.ThreadLocal::get@12 (line 187)
                      ; - java.lang.ThreadLocal::get@4 (line 172)
                      ; - godot.common.util.ThreadLocalDelegate::getValue@10 (line 7)
                      ; - godot.internal.memory.TransferContext::getBuffer@9 (line 28)
                      ; - godot.internal.memory.TransferContext::writeArguments@7 (line 34)
                      ; - godot.api.Timer::isStopped@7 (line 232)
                      ; - game.items.weapons.Weapon::canUseWeapon@4 (line 82)
                      ; - game.items.weapons.Weapon::_process@36 (line 194)
                      ; - godot.entry.WeaponRegistrar$register$1$1$2::invoke@8 (line 41)
                      ; - godot.entry.WeaponRegistrar$register$1$1$2::invoke@12 (line 41)
  0x0000017d3c355c48: b4e9 85ff 

  0x0000017d3c355c4c: ;   {other}
  0x0000017d3c355c4c: 0f1f 8400 | bc19 0019 | ba45 ffff | ff44 895c | 2438 4489 | 4424 3c4c | 894c 2448 | 895c 2450 
  0x0000017d3c355c6c: ;   {runtime_call UncommonTrapBlob}
  0x0000017d3c355c6c: 6666 90e8 

  0x0000017d3c355c70: ; ImmutableOopMap {rbp=NarrowOop [32]=Oop [40]=Oop [56]=NarrowOop [60]=NarrowOop [72]=Oop }
                      ;*ifeq {reexecute=1 rethrow=0 return_oop=0}
                      ; - (reexecute) java.lang.ThreadLocal$ThreadLocalMap::getEntry@29 (line 501)
                      ; - java.lang.ThreadLocal::get@12 (line 187)
                      ; - java.lang.ThreadLocal::get@4 (line 172)
                      ; - godot.common.util.ThreadLocalDelegate::getValue@10 (line 7)
                      ; - godot.internal.memory.TransferContext::getBuffer@9 (line 28)
                      ; - godot.internal.memory.TransferContext::writeArguments@7 (line 34)
                      ; - godot.api.Timer::isStopped@7 (line 232)
                      ; - game.items.weapons.Weapon::canUseWeapon@4 (line 82)
                      ; - game.items.weapons.Weapon::_process@36 (line 194)
                      ; - godot.entry.WeaponRegistrar$register$1$1$2::invoke@8 (line 41)
                      ; - godot.entry.WeaponRegistrar$register$1$1$2::invoke@12 (line 41)
  0x0000017d3c355c70: 8ce9 85ff 

  0x0000017d3c355c74: ;   {other}
  0x0000017d3c355c74: 0f1f 8400 | e419 001a | baec ffff | ff48 8b6c | 2420 4489 | 5c24 284c | 8944 2438 | 4c89 4424 
  0x0000017d3c355c94: 404c 894c | 2448 4489 

  0x0000017d3c355c9c: ;   {runtime_call UncommonTrapBlob}
  0x0000017d3c355c9c: 5424 2ce8 

  0x0000017d3c355ca0: ; ImmutableOopMap {rbp=Oop [40]=NarrowOop [44]=NarrowOop [56]=Oop [64]=Oop }
                      ;*ifnull {reexecute=1 rethrow=0 return_oop=0}
                      ; - (reexecute) java.nio.Buffer::session@4 (line 792)
                      ; - java.nio.DirectByteBuffer::putInt@7 (line 773)
                      ; - java.nio.DirectByteBuffer::putInt@11 (line 785)
                      ; - godot.internal.memory.TransferContext::writeArguments@21 (line 36)
                      ; - godot.api.Timer::isStopped@7 (line 232)
                      ; - game.items.weapons.Weapon::canUseWeapon@4 (line 82)
                      ; - game.items.weapons.Weapon::_process@36 (line 194)
                      ; - godot.entry.WeaponRegistrar$register$1$1$2::invoke@8 (line 41)
                      ; - godot.entry.WeaponRegistrar$register$1$1$2::invoke@12 (line 41)
  0x0000017d3c355ca0: 5ce9 85ff 

  0x0000017d3c355ca4: ;   {other}
  0x0000017d3c355ca4: 0f1f 8400 | 141a 001b | bade ffff | ff48 8b6c | 2420 894c 

  0x0000017d3c355cb8: ;   {runtime_call UncommonTrapBlob}
  0x0000017d3c355cb8: 2428 90e8 

  0x0000017d3c355cbc: ; ImmutableOopMap {rbp=Oop [40]=NarrowOop }
                      ;*invokevirtual get {reexecute=0 rethrow=0 return_oop=0}
                      ; - godot.common.util.ThreadLocalDelegate::getValue@10 (line 7)
                      ; - godot.internal.memory.TransferContext::getBuffer@9 (line 28)
                      ; - godot.internal.memory.TransferContext::readReturnValue@7 (line 73)
                      ; - godot.api.Timer::isStopped@41 (line 234)
                      ; - game.items.weapons.Weapon::canUseWeapon@4 (line 82)
                      ; - game.items.weapons.Weapon::_process@36 (line 194)
                      ; - godot.entry.WeaponRegistrar$register$1$1$2::invoke@8 (line 41)
                      ; - godot.entry.WeaponRegistrar$register$1$1$2::invoke@12 (line 41)
  0x0000017d3c355cbc: 40e9 85ff 

  0x0000017d3c355cc0: ;   {other}
  0x0000017d3c355cc0: 0f1f 8400 | 301a 001c | bae4 ffff | ff48 8b6c | 2420 4489 | 5c24 384c | 8944 2440 | 4489 5424 
  0x0000017d3c355ce0: 4844 894c 

  0x0000017d3c355ce4: ;   {runtime_call UncommonTrapBlob}
  0x0000017d3c355ce4: 244c 90e8 

  0x0000017d3c355ce8: ; ImmutableOopMap {rbp=Oop [40]=Oop [56]=NarrowOop [64]=Oop [72]=NarrowOop }
                      ;*aaload {reexecute=0 rethrow=0 return_oop=0}
                      ; - java.lang.ThreadLocal$ThreadLocalMap::getEntry@18 (line 500)
                      ; - java.lang.ThreadLocal::get@12 (line 187)
                      ; - java.lang.ThreadLocal::get@4 (line 172)
                      ; - godot.common.util.ThreadLocalDelegate::getValue@10 (line 7)
                      ; - godot.internal.memory.TransferContext::getBuffer@9 (line 28)
                      ; - godot.internal.memory.TransferContext::readReturnValue@7 (line 73)
                      ; - godot.api.Timer::isStopped@41 (line 234)
                      ; - game.items.weapons.Weapon::canUseWeapon@4 (line 82)
                      ; - game.items.weapons.Weapon::_process@36 (line 194)
                      ; - godot.entry.WeaponRegistrar$register$1$1$2::invoke@8 (line 41)
                      ; - godot.entry.WeaponRegistrar$register$1$1$2::invoke@12 (line 41)
  0x0000017d3c355ce8: 14e9 85ff 

  0x0000017d3c355cec: ;   {other}
  0x0000017d3c355cec: 0f1f 8400 | 5c1a 001d | ba45 ffff | ff44 895c | 2440 4c89 | 4424 4844 | 894c 2444 

  0x0000017d3c355d08: ;   {runtime_call UncommonTrapBlob}
  0x0000017d3c355d08: 6666 90e8 

  0x0000017d3c355d0c: ; ImmutableOopMap {rbp=NarrowOop [32]=Oop [40]=Oop [64]=NarrowOop [72]=Oop }
                      ;*ifeq {reexecute=1 rethrow=0 return_oop=0}
                      ; - (reexecute) java.lang.ThreadLocal$ThreadLocalMap::getEntry@29 (line 501)
                      ; - java.lang.ThreadLocal::get@12 (line 187)
                      ; - java.lang.ThreadLocal::get@4 (line 172)
                      ; - godot.common.util.ThreadLocalDelegate::getValue@10 (line 7)
                      ; - godot.internal.memory.TransferContext::getBuffer@9 (line 28)
                      ; - godot.internal.memory.TransferContext::readReturnValue@7 (line 73)
                      ; - godot.api.Timer::isStopped@41 (line 234)
                      ; - game.items.weapons.Weapon::canUseWeapon@4 (line 82)
                      ; - game.items.weapons.Weapon::_process@36 (line 194)
                      ; - godot.entry.WeaponRegistrar$register$1$1$2::invoke@8 (line 41)
                      ; - godot.entry.WeaponRegistrar$register$1$1$2::invoke@12 (line 41)
  0x0000017d3c355d0c: f0e8 85ff 

  0x0000017d3c355d10: ;   {other}
  0x0000017d3c355d10: 0f1f 8400 | 801a 001e | baec ffff | ff48 8b6c | 2420 4889 | 4c24 3048 | 894c 2438 | 4c89 5c24 
  0x0000017d3c355d30: 4044 8954 

  0x0000017d3c355d34: ;   {runtime_call UncommonTrapBlob}
  0x0000017d3c355d34: 2450 90e8 

  0x0000017d3c355d38: ; ImmutableOopMap {rbp=Oop [48]=Oop [56]=Oop [80]=NarrowOop }
                      ;*ifnull {reexecute=1 rethrow=0 return_oop=0}
                      ; - (reexecute) java.nio.Buffer::session@4 (line 792)
                      ; - java.nio.DirectByteBuffer::getInt@4 (line 744)
                      ; - java.nio.DirectByteBuffer::getInt@10 (line 753)
                      ; - godot.core.VariantKt::getVariantType@1 (line 104)
                      ; - godot.core.VariantKt::access$getVariantType@1 (line 1)
                      ; - godot.core.VariantParser::toKotlin@7 (line 477)
                      ; - godot.internal.memory.TransferContext::readReturnValue@20 (line 75)
                      ; - godot.api.Timer::isStopped@41 (line 234)
                      ; - game.items.weapons.Weapon::canUseWeapon@4 (line 82)
                      ; - game.items.weapons.Weapon::_process@36 (line 194)
                      ; - godot.entry.WeaponRegistrar$register$1$1$2::invoke@8 (line 41)
                      ; - godot.entry.WeaponRegistrar$register$1$1$2::invoke@12 (line 41)
  0x0000017d3c355d38: c4e8 85ff 

  0x0000017d3c355d3c: ;   {other}
  0x0000017d3c355d3c: 0f1f 8400 | ac1a 001f | bade ffff | ff4c 894c | 2420 4489 

  0x0000017d3c355d50: ;   {runtime_call UncommonTrapBlob}
  0x0000017d3c355d50: 4424 28e8 

  0x0000017d3c355d54: ; ImmutableOopMap {[32]=Oop [40]=NarrowOop }
                      ;*invokevirtual get {reexecute=0 rethrow=0 return_oop=0}
                      ; - godot.common.util.ThreadLocalDelegate::getValue@10 (line 7)
                      ; - godot.internal.memory.TransferContext::getBuffer@9 (line 28)
                      ; - godot.internal.memory.TransferContext::writeArguments@7 (line 34)
                      ; - godot.api.Node2D::getRotation@7 (line 394)
                      ; - game.items.weapons.Weapon::updateVisuals@9 (line 235)
                      ; - game.items.weapons.Weapon::_process@47 (line 196)
                      ; - godot.entry.WeaponRegistrar$register$1$1$2::invoke@8 (line 41)
                      ; - godot.entry.WeaponRegistrar$register$1$1$2::invoke@12 (line 41)
  0x0000017d3c355d54: a8e8 85ff 

  0x0000017d3c355d58: ;   {other}
  0x0000017d3c355d58: 0f1f 8400 | c81a 0020 | bae4 ffff | ff48 8b6c | 2420 4489 | 5424 384c | 8944 2440 | 4489 5c24 
  0x0000017d3c355d78: 4844 894c 

  0x0000017d3c355d7c: ;   {runtime_call UncommonTrapBlob}
  0x0000017d3c355d7c: 244c 90e8 

  0x0000017d3c355d80: ; ImmutableOopMap {rbp=Oop [40]=Oop [56]=NarrowOop [64]=Oop [72]=NarrowOop }
                      ;*aaload {reexecute=0 rethrow=0 return_oop=0}
                      ; - java.lang.ThreadLocal$ThreadLocalMap::getEntry@18 (line 500)
                      ; - java.lang.ThreadLocal::get@12 (line 187)
                      ; - java.lang.ThreadLocal::get@4 (line 172)
                      ; - godot.common.util.ThreadLocalDelegate::getValue@10 (line 7)
                      ; - godot.internal.memory.TransferContext::getBuffer@9 (line 28)
                      ; - godot.internal.memory.TransferContext::writeArguments@7 (line 34)
                      ; - godot.api.Node2D::getRotation@7 (line 394)
                      ; - game.items.weapons.Weapon::updateVisuals@9 (line 235)
                      ; - game.items.weapons.Weapon::_process@47 (line 196)
                      ; - godot.entry.WeaponRegistrar$register$1$1$2::invoke@8 (line 41)
                      ; - godot.entry.WeaponRegistrar$register$1$1$2::invoke@12 (line 41)
  0x0000017d3c355d80: 7ce8 85ff 

  0x0000017d3c355d84: ;   {other}
  0x0000017d3c355d84: 0f1f 8400 | f41a 0021 | ba45 ffff | ff44 8954 | 2440 4c89 | 4424 4844 | 894c 2444 

  0x0000017d3c355da0: ;   {runtime_call UncommonTrapBlob}
  0x0000017d3c355da0: 6666 90e8 

  0x0000017d3c355da4: ; ImmutableOopMap {rbp=NarrowOop [32]=Oop [40]=Oop [64]=NarrowOop [72]=Oop }
                      ;*ifeq {reexecute=1 rethrow=0 return_oop=0}
                      ; - (reexecute) java.lang.ThreadLocal$ThreadLocalMap::getEntry@29 (line 501)
                      ; - java.lang.ThreadLocal::get@12 (line 187)
                      ; - java.lang.ThreadLocal::get@4 (line 172)
                      ; - godot.common.util.ThreadLocalDelegate::getValue@10 (line 7)
                      ; - godot.internal.memory.TransferContext::getBuffer@9 (line 28)
                      ; - godot.internal.memory.TransferContext::writeArguments@7 (line 34)
                      ; - godot.api.Node2D::getRotation@7 (line 394)
                      ; - game.items.weapons.Weapon::updateVisuals@9 (line 235)
                      ; - game.items.weapons.Weapon::_process@47 (line 196)
                      ; - godot.entry.WeaponRegistrar$register$1$1$2::invoke@8 (line 41)
                      ; - godot.entry.WeaponRegistrar$register$1$1$2::invoke@12 (line 41)
  0x0000017d3c355da4: 58e8 85ff 

  0x0000017d3c355da8: ;   {other}
  0x0000017d3c355da8: 0f1f 8400 | 181b 0022 | baec ffff | ff48 8b6c | 2420 4c89 | 5424 304c | 8954 2438 | 4c89 4c24 
  0x0000017d3c355dc8: 4044 895c 

  0x0000017d3c355dcc: ;   {runtime_call UncommonTrapBlob}
  0x0000017d3c355dcc: 2450 90e8 

  0x0000017d3c355dd0: ; ImmutableOopMap {rbp=Oop [48]=Oop [56]=Oop [80]=NarrowOop }
                      ;*ifnull {reexecute=1 rethrow=0 return_oop=0}
                      ; - (reexecute) java.nio.Buffer::session@4 (line 792)
                      ; - java.nio.DirectByteBuffer::putInt@7 (line 773)
                      ; - java.nio.DirectByteBuffer::putInt@11 (line 785)
                      ; - godot.internal.memory.TransferContext::writeArguments@21 (line 36)
                      ; - godot.api.Node2D::getRotation@7 (line 394)
                      ; - game.items.weapons.Weapon::updateVisuals@9 (line 235)
                      ; - game.items.weapons.Weapon::_process@47 (line 196)
                      ; - godot.entry.WeaponRegistrar$register$1$1$2::invoke@8 (line 41)
                      ; - godot.entry.WeaponRegistrar$register$1$1$2::invoke@12 (line 41)
  0x0000017d3c355dd0: 2ce8 85ff 

  0x0000017d3c355dd4: ;   {other}
  0x0000017d3c355dd4: 0f1f 8400 | 441b 0023 | bade ffff | ff48 8b6c | 2420 4489 

  0x0000017d3c355de8: ;   {runtime_call UncommonTrapBlob}
  0x0000017d3c355de8: 5424 20e8 

  0x0000017d3c355dec: ; ImmutableOopMap {rbp=Oop [32]=NarrowOop }
                      ;*invokevirtual get {reexecute=0 rethrow=0 return_oop=0}
                      ; - godot.common.util.ThreadLocalDelegate::getValue@10 (line 7)
                      ; - godot.internal.memory.TransferContext::getBuffer@9 (line 28)
                      ; - godot.internal.memory.TransferContext::readReturnValue@7 (line 73)
                      ; - godot.api.Node2D::getRotation@41 (line 396)
                      ; - game.items.weapons.Weapon::updateVisuals@9 (line 235)
                      ; - game.items.weapons.Weapon::_process@47 (line 196)
                      ; - godot.entry.WeaponRegistrar$register$1$1$2::invoke@8 (line 41)
                      ; - godot.entry.WeaponRegistrar$register$1$1$2::invoke@12 (line 41)
  0x0000017d3c355dec: 10e8 85ff 

  0x0000017d3c355df0: ;   {other}
  0x0000017d3c355df0: 0f1f 8400 | 601b 0024 | bae4 ffff | ff48 8b6c | 2420 4489 | 5c24 3048 | 894c 2438 | 4489 4424 
  0x0000017d3c355e10: 4089 5c24 

  0x0000017d3c355e14: ;   {runtime_call UncommonTrapBlob}
  0x0000017d3c355e14: 4466 90e8 

  0x0000017d3c355e18: ; ImmutableOopMap {rbp=Oop [40]=Oop [48]=NarrowOop [56]=Oop [64]=NarrowOop }
                      ;*aaload {reexecute=0 rethrow=0 return_oop=0}
                      ; - java.lang.ThreadLocal$ThreadLocalMap::getEntry@18 (line 500)
                      ; - java.lang.ThreadLocal::get@12 (line 187)
                      ; - java.lang.ThreadLocal::get@4 (line 172)
                      ; - godot.common.util.ThreadLocalDelegate::getValue@10 (line 7)
                      ; - godot.internal.memory.TransferContext::getBuffer@9 (line 28)
                      ; - godot.internal.memory.TransferContext::readReturnValue@7 (line 73)
                      ; - godot.api.Node2D::getRotation@41 (line 396)
                      ; - game.items.weapons.Weapon::updateVisuals@9 (line 235)
                      ; - game.items.weapons.Weapon::_process@47 (line 196)
                      ; - godot.entry.WeaponRegistrar$register$1$1$2::invoke@8 (line 41)
                      ; - godot.entry.WeaponRegistrar$register$1$1$2::invoke@12 (line 41)
  0x0000017d3c355e18: e4e7 85ff 

  0x0000017d3c355e1c: ;   {other}
  0x0000017d3c355e1c: 0f1f 8400 | 8c1b 0025 | ba45 ffff | ff4c 894c | 2430 4489 | 5c24 3848 | 894c 2440 | 895c 243c 
  0x0000017d3c355e3c: ;   {runtime_call UncommonTrapBlob}
  0x0000017d3c355e3c: 6666 90e8 

  0x0000017d3c355e40: ; ImmutableOopMap {rbp=NarrowOop [32]=Oop [48]=Oop [56]=NarrowOop [64]=Oop }
                      ;*ifeq {reexecute=1 rethrow=0 return_oop=0}
                      ; - (reexecute) java.lang.ThreadLocal$ThreadLocalMap::getEntry@29 (line 501)
                      ; - java.lang.ThreadLocal::get@12 (line 187)
                      ; - java.lang.ThreadLocal::get@4 (line 172)
                      ; - godot.common.util.ThreadLocalDelegate::getValue@10 (line 7)
                      ; - godot.internal.memory.TransferContext::getBuffer@9 (line 28)
                      ; - godot.internal.memory.TransferContext::readReturnValue@7 (line 73)
                      ; - godot.api.Node2D::getRotation@41 (line 396)
                      ; - game.items.weapons.Weapon::updateVisuals@9 (line 235)
                      ; - game.items.weapons.Weapon::_process@47 (line 196)
                      ; - godot.entry.WeaponRegistrar$register$1$1$2::invoke@8 (line 41)
                      ; - godot.entry.WeaponRegistrar$register$1$1$2::invoke@12 (line 41)
  0x0000017d3c355e40: bce7 85ff 

  0x0000017d3c355e44: ;   {other}
  0x0000017d3c355e44: 0f1f 8400 | b41b 0026 | baec ffff | ff48 8b6c | 2420 4c89 | 4424 284c | 8944 2430 | 4889 4c24 
  0x0000017d3c355e64: 3844 8954 

  0x0000017d3c355e68: ;   {runtime_call UncommonTrapBlob}
  0x0000017d3c355e68: 2448 90e8 

  0x0000017d3c355e6c: ; ImmutableOopMap {rbp=Oop [40]=Oop [48]=Oop [72]=NarrowOop }
                      ;*ifnull {reexecute=1 rethrow=0 return_oop=0}
                      ; - (reexecute) java.nio.Buffer::session@4 (line 792)
                      ; - java.nio.DirectByteBuffer::getInt@4 (line 744)
                      ; - java.nio.DirectByteBuffer::getInt@10 (line 753)
                      ; - godot.core.VariantKt::getVariantType@1 (line 104)
                      ; - godot.core.VariantKt::access$getVariantType@1 (line 1)
                      ; - godot.core.VariantParser::toKotlin@7 (line 477)
                      ; - godot.internal.memory.TransferContext::readReturnValue@20 (line 75)
                      ; - godot.api.Node2D::getRotation@41 (line 396)
                      ; - game.items.weapons.Weapon::updateVisuals@9 (line 235)
                      ; - game.items.weapons.Weapon::_process@47 (line 196)
                      ; - godot.entry.WeaponRegistrar$register$1$1$2::invoke@8 (line 41)
                      ; - godot.entry.WeaponRegistrar$register$1$1$2::invoke@12 (line 41)
  0x0000017d3c355e6c: 90e7 85ff 

  0x0000017d3c355e70: ;   {other}
  0x0000017d3c355e70: 0f1f 8400 | e01b 0027 | bade ffff | ff48 8beb | c5fb 1144 | 2420 4489 | 5424 2844 | 895c 242c 
  0x0000017d3c355e90: ;   {runtime_call UncommonTrapBlob}
  0x0000017d3c355e90: 6666 90e8 

  0x0000017d3c355e94: ; ImmutableOopMap {rbp=Oop [40]=NarrowOop [44]=NarrowOop }
                      ;*invokevirtual get {reexecute=0 rethrow=0 return_oop=0}
                      ; - godot.common.util.ThreadLocalDelegate::getValue@10 (line 7)
                      ; - godot.internal.memory.TransferContext::getBuffer@9 (line 28)
                      ; - godot.internal.memory.TransferContext::writeArguments@7 (line 34)
                      ; - godot.api.Node2D::getScale@7 (line 412)
                      ; - game.items.weapons.Weapon::updateVisuals@18 (line 238)
                      ; - game.items.weapons.Weapon::_process@47 (line 196)
                      ; - godot.entry.WeaponRegistrar$register$1$1$2::invoke@8 (line 41)
                      ; - godot.entry.WeaponRegistrar$register$1$1$2::invoke@12 (line 41)
  0x0000017d3c355e94: 68e7 85ff 

  0x0000017d3c355e98: ;   {other}
  0x0000017d3c355e98: 0f1f 8400 | 081c 0028 | bae4 ffff | ff48 8beb | c5fb 1144 | 2420 4489 | 4424 3089 | 4c24 344c 
  0x0000017d3c355eb8: 894c 2440 | 897c 244c | 4489 5424 

  0x0000017d3c355ec4: ;   {runtime_call UncommonTrapBlob}
  0x0000017d3c355ec4: 5066 90e8 

  0x0000017d3c355ec8: ; ImmutableOopMap {rbp=Oop [40]=Oop [48]=NarrowOop [52]=NarrowOop [64]=Oop [76]=NarrowOop }
                      ;*aaload {reexecute=0 rethrow=0 return_oop=0}
                      ; - java.lang.ThreadLocal$ThreadLocalMap::getEntry@18 (line 500)
                      ; - java.lang.ThreadLocal::get@12 (line 187)
                      ; - java.lang.ThreadLocal::get@4 (line 172)
                      ; - godot.common.util.ThreadLocalDelegate::getValue@10 (line 7)
                      ; - godot.internal.memory.TransferContext::getBuffer@9 (line 28)
                      ; - godot.internal.memory.TransferContext::writeArguments@7 (line 34)
                      ; - godot.api.Node2D::getScale@7 (line 412)
                      ; - game.items.weapons.Weapon::updateVisuals@18 (line 238)
                      ; - game.items.weapons.Weapon::_process@47 (line 196)
                      ; - godot.entry.WeaponRegistrar$register$1$1$2::invoke@8 (line 41)
                      ; - godot.entry.WeaponRegistrar$register$1$1$2::invoke@12 (line 41)
  0x0000017d3c355ec8: 34e7 85ff 

  0x0000017d3c355ecc: ;   {other}
  0x0000017d3c355ecc: 0f1f 8400 | 3c1c 0029 | 33ff 493b | d140 0f94 | c7ba 45ff | ffff 488b | 6c24 20c5 | fb11 4424 
  0x0000017d3c355eec: 2044 8944 | 2430 894c | 2434 4c89 | 4c24 4044 | 8954 2448 | 4489 5c24 | 4c89 7c24 

  0x0000017d3c355f08: ;   {runtime_call UncommonTrapBlob}
  0x0000017d3c355f08: 5066 90e8 

  0x0000017d3c355f0c: ; ImmutableOopMap {rbp=Oop [40]=Oop [48]=NarrowOop [52]=NarrowOop [64]=Oop [76]=NarrowOop }
                      ;*ifeq {reexecute=1 rethrow=0 return_oop=0}
                      ; - (reexecute) java.lang.ThreadLocal$ThreadLocalMap::getEntry@29 (line 501)
                      ; - java.lang.ThreadLocal::get@12 (line 187)
                      ; - java.lang.ThreadLocal::get@4 (line 172)
                      ; - godot.common.util.ThreadLocalDelegate::getValue@10 (line 7)
                      ; - godot.internal.memory.TransferContext::getBuffer@9 (line 28)
                      ; - godot.internal.memory.TransferContext::writeArguments@7 (line 34)
                      ; - godot.api.Node2D::getScale@7 (line 412)
                      ; - game.items.weapons.Weapon::updateVisuals@18 (line 238)
                      ; - game.items.weapons.Weapon::_process@47 (line 196)
                      ; - godot.entry.WeaponRegistrar$register$1$1$2::invoke@8 (line 41)
                      ; - godot.entry.WeaponRegistrar$register$1$1$2::invoke@12 (line 41)
  0x0000017d3c355f0c: f0e6 85ff 

  0x0000017d3c355f10: ;   {other}
  0x0000017d3c355f10: 0f1f 8400 | 801c 002a | baec ffff | ff48 8b6c | 2420 c5fb | 1144 2420 | 4489 4424 | 2848 894c 
  0x0000017d3c355f30: 2438 4889 | 4c24 404c | 894c 2448 | 4489 5424 

  0x0000017d3c355f40: ;   {runtime_call UncommonTrapBlob}
  0x0000017d3c355f40: 2c66 90e8 

  0x0000017d3c355f44: ; ImmutableOopMap {rbp=Oop [40]=NarrowOop [44]=NarrowOop [56]=Oop [64]=Oop }
                      ;*ifnull {reexecute=1 rethrow=0 return_oop=0}
                      ; - (reexecute) java.nio.Buffer::session@4 (line 792)
                      ; - java.nio.DirectByteBuffer::putInt@7 (line 773)
                      ; - java.nio.DirectByteBuffer::putInt@11 (line 785)
                      ; - godot.internal.memory.TransferContext::writeArguments@21 (line 36)
                      ; - godot.api.Node2D::getScale@7 (line 412)
                      ; - game.items.weapons.Weapon::updateVisuals@18 (line 238)
                      ; - game.items.weapons.Weapon::_process@47 (line 196)
                      ; - godot.entry.WeaponRegistrar$register$1$1$2::invoke@8 (line 41)
                      ; - godot.entry.WeaponRegistrar$register$1$1$2::invoke@12 (line 41)
  0x0000017d3c355f44: b8e6 85ff 

  0x0000017d3c355f48: ;   {other}
  0x0000017d3c355f48: 0f1f 8400 | b81c 002b | bade ffff | ff48 8b6c | 2420 894c 

  0x0000017d3c355f5c: ;   {runtime_call UncommonTrapBlob}
  0x0000017d3c355f5c: 2428 90e8 

  0x0000017d3c355f60: ; ImmutableOopMap {rbp=Oop [40]=NarrowOop }
                      ;*invokevirtual get {reexecute=0 rethrow=0 return_oop=0}
                      ; - godot.common.util.ThreadLocalDelegate::getValue@10 (line 7)
                      ; - godot.internal.memory.TransferContext::getBuffer@9 (line 28)
                      ; - godot.internal.memory.TransferContext::readReturnValue@7 (line 73)
                      ; - godot.api.Node2D::getScale@41 (line 414)
                      ; - game.items.weapons.Weapon::updateVisuals@18 (line 238)
                      ; - game.items.weapons.Weapon::_process@47 (line 196)
                      ; - godot.entry.WeaponRegistrar$register$1$1$2::invoke@8 (line 41)
                      ; - godot.entry.WeaponRegistrar$register$1$1$2::invoke@12 (line 41)
  0x0000017d3c355f60: 9ce6 85ff 

  0x0000017d3c355f64: ;   {other}
  0x0000017d3c355f64: 0f1f 8400 | d41c 002c | bae4 ffff | ff48 8b6c | 2420 c5fb | 1044 2430 | c5fb 1144 | 2420 4c89 
  0x0000017d3c355f84: 4c24 3044 | 8944 2438 | 4889 4c24 | 4044 895c | 2448 895c 

  0x0000017d3c355f98: ;   {runtime_call UncommonTrapBlob}
  0x0000017d3c355f98: 244c 90e8 

  0x0000017d3c355f9c: ; ImmutableOopMap {rbp=Oop [48]=Oop [56]=NarrowOop [64]=Oop [72]=NarrowOop }
                      ;*aaload {reexecute=0 rethrow=0 return_oop=0}
                      ; - java.lang.ThreadLocal$ThreadLocalMap::getEntry@18 (line 500)
                      ; - java.lang.ThreadLocal::get@12 (line 187)
                      ; - java.lang.ThreadLocal::get@4 (line 172)
                      ; - godot.common.util.ThreadLocalDelegate::getValue@10 (line 7)
                      ; - godot.internal.memory.TransferContext::getBuffer@9 (line 28)
                      ; - godot.internal.memory.TransferContext::readReturnValue@7 (line 73)
                      ; - godot.api.Node2D::getScale@41 (line 414)
                      ; - game.items.weapons.Weapon::updateVisuals@18 (line 238)
                      ; - game.items.weapons.Weapon::_process@47 (line 196)
                      ; - godot.entry.WeaponRegistrar$register$1$1$2::invoke@8 (line 41)
                      ; - godot.entry.WeaponRegistrar$register$1$1$2::invoke@12 (line 41)
  0x0000017d3c355f9c: 60e6 85ff 

  0x0000017d3c355fa0: ;   {other}
  0x0000017d3c355fa0: 0f1f 8400 | 101d 002d | ba45 ffff | ffc5 fb10 | 4424 30c5 | fb11 4424 | 284c 894c | 2438 4489 
  0x0000017d3c355fc0: 4424 4048 | 894c 2448 | 895c 2444 

  0x0000017d3c355fcc: ;   {runtime_call UncommonTrapBlob}
  0x0000017d3c355fcc: 6666 90e8 

  0x0000017d3c355fd0: ; ImmutableOopMap {rbp=NarrowOop [32]=Oop [56]=Oop [64]=NarrowOop [72]=Oop }
                      ;*ifeq {reexecute=1 rethrow=0 return_oop=0}
                      ; - (reexecute) java.lang.ThreadLocal$ThreadLocalMap::getEntry@29 (line 501)
                      ; - java.lang.ThreadLocal::get@12 (line 187)
                      ; - java.lang.ThreadLocal::get@4 (line 172)
                      ; - godot.common.util.ThreadLocalDelegate::getValue@10 (line 7)
                      ; - godot.internal.memory.TransferContext::getBuffer@9 (line 28)
                      ; - godot.internal.memory.TransferContext::readReturnValue@7 (line 73)
                      ; - godot.api.Node2D::getScale@41 (line 414)
                      ; - game.items.weapons.Weapon::updateVisuals@18 (line 238)
                      ; - game.items.weapons.Weapon::_process@47 (line 196)
                      ; - godot.entry.WeaponRegistrar$register$1$1$2::invoke@8 (line 41)
                      ; - godot.entry.WeaponRegistrar$register$1$1$2::invoke@12 (line 41)
  0x0000017d3c355fd0: 2ce6 85ff 

  0x0000017d3c355fd4: ;   {other}
  0x0000017d3c355fd4: 0f1f 8400 | 441d 002e | baec ffff | ff48 8b6c | 2420 c5fb | 1044 2430 | c5fb 1144 | 2420 4c89 
  0x0000017d3c355ff4: 5c24 304c | 895c 2438 | 4889 4c24 | 4044 8954 

  0x0000017d3c356004: ;   {runtime_call UncommonTrapBlob}
  0x0000017d3c356004: 2450 90e8 

  0x0000017d3c356008: ; ImmutableOopMap {rbp=Oop [48]=Oop [56]=Oop [80]=NarrowOop }
                      ;*ifnull {reexecute=1 rethrow=0 return_oop=0}
                      ; - (reexecute) java.nio.Buffer::session@4 (line 792)
                      ; - java.nio.DirectByteBuffer::getInt@4 (line 744)
                      ; - java.nio.DirectByteBuffer::getInt@10 (line 753)
                      ; - godot.core.VariantKt::getVariantType@1 (line 104)
                      ; - godot.core.VariantKt::access$getVariantType@1 (line 1)
                      ; - godot.core.VariantParser::toKotlin@7 (line 477)
                      ; - godot.internal.memory.TransferContext::readReturnValue@20 (line 75)
                      ; - godot.api.Node2D::getScale@41 (line 414)
                      ; - game.items.weapons.Weapon::updateVisuals@18 (line 238)
                      ; - game.items.weapons.Weapon::_process@47 (line 196)
                      ; - godot.entry.WeaponRegistrar$register$1$1$2::invoke@8 (line 41)
                      ; - godot.entry.WeaponRegistrar$register$1$1$2::invoke@12 (line 41)
  0x0000017d3c356008: f4e5 85ff 

  0x0000017d3c35600c: ;   {other}
  0x0000017d3c35600c: 0f1f 8400 | 7c1d 002f | baf6 ffff 

  0x0000017d3c356018: ;   {runtime_call UncommonTrapBlob}
  0x0000017d3c356018: ff66 90e8 

  0x0000017d3c35601c: ; ImmutableOopMap {}
                      ;*invokevirtual getScale {reexecute=0 rethrow=0 return_oop=0}
                      ; - game.entity.Player::isFacingRight@4 (line 261)
                      ; - game.items.weapons.Weapon::getIdleRotation@9 (line 139)
                      ; - game.items.weapons.Weapon::getRotationToTarget@20 (line 156)
                      ; - game.items.weapons.Weapon::rotateToTarget@21 (line 177)
                      ; - game.items.weapons.Weapon::_process@32 (line 192)
                      ; - godot.entry.WeaponRegistrar$register$1$1$2::invoke@8 (line 41)
                      ; - godot.entry.WeaponRegistrar$register$1$1$2::invoke@12 (line 41)
  0x0000017d3c35601c: e0e5 85ff 

  0x0000017d3c356020: ;   {other}
  0x0000017d3c356020: 0f1f 8400 | 901d 0030 | bade ffff | ff4c 8954 

  0x0000017d3c356030: ;   {runtime_call UncommonTrapBlob}
  0x0000017d3c356030: 2420 90e8 

  0x0000017d3c356034: ; ImmutableOopMap {rbp=NarrowOop [32]=Oop }
                      ;*invokeinterface isEmpty {reexecute=0 rethrow=0 return_oop=0}
                      ; - game.items.weapons.Weapon::_process@11 (line 187)
                      ; - godot.entry.WeaponRegistrar$register$1$1$2::invoke@8 (line 41)
                      ; - godot.entry.WeaponRegistrar$register$1$1$2::invoke@12 (line 41)
  0x0000017d3c356034: c8e5 85ff 

  0x0000017d3c356038: ;   {other}
  0x0000017d3c356038: 0f1f 8400 | a81d 0031 | bade ffff | ff4c 8954 | 2428 4c89 

  0x0000017d3c35604c: ;   {runtime_call UncommonTrapBlob}
  0x0000017d3c35604c: 5424 30e8 

  0x0000017d3c356050: ; ImmutableOopMap {rbp=NarrowOop [40]=Oop [48]=Oop }
                      ;*invokeinterface isEmpty {reexecute=0 rethrow=0 return_oop=0}
                      ; - game.items.weapons.Weapon::getRotationToTarget@4 (line 155)
                      ; - game.items.weapons.Weapon::rotateToTarget@21 (line 177)
                      ; - game.items.weapons.Weapon::_process@32 (line 192)
                      ; - godot.entry.WeaponRegistrar$register$1$1$2::invoke@8 (line 41)
                      ; - godot.entry.WeaponRegistrar$register$1$1$2::invoke@12 (line 41)
  0x0000017d3c356050: ace5 85ff 

  0x0000017d3c356054: ;   {other}
  0x0000017d3c356054: 0f1f 8400 | c41d 0032 | bade ffff | ff44 894c | 2428 4889 

  0x0000017d3c356068: ;   {runtime_call UncommonTrapBlob}
  0x0000017d3c356068: 4424 30e8 

  0x0000017d3c35606c: ; ImmutableOopMap {[32]=Oop [40]=NarrowOop [48]=Oop }
                      ;*invokevirtual get {reexecute=0 rethrow=0 return_oop=0}
                      ; - godot.common.util.ThreadLocalDelegate::getValue@10 (line 7)
                      ; - godot.internal.memory.TransferContext::getBuffer@9 (line 28)
                      ; - godot.internal.memory.TransferContext::writeArguments@7 (line 34)
                      ; - godot.api.Node2D::setRotation@23 (line 368)
                      ; - game.items.weapons.Weapon::rotateToTarget@25 (line 177)
                      ; - game.items.weapons.Weapon::_process@32 (line 192)
                      ; - godot.entry.WeaponRegistrar$register$1$1$2::invoke@8 (line 41)
                      ; - godot.entry.WeaponRegistrar$register$1$1$2::invoke@12 (line 41)
  0x0000017d3c35606c: 90e5 85ff 

  0x0000017d3c356070: ;   {other}
  0x0000017d3c356070: 0f1f 8400 | e01d 0033 | bae4 ffff | ff44 8944 | 2440 4c89 | 4c24 4844 | 895c 2450 | 894c 2454 
  0x0000017d3c356090: ;   {runtime_call UncommonTrapBlob}
  0x0000017d3c356090: 6666 90e8 

  0x0000017d3c356094: ; ImmutableOopMap {[32]=Oop [40]=Oop [48]=Oop [64]=NarrowOop [72]=Oop [80]=NarrowOop }
                      ;*aaload {reexecute=0 rethrow=0 return_oop=0}
                      ; - java.lang.ThreadLocal$ThreadLocalMap::getEntry@18 (line 500)
                      ; - java.lang.ThreadLocal::get@12 (line 187)
                      ; - java.lang.ThreadLocal::get@4 (line 172)
                      ; - godot.common.util.ThreadLocalDelegate::getValue@10 (line 7)
                      ; - godot.internal.memory.TransferContext::getBuffer@9 (line 28)
                      ; - godot.internal.memory.TransferContext::writeArguments@7 (line 34)
                      ; - godot.api.Node2D::setRotation@23 (line 368)
                      ; - game.items.weapons.Weapon::rotateToTarget@25 (line 177)
                      ; - game.items.weapons.Weapon::_process@32 (line 192)
                      ; - godot.entry.WeaponRegistrar$register$1$1$2::invoke@8 (line 41)
                      ; - godot.entry.WeaponRegistrar$register$1$1$2::invoke@12 (line 41)
  0x0000017d3c356094: 68e5 85ff 

  0x0000017d3c356098: ;   {other}
  0x0000017d3c356098: 0f1f 8400 | 081e 0034 | ba45 ffff | ff44 8944 | 2448 4c89 | 4c24 5089 

  0x0000017d3c3560b0: ;   {runtime_call UncommonTrapBlob}
  0x0000017d3c3560b0: 4c24 4ce8 

  0x0000017d3c3560b4: ; ImmutableOopMap {rbp=NarrowOop [32]=Oop [40]=Oop [48]=Oop [72]=NarrowOop [80]=Oop }
                      ;*ifeq {reexecute=1 rethrow=0 return_oop=0}
                      ; - (reexecute) java.lang.ThreadLocal$ThreadLocalMap::getEntry@29 (line 501)
                      ; - java.lang.ThreadLocal::get@12 (line 187)
                      ; - java.lang.ThreadLocal::get@4 (line 172)
                      ; - godot.common.util.ThreadLocalDelegate::getValue@10 (line 7)
                      ; - godot.internal.memory.TransferContext::getBuffer@9 (line 28)
                      ; - godot.internal.memory.TransferContext::writeArguments@7 (line 34)
                      ; - godot.api.Node2D::setRotation@23 (line 368)
                      ; - game.items.weapons.Weapon::rotateToTarget@25 (line 177)
                      ; - game.items.weapons.Weapon::_process@32 (line 192)
                      ; - godot.entry.WeaponRegistrar$register$1$1$2::invoke@8 (line 41)
                      ; - godot.entry.WeaponRegistrar$register$1$1$2::invoke@12 (line 41)
  0x0000017d3c3560b4: 48e5 85ff 

  0x0000017d3c3560b8: ;   {other}
  0x0000017d3c3560b8: 0f1f 8400 | 281e 0035 | baec ffff | ff4c 8944 | 2438 4c89 | 4424 404c | 895c 2448 | 4489 5424 
  0x0000017d3c3560d8: ;   {runtime_call UncommonTrapBlob}
  0x0000017d3c3560d8: 5866 90e8 

  0x0000017d3c3560dc: ; ImmutableOopMap {[32]=Oop [48]=Oop [56]=Oop [64]=Oop [88]=NarrowOop }
                      ;*ifnull {reexecute=1 rethrow=0 return_oop=0}
                      ; - (reexecute) java.nio.Buffer::session@4 (line 792)
                      ; - java.nio.DirectByteBuffer::putInt@7 (line 773)
                      ; - java.nio.DirectByteBuffer::putInt@11 (line 785)
                      ; - godot.internal.memory.TransferContext::writeArguments@21 (line 36)
                      ; - godot.api.Node2D::setRotation@23 (line 368)
                      ; - game.items.weapons.Weapon::rotateToTarget@25 (line 177)
                      ; - game.items.weapons.Weapon::_process@32 (line 192)
                      ; - godot.entry.WeaponRegistrar$register$1$1$2::invoke@8 (line 41)
                      ; - godot.entry.WeaponRegistrar$register$1$1$2::invoke@12 (line 41)
  0x0000017d3c3560dc: 20e5 85ff 

  0x0000017d3c3560e0: ;   {other}
  0x0000017d3c3560e0: 0f1f 8400 | 501e 0036 | bade ffff | ff4c 8954 | 2420 4489 | 5c24 2889 

  0x0000017d3c3560f8: ;   {runtime_call UncommonTrapBlob}
  0x0000017d3c3560f8: 4c24 2ce8 

  0x0000017d3c3560fc: ; ImmutableOopMap {[32]=Oop [40]=NarrowOop [44]=NarrowOop }
                      ;*invokevirtual get {reexecute=0 rethrow=0 return_oop=0}
                      ; - godot.common.util.ThreadLocalDelegate::getValue@10 (line 7)
                      ; - godot.internal.memory.TransferContext::getBuffer@9 (line 28)
                      ; - godot.internal.memory.TransferContext::writeArguments@7 (line 34)
                      ; - godot.api.Node2D::getScale@7 (line 412)
                      ; - game.entity.Player::isFacingRight@4 (line 261)
                      ; - game.items.weapons.Weapon::getIdleRotation@9 (line 139)
                      ; - game.items.weapons.Weapon::getRotationToTarget@20 (line 156)
                      ; - game.items.weapons.Weapon::rotateToTarget@21 (line 177)
                      ; - game.items.weapons.Weapon::_process@32 (line 192)
                      ; - godot.entry.WeaponRegistrar$register$1$1$2::invoke@8 (line 41)
                      ; - godot.entry.WeaponRegistrar$register$1$1$2::invoke@12 (line 41)
  0x0000017d3c3560fc: 00e5 85ff 

  0x0000017d3c356100: ;   {other}
  0x0000017d3c356100: 0f1f 8400 | 701e 0037 | bae4 ffff | ff49 8bea | 4489 4424 | 3044 894c | 2434 4889 | 4c24 4089 
  0x0000017d3c356120: 5c24 4c89 

  0x0000017d3c356124: ;   {runtime_call UncommonTrapBlob}
  0x0000017d3c356124: 7c24 50e8 

  0x0000017d3c356128: ; ImmutableOopMap {rbp=Oop [40]=Oop [48]=NarrowOop [52]=NarrowOop [64]=Oop [76]=NarrowOop }
                      ;*aaload {reexecute=0 rethrow=0 return_oop=0}
                      ; - java.lang.ThreadLocal$ThreadLocalMap::getEntry@18 (line 500)
                      ; - java.lang.ThreadLocal::get@12 (line 187)
                      ; - java.lang.ThreadLocal::get@4 (line 172)
                      ; - godot.common.util.ThreadLocalDelegate::getValue@10 (line 7)
                      ; - godot.internal.memory.TransferContext::getBuffer@9 (line 28)
                      ; - godot.internal.memory.TransferContext::writeArguments@7 (line 34)
                      ; - godot.api.Node2D::getScale@7 (line 412)
                      ; - game.entity.Player::isFacingRight@4 (line 261)
                      ; - game.items.weapons.Weapon::getIdleRotation@9 (line 139)
                      ; - game.items.weapons.Weapon::getRotationToTarget@20 (line 156)
                      ; - game.items.weapons.Weapon::rotateToTarget@21 (line 177)
                      ; - game.items.weapons.Weapon::_process@32 (line 192)
                      ; - godot.entry.WeaponRegistrar$register$1$1$2::invoke@8 (line 41)
                      ; - godot.entry.WeaponRegistrar$register$1$1$2::invoke@12 (line 41)
  0x0000017d3c356128: d4e4 85ff 

  0x0000017d3c35612c: ;   {other}
  0x0000017d3c35612c: 0f1f 8400 | 9c1e 0038 | 4533 db48 | 3bd9 410f | 94c3 ba45 | ffff ff48 | 8b6c 2420 | 4489 4424 
  0x0000017d3c35614c: 3044 894c | 2434 4889 | 4c24 4089 | 7c24 4844 | 8954 244c | 4489 5c24 

  0x0000017d3c356164: ;   {runtime_call UncommonTrapBlob}
  0x0000017d3c356164: 5066 90e8 

  0x0000017d3c356168: ; ImmutableOopMap {rbp=Oop [40]=Oop [48]=NarrowOop [52]=NarrowOop [64]=Oop [76]=NarrowOop }
                      ;*ifeq {reexecute=1 rethrow=0 return_oop=0}
                      ; - (reexecute) java.lang.ThreadLocal$ThreadLocalMap::getEntry@29 (line 501)
                      ; - java.lang.ThreadLocal::get@12 (line 187)
                      ; - java.lang.ThreadLocal::get@4 (line 172)
                      ; - godot.common.util.ThreadLocalDelegate::getValue@10 (line 7)
                      ; - godot.internal.memory.TransferContext::getBuffer@9 (line 28)
                      ; - godot.internal.memory.TransferContext::writeArguments@7 (line 34)
                      ; - godot.api.Node2D::getScale@7 (line 412)
                      ; - game.entity.Player::isFacingRight@4 (line 261)
                      ; - game.items.weapons.Weapon::getIdleRotation@9 (line 139)
                      ; - game.items.weapons.Weapon::getRotationToTarget@20 (line 156)
                      ; - game.items.weapons.Weapon::rotateToTarget@21 (line 177)
                      ; - game.items.weapons.Weapon::_process@32 (line 192)
                      ; - godot.entry.WeaponRegistrar$register$1$1$2::invoke@8 (line 41)
                      ; - godot.entry.WeaponRegistrar$register$1$1$2::invoke@12 (line 41)
  0x0000017d3c356168: 94e4 85ff 

  0x0000017d3c35616c: ;   {other}
  0x0000017d3c35616c: 0f1f 8400 | dc1e 0039 | baec ffff | ff48 8b6c | 2420 4489 | 4424 284c | 895c 2438 | 4c89 5c24 
  0x0000017d3c35618c: 404c 894c | 2448 4489 

  0x0000017d3c356194: ;   {runtime_call UncommonTrapBlob}
  0x0000017d3c356194: 5424 2ce8 

  0x0000017d3c356198: ; ImmutableOopMap {rbp=Oop [40]=NarrowOop [44]=NarrowOop [56]=Oop [64]=Oop }
                      ;*ifnull {reexecute=1 rethrow=0 return_oop=0}
                      ; - (reexecute) java.nio.Buffer::session@4 (line 792)
                      ; - java.nio.DirectByteBuffer::putInt@7 (line 773)
                      ; - java.nio.DirectByteBuffer::putInt@11 (line 785)
                      ; - godot.internal.memory.TransferContext::writeArguments@21 (line 36)
                      ; - godot.api.Node2D::getScale@7 (line 412)
                      ; - game.entity.Player::isFacingRight@4 (line 261)
                      ; - game.items.weapons.Weapon::getIdleRotation@9 (line 139)
                      ; - game.items.weapons.Weapon::getRotationToTarget@20 (line 156)
                      ; - game.items.weapons.Weapon::rotateToTarget@21 (line 177)
                      ; - game.items.weapons.Weapon::_process@32 (line 192)
                      ; - godot.entry.WeaponRegistrar$register$1$1$2::invoke@8 (line 41)
                      ; - godot.entry.WeaponRegistrar$register$1$1$2::invoke@12 (line 41)
  0x0000017d3c356198: 64e4 85ff 

  0x0000017d3c35619c: ;   {other}
  0x0000017d3c35619c: 0f1f 8400 | 0c1f 003a | bade ffff | ff48 8b6c | 2420 4489 

  0x0000017d3c3561b0: ;   {runtime_call UncommonTrapBlob}
  0x0000017d3c3561b0: 5c24 28e8 

  0x0000017d3c3561b4: ; ImmutableOopMap {rbp=Oop [40]=NarrowOop }
                      ;*invokevirtual get {reexecute=0 rethrow=0 return_oop=0}
                      ; - godot.common.util.ThreadLocalDelegate::getValue@10 (line 7)
                      ; - godot.internal.memory.TransferContext::getBuffer@9 (line 28)
                      ; - godot.internal.memory.TransferContext::readReturnValue@7 (line 73)
                      ; - godot.api.Node2D::getScale@41 (line 414)
                      ; - game.entity.Player::isFacingRight@4 (line 261)
                      ; - game.items.weapons.Weapon::getIdleRotation@9 (line 139)
                      ; - game.items.weapons.Weapon::getRotationToTarget@20 (line 156)
                      ; - game.items.weapons.Weapon::rotateToTarget@21 (line 177)
                      ; - game.items.weapons.Weapon::_process@32 (line 192)
                      ; - godot.entry.WeaponRegistrar$register$1$1$2::invoke@8 (line 41)
                      ; - godot.entry.WeaponRegistrar$register$1$1$2::invoke@12 (line 41)
  0x0000017d3c3561b4: 48e4 85ff 

  0x0000017d3c3561b8: ;   {other}
  0x0000017d3c3561b8: 0f1f 8400 | 281f 003b | bae4 ffff | ff48 8b6c | 2420 4489 | 4424 3848 | 894c 2440 | 4489 5c24 
  0x0000017d3c3561d8: 4844 894c 

  0x0000017d3c3561dc: ;   {runtime_call UncommonTrapBlob}
  0x0000017d3c3561dc: 244c 90e8 

  0x0000017d3c3561e0: ; ImmutableOopMap {rbp=Oop [40]=Oop [56]=NarrowOop [64]=Oop [72]=NarrowOop }
                      ;*aaload {reexecute=0 rethrow=0 return_oop=0}
                      ; - java.lang.ThreadLocal$ThreadLocalMap::getEntry@18 (line 500)
                      ; - java.lang.ThreadLocal::get@12 (line 187)
                      ; - java.lang.ThreadLocal::get@4 (line 172)
                      ; - godot.common.util.ThreadLocalDelegate::getValue@10 (line 7)
                      ; - godot.internal.memory.TransferContext::getBuffer@9 (line 28)
                      ; - godot.internal.memory.TransferContext::readReturnValue@7 (line 73)
                      ; - godot.api.Node2D::getScale@41 (line 414)
                      ; - game.entity.Player::isFacingRight@4 (line 261)
                      ; - game.items.weapons.Weapon::getIdleRotation@9 (line 139)
                      ; - game.items.weapons.Weapon::getRotationToTarget@20 (line 156)
                      ; - game.items.weapons.Weapon::rotateToTarget@21 (line 177)
                      ; - game.items.weapons.Weapon::_process@32 (line 192)
                      ; - godot.entry.WeaponRegistrar$register$1$1$2::invoke@8 (line 41)
                      ; - godot.entry.WeaponRegistrar$register$1$1$2::invoke@12 (line 41)
  0x0000017d3c3561e0: 1ce4 85ff 

  0x0000017d3c3561e4: ;   {other}
  0x0000017d3c3561e4: 0f1f 8400 | 541f 003c | 488b d933 | c94c 3bdb | 0f94 c1ba | 45ff ffff | 488b 6c24 | 2044 8944 
  0x0000017d3c356204: 2438 4889 | 5c24 4044 | 894c 243c | 4489 5424 | 4889 4c24 

  0x0000017d3c356218: ;   {runtime_call UncommonTrapBlob}
  0x0000017d3c356218: 4c66 90e8 

  0x0000017d3c35621c: ; ImmutableOopMap {rbp=Oop [40]=Oop [56]=NarrowOop [64]=Oop [72]=NarrowOop }
                      ;*ifeq {reexecute=1 rethrow=0 return_oop=0}
                      ; - (reexecute) java.lang.ThreadLocal$ThreadLocalMap::getEntry@29 (line 501)
                      ; - java.lang.ThreadLocal::get@12 (line 187)
                      ; - java.lang.ThreadLocal::get@4 (line 172)
                      ; - godot.common.util.ThreadLocalDelegate::getValue@10 (line 7)
                      ; - godot.internal.memory.TransferContext::getBuffer@9 (line 28)
                      ; - godot.internal.memory.TransferContext::readReturnValue@7 (line 73)
                      ; - godot.api.Node2D::getScale@41 (line 414)
                      ; - game.entity.Player::isFacingRight@4 (line 261)
                      ; - game.items.weapons.Weapon::getIdleRotation@9 (line 139)
                      ; - game.items.weapons.Weapon::getRotationToTarget@20 (line 156)
                      ; - game.items.weapons.Weapon::rotateToTarget@21 (line 177)
                      ; - game.items.weapons.Weapon::_process@32 (line 192)
                      ; - godot.entry.WeaponRegistrar$register$1$1$2::invoke@8 (line 41)
                      ; - godot.entry.WeaponRegistrar$register$1$1$2::invoke@12 (line 41)
  0x0000017d3c35621c: e0e3 85ff 

  0x0000017d3c356220: ;   {other}
  0x0000017d3c356220: 0f1f 8400 | 901f 003d | baec ffff | ff4c 8954 | 2438 4c89 | 5424 4044 | 895c 2450 

  0x0000017d3c35623c: ;   {runtime_call UncommonTrapBlob}
  0x0000017d3c35623c: 6666 90e8 

  0x0000017d3c356240: ; ImmutableOopMap {[32]=Oop [56]=Oop [64]=Oop [80]=NarrowOop }
                      ;*ifnull {reexecute=1 rethrow=0 return_oop=0}
                      ; - (reexecute) java.nio.Buffer::session@4 (line 792)
                      ; - java.nio.DirectByteBuffer::getInt@4 (line 744)
                      ; - java.nio.DirectByteBuffer::getInt@10 (line 753)
                      ; - godot.core.VariantKt::getVariantType@1 (line 104)
                      ; - godot.core.VariantKt::access$getVariantType@1 (line 1)
                      ; - godot.core.VariantParser::toKotlin@7 (line 477)
                      ; - godot.internal.memory.TransferContext::readReturnValue@20 (line 75)
                      ; - godot.api.Node2D::getScale@41 (line 414)
                      ; - game.entity.Player::isFacingRight@4 (line 261)
                      ; - game.items.weapons.Weapon::getIdleRotation@9 (line 139)
                      ; - game.items.weapons.Weapon::getRotationToTarget@20 (line 156)
                      ; - game.items.weapons.Weapon::rotateToTarget@21 (line 177)
                      ; - game.items.weapons.Weapon::_process@32 (line 192)
                      ; - godot.entry.WeaponRegistrar$register$1$1$2::invoke@8 (line 41)
                      ; - godot.entry.WeaponRegistrar$register$1$1$2::invoke@12 (line 41)
  0x0000017d3c356240: bce3 85ff 

  0x0000017d3c356244: ;   {other}
  0x0000017d3c356244: 0f1f 8400 | b41f 003e | baec ffff | ff4c 894c 

  0x0000017d3c356254: ;   {runtime_call UncommonTrapBlob}
  0x0000017d3c356254: 2448 90e8 

  0x0000017d3c356258: ; ImmutableOopMap {rbp=NarrowOop [32]=Oop [48]=Oop }
                      ;*ifnull {reexecute=1 rethrow=0 return_oop=0}
                      ; - (reexecute) java.nio.Buffer::session@4 (line 792)
                      ; - java.nio.DirectByteBuffer::getFloat@4 (line 944)
                      ; - java.nio.DirectByteBuffer::getFloat@10 (line 953)
                      ; - godot.core.VariantKt::getVector2@5 (line 19)
                      ; - godot.core.VariantKt::access$getVector2@1 (line 1)
                      ; - godot.core.VariantParser$VECTOR2::toUnsafeKotlin@7 (line 176)
                      ; - godot.core.VariantParser$VECTOR2::toUnsafeKotlin@2 (line 175)
                      ; - godot.core.VariantParser::toKotlin@21 (line 479)
                      ; - godot.internal.memory.TransferContext::readReturnValue@20 (line 75)
                      ; - godot.api.Node2D::getScale@41 (line 414)
                      ; - game.entity.Player::isFacingRight@4 (line 261)
                      ; - game.items.weapons.Weapon::getIdleRotation@9 (line 139)
                      ; - game.items.weapons.Weapon::getRotationToTarget@20 (line 156)
                      ; - game.items.weapons.Weapon::rotateToTarget@21 (line 177)
                      ; - game.items.weapons.Weapon::_process@32 (line 192)
                      ; - godot.entry.WeaponRegistrar$register$1$1$2::invoke@8 (line 41)
                      ; - godot.entry.WeaponRegistrar$register$1$1$2::invoke@12 (line 41)
  0x0000017d3c356258: a4e3 85ff 

  0x0000017d3c35625c: ;   {other}
  0x0000017d3c35625c: 0f1f 8400 | cc1f 003f | baec ffff | ffc5 fb11 | 4424 384c | 894c 2448 

  0x0000017d3c356274: ;   {runtime_call UncommonTrapBlob}
  0x0000017d3c356274: 6666 90e8 

  0x0000017d3c356278: ; ImmutableOopMap {rbp=NarrowOop [32]=Oop [48]=Oop }
                      ;*ifnull {reexecute=1 rethrow=0 return_oop=0}
                      ; - (reexecute) java.nio.Buffer::session@4 (line 792)
                      ; - java.nio.DirectByteBuffer::getFloat@4 (line 944)
                      ; - java.nio.DirectByteBuffer::getFloat@10 (line 953)
                      ; - godot.core.VariantKt::getVector2@14 (line 19)
                      ; - godot.core.VariantKt::access$getVector2@1 (line 1)
                      ; - godot.core.VariantParser$VECTOR2::toUnsafeKotlin@7 (line 176)
                      ; - godot.core.VariantParser$VECTOR2::toUnsafeKotlin@2 (line 175)
                      ; - godot.core.VariantParser::toKotlin@21 (line 479)
                      ; - godot.internal.memory.TransferContext::readReturnValue@20 (line 75)
                      ; - godot.api.Node2D::getScale@41 (line 414)
                      ; - game.entity.Player::isFacingRight@4 (line 261)
                      ; - game.items.weapons.Weapon::getIdleRotation@9 (line 139)
                      ; - game.items.weapons.Weapon::getRotationToTarget@20 (line 156)
                      ; - game.items.weapons.Weapon::rotateToTarget@21 (line 177)
                      ; - game.items.weapons.Weapon::_process@32 (line 192)
                      ; - godot.entry.WeaponRegistrar$register$1$1$2::invoke@8 (line 41)
                      ; - godot.entry.WeaponRegistrar$register$1$1$2::invoke@12 (line 41)
  0x0000017d3c356278: 84e3 85ff 

  0x0000017d3c35627c: ;   {other}
  0x0000017d3c35627c: 0f1f 8400 | ec1f 0040 | baf6 ffff | ff49 8bea 

  0x0000017d3c35628c: ;   {runtime_call UncommonTrapBlob}
  0x0000017d3c35628c: 6666 90e8 

  0x0000017d3c356290: ; ImmutableOopMap {rbp=Oop }
                      ;*invokevirtual setScale {reexecute=0 rethrow=0 return_oop=0}
                      ; - game.items.weapons.Weapon::updateVisuals@84 (line 246)
                      ; - game.items.weapons.Weapon::_process@47 (line 196)
                      ; - godot.entry.WeaponRegistrar$register$1$1$2::invoke@8 (line 41)
                      ; - godot.entry.WeaponRegistrar$register$1$1$2::invoke@12 (line 41)
  0x0000017d3c356290: 6ce3 85ff 

  0x0000017d3c356294: ;   {other}
  0x0000017d3c356294: 0f1f 8400 | 0420 0041 | bade ffff | ff41 8beb | 895c 2420 | 4c89 5424 

  0x0000017d3c3562ac: ;   {runtime_call UncommonTrapBlob}
  0x0000017d3c3562ac: 2866 90e8 

  0x0000017d3c3562b0: ; ImmutableOopMap {rbp=NarrowOop [32]=NarrowOop [40]=Oop }
                      ;*invokevirtual get {reexecute=0 rethrow=0 return_oop=0}
                      ; - godot.common.util.ThreadLocalDelegate::getValue@10 (line 7)
                      ; - godot.internal.memory.TransferContext::getBuffer@9 (line 28)
                      ; - godot.internal.memory.TransferContext::writeArguments@7 (line 34)
                      ; - godot.api.Node2D::setScale@25 (line 383)
                      ; - game.items.weapons.Weapon::updateVisuals@84 (line 246)
                      ; - game.items.weapons.Weapon::_process@47 (line 196)
                      ; - godot.entry.WeaponRegistrar$register$1$1$2::invoke@8 (line 41)
                      ; - godot.entry.WeaponRegistrar$register$1$1$2::invoke@12 (line 41)
  0x0000017d3c3562b0: 4ce3 85ff 

  0x0000017d3c3562b4: ;   {other}
  0x0000017d3c3562b4: 0f1f 8400 | 2420 0042 | bae4 ffff | ff41 8beb | 4c89 4c24 | 2844 8944 | 2430 4889 | 7424 3889 
  0x0000017d3c3562d4: 4c24 4089 | 7c24 444c | 8954 2448 

  0x0000017d3c3562e0: ;   {runtime_call UncommonTrapBlob}
  0x0000017d3c3562e0: 6666 90e8 

  0x0000017d3c3562e4: ; ImmutableOopMap {rbp=NarrowOop [40]=Oop [48]=NarrowOop [56]=Oop [64]=NarrowOop [72]=Oop }
                      ;*aaload {reexecute=0 rethrow=0 return_oop=0}
                      ; - java.lang.ThreadLocal$ThreadLocalMap::getEntry@18 (line 500)
                      ; - java.lang.ThreadLocal::get@12 (line 187)
                      ; - java.lang.ThreadLocal::get@4 (line 172)
                      ; - godot.common.util.ThreadLocalDelegate::getValue@10 (line 7)
                      ; - godot.internal.memory.TransferContext::getBuffer@9 (line 28)
                      ; - godot.internal.memory.TransferContext::writeArguments@7 (line 34)
                      ; - godot.api.Node2D::setScale@25 (line 383)
                      ; - game.items.weapons.Weapon::updateVisuals@84 (line 246)
                      ; - game.items.weapons.Weapon::_process@47 (line 196)
                      ; - godot.entry.WeaponRegistrar$register$1$1$2::invoke@8 (line 41)
                      ; - godot.entry.WeaponRegistrar$register$1$1$2::invoke@12 (line 41)
  0x0000017d3c3562e4: 18e3 85ff 

  0x0000017d3c3562e8: ;   {other}
  0x0000017d3c3562e8: 0f1f 8400 | 5820 0043 | ba45 ffff | ff44 895c | 2420 4c89 | 4c24 3044 | 8944 2424 | 4889 7424 
  0x0000017d3c356308: 3889 7c24 | 404c 8954 

  0x0000017d3c356310: ;   {runtime_call UncommonTrapBlob}
  0x0000017d3c356310: 2448 90e8 

  0x0000017d3c356314: ; ImmutableOopMap {rbp=NarrowOop [32]=NarrowOop [36]=NarrowOop [48]=Oop [56]=Oop [72]=Oop }
                      ;*ifeq {reexecute=1 rethrow=0 return_oop=0}
                      ; - (reexecute) java.lang.ThreadLocal$ThreadLocalMap::getEntry@29 (line 501)
                      ; - java.lang.ThreadLocal::get@12 (line 187)
                      ; - java.lang.ThreadLocal::get@4 (line 172)
                      ; - godot.common.util.ThreadLocalDelegate::getValue@10 (line 7)
                      ; - godot.internal.memory.TransferContext::getBuffer@9 (line 28)
                      ; - godot.internal.memory.TransferContext::writeArguments@7 (line 34)
                      ; - godot.api.Node2D::setScale@25 (line 383)
                      ; - game.items.weapons.Weapon::updateVisuals@84 (line 246)
                      ; - game.items.weapons.Weapon::_process@47 (line 196)
                      ; - godot.entry.WeaponRegistrar$register$1$1$2::invoke@8 (line 41)
                      ; - godot.entry.WeaponRegistrar$register$1$1$2::invoke@12 (line 41)
  0x0000017d3c356314: e8e2 85ff 

  0x0000017d3c356318: ;   {other}
  0x0000017d3c356318: 0f1f 8400 | 8820 0044 | baec ffff | ff41 8beb | 4c89 4424 | 284c 8944 | 2430 4889 | 4c24 3844 
  0x0000017d3c356338: 894c 2448 | 4c89 5424 

  0x0000017d3c356340: ;   {runtime_call UncommonTrapBlob}
  0x0000017d3c356340: 5066 90e8 

  0x0000017d3c356344: ; ImmutableOopMap {rbp=NarrowOop [40]=Oop [48]=Oop [72]=NarrowOop [80]=Oop }
                      ;*ifnull {reexecute=1 rethrow=0 return_oop=0}
                      ; - (reexecute) java.nio.Buffer::session@4 (line 792)
                      ; - java.nio.DirectByteBuffer::putInt@7 (line 773)
                      ; - java.nio.DirectByteBuffer::putInt@11 (line 785)
                      ; - godot.internal.memory.TransferContext::writeArguments@21 (line 36)
                      ; - godot.api.Node2D::setScale@25 (line 383)
                      ; - game.items.weapons.Weapon::updateVisuals@84 (line 246)
                      ; - game.items.weapons.Weapon::_process@47 (line 196)
                      ; - godot.entry.WeaponRegistrar$register$1$1$2::invoke@8 (line 41)
                      ; - godot.entry.WeaponRegistrar$register$1$1$2::invoke@12 (line 41)
  0x0000017d3c356344: b8e2 85ff 

  0x0000017d3c356348: ;   {other}
  0x0000017d3c356348: 0f1f 8400 | b820 0045 | ba45 ffff | ff44 895c | 2430 4c89 | 4424 404c | 8944 2448 | 4c89 4c24 
  0x0000017d3c356368: ;   {runtime_call UncommonTrapBlob}
  0x0000017d3c356368: 5066 90e8 

  0x0000017d3c35636c: ; ImmutableOopMap {[32]=Oop [48]=NarrowOop [64]=Oop [72]=Oop }
                      ;*if_icmpne {reexecute=1 rethrow=0 return_oop=0}
                      ; - (reexecute) jdk.internal.misc.Unsafe::convEndian@4 (line 3818)
                      ; - jdk.internal.misc.Unsafe::putIntUnaligned@7 (line 3698)
                      ; - jdk.internal.misc.ScopedMemoryAccess::putIntUnalignedInternal@17 (line 1930)
                      ; - jdk.internal.misc.ScopedMemoryAccess::putIntUnaligned@8 (line 1918)
                      ; - java.nio.DirectByteBuffer::putInt@18 (line 773)
                      ; - java.nio.DirectByteBuffer::putInt@11 (line 785)
                      ; - godot.internal.memory.TransferContext::writeArguments@21 (line 36)
                      ; - godot.api.Timer::isStopped@7 (line 232)
                      ; - game.items.weapons.Weapon::canUseWeapon@4 (line 82)
                      ; - game.items.weapons.Weapon::_process@36 (line 194)
                      ; - godot.entry.WeaponRegistrar$register$1$1$2::invoke@8 (line 41)
                      ; - godot.entry.WeaponRegistrar$register$1$1$2::invoke@12 (line 41)
  0x0000017d3c35636c: 90e2 85ff 

  0x0000017d3c356370: ;   {other}
  0x0000017d3c356370: 0f1f 8400 | e020 0046 | ba45 ffff | ff48 8b6c | 2420 4889 | 4c24 3048 | 894c 2438 | 4489 5c24 
  0x0000017d3c356390: 4044 8954 

  0x0000017d3c356394: ;   {runtime_call UncommonTrapBlob}
  0x0000017d3c356394: 2444 90e8 

  0x0000017d3c356398: ; ImmutableOopMap {rbp=Oop [48]=Oop [56]=Oop }
                      ;*if_icmpne {reexecute=1 rethrow=0 return_oop=0}
                      ; - (reexecute) jdk.internal.misc.Unsafe::convEndian@4 (line 3818)
                      ; - jdk.internal.misc.Unsafe::getIntUnaligned@8 (line 3575)
                      ; - jdk.internal.misc.ScopedMemoryAccess::getIntUnalignedInternal@15 (line 1909)
                      ; - jdk.internal.misc.ScopedMemoryAccess::getIntUnaligned@6 (line 1897)
                      ; - java.nio.DirectByteBuffer::getInt@13 (line 744)
                      ; - java.nio.DirectByteBuffer::getInt@10 (line 753)
                      ; - godot.core.VariantKt::getVariantType@1 (line 104)
                      ; - godot.core.VariantKt::access$getVariantType@1 (line 1)
                      ; - godot.core.VariantParser::toKotlin@7 (line 477)
                      ; - godot.internal.memory.TransferContext::readReturnValue@20 (line 75)
                      ; - godot.api.Timer::isStopped@41 (line 234)
                      ; - game.items.weapons.Weapon::canUseWeapon@4 (line 82)
                      ; - game.items.weapons.Weapon::_process@36 (line 194)
                      ; - godot.entry.WeaponRegistrar$register$1$1$2::invoke@8 (line 41)
                      ; - godot.entry.WeaponRegistrar$register$1$1$2::invoke@12 (line 41)
  0x0000017d3c356398: 64e2 85ff 

  0x0000017d3c35639c: ;   {other}
  0x0000017d3c35639c: 0f1f 8400 | 0c21 0047 | ba45 ffff | ff44 895c 

  0x0000017d3c3563ac: ;   {runtime_call UncommonTrapBlob}
  0x0000017d3c3563ac: 2434 90e8 

  0x0000017d3c3563b0: ; ImmutableOopMap {[32]=Oop }
                      ;*if_icmpne {reexecute=1 rethrow=0 return_oop=0}
                      ; - (reexecute) godot.core.VariantParser::toKotlin@16 (line 478)
                      ; - godot.internal.memory.TransferContext::readReturnValue@20 (line 75)
                      ; - godot.api.Timer::isStopped@41 (line 234)
                      ; - game.items.weapons.Weapon::canUseWeapon@4 (line 82)
                      ; - game.items.weapons.Weapon::_process@36 (line 194)
                      ; - godot.entry.WeaponRegistrar$register$1$1$2::invoke@8 (line 41)
                      ; - godot.entry.WeaponRegistrar$register$1$1$2::invoke@12 (line 41)
  0x0000017d3c3563b0: 4ce2 85ff 

  0x0000017d3c3563b4: ;   {other}
  0x0000017d3c3563b4: 0f1f 8400 | 2421 0048 | ba45 ffff | ff4c 8954 | 2438 4c89 | 5424 404c | 894c 2448 

  0x0000017d3c3563d0: ;   {runtime_call UncommonTrapBlob}
  0x0000017d3c3563d0: 6666 90e8 

  0x0000017d3c3563d4: ; ImmutableOopMap {[32]=Oop [56]=Oop [64]=Oop }
                      ;*if_icmpne {reexecute=1 rethrow=0 return_oop=0}
                      ; - (reexecute) jdk.internal.misc.Unsafe::convEndian@4 (line 3818)
                      ; - jdk.internal.misc.Unsafe::putIntUnaligned@7 (line 3698)
                      ; - jdk.internal.misc.ScopedMemoryAccess::putIntUnalignedInternal@17 (line 1930)
                      ; - jdk.internal.misc.ScopedMemoryAccess::putIntUnaligned@8 (line 1918)
                      ; - java.nio.DirectByteBuffer::putInt@18 (line 773)
                      ; - java.nio.DirectByteBuffer::putInt@11 (line 785)
                      ; - godot.internal.memory.TransferContext::writeArguments@21 (line 36)
                      ; - godot.api.Node2D::getRotation@7 (line 394)
                      ; - game.items.weapons.Weapon::updateVisuals@9 (line 235)
                      ; - game.items.weapons.Weapon::_process@47 (line 196)
                      ; - godot.entry.WeaponRegistrar$register$1$1$2::invoke@8 (line 41)
                      ; - godot.entry.WeaponRegistrar$register$1$1$2::invoke@12 (line 41)
  0x0000017d3c3563d4: 28e2 85ff 

  0x0000017d3c3563d8: ;   {other}
  0x0000017d3c3563d8: 0f1f 8400 | 4821 0049 | ba45 ffff | ff48 8b6c | 2420 4c89 | 5424 284c | 8954 2430 | 894c 2438 
  0x0000017d3c3563f8: 4489 5c24 

  0x0000017d3c3563fc: ;   {runtime_call UncommonTrapBlob}
  0x0000017d3c3563fc: 3c66 90e8 

  0x0000017d3c356400: ; ImmutableOopMap {rbp=Oop [40]=Oop [48]=Oop }
                      ;*if_icmpne {reexecute=1 rethrow=0 return_oop=0}
                      ; - (reexecute) jdk.internal.misc.Unsafe::convEndian@4 (line 3818)
                      ; - jdk.internal.misc.Unsafe::getIntUnaligned@8 (line 3575)
                      ; - jdk.internal.misc.ScopedMemoryAccess::getIntUnalignedInternal@15 (line 1909)
                      ; - jdk.internal.misc.ScopedMemoryAccess::getIntUnaligned@6 (line 1897)
                      ; - java.nio.DirectByteBuffer::getInt@13 (line 744)
                      ; - java.nio.DirectByteBuffer::getInt@10 (line 753)
                      ; - godot.core.VariantKt::getVariantType@1 (line 104)
                      ; - godot.core.VariantKt::access$getVariantType@1 (line 1)
                      ; - godot.core.VariantParser::toKotlin@7 (line 477)
                      ; - godot.internal.memory.TransferContext::readReturnValue@20 (line 75)
                      ; - godot.api.Node2D::getRotation@41 (line 396)
                      ; - game.items.weapons.Weapon::updateVisuals@9 (line 235)
                      ; - game.items.weapons.Weapon::_process@47 (line 196)
                      ; - godot.entry.WeaponRegistrar$register$1$1$2::invoke@8 (line 41)
                      ; - godot.entry.WeaponRegistrar$register$1$1$2::invoke@12 (line 41)
  0x0000017d3c356400: fce1 85ff 

  0x0000017d3c356404: ;   {other}
  0x0000017d3c356404: 0f1f 8400 | 7421 004a | ba45 ffff | ff89 4c24 

  0x0000017d3c356414: ;   {runtime_call UncommonTrapBlob}
  0x0000017d3c356414: 2c66 90e8 

  0x0000017d3c356418: ; ImmutableOopMap {[32]=Oop }
                      ;*if_icmpne {reexecute=1 rethrow=0 return_oop=0}
                      ; - (reexecute) godot.core.VariantParser::toKotlin@16 (line 478)
                      ; - godot.internal.memory.TransferContext::readReturnValue@20 (line 75)
                      ; - godot.api.Node2D::getRotation@41 (line 396)
                      ; - game.items.weapons.Weapon::updateVisuals@9 (line 235)
                      ; - game.items.weapons.Weapon::_process@47 (line 196)
                      ; - godot.entry.WeaponRegistrar$register$1$1$2::invoke@8 (line 41)
                      ; - godot.entry.WeaponRegistrar$register$1$1$2::invoke@12 (line 41)
  0x0000017d3c356418: e4e1 85ff 

  0x0000017d3c35641c: ;   {other}
  0x0000017d3c35641c: 0f1f 8400 | 8c21 004b | ba45 ffff | ffc5 fb11 | 4424 2844 | 8944 2430 | 4889 4c24 | 4048 894c 
  0x0000017d3c35643c: 2448 4c89 

  0x0000017d3c356440: ;   {runtime_call UncommonTrapBlob}
  0x0000017d3c356440: 4c24 50e8 

  0x0000017d3c356444: ; ImmutableOopMap {[32]=Oop [48]=NarrowOop [64]=Oop [72]=Oop }
                      ;*if_icmpne {reexecute=1 rethrow=0 return_oop=0}
                      ; - (reexecute) jdk.internal.misc.Unsafe::convEndian@4 (line 3818)
                      ; - jdk.internal.misc.Unsafe::putIntUnaligned@7 (line 3698)
                      ; - jdk.internal.misc.ScopedMemoryAccess::putIntUnalignedInternal@17 (line 1930)
                      ; - jdk.internal.misc.ScopedMemoryAccess::putIntUnaligned@8 (line 1918)
                      ; - java.nio.DirectByteBuffer::putInt@18 (line 773)
                      ; - java.nio.DirectByteBuffer::putInt@11 (line 785)
                      ; - godot.internal.memory.TransferContext::writeArguments@21 (line 36)
                      ; - godot.api.Node2D::getScale@7 (line 412)
                      ; - game.items.weapons.Weapon::updateVisuals@18 (line 238)
                      ; - game.items.weapons.Weapon::_process@47 (line 196)
                      ; - godot.entry.WeaponRegistrar$register$1$1$2::invoke@8 (line 41)
                      ; - godot.entry.WeaponRegistrar$register$1$1$2::invoke@12 (line 41)
  0x0000017d3c356444: b8e1 85ff 

  0x0000017d3c356448: ;   {other}
  0x0000017d3c356448: 0f1f 8400 | b821 004c | ba45 ffff | ff48 8b6c | 2420 c5fb | 1044 2430 | c5fb 1144 | 2420 4c89 
  0x0000017d3c356468: 5c24 304c | 895c 2438 | 4489 5424 | 4044 8944 

  0x0000017d3c356478: ;   {runtime_call UncommonTrapBlob}
  0x0000017d3c356478: 2444 90e8 

  0x0000017d3c35647c: ; ImmutableOopMap {rbp=Oop [48]=Oop [56]=Oop }
                      ;*if_icmpne {reexecute=1 rethrow=0 return_oop=0}
                      ; - (reexecute) jdk.internal.misc.Unsafe::convEndian@4 (line 3818)
                      ; - jdk.internal.misc.Unsafe::getIntUnaligned@8 (line 3575)
                      ; - jdk.internal.misc.ScopedMemoryAccess::getIntUnalignedInternal@15 (line 1909)
                      ; - jdk.internal.misc.ScopedMemoryAccess::getIntUnaligned@6 (line 1897)
                      ; - java.nio.DirectByteBuffer::getInt@13 (line 744)
                      ; - java.nio.DirectByteBuffer::getInt@10 (line 753)
                      ; - godot.core.VariantKt::getVariantType@1 (line 104)
                      ; - godot.core.VariantKt::access$getVariantType@1 (line 1)
                      ; - godot.core.VariantParser::toKotlin@7 (line 477)
                      ; - godot.internal.memory.TransferContext::readReturnValue@20 (line 75)
                      ; - godot.api.Node2D::getScale@41 (line 414)
                      ; - game.items.weapons.Weapon::updateVisuals@18 (line 238)
                      ; - game.items.weapons.Weapon::_process@47 (line 196)
                      ; - godot.entry.WeaponRegistrar$register$1$1$2::invoke@8 (line 41)
                      ; - godot.entry.WeaponRegistrar$register$1$1$2::invoke@12 (line 41)
  0x0000017d3c35647c: 80e1 85ff 

  0x0000017d3c356480: ;   {other}
  0x0000017d3c356480: 0f1f 8400 | f021 004d | ba45 ffff | ffc5 fb10 | 4424 30c5 | fb11 4424 | 2844 8954 

  0x0000017d3c35649c: ;   {runtime_call UncommonTrapBlob}
  0x0000017d3c35649c: 2434 90e8 

  0x0000017d3c3564a0: ; ImmutableOopMap {[32]=Oop }
                      ;*if_icmpne {reexecute=1 rethrow=0 return_oop=0}
                      ; - (reexecute) godot.core.VariantParser::toKotlin@16 (line 478)
                      ; - godot.internal.memory.TransferContext::readReturnValue@20 (line 75)
                      ; - godot.api.Node2D::getScale@41 (line 414)
                      ; - game.items.weapons.Weapon::updateVisuals@18 (line 238)
                      ; - game.items.weapons.Weapon::_process@47 (line 196)
                      ; - godot.entry.WeaponRegistrar$register$1$1$2::invoke@8 (line 41)
                      ; - godot.entry.WeaponRegistrar$register$1$1$2::invoke@12 (line 41)
  0x0000017d3c3564a0: 5ce1 85ff 

  0x0000017d3c3564a4: ;   {other}
  0x0000017d3c3564a4: 0f1f 8400 | 1422 004e | ba45 ffff | ff4c 8954 | 2428 895c 

  0x0000017d3c3564b8: ;   {runtime_call UncommonTrapBlob}
  0x0000017d3c3564b8: 2430 90e8 

  0x0000017d3c3564bc: ; ImmutableOopMap {rbp=NarrowOop [40]=Oop [48]=NarrowOop }
                      ;*ifnonnull {reexecute=1 rethrow=0 return_oop=0}
                      ; - (reexecute) kotlin.jvm.internal.Intrinsics::checkNotNullParameter@1 (line 130)
                      ; - godot.common.util.ThreadLocalDelegate::getValue@3
                      ; - godot.internal.memory.TransferContext::getBuffer@9 (line 28)
                      ; - godot.internal.memory.TransferContext::writeArguments@7 (line 34)
                      ; - godot.api.Timer::isStopped@7 (line 232)
                      ; - game.items.weapons.Weapon::canUseWeapon@4 (line 82)
                      ; - game.items.weapons.Weapon::_process@36 (line 194)
                      ; - godot.entry.WeaponRegistrar$register$1$1$2::invoke@8 (line 41)
                      ; - godot.entry.WeaponRegistrar$register$1$1$2::invoke@12 (line 41)
  0x0000017d3c3564bc: 40e1 85ff 

  0x0000017d3c3564c0: ;   {other}
  0x0000017d3c3564c0: 0f1f 8400 | 3022 004f | ba45 ffff | ff44 895c | 2430 4c89 | 4424 404c | 8944 2448 

  0x0000017d3c3564dc: ;   {runtime_call UncommonTrapBlob}
  0x0000017d3c3564dc: 6666 90e8 

  0x0000017d3c3564e0: ; ImmutableOopMap {[32]=Oop [48]=NarrowOop [64]=Oop [72]=Oop }
                      ;*if_icmpge {reexecute=1 rethrow=0 return_oop=0}
                      ; - (reexecute) java.nio.Buffer::nextPutIndex@12 (line 743)
                      ; - java.nio.DirectByteBuffer::putInt@4 (line 785)
                      ; - godot.internal.memory.TransferContext::writeArguments@21 (line 36)
                      ; - godot.api.Timer::isStopped@7 (line 232)
                      ; - game.items.weapons.Weapon::canUseWeapon@4 (line 82)
                      ; - game.items.weapons.Weapon::_process@36 (line 194)
                      ; - godot.entry.WeaponRegistrar$register$1$1$2::invoke@8 (line 41)
                      ; - godot.entry.WeaponRegistrar$register$1$1$2::invoke@12 (line 41)
  0x0000017d3c3564e0: 1ce1 85ff 

  0x0000017d3c3564e4: ;   {other}
  0x0000017d3c3564e4: 0f1f 8400 | 5422 0050 | ba45 ffff 

  0x0000017d3c3564f0: ;   {runtime_call UncommonTrapBlob}
  0x0000017d3c3564f0: ff66 90e8 

  0x0000017d3c3564f4: ; ImmutableOopMap {rbp=NarrowOop [32]=Oop }
                      ;*ifnonnull {reexecute=1 rethrow=0 return_oop=0}
                      ; - (reexecute) kotlin.jvm.internal.Intrinsics::checkNotNullParameter@1 (line 130)
                      ; - godot.common.util.ThreadLocalDelegate::getValue@3
                      ; - godot.internal.memory.TransferContext::getBuffer@9 (line 28)
                      ; - godot.internal.memory.TransferContext::readReturnValue@7 (line 73)
                      ; - godot.api.Timer::isStopped@41 (line 234)
                      ; - game.items.weapons.Weapon::canUseWeapon@4 (line 82)
                      ; - game.items.weapons.Weapon::_process@36 (line 194)
                      ; - godot.entry.WeaponRegistrar$register$1$1$2::invoke@8 (line 41)
                      ; - godot.entry.WeaponRegistrar$register$1$1$2::invoke@12 (line 41)
  0x0000017d3c3564f4: 08e1 85ff 

  0x0000017d3c3564f8: ;   {other}
  0x0000017d3c3564f8: 0f1f 8400 | 6822 0051 | ba45 ffff | ff48 8b6c | 2420 4889 | 4c24 3048 | 894c 2438 | 4489 5424 
  0x0000017d3c356518: ;   {runtime_call UncommonTrapBlob}
  0x0000017d3c356518: 4866 90e8 

  0x0000017d3c35651c: ; ImmutableOopMap {rbp=Oop [48]=Oop [56]=Oop }
                      ;*if_icmpge {reexecute=1 rethrow=0 return_oop=0}
                      ; - (reexecute) java.nio.Buffer::nextGetIndex@12 (line 720)
                      ; - java.nio.DirectByteBuffer::getInt@4 (line 753)
                      ; - godot.core.VariantKt::getVariantType@1 (line 104)
                      ; - godot.core.VariantKt::access$getVariantType@1 (line 1)
                      ; - godot.core.VariantParser::toKotlin@7 (line 477)
                      ; - godot.internal.memory.TransferContext::readReturnValue@20 (line 75)
                      ; - godot.api.Timer::isStopped@41 (line 234)
                      ; - game.items.weapons.Weapon::canUseWeapon@4 (line 82)
                      ; - game.items.weapons.Weapon::_process@36 (line 194)
                      ; - godot.entry.WeaponRegistrar$register$1$1$2::invoke@8 (line 41)
                      ; - godot.entry.WeaponRegistrar$register$1$1$2::invoke@12 (line 41)
  0x0000017d3c35651c: e0e0 85ff 

  0x0000017d3c356520: ;   {other}
  0x0000017d3c356520: 0f1f 8400 | 9022 0052 | ba45 ffff | ff48 8b6c | 2420 4889 | 4c24 3048 | 894c 2438 | 4489 5424 
  0x0000017d3c356540: ;   {runtime_call UncommonTrapBlob}
  0x0000017d3c356540: 4066 90e8 

  0x0000017d3c356544: ; ImmutableOopMap {rbp=Oop [48]=Oop [56]=Oop }
                      ;*if_icmpge {reexecute=1 rethrow=0 return_oop=0}
                      ; - (reexecute) java.nio.Buffer::nextGetIndex@12 (line 720)
                      ; - java.nio.DirectByteBuffer::getInt@4 (line 753)
                      ; - godot.core.VariantKt::getBool@1 (line 13)
                      ; - godot.core.VariantKt::access$getBool@1 (line 1)
                      ; - godot.core.VariantParser$BOOL::toUnsafeKotlin@7 (line 117)
                      ; - godot.core.VariantParser$BOOL::toUnsafeKotlin@2 (line 116)
                      ; - godot.core.VariantParser::toKotlin@21 (line 479)
                      ; - godot.internal.memory.TransferContext::readReturnValue@20 (line 75)
                      ; - godot.api.Timer::isStopped@41 (line 234)
                      ; - game.items.weapons.Weapon::canUseWeapon@4 (line 82)
                      ; - game.items.weapons.Weapon::_process@36 (line 194)
                      ; - godot.entry.WeaponRegistrar$register$1$1$2::invoke@8 (line 41)
                      ; - godot.entry.WeaponRegistrar$register$1$1$2::invoke@12 (line 41)
  0x0000017d3c356544: b8e0 85ff 

  0x0000017d3c356548: ;   {other}
  0x0000017d3c356548: 0f1f 8400 | b822 0053 | ba45 ffff 

  0x0000017d3c356554: ;   {runtime_call UncommonTrapBlob}
  0x0000017d3c356554: ff66 90e8 

  0x0000017d3c356558: ; ImmutableOopMap {rbp=NarrowOop }
                      ;*ifnonnull {reexecute=1 rethrow=0 return_oop=0}
                      ; - (reexecute) game.items.weapons.Weapon::updateVisuals@4 (line 232)
                      ; - game.items.weapons.Weapon::_process@47 (line 196)
                      ; - godot.entry.WeaponRegistrar$register$1$1$2::invoke@8 (line 41)
                      ; - godot.entry.WeaponRegistrar$register$1$1$2::invoke@12 (line 41)
  0x0000017d3c356558: a4e0 85ff 

  0x0000017d3c35655c: ;   {other}
  0x0000017d3c35655c: 0f1f 8400 | cc22 0054 | ba45 ffff | ff4c 894c 

  0x0000017d3c35656c: ;   {runtime_call UncommonTrapBlob}
  0x0000017d3c35656c: 2428 90e8 

  0x0000017d3c356570: ; ImmutableOopMap {rbp=NarrowOop [40]=Oop }
                      ;*ifnonnull {reexecute=1 rethrow=0 return_oop=0}
                      ; - (reexecute) kotlin.jvm.internal.Intrinsics::checkNotNullParameter@1 (line 130)
                      ; - godot.common.util.ThreadLocalDelegate::getValue@3
                      ; - godot.internal.memory.TransferContext::getBuffer@9 (line 28)
                      ; - godot.internal.memory.TransferContext::writeArguments@7 (line 34)
                      ; - godot.api.Node2D::getRotation@7 (line 394)
                      ; - game.items.weapons.Weapon::updateVisuals@9 (line 235)
                      ; - game.items.weapons.Weapon::_process@47 (line 196)
                      ; - godot.entry.WeaponRegistrar$register$1$1$2::invoke@8 (line 41)
                      ; - godot.entry.WeaponRegistrar$register$1$1$2::invoke@12 (line 41)
  0x0000017d3c356570: 8ce0 85ff 

  0x0000017d3c356574: ;   {other}
  0x0000017d3c356574: 0f1f 8400 | e422 0055 | ba45 ffff | ff4c 8954 | 2438 4c89 

  0x0000017d3c356588: ;   {runtime_call UncommonTrapBlob}
  0x0000017d3c356588: 5424 40e8 

  0x0000017d3c35658c: ; ImmutableOopMap {[32]=Oop [56]=Oop [64]=Oop }
                      ;*if_icmpge {reexecute=1 rethrow=0 return_oop=0}
                      ; - (reexecute) java.nio.Buffer::nextPutIndex@12 (line 743)
                      ; - java.nio.DirectByteBuffer::putInt@4 (line 785)
                      ; - godot.internal.memory.TransferContext::writeArguments@21 (line 36)
                      ; - godot.api.Node2D::getRotation@7 (line 394)
                      ; - game.items.weapons.Weapon::updateVisuals@9 (line 235)
                      ; - game.items.weapons.Weapon::_process@47 (line 196)
                      ; - godot.entry.WeaponRegistrar$register$1$1$2::invoke@8 (line 41)
                      ; - godot.entry.WeaponRegistrar$register$1$1$2::invoke@12 (line 41)
  0x0000017d3c35658c: 70e0 85ff 

  0x0000017d3c356590: ;   {other}
  0x0000017d3c356590: 0f1f 8400 | 0023 0056 | ba45 ffff 

  0x0000017d3c35659c: ;   {runtime_call UncommonTrapBlob}
  0x0000017d3c35659c: ff66 90e8 

  0x0000017d3c3565a0: ; ImmutableOopMap {rbp=NarrowOop [32]=Oop }
                      ;*ifnonnull {reexecute=1 rethrow=0 return_oop=0}
                      ; - (reexecute) kotlin.jvm.internal.Intrinsics::checkNotNullParameter@1 (line 130)
                      ; - godot.common.util.ThreadLocalDelegate::getValue@3
                      ; - godot.internal.memory.TransferContext::getBuffer@9 (line 28)
                      ; - godot.internal.memory.TransferContext::readReturnValue@7 (line 73)
                      ; - godot.api.Node2D::getRotation@41 (line 396)
                      ; - game.items.weapons.Weapon::updateVisuals@9 (line 235)
                      ; - game.items.weapons.Weapon::_process@47 (line 196)
                      ; - godot.entry.WeaponRegistrar$register$1$1$2::invoke@8 (line 41)
                      ; - godot.entry.WeaponRegistrar$register$1$1$2::invoke@12 (line 41)
  0x0000017d3c3565a0: 5ce0 85ff 

  0x0000017d3c3565a4: ;   {other}
  0x0000017d3c3565a4: 0f1f 8400 | 1423 0057 | ba45 ffff | ff48 8b6c | 2420 4c89 | 4424 284c | 8944 2430 | 4489 5c24 
  0x0000017d3c3565c4: ;   {runtime_call UncommonTrapBlob}
  0x0000017d3c3565c4: 4066 90e8 

  0x0000017d3c3565c8: ; ImmutableOopMap {rbp=Oop [40]=Oop [48]=Oop }
                      ;*if_icmpge {reexecute=1 rethrow=0 return_oop=0}
                      ; - (reexecute) java.nio.Buffer::nextGetIndex@12 (line 720)
                      ; - java.nio.DirectByteBuffer::getInt@4 (line 753)
                      ; - godot.core.VariantKt::getVariantType@1 (line 104)
                      ; - godot.core.VariantKt::access$getVariantType@1 (line 1)
                      ; - godot.core.VariantParser::toKotlin@7 (line 477)
                      ; - godot.internal.memory.TransferContext::readReturnValue@20 (line 75)
                      ; - godot.api.Node2D::getRotation@41 (line 396)
                      ; - game.items.weapons.Weapon::updateVisuals@9 (line 235)
                      ; - game.items.weapons.Weapon::_process@47 (line 196)
                      ; - godot.entry.WeaponRegistrar$register$1$1$2::invoke@8 (line 41)
                      ; - godot.entry.WeaponRegistrar$register$1$1$2::invoke@12 (line 41)
  0x0000017d3c3565c8: 34e0 85ff 

  0x0000017d3c3565cc: ;   {other}
  0x0000017d3c3565cc: 0f1f 8400 | 3c23 0058 | ba45 ffff | ff48 8b6c | 2420 4c89 | 5424 284c | 8954 2430 | 897c 2438 
  0x0000017d3c3565ec: ;   {runtime_call UncommonTrapBlob}
  0x0000017d3c3565ec: 6666 90e8 

  0x0000017d3c3565f0: ; ImmutableOopMap {rbp=Oop [40]=Oop [48]=Oop }
                      ;*if_icmpge {reexecute=1 rethrow=0 return_oop=0}
                      ; - (reexecute) java.nio.Buffer::nextGetIndex@12 (line 720)
                      ; - java.nio.DirectByteBuffer::getDouble@5 (line 1053)
                      ; - godot.core.VariantParser$DOUBLE::toUnsafeKotlin@7 (line 131)
                      ; - godot.core.VariantParser$DOUBLE::toUnsafeKotlin@2 (line 130)
                      ; - godot.core.VariantParser::toKotlin@21 (line 479)
                      ; - godot.internal.memory.TransferContext::readReturnValue@20 (line 75)
                      ; - godot.api.Node2D::getRotation@41 (line 396)
                      ; - game.items.weapons.Weapon::updateVisuals@9 (line 235)
                      ; - game.items.weapons.Weapon::_process@47 (line 196)
                      ; - godot.entry.WeaponRegistrar$register$1$1$2::invoke@8 (line 41)
                      ; - godot.entry.WeaponRegistrar$register$1$1$2::invoke@12 (line 41)
  0x0000017d3c3565f0: 0ce0 85ff 

  0x0000017d3c3565f4: ;   {other}
  0x0000017d3c3565f4: 0f1f 8400 | 6423 0059 | ba45 ffff | ffc5 fb11 | 4424 2844 | 8954 2430 

  0x0000017d3c35660c: ;   {runtime_call UncommonTrapBlob}
  0x0000017d3c35660c: 6666 90e8 

  0x0000017d3c356610: ; ImmutableOopMap {rbp=NarrowOop [32]=Oop [48]=NarrowOop }
                      ;*ifnonnull {reexecute=1 rethrow=0 return_oop=0}
                      ; - (reexecute) kotlin.jvm.internal.Intrinsics::checkNotNullParameter@1 (line 130)
                      ; - godot.common.util.ThreadLocalDelegate::getValue@3
                      ; - godot.internal.memory.TransferContext::getBuffer@9 (line 28)
                      ; - godot.internal.memory.TransferContext::writeArguments@7 (line 34)
                      ; - godot.api.Node2D::getScale@7 (line 412)
                      ; - game.items.weapons.Weapon::updateVisuals@18 (line 238)
                      ; - game.items.weapons.Weapon::_process@47 (line 196)
                      ; - godot.entry.WeaponRegistrar$register$1$1$2::invoke@8 (line 41)
                      ; - godot.entry.WeaponRegistrar$register$1$1$2::invoke@12 (line 41)
  0x0000017d3c356610: ecdf 85ff 

  0x0000017d3c356614: ;   {other}
  0x0000017d3c356614: 0f1f 8400 | 8423 005a | ba45 ffff | ffc5 fb11 | 4424 2844 | 8944 2430 | 4889 4c24 | 4048 894c 
  0x0000017d3c356634: ;   {runtime_call UncommonTrapBlob}
  0x0000017d3c356634: 2448 90e8 

  0x0000017d3c356638: ; ImmutableOopMap {[32]=Oop [48]=NarrowOop [64]=Oop [72]=Oop }
                      ;*if_icmpge {reexecute=1 rethrow=0 return_oop=0}
                      ; - (reexecute) java.nio.Buffer::nextPutIndex@12 (line 743)
                      ; - java.nio.DirectByteBuffer::putInt@4 (line 785)
                      ; - godot.internal.memory.TransferContext::writeArguments@21 (line 36)
                      ; - godot.api.Node2D::getScale@7 (line 412)
                      ; - game.items.weapons.Weapon::updateVisuals@18 (line 238)
                      ; - game.items.weapons.Weapon::_process@47 (line 196)
                      ; - godot.entry.WeaponRegistrar$register$1$1$2::invoke@8 (line 41)
                      ; - godot.entry.WeaponRegistrar$register$1$1$2::invoke@12 (line 41)
  0x0000017d3c356638: c4df 85ff 

  0x0000017d3c35663c: ;   {other}
  0x0000017d3c35663c: 0f1f 8400 | ac23 005b | ba45 ffff 

  0x0000017d3c356648: ;   {runtime_call UncommonTrapBlob}
  0x0000017d3c356648: ff66 90e8 

  0x0000017d3c35664c: ; ImmutableOopMap {rbp=NarrowOop [32]=Oop }
                      ;*ifnonnull {reexecute=1 rethrow=0 return_oop=0}
                      ; - (reexecute) kotlin.jvm.internal.Intrinsics::checkNotNullParameter@1 (line 130)
                      ; - godot.common.util.ThreadLocalDelegate::getValue@3
                      ; - godot.internal.memory.TransferContext::getBuffer@9 (line 28)
                      ; - godot.internal.memory.TransferContext::readReturnValue@7 (line 73)
                      ; - godot.api.Node2D::getScale@41 (line 414)
                      ; - game.items.weapons.Weapon::updateVisuals@18 (line 238)
                      ; - game.items.weapons.Weapon::_process@47 (line 196)
                      ; - godot.entry.WeaponRegistrar$register$1$1$2::invoke@8 (line 41)
                      ; - godot.entry.WeaponRegistrar$register$1$1$2::invoke@12 (line 41)
  0x0000017d3c35664c: b0df 85ff 

  0x0000017d3c356650: ;   {other}
  0x0000017d3c356650: 0f1f 8400 | c023 005c | ba45 ffff | ff48 8b6c | 2420 c5fb | 1044 2430 | c5fb 1144 | 2420 4c89 
  0x0000017d3c356670: 5c24 304c | 895c 2438 | 895c 2448 

  0x0000017d3c35667c: ;   {runtime_call UncommonTrapBlob}
  0x0000017d3c35667c: 6666 90e8 

  0x0000017d3c356680: ; ImmutableOopMap {rbp=Oop [48]=Oop [56]=Oop }
                      ;*if_icmpge {reexecute=1 rethrow=0 return_oop=0}
                      ; - (reexecute) java.nio.Buffer::nextGetIndex@12 (line 720)
                      ; - java.nio.DirectByteBuffer::getInt@4 (line 753)
                      ; - godot.core.VariantKt::getVariantType@1 (line 104)
                      ; - godot.core.VariantKt::access$getVariantType@1 (line 1)
                      ; - godot.core.VariantParser::toKotlin@7 (line 477)
                      ; - godot.internal.memory.TransferContext::readReturnValue@20 (line 75)
                      ; - godot.api.Node2D::getScale@41 (line 414)
                      ; - game.items.weapons.Weapon::updateVisuals@18 (line 238)
                      ; - game.items.weapons.Weapon::_process@47 (line 196)
                      ; - godot.entry.WeaponRegistrar$register$1$1$2::invoke@8 (line 41)
                      ; - godot.entry.WeaponRegistrar$register$1$1$2::invoke@12 (line 41)
  0x0000017d3c356680: 7cdf 85ff 

  0x0000017d3c356684: ;   {other}
  0x0000017d3c356684: 0f1f 8400 | f423 005d | ba45 ffff | ffc5 fb10 | 4424 30c5 | fb11 4424 | 284c 895c | 2438 4c89 
  0x0000017d3c3566a4: ;   {runtime_call UncommonTrapBlob}
  0x0000017d3c3566a4: 5c24 40e8 

  0x0000017d3c3566a8: ; ImmutableOopMap {[32]=Oop [56]=Oop [64]=Oop }
                      ;*if_icmpge {reexecute=1 rethrow=0 return_oop=0}
                      ; - (reexecute) java.nio.Buffer::nextGetIndex@12 (line 720)
                      ; - java.nio.DirectByteBuffer::getFloat@4 (line 953)
                      ; - godot.core.VariantKt::getVector2@5 (line 19)
                      ; - godot.core.VariantKt::access$getVector2@1 (line 1)
                      ; - godot.core.VariantParser$VECTOR2::toUnsafeKotlin@7 (line 176)
                      ; - godot.core.VariantParser$VECTOR2::toUnsafeKotlin@2 (line 175)
                      ; - godot.core.VariantParser::toKotlin@21 (line 479)
                      ; - godot.internal.memory.TransferContext::readReturnValue@20 (line 75)
                      ; - godot.api.Node2D::getScale@41 (line 414)
                      ; - game.items.weapons.Weapon::updateVisuals@18 (line 238)
                      ; - game.items.weapons.Weapon::_process@47 (line 196)
                      ; - godot.entry.WeaponRegistrar$register$1$1$2::invoke@8 (line 41)
                      ; - godot.entry.WeaponRegistrar$register$1$1$2::invoke@12 (line 41)
  0x0000017d3c3566a8: 54df 85ff 

  0x0000017d3c3566ac: ;   {other}
  0x0000017d3c3566ac: 0f1f 8400 | 1c24 005e | ba45 ffff | ff48 8b6c | 2420 c5fb | 1044 2430 | c5fb 1144 | 2420 c5fb 
  0x0000017d3c3566cc: 114c 2428 | 4c89 5c24 | 384c 895c | 2440 895c 

  0x0000017d3c3566dc: ;   {runtime_call UncommonTrapBlob}
  0x0000017d3c3566dc: 2448 90e8 

  0x0000017d3c3566e0: ; ImmutableOopMap {rbp=Oop [56]=Oop [64]=Oop }
                      ;*if_icmpge {reexecute=1 rethrow=0 return_oop=0}
                      ; - (reexecute) java.nio.Buffer::nextGetIndex@12 (line 720)
                      ; - java.nio.DirectByteBuffer::getFloat@4 (line 953)
                      ; - godot.core.VariantKt::getVector2@14 (line 19)
                      ; - godot.core.VariantKt::access$getVector2@1 (line 1)
                      ; - godot.core.VariantParser$VECTOR2::toUnsafeKotlin@7 (line 176)
                      ; - godot.core.VariantParser$VECTOR2::toUnsafeKotlin@2 (line 175)
                      ; - godot.core.VariantParser::toKotlin@21 (line 479)
                      ; - godot.internal.memory.TransferContext::readReturnValue@20 (line 75)
                      ; - godot.api.Node2D::getScale@41 (line 414)
                      ; - game.items.weapons.Weapon::updateVisuals@18 (line 238)
                      ; - game.items.weapons.Weapon::_process@47 (line 196)
                      ; - godot.entry.WeaponRegistrar$register$1$1$2::invoke@8 (line 41)
                      ; - godot.entry.WeaponRegistrar$register$1$1$2::invoke@12 (line 41)
  0x0000017d3c3566e0: 1cdf 85ff 

  0x0000017d3c3566e4: ;   {other}
  0x0000017d3c3566e4: 0f1f 8400 | 5424 005f | ba45 ffff | ff4c 8944 | 2440 4c89 | 4424 484c | 895c 2450 

  0x0000017d3c356700: ;   {runtime_call UncommonTrapBlob}
  0x0000017d3c356700: 6666 90e8 

  0x0000017d3c356704: ; ImmutableOopMap {[32]=Oop [48]=Oop [64]=Oop [72]=Oop }
                      ;*if_icmpne {reexecute=1 rethrow=0 return_oop=0}
                      ; - (reexecute) jdk.internal.misc.Unsafe::convEndian@4 (line 3818)
                      ; - jdk.internal.misc.Unsafe::putIntUnaligned@7 (line 3698)
                      ; - jdk.internal.misc.ScopedMemoryAccess::putIntUnalignedInternal@17 (line 1930)
                      ; - jdk.internal.misc.ScopedMemoryAccess::putIntUnaligned@8 (line 1918)
                      ; - java.nio.DirectByteBuffer::putInt@18 (line 773)
                      ; - java.nio.DirectByteBuffer::putInt@11 (line 785)
                      ; - godot.internal.memory.TransferContext::writeArguments@21 (line 36)
                      ; - godot.api.Node2D::setRotation@23 (line 368)
                      ; - game.items.weapons.Weapon::rotateToTarget@25 (line 177)
                      ; - game.items.weapons.Weapon::_process@32 (line 192)
                      ; - godot.entry.WeaponRegistrar$register$1$1$2::invoke@8 (line 41)
                      ; - godot.entry.WeaponRegistrar$register$1$1$2::invoke@12 (line 41)
  0x0000017d3c356704: f8de 85ff 

  0x0000017d3c356708: ;   {other}
  0x0000017d3c356708: 0f1f 8400 | 7824 0060 | ba45 ffff | ff44 8944 | 2430 4c89 | 5c24 404c | 895c 2448 | 4c89 4c24 
  0x0000017d3c356728: ;   {runtime_call UncommonTrapBlob}
  0x0000017d3c356728: 5066 90e8 

  0x0000017d3c35672c: ; ImmutableOopMap {[32]=Oop [48]=NarrowOop [64]=Oop [72]=Oop }
                      ;*if_icmpne {reexecute=1 rethrow=0 return_oop=0}
                      ; - (reexecute) jdk.internal.misc.Unsafe::convEndian@4 (line 3818)
                      ; - jdk.internal.misc.Unsafe::putIntUnaligned@7 (line 3698)
                      ; - jdk.internal.misc.ScopedMemoryAccess::putIntUnalignedInternal@17 (line 1930)
                      ; - jdk.internal.misc.ScopedMemoryAccess::putIntUnaligned@8 (line 1918)
                      ; - java.nio.DirectByteBuffer::putInt@18 (line 773)
                      ; - java.nio.DirectByteBuffer::putInt@11 (line 785)
                      ; - godot.internal.memory.TransferContext::writeArguments@21 (line 36)
                      ; - godot.api.Node2D::getScale@7 (line 412)
                      ; - game.entity.Player::isFacingRight@4 (line 261)
                      ; - game.items.weapons.Weapon::getIdleRotation@9 (line 139)
                      ; - game.items.weapons.Weapon::getRotationToTarget@20 (line 156)
                      ; - game.items.weapons.Weapon::rotateToTarget@21 (line 177)
                      ; - game.items.weapons.Weapon::_process@32 (line 192)
                      ; - godot.entry.WeaponRegistrar$register$1$1$2::invoke@8 (line 41)
                      ; - godot.entry.WeaponRegistrar$register$1$1$2::invoke@12 (line 41)
  0x0000017d3c35672c: d0de 85ff 

  0x0000017d3c356730: ;   {other}
  0x0000017d3c356730: 0f1f 8400 | a024 0061 | 498b da49 | 8bd7 49ba | d001 fed2 | fe7f 0000 

  0x0000017d3c356748: ;   {other}
  0x0000017d3c356748: 41ff d20f | 1f84 0000 | 0000 004c | 8bd3 e951 | e2ff ffba | 45ff ffff | 8944 2434 

  0x0000017d3c356764: ;   {runtime_call UncommonTrapBlob}
  0x0000017d3c356764: 6666 90e8 

  0x0000017d3c356768: ; ImmutableOopMap {[32]=Oop }
                      ;*if_icmpne {reexecute=1 rethrow=0 return_oop=0}
                      ; - (reexecute) godot.core.VariantParser::toKotlin@16 (line 478)
                      ; - godot.internal.memory.TransferContext::readReturnValue@20 (line 75)
                      ; - godot.api.Node2D::getScale@41 (line 414)
                      ; - game.entity.Player::isFacingRight@4 (line 261)
                      ; - game.items.weapons.Weapon::getIdleRotation@9 (line 139)
                      ; - game.items.weapons.Weapon::getRotationToTarget@20 (line 156)
                      ; - game.items.weapons.Weapon::rotateToTarget@21 (line 177)
                      ; - game.items.weapons.Weapon::_process@32 (line 192)
                      ; - godot.entry.WeaponRegistrar$register$1$1$2::invoke@8 (line 41)
                      ; - godot.entry.WeaponRegistrar$register$1$1$2::invoke@12 (line 41)
  0x0000017d3c356768: 94de 85ff 

  0x0000017d3c35676c: ;   {other}
  0x0000017d3c35676c: 0f1f 8400 | dc24 0062 | ba45 ffff | ff48 8944 

  0x0000017d3c35677c: ;   {runtime_call UncommonTrapBlob}
  0x0000017d3c35677c: 2430 90e8 

  0x0000017d3c356780: ; ImmutableOopMap {rbp=NarrowOop [32]=Oop [48]=Oop }
                      ;*ifnonnull {reexecute=1 rethrow=0 return_oop=0}
                      ; - (reexecute) kotlin.jvm.internal.Intrinsics::checkNotNullParameter@1 (line 130)
                      ; - godot.common.util.ThreadLocalDelegate::getValue@3
                      ; - godot.internal.memory.TransferContext::getBuffer@9 (line 28)
                      ; - godot.internal.memory.TransferContext::writeArguments@7 (line 34)
                      ; - godot.api.Node2D::setRotation@23 (line 368)
                      ; - game.items.weapons.Weapon::rotateToTarget@25 (line 177)
                      ; - game.items.weapons.Weapon::_process@32 (line 192)
                      ; - godot.entry.WeaponRegistrar$register$1$1$2::invoke@8 (line 41)
                      ; - godot.entry.WeaponRegistrar$register$1$1$2::invoke@12 (line 41)
  0x0000017d3c356780: 7cde 85ff 

  0x0000017d3c356784: ;   {other}
  0x0000017d3c356784: 0f1f 8400 | f424 0063 | ba45 ffff | ff4c 8944 | 2440 4c89 

  0x0000017d3c356798: ;   {runtime_call UncommonTrapBlob}
  0x0000017d3c356798: 4424 48e8 

  0x0000017d3c35679c: ; ImmutableOopMap {[32]=Oop [48]=Oop [64]=Oop [72]=Oop }
                      ;*if_icmpge {reexecute=1 rethrow=0 return_oop=0}
                      ; - (reexecute) java.nio.Buffer::nextPutIndex@12 (line 743)
                      ; - java.nio.DirectByteBuffer::putInt@4 (line 785)
                      ; - godot.internal.memory.TransferContext::writeArguments@21 (line 36)
                      ; - godot.api.Node2D::setRotation@23 (line 368)
                      ; - game.items.weapons.Weapon::rotateToTarget@25 (line 177)
                      ; - game.items.weapons.Weapon::_process@32 (line 192)
                      ; - godot.entry.WeaponRegistrar$register$1$1$2::invoke@8 (line 41)
                      ; - godot.entry.WeaponRegistrar$register$1$1$2::invoke@12 (line 41)
  0x0000017d3c35679c: 60de 85ff 

  0x0000017d3c3567a0: ;   {other}
  0x0000017d3c3567a0: 0f1f 8400 | 1025 0064 | ba45 ffff | ff4c 8954 | 2428 4489 

  0x0000017d3c3567b4: ;   {runtime_call UncommonTrapBlob}
  0x0000017d3c3567b4: 5c24 30e8 

  0x0000017d3c3567b8: ; ImmutableOopMap {rbp=NarrowOop [40]=Oop [48]=NarrowOop }
                      ;*ifnonnull {reexecute=1 rethrow=0 return_oop=0}
                      ; - (reexecute) kotlin.jvm.internal.Intrinsics::checkNotNullParameter@1 (line 130)
                      ; - godot.common.util.ThreadLocalDelegate::getValue@3
                      ; - godot.internal.memory.TransferContext::getBuffer@9 (line 28)
                      ; - godot.internal.memory.TransferContext::writeArguments@7 (line 34)
                      ; - godot.api.Node2D::getScale@7 (line 412)
                      ; - game.entity.Player::isFacingRight@4 (line 261)
                      ; - game.items.weapons.Weapon::getIdleRotation@9 (line 139)
                      ; - game.items.weapons.Weapon::getRotationToTarget@20 (line 156)
                      ; - game.items.weapons.Weapon::rotateToTarget@21 (line 177)
                      ; - game.items.weapons.Weapon::_process@32 (line 192)
                      ; - godot.entry.WeaponRegistrar$register$1$1$2::invoke@8 (line 41)
                      ; - godot.entry.WeaponRegistrar$register$1$1$2::invoke@12 (line 41)
  0x0000017d3c3567b8: 44de 85ff 

  0x0000017d3c3567bc: ;   {other}
  0x0000017d3c3567bc: 0f1f 8400 | 2c25 0065 | ba45 ffff | ff44 8944 | 2430 4c89 | 5c24 404c | 895c 2448 

  0x0000017d3c3567d8: ;   {runtime_call UncommonTrapBlob}
  0x0000017d3c3567d8: 6666 90e8 

  0x0000017d3c3567dc: ; ImmutableOopMap {[32]=Oop [48]=NarrowOop [64]=Oop [72]=Oop }
                      ;*if_icmpge {reexecute=1 rethrow=0 return_oop=0}
                      ; - (reexecute) java.nio.Buffer::nextPutIndex@12 (line 743)
                      ; - java.nio.DirectByteBuffer::putInt@4 (line 785)
                      ; - godot.internal.memory.TransferContext::writeArguments@21 (line 36)
                      ; - godot.api.Node2D::getScale@7 (line 412)
                      ; - game.entity.Player::isFacingRight@4 (line 261)
                      ; - game.items.weapons.Weapon::getIdleRotation@9 (line 139)
                      ; - game.items.weapons.Weapon::getRotationToTarget@20 (line 156)
                      ; - game.items.weapons.Weapon::rotateToTarget@21 (line 177)
                      ; - game.items.weapons.Weapon::_process@32 (line 192)
                      ; - godot.entry.WeaponRegistrar$register$1$1$2::invoke@8 (line 41)
                      ; - godot.entry.WeaponRegistrar$register$1$1$2::invoke@12 (line 41)
  0x0000017d3c3567dc: 20de 85ff 

  0x0000017d3c3567e0: ;   {other}
  0x0000017d3c3567e0: 0f1f 8400 | 5025 0066 | ba45 ffff 

  0x0000017d3c3567ec: ;   {runtime_call UncommonTrapBlob}
  0x0000017d3c3567ec: ff66 90e8 

  0x0000017d3c3567f0: ; ImmutableOopMap {rbp=NarrowOop [32]=Oop }
                      ;*ifnonnull {reexecute=1 rethrow=0 return_oop=0}
                      ; - (reexecute) kotlin.jvm.internal.Intrinsics::checkNotNullParameter@1 (line 130)
                      ; - godot.common.util.ThreadLocalDelegate::getValue@3
                      ; - godot.internal.memory.TransferContext::getBuffer@9 (line 28)
                      ; - godot.internal.memory.TransferContext::readReturnValue@7 (line 73)
                      ; - godot.api.Node2D::getScale@41 (line 414)
                      ; - game.entity.Player::isFacingRight@4 (line 261)
                      ; - game.items.weapons.Weapon::getIdleRotation@9 (line 139)
                      ; - game.items.weapons.Weapon::getRotationToTarget@20 (line 156)
                      ; - game.items.weapons.Weapon::rotateToTarget@21 (line 177)
                      ; - game.items.weapons.Weapon::_process@32 (line 192)
                      ; - godot.entry.WeaponRegistrar$register$1$1$2::invoke@8 (line 41)
                      ; - godot.entry.WeaponRegistrar$register$1$1$2::invoke@12 (line 41)
  0x0000017d3c3567f0: 0cde 85ff 

  0x0000017d3c3567f4: ;   {other}
  0x0000017d3c3567f4: 0f1f 8400 | 6425 0067 | ba45 ffff | ff4c 8954 | 2438 4c89 

  0x0000017d3c356808: ;   {runtime_call UncommonTrapBlob}
  0x0000017d3c356808: 5424 40e8 

  0x0000017d3c35680c: ; ImmutableOopMap {[32]=Oop [56]=Oop [64]=Oop }
                      ;*if_icmpge {reexecute=1 rethrow=0 return_oop=0}
                      ; - (reexecute) java.nio.Buffer::nextGetIndex@12 (line 720)
                      ; - java.nio.DirectByteBuffer::getInt@4 (line 753)
                      ; - godot.core.VariantKt::getVariantType@1 (line 104)
                      ; - godot.core.VariantKt::access$getVariantType@1 (line 1)
                      ; - godot.core.VariantParser::toKotlin@7 (line 477)
                      ; - godot.internal.memory.TransferContext::readReturnValue@20 (line 75)
                      ; - godot.api.Node2D::getScale@41 (line 414)
                      ; - game.entity.Player::isFacingRight@4 (line 261)
                      ; - game.items.weapons.Weapon::getIdleRotation@9 (line 139)
                      ; - game.items.weapons.Weapon::getRotationToTarget@20 (line 156)
                      ; - game.items.weapons.Weapon::rotateToTarget@21 (line 177)
                      ; - game.items.weapons.Weapon::_process@32 (line 192)
                      ; - godot.entry.WeaponRegistrar$register$1$1$2::invoke@8 (line 41)
                      ; - godot.entry.WeaponRegistrar$register$1$1$2::invoke@12 (line 41)
  0x0000017d3c35680c: f0dd 85ff 

  0x0000017d3c356810: ;   {other}
  0x0000017d3c356810: 0f1f 8400 | 8025 0068 | ba45 ffff 

  0x0000017d3c35681c: ;   {runtime_call UncommonTrapBlob}
  0x0000017d3c35681c: ff66 90e8 

  0x0000017d3c356820: ; ImmutableOopMap {[32]=Oop [48]=Oop }
                      ;*if_icmpge {reexecute=1 rethrow=0 return_oop=0}
                      ; - (reexecute) java.nio.Buffer::nextGetIndex@12 (line 720)
                      ; - java.nio.DirectByteBuffer::getFloat@4 (line 953)
                      ; - godot.core.VariantKt::getVector2@5 (line 19)
                      ; - godot.core.VariantKt::access$getVector2@1 (line 1)
                      ; - godot.core.VariantParser$VECTOR2::toUnsafeKotlin@7 (line 176)
                      ; - godot.core.VariantParser$VECTOR2::toUnsafeKotlin@2 (line 175)
                      ; - godot.core.VariantParser::toKotlin@21 (line 479)
                      ; - godot.internal.memory.TransferContext::readReturnValue@20 (line 75)
                      ; - godot.api.Node2D::getScale@41 (line 414)
                      ; - game.entity.Player::isFacingRight@4 (line 261)
                      ; - game.items.weapons.Weapon::getIdleRotation@9 (line 139)
                      ; - game.items.weapons.Weapon::getRotationToTarget@20 (line 156)
                      ; - game.items.weapons.Weapon::rotateToTarget@21 (line 177)
                      ; - game.items.weapons.Weapon::_process@32 (line 192)
                      ; - godot.entry.WeaponRegistrar$register$1$1$2::invoke@8 (line 41)
                      ; - godot.entry.WeaponRegistrar$register$1$1$2::invoke@12 (line 41)
  0x0000017d3c356820: dcdd 85ff 

  0x0000017d3c356824: ;   {other}
  0x0000017d3c356824: 0f1f 8400 | 9425 0069 | ba45 ffff | ffc5 fb11 

  0x0000017d3c356834: ;   {runtime_call UncommonTrapBlob}
  0x0000017d3c356834: 4424 38e8 

  0x0000017d3c356838: ; ImmutableOopMap {[32]=Oop [48]=Oop }
                      ;*if_icmpge {reexecute=1 rethrow=0 return_oop=0}
                      ; - (reexecute) java.nio.Buffer::nextGetIndex@12 (line 720)
                      ; - java.nio.DirectByteBuffer::getFloat@4 (line 953)
                      ; - godot.core.VariantKt::getVector2@14 (line 19)
                      ; - godot.core.VariantKt::access$getVector2@1 (line 1)
                      ; - godot.core.VariantParser$VECTOR2::toUnsafeKotlin@7 (line 176)
                      ; - godot.core.VariantParser$VECTOR2::toUnsafeKotlin@2 (line 175)
                      ; - godot.core.VariantParser::toKotlin@21 (line 479)
                      ; - godot.internal.memory.TransferContext::readReturnValue@20 (line 75)
                      ; - godot.api.Node2D::getScale@41 (line 414)
                      ; - game.entity.Player::isFacingRight@4 (line 261)
                      ; - game.items.weapons.Weapon::getIdleRotation@9 (line 139)
                      ; - game.items.weapons.Weapon::getRotationToTarget@20 (line 156)
                      ; - game.items.weapons.Weapon::rotateToTarget@21 (line 177)
                      ; - game.items.weapons.Weapon::_process@32 (line 192)
                      ; - godot.entry.WeaponRegistrar$register$1$1$2::invoke@8 (line 41)
                      ; - godot.entry.WeaponRegistrar$register$1$1$2::invoke@12 (line 41)
  0x0000017d3c356838: c4dd 85ff 

  0x0000017d3c35683c: ;   {other}
  0x0000017d3c35683c: 0f1f 8400 | ac25 006a | ba45 ffff | ff44 895c | 2420 4c89 | 4424 304c | 8944 2438 | 4889 4c24 
  0x0000017d3c35685c: 404c 8954 

  0x0000017d3c356860: ;   {runtime_call UncommonTrapBlob}
  0x0000017d3c356860: 2448 90e8 

  0x0000017d3c356864: ; ImmutableOopMap {[32]=NarrowOop [48]=Oop [56]=Oop [72]=Oop }
                      ;*if_icmpne {reexecute=1 rethrow=0 return_oop=0}
                      ; - (reexecute) jdk.internal.misc.Unsafe::convEndian@4 (line 3818)
                      ; - jdk.internal.misc.Unsafe::putIntUnaligned@7 (line 3698)
                      ; - jdk.internal.misc.ScopedMemoryAccess::putIntUnalignedInternal@17 (line 1930)
                      ; - jdk.internal.misc.ScopedMemoryAccess::putIntUnaligned@8 (line 1918)
                      ; - java.nio.DirectByteBuffer::putInt@18 (line 773)
                      ; - java.nio.DirectByteBuffer::putInt@11 (line 785)
                      ; - godot.internal.memory.TransferContext::writeArguments@21 (line 36)
                      ; - godot.api.Node2D::setScale@25 (line 383)
                      ; - game.items.weapons.Weapon::updateVisuals@84 (line 246)
                      ; - game.items.weapons.Weapon::_process@47 (line 196)
                      ; - godot.entry.WeaponRegistrar$register$1$1$2::invoke@8 (line 41)
                      ; - godot.entry.WeaponRegistrar$register$1$1$2::invoke@12 (line 41)
  0x0000017d3c356864: 98dd 85ff 

  0x0000017d3c356868: ;   {other}
  0x0000017d3c356868: 0f1f 8400 | d825 006b | ba45 ffff | ff41 8beb | 894c 2420 | 4c89 5424 

  0x0000017d3c356880: ;   {runtime_call UncommonTrapBlob}
  0x0000017d3c356880: 2866 90e8 

  0x0000017d3c356884: ; ImmutableOopMap {rbp=NarrowOop [32]=NarrowOop [40]=Oop }
                      ;*ifnonnull {reexecute=1 rethrow=0 return_oop=0}
                      ; - (reexecute) kotlin.jvm.internal.Intrinsics::checkNotNullParameter@1 (line 130)
                      ; - godot.common.util.ThreadLocalDelegate::getValue@3
                      ; - godot.internal.memory.TransferContext::getBuffer@9 (line 28)
                      ; - godot.internal.memory.TransferContext::writeArguments@7 (line 34)
                      ; - godot.api.Node2D::setScale@25 (line 383)
                      ; - game.items.weapons.Weapon::updateVisuals@84 (line 246)
                      ; - game.items.weapons.Weapon::_process@47 (line 196)
                      ; - godot.entry.WeaponRegistrar$register$1$1$2::invoke@8 (line 41)
                      ; - godot.entry.WeaponRegistrar$register$1$1$2::invoke@12 (line 41)
  0x0000017d3c356884: 78dd 85ff 

  0x0000017d3c356888: ;   {other}
  0x0000017d3c356888: 0f1f 8400 | f825 006c | ba45 ffff | ff44 895c | 2420 4c89 | 4424 304c | 8944 2438 | 4c89 5424 
  0x0000017d3c3568a8: ;   {runtime_call UncommonTrapBlob}
  0x0000017d3c3568a8: 4866 90e8 

  0x0000017d3c3568ac: ; ImmutableOopMap {[32]=NarrowOop [48]=Oop [56]=Oop [72]=Oop }
                      ;*if_icmpge {reexecute=1 rethrow=0 return_oop=0}
                      ; - (reexecute) java.nio.Buffer::nextPutIndex@12 (line 743)
                      ; - java.nio.DirectByteBuffer::putInt@4 (line 785)
                      ; - godot.internal.memory.TransferContext::writeArguments@21 (line 36)
                      ; - godot.api.Node2D::setScale@25 (line 383)
                      ; - game.items.weapons.Weapon::updateVisuals@84 (line 246)
                      ; - game.items.weapons.Weapon::_process@47 (line 196)
                      ; - godot.entry.WeaponRegistrar$register$1$1$2::invoke@8 (line 41)
                      ; - godot.entry.WeaponRegistrar$register$1$1$2::invoke@12 (line 41)
  0x0000017d3c3568ac: 50dd 85ff 

  0x0000017d3c3568b0: ;   {other}
  0x0000017d3c3568b0: 0f1f 8400 | 2026 006d | baf6 ffff | ff49 8bea 

  0x0000017d3c3568c0: ;   {runtime_call UncommonTrapBlob}
  0x0000017d3c3568c0: 6666 90e8 

  0x0000017d3c3568c4: ; ImmutableOopMap {rbp=Oop }
                      ;*invokevirtual setScale {reexecute=0 rethrow=0 return_oop=0}
                      ; - game.items.weapons.Weapon::updateVisuals@56 (line 243)
                      ; - game.items.weapons.Weapon::_process@47 (line 196)
                      ; - godot.entry.WeaponRegistrar$register$1$1$2::invoke@8 (line 41)
                      ; - godot.entry.WeaponRegistrar$register$1$1$2::invoke@12 (line 41)
  0x0000017d3c3568c4: 38dd 85ff 

  0x0000017d3c3568c8: ;   {other}
  0x0000017d3c3568c8: 0f1f 8400 | 3826 006e | bade ffff | ff41 8beb | 895c 2420 | 4c89 5424 

  0x0000017d3c3568e0: ;   {runtime_call UncommonTrapBlob}
  0x0000017d3c3568e0: 2866 90e8 

  0x0000017d3c3568e4: ; ImmutableOopMap {rbp=NarrowOop [32]=NarrowOop [40]=Oop }
                      ;*invokevirtual get {reexecute=0 rethrow=0 return_oop=0}
                      ; - godot.common.util.ThreadLocalDelegate::getValue@10 (line 7)
                      ; - godot.internal.memory.TransferContext::getBuffer@9 (line 28)
                      ; - godot.internal.memory.TransferContext::writeArguments@7 (line 34)
                      ; - godot.api.Node2D::setScale@25 (line 383)
                      ; - game.items.weapons.Weapon::updateVisuals@56 (line 243)
                      ; - game.items.weapons.Weapon::_process@47 (line 196)
                      ; - godot.entry.WeaponRegistrar$register$1$1$2::invoke@8 (line 41)
                      ; - godot.entry.WeaponRegistrar$register$1$1$2::invoke@12 (line 41)
  0x0000017d3c3568e4: 18dd 85ff 

  0x0000017d3c3568e8: ;   {other}
  0x0000017d3c3568e8: 0f1f 8400 | 5826 006f | bae4 ffff | ff41 8beb | 4c89 4c24 | 2844 8944 | 2430 4889 | 7c24 3889 
  0x0000017d3c356908: 5c24 4089 | 4c24 444c | 8954 2448 

  0x0000017d3c356914: ;   {runtime_call UncommonTrapBlob}
  0x0000017d3c356914: 6666 90e8 

  0x0000017d3c356918: ; ImmutableOopMap {rbp=NarrowOop [40]=Oop [48]=NarrowOop [56]=Oop [64]=NarrowOop [72]=Oop }
                      ;*aaload {reexecute=0 rethrow=0 return_oop=0}
                      ; - java.lang.ThreadLocal$ThreadLocalMap::getEntry@18 (line 500)
                      ; - java.lang.ThreadLocal::get@12 (line 187)
                      ; - java.lang.ThreadLocal::get@4 (line 172)
                      ; - godot.common.util.ThreadLocalDelegate::getValue@10 (line 7)
                      ; - godot.internal.memory.TransferContext::getBuffer@9 (line 28)
                      ; - godot.internal.memory.TransferContext::writeArguments@7 (line 34)
                      ; - godot.api.Node2D::setScale@25 (line 383)
                      ; - game.items.weapons.Weapon::updateVisuals@56 (line 243)
                      ; - game.items.weapons.Weapon::_process@47 (line 196)
                      ; - godot.entry.WeaponRegistrar$register$1$1$2::invoke@8 (line 41)
                      ; - godot.entry.WeaponRegistrar$register$1$1$2::invoke@12 (line 41)
  0x0000017d3c356918: e4dc 85ff 

  0x0000017d3c35691c: ;   {other}
  0x0000017d3c35691c: 0f1f 8400 | 8c26 0070 | 33c0 483b | d70f 94c0 | ba45 ffff | ff41 8beb | 4c89 4c24 | 2844 8944 
  0x0000017d3c35693c: 2430 4889 | 7c24 3889 | 4c24 3489 | 5c24 4089 | 4424 444c | 8954 2448 

  0x0000017d3c356954: ;   {runtime_call UncommonTrapBlob}
  0x0000017d3c356954: 6666 90e8 

  0x0000017d3c356958: ; ImmutableOopMap {rbp=NarrowOop [40]=Oop [48]=NarrowOop [56]=Oop [64]=NarrowOop [72]=Oop }
                      ;*ifeq {reexecute=1 rethrow=0 return_oop=0}
                      ; - (reexecute) java.lang.ThreadLocal$ThreadLocalMap::getEntry@29 (line 501)
                      ; - java.lang.ThreadLocal::get@12 (line 187)
                      ; - java.lang.ThreadLocal::get@4 (line 172)
                      ; - godot.common.util.ThreadLocalDelegate::getValue@10 (line 7)
                      ; - godot.internal.memory.TransferContext::getBuffer@9 (line 28)
                      ; - godot.internal.memory.TransferContext::writeArguments@7 (line 34)
                      ; - godot.api.Node2D::setScale@25 (line 383)
                      ; - game.items.weapons.Weapon::updateVisuals@56 (line 243)
                      ; - game.items.weapons.Weapon::_process@47 (line 196)
                      ; - godot.entry.WeaponRegistrar$register$1$1$2::invoke@8 (line 41)
                      ; - godot.entry.WeaponRegistrar$register$1$1$2::invoke@12 (line 41)
  0x0000017d3c356958: a4dc 85ff 

  0x0000017d3c35695c: ;   {other}
  0x0000017d3c35695c: 0f1f 8400 | cc26 0071 | baec ffff | ff41 8beb | 4c89 4424 | 284c 8944 | 2430 4889 | 4c24 3844 
  0x0000017d3c35697c: 894c 2448 | 4c89 5424 

  0x0000017d3c356984: ;   {runtime_call UncommonTrapBlob}
  0x0000017d3c356984: 5066 90e8 

  0x0000017d3c356988: ; ImmutableOopMap {rbp=NarrowOop [40]=Oop [48]=Oop [72]=NarrowOop [80]=Oop }
                      ;*ifnull {reexecute=1 rethrow=0 return_oop=0}
                      ; - (reexecute) java.nio.Buffer::session@4 (line 792)
                      ; - java.nio.DirectByteBuffer::putInt@7 (line 773)
                      ; - java.nio.DirectByteBuffer::putInt@11 (line 785)
                      ; - godot.internal.memory.TransferContext::writeArguments@21 (line 36)
                      ; - godot.api.Node2D::setScale@25 (line 383)
                      ; - game.items.weapons.Weapon::updateVisuals@56 (line 243)
                      ; - game.items.weapons.Weapon::_process@47 (line 196)
                      ; - godot.entry.WeaponRegistrar$register$1$1$2::invoke@8 (line 41)
                      ; - godot.entry.WeaponRegistrar$register$1$1$2::invoke@12 (line 41)
  0x0000017d3c356988: 74dc 85ff 

  0x0000017d3c35698c: ;   {other}
  0x0000017d3c35698c: 0f1f 8400 | fc26 0072 | ba45 ffff | ff44 895c | 2420 4c89 | 4424 304c | 8944 2438 | 4889 4c24 
  0x0000017d3c3569ac: 404c 8954 

  0x0000017d3c3569b0: ;   {runtime_call UncommonTrapBlob}
  0x0000017d3c3569b0: 2448 90e8 

  0x0000017d3c3569b4: ; ImmutableOopMap {[32]=NarrowOop [48]=Oop [56]=Oop [72]=Oop }
                      ;*if_icmpne {reexecute=1 rethrow=0 return_oop=0}
                      ; - (reexecute) jdk.internal.misc.Unsafe::convEndian@4 (line 3818)
                      ; - jdk.internal.misc.Unsafe::putIntUnaligned@7 (line 3698)
                      ; - jdk.internal.misc.ScopedMemoryAccess::putIntUnalignedInternal@17 (line 1930)
                      ; - jdk.internal.misc.ScopedMemoryAccess::putIntUnaligned@8 (line 1918)
                      ; - java.nio.DirectByteBuffer::putInt@18 (line 773)
                      ; - java.nio.DirectByteBuffer::putInt@11 (line 785)
                      ; - godot.internal.memory.TransferContext::writeArguments@21 (line 36)
                      ; - godot.api.Node2D::setScale@25 (line 383)
                      ; - game.items.weapons.Weapon::updateVisuals@56 (line 243)
                      ; - game.items.weapons.Weapon::_process@47 (line 196)
                      ; - godot.entry.WeaponRegistrar$register$1$1$2::invoke@8 (line 41)
                      ; - godot.entry.WeaponRegistrar$register$1$1$2::invoke@12 (line 41)
  0x0000017d3c3569b4: 48dc 85ff 

  0x0000017d3c3569b8: ;   {other}
  0x0000017d3c3569b8: 0f1f 8400 | 2827 0073 | ba45 ffff | ff41 8beb | 894c 2420 | 4c89 5424 

  0x0000017d3c3569d0: ;   {runtime_call UncommonTrapBlob}
  0x0000017d3c3569d0: 2866 90e8 

  0x0000017d3c3569d4: ; ImmutableOopMap {rbp=NarrowOop [32]=NarrowOop [40]=Oop }
                      ;*ifnonnull {reexecute=1 rethrow=0 return_oop=0}
                      ; - (reexecute) kotlin.jvm.internal.Intrinsics::checkNotNullParameter@1 (line 130)
                      ; - godot.common.util.ThreadLocalDelegate::getValue@3
                      ; - godot.internal.memory.TransferContext::getBuffer@9 (line 28)
                      ; - godot.internal.memory.TransferContext::writeArguments@7 (line 34)
                      ; - godot.api.Node2D::setScale@25 (line 383)
                      ; - game.items.weapons.Weapon::updateVisuals@56 (line 243)
                      ; - game.items.weapons.Weapon::_process@47 (line 196)
                      ; - godot.entry.WeaponRegistrar$register$1$1$2::invoke@8 (line 41)
                      ; - godot.entry.WeaponRegistrar$register$1$1$2::invoke@12 (line 41)
  0x0000017d3c3569d4: 28dc 85ff 

  0x0000017d3c3569d8: ;   {other}
  0x0000017d3c3569d8: 0f1f 8400 | 4827 0074 | ba45 ffff | ff44 895c | 2420 4c89 | 4424 304c | 8944 2438 | 4c89 5424 
  0x0000017d3c3569f8: ;   {runtime_call UncommonTrapBlob}
  0x0000017d3c3569f8: 4866 90e8 

  0x0000017d3c3569fc: ; ImmutableOopMap {[32]=NarrowOop [48]=Oop [56]=Oop [72]=Oop }
                      ;*if_icmpge {reexecute=1 rethrow=0 return_oop=0}
                      ; - (reexecute) java.nio.Buffer::nextPutIndex@12 (line 743)
                      ; - java.nio.DirectByteBuffer::putInt@4 (line 785)
                      ; - godot.internal.memory.TransferContext::writeArguments@21 (line 36)
                      ; - godot.api.Node2D::setScale@25 (line 383)
                      ; - game.items.weapons.Weapon::updateVisuals@56 (line 243)
                      ; - game.items.weapons.Weapon::_process@47 (line 196)
                      ; - godot.entry.WeaponRegistrar$register$1$1$2::invoke@8 (line 41)
                      ; - godot.entry.WeaponRegistrar$register$1$1$2::invoke@12 (line 41)
  0x0000017d3c3569fc: 00dc 85ff 

  0x0000017d3c356a00: ;   {other}
  0x0000017d3c356a00: 0f1f 8400 | 7027 0075 | baf6 ffff 

  0x0000017d3c356a0c: ;   {runtime_call UncommonTrapBlob}
  0x0000017d3c356a0c: ff66 90e8 

  0x0000017d3c356a10: ; ImmutableOopMap {}
                      ;*invokeinterface isEmpty {reexecute=0 rethrow=0 return_oop=0}
                      ; - game.items.weapons.Weapon::getRotationToTarget@4 (line 155)
                      ; - game.items.weapons.Weapon::rotateToTarget@21 (line 177)
                      ; - game.items.weapons.Weapon::_process@32 (line 192)
                      ; - godot.entry.WeaponRegistrar$register$1$1$2::invoke@8 (line 41)
                      ; - godot.entry.WeaponRegistrar$register$1$1$2::invoke@12 (line 41)
  0x0000017d3c356a10: ecdb 85ff 

  0x0000017d3c356a14: ;   {other}
  0x0000017d3c356a14: 0f1f 8400 | 8427 0076 | baf6 ffff | ff48 8be8 

  0x0000017d3c356a24: ;   {runtime_call UncommonTrapBlob}
  0x0000017d3c356a24: 6666 90e8 

  0x0000017d3c356a28: ; ImmutableOopMap {rbp=Oop }
                      ;*invokevirtual directionTo {reexecute=0 rethrow=0 return_oop=0}
                      ; - game.items.weapons.Weapon::getRotationToTarget@38 (line 159)
                      ; - game.items.weapons.Weapon::rotateToTarget@21 (line 177)
                      ; - game.items.weapons.Weapon::_process@32 (line 192)
                      ; - godot.entry.WeaponRegistrar$register$1$1$2::invoke@8 (line 41)
                      ; - godot.entry.WeaponRegistrar$register$1$1$2::invoke@12 (line 41)
  0x0000017d3c356a28: d4db 85ff 

  0x0000017d3c356a2c: ;   {other}
  0x0000017d3c356a2c: 0f1f 8400 | 9c27 0077 | 498b d749 | bad0 01fe | d2fe 7f00 | 0041 ffd2 

  0x0000017d3c356a44: ;   {other}
  0x0000017d3c356a44: 0f1f 8400 | 0000 0000 | 4c8b d5e9 | c1ee ffff | ba45 ffff | ff4c 8954 

  0x0000017d3c356a5c: ;   {runtime_call UncommonTrapBlob}
  0x0000017d3c356a5c: 2428 90e8 

  0x0000017d3c356a60: ; ImmutableOopMap {[40]=Oop }
                      ;*ifeq {reexecute=1 rethrow=0 return_oop=0}
                      ; - (reexecute) game.items.weapons.Weapon::rotateToTarget@4 (line 174)
                      ; - game.items.weapons.Weapon::_process@32 (line 192)
                      ; - godot.entry.WeaponRegistrar$register$1$1$2::invoke@8 (line 41)
                      ; - godot.entry.WeaponRegistrar$register$1$1$2::invoke@12 (line 41)
  0x0000017d3c356a60: 9cdb 85ff 

  0x0000017d3c356a64: ;   {other}
  0x0000017d3c356a64: 0f1f 8400 | d427 0078 | ba45 ffff | ff4c 8954 | 2428 4c89 

  0x0000017d3c356a78: ;   {runtime_call UncommonTrapBlob}
  0x0000017d3c356a78: 5424 30e8 

  0x0000017d3c356a7c: ; ImmutableOopMap {rbp=NarrowOop [40]=Oop [48]=Oop }
                      ;*ifnonnull {reexecute=1 rethrow=0 return_oop=0}
                      ; - (reexecute) game.items.weapons.Weapon::getRotationToTarget@16 (line 155)
                      ; - game.items.weapons.Weapon::rotateToTarget@21 (line 177)
                      ; - game.items.weapons.Weapon::_process@32 (line 192)
                      ; - godot.entry.WeaponRegistrar$register$1$1$2::invoke@8 (line 41)
                      ; - godot.entry.WeaponRegistrar$register$1$1$2::invoke@12 (line 41)
  0x0000017d3c356a7c: 80db 85ff 

  0x0000017d3c356a80: ;   {other}
  0x0000017d3c356a80: 0f1f 8400 | f027 0079 | bade ffff | ff49 8be9 | 4c89 5c24 | 204c 8944 

  0x0000017d3c356a98: ;   {runtime_call UncommonTrapBlob}
  0x0000017d3c356a98: 2428 90e8 

  0x0000017d3c356a9c: ; ImmutableOopMap {rbp=Oop [32]=Oop [40]=Oop }
                      ;*checkcast {reexecute=0 rethrow=0 return_oop=0}
                      ; - godot.entry.WeaponRegistrar$register$1$1$2::invoke@2 (line 41)
  0x0000017d3c356a9c: 60db 85ff 

  0x0000017d3c356aa0: ;   {other}
  0x0000017d3c356aa0: 0f1f 8400 | 1028 007a | bade ffff | ff49 8beb | 4c89 4c24 | 204c 8954 

  0x0000017d3c356ab8: ;   {runtime_call UncommonTrapBlob}
  0x0000017d3c356ab8: 2428 90e8 

  0x0000017d3c356abc: ; ImmutableOopMap {rbp=Oop [32]=Oop [40]=Oop }
                      ;*checkcast {reexecute=0 rethrow=0 return_oop=0}
                      ; - godot.entry.WeaponRegistrar$register$1$1$2::invoke@6 (line 41)
  0x0000017d3c356abc: 40db 85ff 

  0x0000017d3c356ac0: ;   {other}
  0x0000017d3c356ac0: 0f1f 8400 | 3028 007b | bade ffff | ff44 895c 

  0x0000017d3c356ad0: ;   {runtime_call UncommonTrapBlob}
  0x0000017d3c356ad0: 2430 90e8 

  0x0000017d3c356ad4: ; ImmutableOopMap {rbp=NarrowOop [32]=Oop [48]=NarrowOop }
                      ;*checkcast {reexecute=0 rethrow=0 return_oop=0}
                      ; - godot.internal.memory.TransferContext::getBuffer@12 (line 28)
                      ; - godot.internal.memory.TransferContext::writeArguments@7 (line 34)
                      ; - godot.api.Timer::isStopped@7 (line 232)
                      ; - game.items.weapons.Weapon::canUseWeapon@4 (line 82)
                      ; - game.items.weapons.Weapon::_process@36 (line 194)
                      ; - godot.entry.WeaponRegistrar$register$1$1$2::invoke@8 (line 41)
                      ; - godot.entry.WeaponRegistrar$register$1$1$2::invoke@12 (line 41)
  0x0000017d3c356ad4: 28db 85ff 

  0x0000017d3c356ad8: ;   {other}
  0x0000017d3c356ad8: 0f1f 8400 | 4828 007c | bade ffff 

  0x0000017d3c356ae4: ;   {runtime_call UncommonTrapBlob}
  0x0000017d3c356ae4: ff66 90e8 

  0x0000017d3c356ae8: ; ImmutableOopMap {rbp=NarrowOop [32]=Oop }
                      ;*checkcast {reexecute=0 rethrow=0 return_oop=0}
                      ; - godot.internal.memory.TransferContext::getBuffer@12 (line 28)
                      ; - godot.internal.memory.TransferContext::readReturnValue@7 (line 73)
                      ; - godot.api.Timer::isStopped@41 (line 234)
                      ; - game.items.weapons.Weapon::canUseWeapon@4 (line 82)
                      ; - game.items.weapons.Weapon::_process@36 (line 194)
                      ; - godot.entry.WeaponRegistrar$register$1$1$2::invoke@8 (line 41)
                      ; - godot.entry.WeaponRegistrar$register$1$1$2::invoke@12 (line 41)
  0x0000017d3c356ae8: 14db 85ff 

  0x0000017d3c356aec: ;   {other}
  0x0000017d3c356aec: 0f1f 8400 | 5c28 007d | bade ffff 

  0x0000017d3c356af8: ;   {runtime_call UncommonTrapBlob}
  0x0000017d3c356af8: ff66 90e8 

  0x0000017d3c356afc: ; ImmutableOopMap {rbp=NarrowOop [32]=Oop }
                      ;*checkcast {reexecute=0 rethrow=0 return_oop=0}
                      ; - godot.internal.memory.TransferContext::getBuffer@12 (line 28)
                      ; - godot.internal.memory.TransferContext::writeArguments@7 (line 34)
                      ; - godot.api.Node2D::getRotation@7 (line 394)
                      ; - game.items.weapons.Weapon::updateVisuals@9 (line 235)
                      ; - game.items.weapons.Weapon::_process@47 (line 196)
                      ; - godot.entry.WeaponRegistrar$register$1$1$2::invoke@8 (line 41)
                      ; - godot.entry.WeaponRegistrar$register$1$1$2::invoke@12 (line 41)
  0x0000017d3c356afc: 00db 85ff 

  0x0000017d3c356b00: ;   {other}
  0x0000017d3c356b00: 0f1f 8400 | 7028 007e | bade ffff 

  0x0000017d3c356b0c: ;   {runtime_call UncommonTrapBlob}
  0x0000017d3c356b0c: ff66 90e8 

  0x0000017d3c356b10: ; ImmutableOopMap {rbp=NarrowOop [32]=Oop }
                      ;*checkcast {reexecute=0 rethrow=0 return_oop=0}
                      ; - godot.internal.memory.TransferContext::getBuffer@12 (line 28)
                      ; - godot.internal.memory.TransferContext::readReturnValue@7 (line 73)
                      ; - godot.api.Node2D::getRotation@41 (line 396)
                      ; - game.items.weapons.Weapon::updateVisuals@9 (line 235)
                      ; - game.items.weapons.Weapon::_process@47 (line 196)
                      ; - godot.entry.WeaponRegistrar$register$1$1$2::invoke@8 (line 41)
                      ; - godot.entry.WeaponRegistrar$register$1$1$2::invoke@12 (line 41)
  0x0000017d3c356b10: ecda 85ff 

  0x0000017d3c356b14: ;   {other}
  0x0000017d3c356b14: 0f1f 8400 | 8428 007f | bade ffff | ffc5 fb11 | 4424 2844 | 8944 2430 

  0x0000017d3c356b2c: ;   {runtime_call UncommonTrapBlob}
  0x0000017d3c356b2c: 6666 90e8 

  0x0000017d3c356b30: ; ImmutableOopMap {rbp=NarrowOop [32]=Oop [48]=NarrowOop }
                      ;*checkcast {reexecute=0 rethrow=0 return_oop=0}
                      ; - godot.internal.memory.TransferContext::getBuffer@12 (line 28)
                      ; - godot.internal.memory.TransferContext::writeArguments@7 (line 34)
                      ; - godot.api.Node2D::getScale@7 (line 412)
                      ; - game.items.weapons.Weapon::updateVisuals@18 (line 238)
                      ; - game.items.weapons.Weapon::_process@47 (line 196)
                      ; - godot.entry.WeaponRegistrar$register$1$1$2::invoke@8 (line 41)
                      ; - godot.entry.WeaponRegistrar$register$1$1$2::invoke@12 (line 41)
  0x0000017d3c356b30: ccda 85ff 

  0x0000017d3c356b34: ;   {other}
  0x0000017d3c356b34: 0f1f 8400 | a428 0080 | bade ffff 

  0x0000017d3c356b40: ;   {runtime_call UncommonTrapBlob}
  0x0000017d3c356b40: ff66 90e8 

  0x0000017d3c356b44: ; ImmutableOopMap {rbp=NarrowOop [32]=Oop }
                      ;*checkcast {reexecute=0 rethrow=0 return_oop=0}
                      ; - godot.internal.memory.TransferContext::getBuffer@12 (line 28)
                      ; - godot.internal.memory.TransferContext::readReturnValue@7 (line 73)
                      ; - godot.api.Node2D::getScale@41 (line 414)
                      ; - game.items.weapons.Weapon::updateVisuals@18 (line 238)
                      ; - game.items.weapons.Weapon::_process@47 (line 196)
                      ; - godot.entry.WeaponRegistrar$register$1$1$2::invoke@8 (line 41)
                      ; - godot.entry.WeaponRegistrar$register$1$1$2::invoke@12 (line 41)
  0x0000017d3c356b44: b8da 85ff 

  0x0000017d3c356b48: ;   {other}
  0x0000017d3c356b48: 0f1f 8400 | b828 0081 | bade ffff | ff44 8944 

  0x0000017d3c356b58: ;   {runtime_call UncommonTrapBlob}
  0x0000017d3c356b58: 2430 90e8 

  0x0000017d3c356b5c: ; ImmutableOopMap {rbp=NarrowOop [32]=Oop [48]=NarrowOop }
                      ;*checkcast {reexecute=0 rethrow=0 return_oop=0}
                      ; - godot.internal.memory.TransferContext::getBuffer@12 (line 28)
                      ; - godot.internal.memory.TransferContext::writeArguments@7 (line 34)
                      ; - godot.api.Node2D::getScale@7 (line 412)
                      ; - game.entity.Player::isFacingRight@4 (line 261)
                      ; - game.items.weapons.Weapon::getIdleRotation@9 (line 139)
                      ; - game.items.weapons.Weapon::getRotationToTarget@20 (line 156)
                      ; - game.items.weapons.Weapon::rotateToTarget@21 (line 177)
                      ; - game.items.weapons.Weapon::_process@32 (line 192)
                      ; - godot.entry.WeaponRegistrar$register$1$1$2::invoke@8 (line 41)
                      ; - godot.entry.WeaponRegistrar$register$1$1$2::invoke@12 (line 41)
  0x0000017d3c356b5c: a0da 85ff 

  0x0000017d3c356b60: ;   {other}
  0x0000017d3c356b60: 0f1f 8400 | d028 0082 | bade ffff | ff4c 895c 

  0x0000017d3c356b70: ;   {runtime_call UncommonTrapBlob}
  0x0000017d3c356b70: 2428 90e8 

  0x0000017d3c356b74: ; ImmutableOopMap {rbp=NarrowOop [40]=Oop [48]=Oop }
                      ;*checkcast {reexecute=0 rethrow=0 return_oop=0}
                      ; - game.items.weapons.Weapon::getRotationToTarget@32 (line 159)
                      ; - game.items.weapons.Weapon::rotateToTarget@21 (line 177)
                      ; - game.items.weapons.Weapon::_process@32 (line 192)
                      ; - godot.entry.WeaponRegistrar$register$1$1$2::invoke@8 (line 41)
                      ; - godot.entry.WeaponRegistrar$register$1$1$2::invoke@12 (line 41)
  0x0000017d3c356b74: 88da 85ff 

  0x0000017d3c356b78: ;   {other}
  0x0000017d3c356b78: 0f1f 8400 | e828 0083 | bade ffff 

  0x0000017d3c356b84: ;   {runtime_call UncommonTrapBlob}
  0x0000017d3c356b84: ff66 90e8 

  0x0000017d3c356b88: ; ImmutableOopMap {rbp=NarrowOop [32]=Oop }
                      ;*checkcast {reexecute=0 rethrow=0 return_oop=0}
                      ; - godot.internal.memory.TransferContext::getBuffer@12 (line 28)
                      ; - godot.internal.memory.TransferContext::readReturnValue@7 (line 73)
                      ; - godot.api.Node2D::getScale@41 (line 414)
                      ; - game.entity.Player::isFacingRight@4 (line 261)
                      ; - game.items.weapons.Weapon::getIdleRotation@9 (line 139)
                      ; - game.items.weapons.Weapon::getRotationToTarget@20 (line 156)
                      ; - game.items.weapons.Weapon::rotateToTarget@21 (line 177)
                      ; - game.items.weapons.Weapon::_process@32 (line 192)
                      ; - godot.entry.WeaponRegistrar$register$1$1$2::invoke@8 (line 41)
                      ; - godot.entry.WeaponRegistrar$register$1$1$2::invoke@12 (line 41)
  0x0000017d3c356b88: 74da 85ff 

  0x0000017d3c356b8c: ;   {other}
  0x0000017d3c356b8c: 0f1f 8400 | fc28 0084 | bade ffff | ff44 895c | 2420 4c89 

  0x0000017d3c356ba0: ;   {runtime_call UncommonTrapBlob}
  0x0000017d3c356ba0: 5424 28e8 

  0x0000017d3c356ba4: ; ImmutableOopMap {rbp=NarrowOop [32]=NarrowOop [40]=Oop }
                      ;*checkcast {reexecute=0 rethrow=0 return_oop=0}
                      ; - godot.internal.memory.TransferContext::getBuffer@12 (line 28)
                      ; - godot.internal.memory.TransferContext::writeArguments@7 (line 34)
                      ; - godot.api.Node2D::setScale@25 (line 383)
                      ; - game.items.weapons.Weapon::updateVisuals@56 (line 243)
                      ; - game.items.weapons.Weapon::_process@47 (line 196)
                      ; - godot.entry.WeaponRegistrar$register$1$1$2::invoke@8 (line 41)
                      ; - godot.entry.WeaponRegistrar$register$1$1$2::invoke@12 (line 41)
  0x0000017d3c356ba4: 58da 85ff 

  0x0000017d3c356ba8: ;   {other}
  0x0000017d3c356ba8: 0f1f 8400 | 1829 0085 | bade ffff | ff44 895c | 2420 4c89 

  0x0000017d3c356bbc: ;   {runtime_call UncommonTrapBlob}
  0x0000017d3c356bbc: 5424 28e8 

  0x0000017d3c356bc0: ; ImmutableOopMap {rbp=NarrowOop [32]=NarrowOop [40]=Oop }
                      ;*checkcast {reexecute=0 rethrow=0 return_oop=0}
                      ; - godot.internal.memory.TransferContext::getBuffer@12 (line 28)
                      ; - godot.internal.memory.TransferContext::writeArguments@7 (line 34)
                      ; - godot.api.Node2D::setScale@25 (line 383)
                      ; - game.items.weapons.Weapon::updateVisuals@84 (line 246)
                      ; - game.items.weapons.Weapon::_process@47 (line 196)
                      ; - godot.entry.WeaponRegistrar$register$1$1$2::invoke@8 (line 41)
                      ; - godot.entry.WeaponRegistrar$register$1$1$2::invoke@12 (line 41)
  0x0000017d3c356bc0: 3cda 85ff 

  0x0000017d3c356bc4: ;   {other}
  0x0000017d3c356bc4: 0f1f 8400 | 3429 0086 | bade ffff 

  0x0000017d3c356bd0: ;   {runtime_call UncommonTrapBlob}
  0x0000017d3c356bd0: ff66 90e8 

  0x0000017d3c356bd4: ; ImmutableOopMap {rbp=NarrowOop [32]=Oop [48]=Oop }
                      ;*checkcast {reexecute=0 rethrow=0 return_oop=0}
                      ; - godot.internal.memory.TransferContext::getBuffer@12 (line 28)
                      ; - godot.internal.memory.TransferContext::writeArguments@7 (line 34)
                      ; - godot.api.Node2D::setRotation@23 (line 368)
                      ; - game.items.weapons.Weapon::rotateToTarget@25 (line 177)
                      ; - game.items.weapons.Weapon::_process@32 (line 192)
                      ; - godot.entry.WeaponRegistrar$register$1$1$2::invoke@8 (line 41)
                      ; - godot.entry.WeaponRegistrar$register$1$1$2::invoke@12 (line 41)
  0x0000017d3c356bd4: 28da 85ff 

  0x0000017d3c356bd8: ;   {other}
  0x0000017d3c356bd8: 0f1f 8400 | 4829 0087 | 488b d048 | 8b6c 2420 

  0x0000017d3c356be8: ;   {runtime_call _rethrow_Java}
  0x0000017d3c356be8: 6666 90e8 

  0x0000017d3c356bec: ; ImmutableOopMap {rbp=Oop [48]=Oop }
                      ;*invokevirtual getIntUnalignedInternal {reexecute=0 rethrow=0 return_oop=1}
                      ; - jdk.internal.misc.ScopedMemoryAccess::getIntUnaligned@6 (line 1897)
                      ; - java.nio.DirectByteBuffer::getInt@13 (line 744)
                      ; - java.nio.DirectByteBuffer::getInt@10 (line 753)
                      ; - godot.core.VariantKt::getVariantType@1 (line 104)
                      ; - godot.core.VariantKt::access$getVariantType@1 (line 1)
                      ; - godot.core.VariantParser::toKotlin@7 (line 477)
                      ; - godot.internal.memory.TransferContext::readReturnValue@20 (line 75)
                      ; - godot.api.Node2D::getScale@41 (line 414)
                      ; - game.entity.Player::isFacingRight@4 (line 261)
                      ; - game.items.weapons.Weapon::getIdleRotation@9 (line 139)
                      ; - game.items.weapons.Weapon::getRotationToTarget@20 (line 156)
                      ; - game.items.weapons.Weapon::rotateToTarget@21 (line 177)
                      ; - game.items.weapons.Weapon::_process@32 (line 192)
                      ; - godot.entry.WeaponRegistrar$register$1$1$2::invoke@8 (line 41)
                      ; - godot.entry.WeaponRegistrar$register$1$1$2::invoke@12 (line 41)
  0x0000017d3c356bec: 1080 adff 

  0x0000017d3c356bf0: ;   {other}
  0x0000017d3c356bf0: 0f1f 8400 | 6029 0088 | 488b d048 | 8b6c 2420 

  0x0000017d3c356c00: ;   {runtime_call _rethrow_Java}
  0x0000017d3c356c00: 6666 90e8 

  0x0000017d3c356c04: ; ImmutableOopMap {rbp=Oop [48]=Oop }
                      ;*invokevirtual getIntUnalignedInternal {reexecute=0 rethrow=0 return_oop=1}
                      ; - jdk.internal.misc.ScopedMemoryAccess::getIntUnaligned@6 (line 1897)
                      ; - java.nio.DirectByteBuffer::getFloat@13 (line 944)
                      ; - java.nio.DirectByteBuffer::getFloat@10 (line 953)
                      ; - godot.core.VariantKt::getVector2@5 (line 19)
                      ; - godot.core.VariantKt::access$getVector2@1 (line 1)
                      ; - godot.core.VariantParser$VECTOR2::toUnsafeKotlin@7 (line 176)
                      ; - godot.core.VariantParser$VECTOR2::toUnsafeKotlin@2 (line 175)
                      ; - godot.core.VariantParser::toKotlin@21 (line 479)
                      ; - godot.internal.memory.TransferContext::readReturnValue@20 (line 75)
                      ; - godot.api.Node2D::getScale@41 (line 414)
                      ; - game.entity.Player::isFacingRight@4 (line 261)
                      ; - game.items.weapons.Weapon::getIdleRotation@9 (line 139)
                      ; - game.items.weapons.Weapon::getRotationToTarget@20 (line 156)
                      ; - game.items.weapons.Weapon::rotateToTarget@21 (line 177)
                      ; - game.items.weapons.Weapon::_process@32 (line 192)
                      ; - godot.entry.WeaponRegistrar$register$1$1$2::invoke@8 (line 41)
                      ; - godot.entry.WeaponRegistrar$register$1$1$2::invoke@12 (line 41)
  0x0000017d3c356c04: f87f adff 

  0x0000017d3c356c08: ;   {other}
  0x0000017d3c356c08: 0f1f 8400 | 7829 0089 | 488b d048 | 8b6c 2420 

  0x0000017d3c356c18: ;   {runtime_call _rethrow_Java}
  0x0000017d3c356c18: 6666 90e8 

  0x0000017d3c356c1c: ; ImmutableOopMap {rbp=Oop [48]=Oop }
                      ;*invokevirtual getIntUnalignedInternal {reexecute=0 rethrow=0 return_oop=1}
                      ; - jdk.internal.misc.ScopedMemoryAccess::getIntUnaligned@6 (line 1897)
                      ; - java.nio.DirectByteBuffer::getFloat@13 (line 944)
                      ; - java.nio.DirectByteBuffer::getFloat@10 (line 953)
                      ; - godot.core.VariantKt::getVector2@14 (line 19)
                      ; - godot.core.VariantKt::access$getVector2@1 (line 1)
                      ; - godot.core.VariantParser$VECTOR2::toUnsafeKotlin@7 (line 176)
                      ; - godot.core.VariantParser$VECTOR2::toUnsafeKotlin@2 (line 175)
                      ; - godot.core.VariantParser::toKotlin@21 (line 479)
                      ; - godot.internal.memory.TransferContext::readReturnValue@20 (line 75)
                      ; - godot.api.Node2D::getScale@41 (line 414)
                      ; - game.entity.Player::isFacingRight@4 (line 261)
                      ; - game.items.weapons.Weapon::getIdleRotation@9 (line 139)
                      ; - game.items.weapons.Weapon::getRotationToTarget@20 (line 156)
                      ; - game.items.weapons.Weapon::rotateToTarget@21 (line 177)
                      ; - game.items.weapons.Weapon::_process@32 (line 192)
                      ; - godot.entry.WeaponRegistrar$register$1$1$2::invoke@8 (line 41)
                      ; - godot.entry.WeaponRegistrar$register$1$1$2::invoke@12 (line 41)
  0x0000017d3c356c1c: e07f adff 

  0x0000017d3c356c20: ;   {other}
  0x0000017d3c356c20: 0f1f 8400 | 9029 008a | baf4 ffff | ff49 8be9 | 4c89 5c24 

  0x0000017d3c356c34: ;   {runtime_call UncommonTrapBlob}
  0x0000017d3c356c34: 2066 90e8 

  0x0000017d3c356c38: ; ImmutableOopMap {rbp=Oop [32]=Oop }
                      ;*checkcast {reexecute=0 rethrow=0 return_oop=0}
                      ; - godot.entry.WeaponRegistrar$register$1$1$2::invoke@2 (line 41)
  0x0000017d3c356c38: c4d9 85ff 

  0x0000017d3c356c3c: ;   {other}
  0x0000017d3c356c3c: 0f1f 8400 | ac29 008b | baf4 ffff | ff49 8beb | 4c89 5424 

  0x0000017d3c356c50: ;   {runtime_call UncommonTrapBlob}
  0x0000017d3c356c50: 2066 90e8 

  0x0000017d3c356c54: ; ImmutableOopMap {rbp=Oop [32]=Oop }
                      ;*checkcast {reexecute=0 rethrow=0 return_oop=0}
                      ; - godot.entry.WeaponRegistrar$register$1$1$2::invoke@6 (line 41)
  0x0000017d3c356c54: a8d9 85ff 

  0x0000017d3c356c58: ;   {other}
  0x0000017d3c356c58: 0f1f 8400 | c829 008c | baf6 ffff 

  0x0000017d3c356c64: ;   {runtime_call UncommonTrapBlob}
  0x0000017d3c356c64: ff66 90e8 

  0x0000017d3c356c68: ; ImmutableOopMap {}
                      ;*invokevirtual get {reexecute=0 rethrow=0 return_oop=0}
                      ; - godot.common.util.ThreadLocalDelegate::getValue@10 (line 7)
                      ; - godot.internal.memory.TransferContext::getBuffer@9 (line 28)
                      ; - godot.internal.memory.TransferContext::writeArguments@7 (line 34)
                      ; - godot.api.Timer::isStopped@7 (line 232)
                      ; - game.items.weapons.Weapon::canUseWeapon@4 (line 82)
                      ; - game.items.weapons.Weapon::_process@36 (line 194)
                      ; - godot.entry.WeaponRegistrar$register$1$1$2::invoke@8 (line 41)
                      ; - godot.entry.WeaponRegistrar$register$1$1$2::invoke@12 (line 41)
  0x0000017d3c356c68: 94d9 85ff 

  0x0000017d3c356c6c: ;   {other}
  0x0000017d3c356c6c: 0f1f 8400 | dc29 008d | baf6 ffff 

  0x0000017d3c356c78: ;   {runtime_call UncommonTrapBlob}
  0x0000017d3c356c78: ff66 90e8 

  0x0000017d3c356c7c: ; ImmutableOopMap {}
                      ;*arraylength {reexecute=0 rethrow=0 return_oop=0}
                      ; - java.lang.ThreadLocal$ThreadLocalMap::getEntry@8 (line 499)
                      ; - java.lang.ThreadLocal::get@12 (line 187)
                      ; - java.lang.ThreadLocal::get@4 (line 172)
                      ; - godot.common.util.ThreadLocalDelegate::getValue@10 (line 7)
                      ; - godot.internal.memory.TransferContext::getBuffer@9 (line 28)
                      ; - godot.internal.memory.TransferContext::writeArguments@7 (line 34)
                      ; - godot.api.Timer::isStopped@7 (line 232)
                      ; - game.items.weapons.Weapon::canUseWeapon@4 (line 82)
                      ; - game.items.weapons.Weapon::_process@36 (line 194)
                      ; - godot.entry.WeaponRegistrar$register$1$1$2::invoke@8 (line 41)
                      ; - godot.entry.WeaponRegistrar$register$1$1$2::invoke@12 (line 41)
  0x0000017d3c356c7c: 80d9 85ff 

  0x0000017d3c356c80: ;   {other}
  0x0000017d3c356c80: 0f1f 8400 | f029 008e | baf4 ffff | ff48 8b6c | 2420 4489 

  0x0000017d3c356c94: ;   {runtime_call UncommonTrapBlob}
  0x0000017d3c356c94: 5c24 28e8 

  0x0000017d3c356c98: ; ImmutableOopMap {rbp=Oop [40]=NarrowOop }
                      ;*checkcast {reexecute=0 rethrow=0 return_oop=0}
                      ; - godot.internal.memory.TransferContext::getBuffer@12 (line 28)
                      ; - godot.internal.memory.TransferContext::writeArguments@7 (line 34)
                      ; - godot.api.Timer::isStopped@7 (line 232)
                      ; - game.items.weapons.Weapon::canUseWeapon@4 (line 82)
                      ; - game.items.weapons.Weapon::_process@36 (line 194)
                      ; - godot.entry.WeaponRegistrar$register$1$1$2::invoke@8 (line 41)
                      ; - godot.entry.WeaponRegistrar$register$1$1$2::invoke@12 (line 41)
  0x0000017d3c356c98: 64d9 85ff 

  0x0000017d3c356c9c: ;   {other}
  0x0000017d3c356c9c: 0f1f 8400 | 0c2a 008f | baf6 ffff 

  0x0000017d3c356ca8: ;   {runtime_call UncommonTrapBlob}
  0x0000017d3c356ca8: ff66 90e8 

  0x0000017d3c356cac: ; ImmutableOopMap {}
                      ;*invokevirtual get {reexecute=0 rethrow=0 return_oop=0}
                      ; - godot.common.util.ThreadLocalDelegate::getValue@10 (line 7)
                      ; - godot.internal.memory.TransferContext::getBuffer@9 (line 28)
                      ; - godot.internal.memory.TransferContext::readReturnValue@7 (line 73)
                      ; - godot.api.Timer::isStopped@41 (line 234)
                      ; - game.items.weapons.Weapon::canUseWeapon@4 (line 82)
                      ; - game.items.weapons.Weapon::_process@36 (line 194)
                      ; - godot.entry.WeaponRegistrar$register$1$1$2::invoke@8 (line 41)
                      ; - godot.entry.WeaponRegistrar$register$1$1$2::invoke@12 (line 41)
  0x0000017d3c356cac: 50d9 85ff 

  0x0000017d3c356cb0: ;   {other}
  0x0000017d3c356cb0: 0f1f 8400 | 202a 0090 | baf6 ffff 

  0x0000017d3c356cbc: ;   {runtime_call UncommonTrapBlob}
  0x0000017d3c356cbc: ff66 90e8 

  0x0000017d3c356cc0: ; ImmutableOopMap {}
                      ;*arraylength {reexecute=0 rethrow=0 return_oop=0}
                      ; - java.lang.ThreadLocal$ThreadLocalMap::getEntry@8 (line 499)
                      ; - java.lang.ThreadLocal::get@12 (line 187)
                      ; - java.lang.ThreadLocal::get@4 (line 172)
                      ; - godot.common.util.ThreadLocalDelegate::getValue@10 (line 7)
                      ; - godot.internal.memory.TransferContext::getBuffer@9 (line 28)
                      ; - godot.internal.memory.TransferContext::readReturnValue@7 (line 73)
                      ; - godot.api.Timer::isStopped@41 (line 234)
                      ; - game.items.weapons.Weapon::canUseWeapon@4 (line 82)
                      ; - game.items.weapons.Weapon::_process@36 (line 194)
                      ; - godot.entry.WeaponRegistrar$register$1$1$2::invoke@8 (line 41)
                      ; - godot.entry.WeaponRegistrar$register$1$1$2::invoke@12 (line 41)
  0x0000017d3c356cc0: 3cd9 85ff 

  0x0000017d3c356cc4: ;   {other}
  0x0000017d3c356cc4: 0f1f 8400 | 342a 0091 | baf4 ffff | ff48 8b6c 

  0x0000017d3c356cd4: ;   {runtime_call UncommonTrapBlob}
  0x0000017d3c356cd4: 2420 90e8 

  0x0000017d3c356cd8: ; ImmutableOopMap {rbp=Oop }
                      ;*checkcast {reexecute=0 rethrow=0 return_oop=0}
                      ; - godot.internal.memory.TransferContext::getBuffer@12 (line 28)
                      ; - godot.internal.memory.TransferContext::readReturnValue@7 (line 73)
                      ; - godot.api.Timer::isStopped@41 (line 234)
                      ; - game.items.weapons.Weapon::canUseWeapon@4 (line 82)
                      ; - game.items.weapons.Weapon::_process@36 (line 194)
                      ; - godot.entry.WeaponRegistrar$register$1$1$2::invoke@8 (line 41)
                      ; - godot.entry.WeaponRegistrar$register$1$1$2::invoke@12 (line 41)
  0x0000017d3c356cd8: 24d9 85ff 

  0x0000017d3c356cdc: ;   {other}
  0x0000017d3c356cdc: 0f1f 8400 | 4c2a 0092 | baf6 ffff 

  0x0000017d3c356ce8: ;   {runtime_call UncommonTrapBlob}
  0x0000017d3c356ce8: ff66 90e8 

  0x0000017d3c356cec: ; ImmutableOopMap {}
                      ;*invokevirtual get {reexecute=0 rethrow=0 return_oop=0}
                      ; - godot.common.util.ThreadLocalDelegate::getValue@10 (line 7)
                      ; - godot.internal.memory.TransferContext::getBuffer@9 (line 28)
                      ; - godot.internal.memory.TransferContext::writeArguments@7 (line 34)
                      ; - godot.api.Node2D::getRotation@7 (line 394)
                      ; - game.items.weapons.Weapon::updateVisuals@9 (line 235)
                      ; - game.items.weapons.Weapon::_process@47 (line 196)
                      ; - godot.entry.WeaponRegistrar$register$1$1$2::invoke@8 (line 41)
                      ; - godot.entry.WeaponRegistrar$register$1$1$2::invoke@12 (line 41)
  0x0000017d3c356cec: 10d9 85ff 

  0x0000017d3c356cf0: ;   {other}
  0x0000017d3c356cf0: 0f1f 8400 | 602a 0093 | baf6 ffff 

  0x0000017d3c356cfc: ;   {runtime_call UncommonTrapBlob}
  0x0000017d3c356cfc: ff66 90e8 

  0x0000017d3c356d00: ; ImmutableOopMap {}
                      ;*arraylength {reexecute=0 rethrow=0 return_oop=0}
                      ; - java.lang.ThreadLocal$ThreadLocalMap::getEntry@8 (line 499)
                      ; - java.lang.ThreadLocal::get@12 (line 187)
                      ; - java.lang.ThreadLocal::get@4 (line 172)
                      ; - godot.common.util.ThreadLocalDelegate::getValue@10 (line 7)
                      ; - godot.internal.memory.TransferContext::getBuffer@9 (line 28)
                      ; - godot.internal.memory.TransferContext::writeArguments@7 (line 34)
                      ; - godot.api.Node2D::getRotation@7 (line 394)
                      ; - game.items.weapons.Weapon::updateVisuals@9 (line 235)
                      ; - game.items.weapons.Weapon::_process@47 (line 196)
                      ; - godot.entry.WeaponRegistrar$register$1$1$2::invoke@8 (line 41)
                      ; - godot.entry.WeaponRegistrar$register$1$1$2::invoke@12 (line 41)
  0x0000017d3c356d00: fcd8 85ff 

  0x0000017d3c356d04: ;   {other}
  0x0000017d3c356d04: 0f1f 8400 | 742a 0094 | baf4 ffff | ff48 8b6c 

  0x0000017d3c356d14: ;   {runtime_call UncommonTrapBlob}
  0x0000017d3c356d14: 2420 90e8 

  0x0000017d3c356d18: ; ImmutableOopMap {rbp=Oop }
                      ;*checkcast {reexecute=0 rethrow=0 return_oop=0}
                      ; - godot.internal.memory.TransferContext::getBuffer@12 (line 28)
                      ; - godot.internal.memory.TransferContext::writeArguments@7 (line 34)
                      ; - godot.api.Node2D::getRotation@7 (line 394)
                      ; - game.items.weapons.Weapon::updateVisuals@9 (line 235)
                      ; - game.items.weapons.Weapon::_process@47 (line 196)
                      ; - godot.entry.WeaponRegistrar$register$1$1$2::invoke@8 (line 41)
                      ; - godot.entry.WeaponRegistrar$register$1$1$2::invoke@12 (line 41)
  0x0000017d3c356d18: e4d8 85ff 

  0x0000017d3c356d1c: ;   {other}
  0x0000017d3c356d1c: 0f1f 8400 | 8c2a 0095 | baf6 ffff 

  0x0000017d3c356d28: ;   {runtime_call UncommonTrapBlob}
  0x0000017d3c356d28: ff66 90e8 

  0x0000017d3c356d2c: ; ImmutableOopMap {}
                      ;*invokevirtual get {reexecute=0 rethrow=0 return_oop=0}
                      ; - godot.common.util.ThreadLocalDelegate::getValue@10 (line 7)
                      ; - godot.internal.memory.TransferContext::getBuffer@9 (line 28)
                      ; - godot.internal.memory.TransferContext::readReturnValue@7 (line 73)
                      ; - godot.api.Node2D::getRotation@41 (line 396)
                      ; - game.items.weapons.Weapon::updateVisuals@9 (line 235)
                      ; - game.items.weapons.Weapon::_process@47 (line 196)
                      ; - godot.entry.WeaponRegistrar$register$1$1$2::invoke@8 (line 41)
                      ; - godot.entry.WeaponRegistrar$register$1$1$2::invoke@12 (line 41)
  0x0000017d3c356d2c: d0d8 85ff 

  0x0000017d3c356d30: ;   {other}
  0x0000017d3c356d30: 0f1f 8400 | a02a 0096 | baf6 ffff 

  0x0000017d3c356d3c: ;   {runtime_call UncommonTrapBlob}
  0x0000017d3c356d3c: ff66 90e8 

  0x0000017d3c356d40: ; ImmutableOopMap {}
                      ;*arraylength {reexecute=0 rethrow=0 return_oop=0}
                      ; - java.lang.ThreadLocal$ThreadLocalMap::getEntry@8 (line 499)
                      ; - java.lang.ThreadLocal::get@12 (line 187)
                      ; - java.lang.ThreadLocal::get@4 (line 172)
                      ; - godot.common.util.ThreadLocalDelegate::getValue@10 (line 7)
                      ; - godot.internal.memory.TransferContext::getBuffer@9 (line 28)
                      ; - godot.internal.memory.TransferContext::readReturnValue@7 (line 73)
                      ; - godot.api.Node2D::getRotation@41 (line 396)
                      ; - game.items.weapons.Weapon::updateVisuals@9 (line 235)
                      ; - game.items.weapons.Weapon::_process@47 (line 196)
                      ; - godot.entry.WeaponRegistrar$register$1$1$2::invoke@8 (line 41)
                      ; - godot.entry.WeaponRegistrar$register$1$1$2::invoke@12 (line 41)
  0x0000017d3c356d40: bcd8 85ff 

  0x0000017d3c356d44: ;   {other}
  0x0000017d3c356d44: 0f1f 8400 | b42a 0097 | baf4 ffff | ff48 8b6c 

  0x0000017d3c356d54: ;   {runtime_call UncommonTrapBlob}
  0x0000017d3c356d54: 2420 90e8 

  0x0000017d3c356d58: ; ImmutableOopMap {rbp=Oop }
                      ;*checkcast {reexecute=0 rethrow=0 return_oop=0}
                      ; - godot.internal.memory.TransferContext::getBuffer@12 (line 28)
                      ; - godot.internal.memory.TransferContext::readReturnValue@7 (line 73)
                      ; - godot.api.Node2D::getRotation@41 (line 396)
                      ; - game.items.weapons.Weapon::updateVisuals@9 (line 235)
                      ; - game.items.weapons.Weapon::_process@47 (line 196)
                      ; - godot.entry.WeaponRegistrar$register$1$1$2::invoke@8 (line 41)
                      ; - godot.entry.WeaponRegistrar$register$1$1$2::invoke@12 (line 41)
  0x0000017d3c356d58: a4d8 85ff 

  0x0000017d3c356d5c: ;   {other}
  0x0000017d3c356d5c: 0f1f 8400 | cc2a 0098 | baf6 ffff 

  0x0000017d3c356d68: ;   {runtime_call UncommonTrapBlob}
  0x0000017d3c356d68: ff66 90e8 

  0x0000017d3c356d6c: ; ImmutableOopMap {}
                      ;*invokevirtual get {reexecute=0 rethrow=0 return_oop=0}
                      ; - godot.common.util.ThreadLocalDelegate::getValue@10 (line 7)
                      ; - godot.internal.memory.TransferContext::getBuffer@9 (line 28)
                      ; - godot.internal.memory.TransferContext::writeArguments@7 (line 34)
                      ; - godot.api.Node2D::getScale@7 (line 412)
                      ; - game.items.weapons.Weapon::updateVisuals@18 (line 238)
                      ; - game.items.weapons.Weapon::_process@47 (line 196)
                      ; - godot.entry.WeaponRegistrar$register$1$1$2::invoke@8 (line 41)
                      ; - godot.entry.WeaponRegistrar$register$1$1$2::invoke@12 (line 41)
  0x0000017d3c356d6c: 90d8 85ff 

  0x0000017d3c356d70: ;   {other}
  0x0000017d3c356d70: 0f1f 8400 | e02a 0099 | baf6 ffff 

  0x0000017d3c356d7c: ;   {runtime_call UncommonTrapBlob}
  0x0000017d3c356d7c: ff66 90e8 

  0x0000017d3c356d80: ; ImmutableOopMap {}
                      ;*arraylength {reexecute=0 rethrow=0 return_oop=0}
                      ; - java.lang.ThreadLocal$ThreadLocalMap::getEntry@8 (line 499)
                      ; - java.lang.ThreadLocal::get@12 (line 187)
                      ; - java.lang.ThreadLocal::get@4 (line 172)
                      ; - godot.common.util.ThreadLocalDelegate::getValue@10 (line 7)
                      ; - godot.internal.memory.TransferContext::getBuffer@9 (line 28)
                      ; - godot.internal.memory.TransferContext::writeArguments@7 (line 34)
                      ; - godot.api.Node2D::getScale@7 (line 412)
                      ; - game.items.weapons.Weapon::updateVisuals@18 (line 238)
                      ; - game.items.weapons.Weapon::_process@47 (line 196)
                      ; - godot.entry.WeaponRegistrar$register$1$1$2::invoke@8 (line 41)
                      ; - godot.entry.WeaponRegistrar$register$1$1$2::invoke@12 (line 41)
  0x0000017d3c356d80: 7cd8 85ff 

  0x0000017d3c356d84: ;   {other}
  0x0000017d3c356d84: 0f1f 8400 | f42a 009a | baf4 ffff | ff48 8b6c | 2420 c5fb | 1144 2420 | 4489 4424 

  0x0000017d3c356da0: ;   {runtime_call UncommonTrapBlob}
  0x0000017d3c356da0: 2866 90e8 

  0x0000017d3c356da4: ; ImmutableOopMap {rbp=Oop [40]=NarrowOop }
                      ;*checkcast {reexecute=0 rethrow=0 return_oop=0}
                      ; - godot.internal.memory.TransferContext::getBuffer@12 (line 28)
                      ; - godot.internal.memory.TransferContext::writeArguments@7 (line 34)
                      ; - godot.api.Node2D::getScale@7 (line 412)
                      ; - game.items.weapons.Weapon::updateVisuals@18 (line 238)
                      ; - game.items.weapons.Weapon::_process@47 (line 196)
                      ; - godot.entry.WeaponRegistrar$register$1$1$2::invoke@8 (line 41)
                      ; - godot.entry.WeaponRegistrar$register$1$1$2::invoke@12 (line 41)
  0x0000017d3c356da4: 58d8 85ff 

  0x0000017d3c356da8: ;   {other}
  0x0000017d3c356da8: 0f1f 8400 | 182b 009b | baf6 ffff 

  0x0000017d3c356db4: ;   {runtime_call UncommonTrapBlob}
  0x0000017d3c356db4: ff66 90e8 

  0x0000017d3c356db8: ; ImmutableOopMap {}
                      ;*invokevirtual get {reexecute=0 rethrow=0 return_oop=0}
                      ; - godot.common.util.ThreadLocalDelegate::getValue@10 (line 7)
                      ; - godot.internal.memory.TransferContext::getBuffer@9 (line 28)
                      ; - godot.internal.memory.TransferContext::readReturnValue@7 (line 73)
                      ; - godot.api.Node2D::getScale@41 (line 414)
                      ; - game.items.weapons.Weapon::updateVisuals@18 (line 238)
                      ; - game.items.weapons.Weapon::_process@47 (line 196)
                      ; - godot.entry.WeaponRegistrar$register$1$1$2::invoke@8 (line 41)
                      ; - godot.entry.WeaponRegistrar$register$1$1$2::invoke@12 (line 41)
  0x0000017d3c356db8: 44d8 85ff 

  0x0000017d3c356dbc: ;   {other}
  0x0000017d3c356dbc: 0f1f 8400 | 2c2b 009c | baf6 ffff 

  0x0000017d3c356dc8: ;   {runtime_call UncommonTrapBlob}
  0x0000017d3c356dc8: ff66 90e8 

  0x0000017d3c356dcc: ; ImmutableOopMap {}
                      ;*arraylength {reexecute=0 rethrow=0 return_oop=0}
                      ; - java.lang.ThreadLocal$ThreadLocalMap::getEntry@8 (line 499)
                      ; - java.lang.ThreadLocal::get@12 (line 187)
                      ; - java.lang.ThreadLocal::get@4 (line 172)
                      ; - godot.common.util.ThreadLocalDelegate::getValue@10 (line 7)
                      ; - godot.internal.memory.TransferContext::getBuffer@9 (line 28)
                      ; - godot.internal.memory.TransferContext::readReturnValue@7 (line 73)
                      ; - godot.api.Node2D::getScale@41 (line 414)
                      ; - game.items.weapons.Weapon::updateVisuals@18 (line 238)
                      ; - game.items.weapons.Weapon::_process@47 (line 196)
                      ; - godot.entry.WeaponRegistrar$register$1$1$2::invoke@8 (line 41)
                      ; - godot.entry.WeaponRegistrar$register$1$1$2::invoke@12 (line 41)
  0x0000017d3c356dcc: 30d8 85ff 

  0x0000017d3c356dd0: ;   {other}
  0x0000017d3c356dd0: 0f1f 8400 | 402b 009d | baf4 ffff | ff48 8b6c 

  0x0000017d3c356de0: ;   {runtime_call UncommonTrapBlob}
  0x0000017d3c356de0: 2420 90e8 

  0x0000017d3c356de4: ; ImmutableOopMap {rbp=Oop }
                      ;*checkcast {reexecute=0 rethrow=0 return_oop=0}
                      ; - godot.internal.memory.TransferContext::getBuffer@12 (line 28)
                      ; - godot.internal.memory.TransferContext::readReturnValue@7 (line 73)
                      ; - godot.api.Node2D::getScale@41 (line 414)
                      ; - game.items.weapons.Weapon::updateVisuals@18 (line 238)
                      ; - game.items.weapons.Weapon::_process@47 (line 196)
                      ; - godot.entry.WeaponRegistrar$register$1$1$2::invoke@8 (line 41)
                      ; - godot.entry.WeaponRegistrar$register$1$1$2::invoke@12 (line 41)
  0x0000017d3c356de4: 18d8 85ff 

  0x0000017d3c356de8: ;   {other}
  0x0000017d3c356de8: 0f1f 8400 | 582b 009e | baf6 ffff 

  0x0000017d3c356df4: ;   {runtime_call UncommonTrapBlob}
  0x0000017d3c356df4: ff66 90e8 

  0x0000017d3c356df8: ; ImmutableOopMap {}
                      ;*invokeinterface isEmpty {reexecute=0 rethrow=0 return_oop=0}
                      ; - game.items.weapons.Weapon::_process@11 (line 187)
                      ; - godot.entry.WeaponRegistrar$register$1$1$2::invoke@8 (line 41)
                      ; - godot.entry.WeaponRegistrar$register$1$1$2::invoke@12 (line 41)
  0x0000017d3c356df8: 04d8 85ff 

  0x0000017d3c356dfc: ;   {other}
  0x0000017d3c356dfc: 0f1f 8400 | 6c2b 009f | baf6 ffff 

  0x0000017d3c356e08: ;   {runtime_call UncommonTrapBlob}
  0x0000017d3c356e08: ff66 90e8 

  0x0000017d3c356e0c: ; ImmutableOopMap {}
                      ;*invokevirtual get {reexecute=0 rethrow=0 return_oop=0}
                      ; - godot.common.util.ThreadLocalDelegate::getValue@10 (line 7)
                      ; - godot.internal.memory.TransferContext::getBuffer@9 (line 28)
                      ; - godot.internal.memory.TransferContext::writeArguments@7 (line 34)
                      ; - godot.api.Node2D::setRotation@23 (line 368)
                      ; - game.items.weapons.Weapon::rotateToTarget@25 (line 177)
                      ; - game.items.weapons.Weapon::_process@32 (line 192)
                      ; - godot.entry.WeaponRegistrar$register$1$1$2::invoke@8 (line 41)
                      ; - godot.entry.WeaponRegistrar$register$1$1$2::invoke@12 (line 41)
  0x0000017d3c356e0c: f0d7 85ff 

  0x0000017d3c356e10: ;   {other}
  0x0000017d3c356e10: 0f1f 8400 | 802b 00a0 | baf6 ffff 

  0x0000017d3c356e1c: ;   {runtime_call UncommonTrapBlob}
  0x0000017d3c356e1c: ff66 90e8 

  0x0000017d3c356e20: ; ImmutableOopMap {}
                      ;*arraylength {reexecute=0 rethrow=0 return_oop=0}
                      ; - java.lang.ThreadLocal$ThreadLocalMap::getEntry@8 (line 499)
                      ; - java.lang.ThreadLocal::get@12 (line 187)
                      ; - java.lang.ThreadLocal::get@4 (line 172)
                      ; - godot.common.util.ThreadLocalDelegate::getValue@10 (line 7)
                      ; - godot.internal.memory.TransferContext::getBuffer@9 (line 28)
                      ; - godot.internal.memory.TransferContext::writeArguments@7 (line 34)
                      ; - godot.api.Node2D::setRotation@23 (line 368)
                      ; - game.items.weapons.Weapon::rotateToTarget@25 (line 177)
                      ; - game.items.weapons.Weapon::_process@32 (line 192)
                      ; - godot.entry.WeaponRegistrar$register$1$1$2::invoke@8 (line 41)
                      ; - godot.entry.WeaponRegistrar$register$1$1$2::invoke@12 (line 41)
  0x0000017d3c356e20: dcd7 85ff 

  0x0000017d3c356e24: ;   {other}
  0x0000017d3c356e24: 0f1f 8400 | 942b 00a1 | baf4 ffff 

  0x0000017d3c356e30: ;   {runtime_call UncommonTrapBlob}
  0x0000017d3c356e30: ff66 90e8 

  0x0000017d3c356e34: ; ImmutableOopMap {[32]=Oop [48]=Oop }
                      ;*checkcast {reexecute=0 rethrow=0 return_oop=0}
                      ; - godot.internal.memory.TransferContext::getBuffer@12 (line 28)
                      ; - godot.internal.memory.TransferContext::writeArguments@7 (line 34)
                      ; - godot.api.Node2D::setRotation@23 (line 368)
                      ; - game.items.weapons.Weapon::rotateToTarget@25 (line 177)
                      ; - game.items.weapons.Weapon::_process@32 (line 192)
                      ; - godot.entry.WeaponRegistrar$register$1$1$2::invoke@8 (line 41)
                      ; - godot.entry.WeaponRegistrar$register$1$1$2::invoke@12 (line 41)
  0x0000017d3c356e34: c8d7 85ff 

  0x0000017d3c356e38: ;   {other}
  0x0000017d3c356e38: 0f1f 8400 | a82b 00a2 | baf6 ffff 

  0x0000017d3c356e44: ;   {runtime_call UncommonTrapBlob}
  0x0000017d3c356e44: ff66 90e8 

  0x0000017d3c356e48: ; ImmutableOopMap {}
                      ;*invokevirtual get {reexecute=0 rethrow=0 return_oop=0}
                      ; - godot.common.util.ThreadLocalDelegate::getValue@10 (line 7)
                      ; - godot.internal.memory.TransferContext::getBuffer@9 (line 28)
                      ; - godot.internal.memory.TransferContext::writeArguments@7 (line 34)
                      ; - godot.api.Node2D::getScale@7 (line 412)
                      ; - game.entity.Player::isFacingRight@4 (line 261)
                      ; - game.items.weapons.Weapon::getIdleRotation@9 (line 139)
                      ; - game.items.weapons.Weapon::getRotationToTarget@20 (line 156)
                      ; - game.items.weapons.Weapon::rotateToTarget@21 (line 177)
                      ; - game.items.weapons.Weapon::_process@32 (line 192)
                      ; - godot.entry.WeaponRegistrar$register$1$1$2::invoke@8 (line 41)
                      ; - godot.entry.WeaponRegistrar$register$1$1$2::invoke@12 (line 41)
  0x0000017d3c356e48: b4d7 85ff 

  0x0000017d3c356e4c: ;   {other}
  0x0000017d3c356e4c: 0f1f 8400 | bc2b 00a3 | baf6 ffff 

  0x0000017d3c356e58: ;   {runtime_call UncommonTrapBlob}
  0x0000017d3c356e58: ff66 90e8 

  0x0000017d3c356e5c: ; ImmutableOopMap {}
                      ;*arraylength {reexecute=0 rethrow=0 return_oop=0}
                      ; - java.lang.ThreadLocal$ThreadLocalMap::getEntry@8 (line 499)
                      ; - java.lang.ThreadLocal::get@12 (line 187)
                      ; - java.lang.ThreadLocal::get@4 (line 172)
                      ; - godot.common.util.ThreadLocalDelegate::getValue@10 (line 7)
                      ; - godot.internal.memory.TransferContext::getBuffer@9 (line 28)
                      ; - godot.internal.memory.TransferContext::writeArguments@7 (line 34)
                      ; - godot.api.Node2D::getScale@7 (line 412)
                      ; - game.entity.Player::isFacingRight@4 (line 261)
                      ; - game.items.weapons.Weapon::getIdleRotation@9 (line 139)
                      ; - game.items.weapons.Weapon::getRotationToTarget@20 (line 156)
                      ; - game.items.weapons.Weapon::rotateToTarget@21 (line 177)
                      ; - game.items.weapons.Weapon::_process@32 (line 192)
                      ; - godot.entry.WeaponRegistrar$register$1$1$2::invoke@8 (line 41)
                      ; - godot.entry.WeaponRegistrar$register$1$1$2::invoke@12 (line 41)
  0x0000017d3c356e5c: a0d7 85ff 

  0x0000017d3c356e60: ;   {other}
  0x0000017d3c356e60: 0f1f 8400 | d02b 00a4 | baf4 ffff | ff48 8b6c | 2420 4489 

  0x0000017d3c356e74: ;   {runtime_call UncommonTrapBlob}
  0x0000017d3c356e74: 4424 28e8 

  0x0000017d3c356e78: ; ImmutableOopMap {rbp=Oop [40]=NarrowOop }
                      ;*checkcast {reexecute=0 rethrow=0 return_oop=0}
                      ; - godot.internal.memory.TransferContext::getBuffer@12 (line 28)
                      ; - godot.internal.memory.TransferContext::writeArguments@7 (line 34)
                      ; - godot.api.Node2D::getScale@7 (line 412)
                      ; - game.entity.Player::isFacingRight@4 (line 261)
                      ; - game.items.weapons.Weapon::getIdleRotation@9 (line 139)
                      ; - game.items.weapons.Weapon::getRotationToTarget@20 (line 156)
                      ; - game.items.weapons.Weapon::rotateToTarget@21 (line 177)
                      ; - game.items.weapons.Weapon::_process@32 (line 192)
                      ; - godot.entry.WeaponRegistrar$register$1$1$2::invoke@8 (line 41)
                      ; - godot.entry.WeaponRegistrar$register$1$1$2::invoke@12 (line 41)
  0x0000017d3c356e78: 84d7 85ff 

  0x0000017d3c356e7c: ;   {other}
  0x0000017d3c356e7c: 0f1f 8400 | ec2b 00a5 | baf6 ffff 

  0x0000017d3c356e88: ;   {runtime_call UncommonTrapBlob}
  0x0000017d3c356e88: ff66 90e8 

  0x0000017d3c356e8c: ; ImmutableOopMap {}
                      ;*invokevirtual get {reexecute=0 rethrow=0 return_oop=0}
                      ; - godot.common.util.ThreadLocalDelegate::getValue@10 (line 7)
                      ; - godot.internal.memory.TransferContext::getBuffer@9 (line 28)
                      ; - godot.internal.memory.TransferContext::readReturnValue@7 (line 73)
                      ; - godot.api.Node2D::getScale@41 (line 414)
                      ; - game.entity.Player::isFacingRight@4 (line 261)
                      ; - game.items.weapons.Weapon::getIdleRotation@9 (line 139)
                      ; - game.items.weapons.Weapon::getRotationToTarget@20 (line 156)
                      ; - game.items.weapons.Weapon::rotateToTarget@21 (line 177)
                      ; - game.items.weapons.Weapon::_process@32 (line 192)
                      ; - godot.entry.WeaponRegistrar$register$1$1$2::invoke@8 (line 41)
                      ; - godot.entry.WeaponRegistrar$register$1$1$2::invoke@12 (line 41)
  0x0000017d3c356e8c: 70d7 85ff 

  0x0000017d3c356e90: ;   {other}
  0x0000017d3c356e90: 0f1f 8400 | 002c 00a6 | baf6 ffff 

  0x0000017d3c356e9c: ;   {runtime_call UncommonTrapBlob}
  0x0000017d3c356e9c: ff66 90e8 

  0x0000017d3c356ea0: ; ImmutableOopMap {}
                      ;*arraylength {reexecute=0 rethrow=0 return_oop=0}
                      ; - java.lang.ThreadLocal$ThreadLocalMap::getEntry@8 (line 499)
                      ; - java.lang.ThreadLocal::get@12 (line 187)
                      ; - java.lang.ThreadLocal::get@4 (line 172)
                      ; - godot.common.util.ThreadLocalDelegate::getValue@10 (line 7)
                      ; - godot.internal.memory.TransferContext::getBuffer@9 (line 28)
                      ; - godot.internal.memory.TransferContext::readReturnValue@7 (line 73)
                      ; - godot.api.Node2D::getScale@41 (line 414)
                      ; - game.entity.Player::isFacingRight@4 (line 261)
                      ; - game.items.weapons.Weapon::getIdleRotation@9 (line 139)
                      ; - game.items.weapons.Weapon::getRotationToTarget@20 (line 156)
                      ; - game.items.weapons.Weapon::rotateToTarget@21 (line 177)
                      ; - game.items.weapons.Weapon::_process@32 (line 192)
                      ; - godot.entry.WeaponRegistrar$register$1$1$2::invoke@8 (line 41)
                      ; - godot.entry.WeaponRegistrar$register$1$1$2::invoke@12 (line 41)
  0x0000017d3c356ea0: 5cd7 85ff 

  0x0000017d3c356ea4: ;   {other}
  0x0000017d3c356ea4: 0f1f 8400 | 142c 00a7 | baf4 ffff | ff48 8b6c 

  0x0000017d3c356eb4: ;   {runtime_call UncommonTrapBlob}
  0x0000017d3c356eb4: 2420 90e8 

  0x0000017d3c356eb8: ; ImmutableOopMap {rbp=Oop }
                      ;*checkcast {reexecute=0 rethrow=0 return_oop=0}
                      ; - godot.internal.memory.TransferContext::getBuffer@12 (line 28)
                      ; - godot.internal.memory.TransferContext::readReturnValue@7 (line 73)
                      ; - godot.api.Node2D::getScale@41 (line 414)
                      ; - game.entity.Player::isFacingRight@4 (line 261)
                      ; - game.items.weapons.Weapon::getIdleRotation@9 (line 139)
                      ; - game.items.weapons.Weapon::getRotationToTarget@20 (line 156)
                      ; - game.items.weapons.Weapon::rotateToTarget@21 (line 177)
                      ; - game.items.weapons.Weapon::_process@32 (line 192)
                      ; - godot.entry.WeaponRegistrar$register$1$1$2::invoke@8 (line 41)
                      ; - godot.entry.WeaponRegistrar$register$1$1$2::invoke@12 (line 41)
  0x0000017d3c356eb8: 44d7 85ff 

  0x0000017d3c356ebc: ;   {other}
  0x0000017d3c356ebc: 0f1f 8400 | 2c2c 00a8 | baf6 ffff 

  0x0000017d3c356ec8: ;   {runtime_call UncommonTrapBlob}
  0x0000017d3c356ec8: ff66 90e8 

  0x0000017d3c356ecc: ; ImmutableOopMap {}
                      ;*invokevirtual get {reexecute=0 rethrow=0 return_oop=0}
                      ; - godot.common.util.ThreadLocalDelegate::getValue@10 (line 7)
                      ; - godot.internal.memory.TransferContext::getBuffer@9 (line 28)
                      ; - godot.internal.memory.TransferContext::writeArguments@7 (line 34)
                      ; - godot.api.Node2D::setScale@25 (line 383)
                      ; - game.items.weapons.Weapon::updateVisuals@84 (line 246)
                      ; - game.items.weapons.Weapon::_process@47 (line 196)
                      ; - godot.entry.WeaponRegistrar$register$1$1$2::invoke@8 (line 41)
                      ; - godot.entry.WeaponRegistrar$register$1$1$2::invoke@12 (line 41)
  0x0000017d3c356ecc: 30d7 85ff 

  0x0000017d3c356ed0: ;   {other}
  0x0000017d3c356ed0: 0f1f 8400 | 402c 00a9 | baf6 ffff 

  0x0000017d3c356edc: ;   {runtime_call UncommonTrapBlob}
  0x0000017d3c356edc: ff66 90e8 

  0x0000017d3c356ee0: ; ImmutableOopMap {}
                      ;*arraylength {reexecute=0 rethrow=0 return_oop=0}
                      ; - java.lang.ThreadLocal$ThreadLocalMap::getEntry@8 (line 499)
                      ; - java.lang.ThreadLocal::get@12 (line 187)
                      ; - java.lang.ThreadLocal::get@4 (line 172)
                      ; - godot.common.util.ThreadLocalDelegate::getValue@10 (line 7)
                      ; - godot.internal.memory.TransferContext::getBuffer@9 (line 28)
                      ; - godot.internal.memory.TransferContext::writeArguments@7 (line 34)
                      ; - godot.api.Node2D::setScale@25 (line 383)
                      ; - game.items.weapons.Weapon::updateVisuals@84 (line 246)
                      ; - game.items.weapons.Weapon::_process@47 (line 196)
                      ; - godot.entry.WeaponRegistrar$register$1$1$2::invoke@8 (line 41)
                      ; - godot.entry.WeaponRegistrar$register$1$1$2::invoke@12 (line 41)
  0x0000017d3c356ee0: 1cd7 85ff 

  0x0000017d3c356ee4: ;   {other}
  0x0000017d3c356ee4: 0f1f 8400 | 542c 00aa | baf4 ffff | ff41 8beb | 4c89 5424 

  0x0000017d3c356ef8: ;   {runtime_call UncommonTrapBlob}
  0x0000017d3c356ef8: 2066 90e8 

  0x0000017d3c356efc: ; ImmutableOopMap {rbp=NarrowOop [32]=Oop }
                      ;*checkcast {reexecute=0 rethrow=0 return_oop=0}
                      ; - godot.internal.memory.TransferContext::getBuffer@12 (line 28)
                      ; - godot.internal.memory.TransferContext::writeArguments@7 (line 34)
                      ; - godot.api.Node2D::setScale@25 (line 383)
                      ; - game.items.weapons.Weapon::updateVisuals@84 (line 246)
                      ; - game.items.weapons.Weapon::_process@47 (line 196)
                      ; - godot.entry.WeaponRegistrar$register$1$1$2::invoke@8 (line 41)
                      ; - godot.entry.WeaponRegistrar$register$1$1$2::invoke@12 (line 41)
  0x0000017d3c356efc: 00d7 85ff 

  0x0000017d3c356f00: ;   {other}
  0x0000017d3c356f00: 0f1f 8400 | 702c 00ab | ba45 ffff | ff4c 8954 | 2420 895c | 2428 4c89 | 4c24 3048 | 897c 2438 
  0x0000017d3c356f20: 4489 5c24 

  0x0000017d3c356f24: ;   {runtime_call UncommonTrapBlob}
  0x0000017d3c356f24: 4066 90e8 

  0x0000017d3c356f28: ; ImmutableOopMap {[32]=Oop [40]=NarrowOop [48]=Oop [56]=Oop [64]=NarrowOop }
                      ;*ifnull {reexecute=1 rethrow=0 return_oop=0}
                      ; - (reexecute) java.lang.ThreadLocal::get@7 (line 186)
                      ; - java.lang.ThreadLocal::get@4 (line 172)
                      ; - godot.common.util.ThreadLocalDelegate::getValue@10 (line 7)
                      ; - godot.internal.memory.TransferContext::getBuffer@9 (line 28)
                      ; - godot.internal.memory.TransferContext::writeArguments@7 (line 34)
                      ; - godot.api.Timer::isStopped@7 (line 232)
                      ; - game.items.weapons.Weapon::canUseWeapon@4 (line 82)
                      ; - game.items.weapons.Weapon::_process@36 (line 194)
                      ; - godot.entry.WeaponRegistrar$register$1$1$2::invoke@8 (line 41)
                      ; - godot.entry.WeaponRegistrar$register$1$1$2::invoke@12 (line 41)
  0x0000017d3c356f28: d4d6 85ff 

  0x0000017d3c356f2c: ;   {other}
  0x0000017d3c356f2c: 0f1f 8400 | 9c2c 00ac | ba45 ffff | ff44 895c | 2438 4489 | 4424 3c4c | 894c 2448 | 895c 2450 
  0x0000017d3c356f4c: ;   {runtime_call UncommonTrapBlob}
  0x0000017d3c356f4c: 6666 90e8 

  0x0000017d3c356f50: ; ImmutableOopMap {rbp=NarrowOop [32]=Oop [40]=Oop [56]=NarrowOop [60]=NarrowOop [72]=Oop }
                      ;*ifnull {reexecute=1 rethrow=0 return_oop=0}
                      ; - (reexecute) java.lang.ThreadLocal$ThreadLocalMap::getEntry@21 (line 501)
                      ; - java.lang.ThreadLocal::get@12 (line 187)
                      ; - java.lang.ThreadLocal::get@4 (line 172)
                      ; - godot.common.util.ThreadLocalDelegate::getValue@10 (line 7)
                      ; - godot.internal.memory.TransferContext::getBuffer@9 (line 28)
                      ; - godot.internal.memory.TransferContext::writeArguments@7 (line 34)
                      ; - godot.api.Timer::isStopped@7 (line 232)
                      ; - game.items.weapons.Weapon::canUseWeapon@4 (line 82)
                      ; - game.items.weapons.Weapon::_process@36 (line 194)
                      ; - godot.entry.WeaponRegistrar$register$1$1$2::invoke@8 (line 41)
                      ; - godot.entry.WeaponRegistrar$register$1$1$2::invoke@12 (line 41)
  0x0000017d3c356f50: acd6 85ff 

  0x0000017d3c356f54: ;   {other}
  0x0000017d3c356f54: 0f1f 8400 | c42c 00ad | ba45 ffff | ff48 8b6c | 2420 4c89 | 4424 284c | 894c 2430 | 4489 5c24 
  0x0000017d3c356f74: ;   {runtime_call UncommonTrapBlob}
  0x0000017d3c356f74: 3c66 90e8 

  0x0000017d3c356f78: ; ImmutableOopMap {rbp=Oop [40]=Oop [48]=Oop [60]=NarrowOop }
                      ;*ifnull {reexecute=1 rethrow=0 return_oop=0}
                      ; - (reexecute) java.lang.ThreadLocal::get@7 (line 186)
                      ; - java.lang.ThreadLocal::get@4 (line 172)
                      ; - godot.common.util.ThreadLocalDelegate::getValue@10 (line 7)
                      ; - godot.internal.memory.TransferContext::getBuffer@9 (line 28)
                      ; - godot.internal.memory.TransferContext::readReturnValue@7 (line 73)
                      ; - godot.api.Timer::isStopped@41 (line 234)
                      ; - game.items.weapons.Weapon::canUseWeapon@4 (line 82)
                      ; - game.items.weapons.Weapon::_process@36 (line 194)
                      ; - godot.entry.WeaponRegistrar$register$1$1$2::invoke@8 (line 41)
                      ; - godot.entry.WeaponRegistrar$register$1$1$2::invoke@12 (line 41)
  0x0000017d3c356f78: 84d6 85ff 

  0x0000017d3c356f7c: ;   {other}
  0x0000017d3c356f7c: 0f1f 8400 | ec2c 00ae | ba45 ffff | ff44 895c | 2440 4c89 | 4424 4844 | 894c 2444 

  0x0000017d3c356f98: ;   {runtime_call UncommonTrapBlob}
  0x0000017d3c356f98: 6666 90e8 

  0x0000017d3c356f9c: ; ImmutableOopMap {rbp=NarrowOop [32]=Oop [40]=Oop [64]=NarrowOop [72]=Oop }
                      ;*ifnull {reexecute=1 rethrow=0 return_oop=0}
                      ; - (reexecute) java.lang.ThreadLocal$ThreadLocalMap::getEntry@21 (line 501)
                      ; - java.lang.ThreadLocal::get@12 (line 187)
                      ; - java.lang.ThreadLocal::get@4 (line 172)
                      ; - godot.common.util.ThreadLocalDelegate::getValue@10 (line 7)
                      ; - godot.internal.memory.TransferContext::getBuffer@9 (line 28)
                      ; - godot.internal.memory.TransferContext::readReturnValue@7 (line 73)
                      ; - godot.api.Timer::isStopped@41 (line 234)
                      ; - game.items.weapons.Weapon::canUseWeapon@4 (line 82)
                      ; - game.items.weapons.Weapon::_process@36 (line 194)
                      ; - godot.entry.WeaponRegistrar$register$1$1$2::invoke@8 (line 41)
                      ; - godot.entry.WeaponRegistrar$register$1$1$2::invoke@12 (line 41)
  0x0000017d3c356f9c: 60d6 85ff 

  0x0000017d3c356fa0: ;   {other}
  0x0000017d3c356fa0: 0f1f 8400 | 102d 00af | ba45 ffff | ff4c 894c | 2420 4c89 | 4424 2848 | 895c 2430 | 4489 5424 
  0x0000017d3c356fc0: ;   {runtime_call UncommonTrapBlob}
  0x0000017d3c356fc0: 3c66 90e8 

  0x0000017d3c356fc4: ; ImmutableOopMap {[32]=Oop [40]=Oop [48]=Oop [60]=NarrowOop }
                      ;*ifnull {reexecute=1 rethrow=0 return_oop=0}
                      ; - (reexecute) java.lang.ThreadLocal::get@7 (line 186)
                      ; - java.lang.ThreadLocal::get@4 (line 172)
                      ; - godot.common.util.ThreadLocalDelegate::getValue@10 (line 7)
                      ; - godot.internal.memory.TransferContext::getBuffer@9 (line 28)
                      ; - godot.internal.memory.TransferContext::writeArguments@7 (line 34)
                      ; - godot.api.Node2D::getRotation@7 (line 394)
                      ; - game.items.weapons.Weapon::updateVisuals@9 (line 235)
                      ; - game.items.weapons.Weapon::_process@47 (line 196)
                      ; - godot.entry.WeaponRegistrar$register$1$1$2::invoke@8 (line 41)
                      ; - godot.entry.WeaponRegistrar$register$1$1$2::invoke@12 (line 41)
  0x0000017d3c356fc4: 38d6 85ff 

  0x0000017d3c356fc8: ;   {other}
  0x0000017d3c356fc8: 0f1f 8400 | 382d 00b0 | ba45 ffff | ff44 8954 | 2440 4c89 | 4424 4844 | 894c 2444 

  0x0000017d3c356fe4: ;   {runtime_call UncommonTrapBlob}
  0x0000017d3c356fe4: 6666 90e8 

  0x0000017d3c356fe8: ; ImmutableOopMap {rbp=NarrowOop [32]=Oop [40]=Oop [64]=NarrowOop [72]=Oop }
                      ;*ifnull {reexecute=1 rethrow=0 return_oop=0}
                      ; - (reexecute) java.lang.ThreadLocal$ThreadLocalMap::getEntry@21 (line 501)
                      ; - java.lang.ThreadLocal::get@12 (line 187)
                      ; - java.lang.ThreadLocal::get@4 (line 172)
                      ; - godot.common.util.ThreadLocalDelegate::getValue@10 (line 7)
                      ; - godot.internal.memory.TransferContext::getBuffer@9 (line 28)
                      ; - godot.internal.memory.TransferContext::writeArguments@7 (line 34)
                      ; - godot.api.Node2D::getRotation@7 (line 394)
                      ; - game.items.weapons.Weapon::updateVisuals@9 (line 235)
                      ; - game.items.weapons.Weapon::_process@47 (line 196)
                      ; - godot.entry.WeaponRegistrar$register$1$1$2::invoke@8 (line 41)
                      ; - godot.entry.WeaponRegistrar$register$1$1$2::invoke@12 (line 41)
  0x0000017d3c356fe8: 14d6 85ff 

  0x0000017d3c356fec: ;   {other}
  0x0000017d3c356fec: 0f1f 8400 | 5c2d 00b1 | ba45 ffff | ff48 8b6c | 2420 4889 | 4c24 2044 | 895c 2434 

  0x0000017d3c357008: ;   {runtime_call UncommonTrapBlob}
  0x0000017d3c357008: 6666 90e8 

  0x0000017d3c35700c: ; ImmutableOopMap {rbp=Oop [32]=Oop [40]=Oop [52]=NarrowOop }
                      ;*ifnull {reexecute=1 rethrow=0 return_oop=0}
                      ; - (reexecute) java.lang.ThreadLocal::get@7 (line 186)
                      ; - java.lang.ThreadLocal::get@4 (line 172)
                      ; - godot.common.util.ThreadLocalDelegate::getValue@10 (line 7)
                      ; - godot.internal.memory.TransferContext::getBuffer@9 (line 28)
                      ; - godot.internal.memory.TransferContext::readReturnValue@7 (line 73)
                      ; - godot.api.Node2D::getRotation@41 (line 396)
                      ; - game.items.weapons.Weapon::updateVisuals@9 (line 235)
                      ; - game.items.weapons.Weapon::_process@47 (line 196)
                      ; - godot.entry.WeaponRegistrar$register$1$1$2::invoke@8 (line 41)
                      ; - godot.entry.WeaponRegistrar$register$1$1$2::invoke@12 (line 41)
  0x0000017d3c35700c: f0d5 85ff 

  0x0000017d3c357010: ;   {other}
  0x0000017d3c357010: 0f1f 8400 | 802d 00b2 | ba45 ffff | ff4c 894c | 2430 4489 | 5c24 3848 | 894c 2440 | 895c 243c 
  0x0000017d3c357030: ;   {runtime_call UncommonTrapBlob}
  0x0000017d3c357030: 6666 90e8 

  0x0000017d3c357034: ; ImmutableOopMap {rbp=NarrowOop [32]=Oop [48]=Oop [56]=NarrowOop [64]=Oop }
                      ;*ifnull {reexecute=1 rethrow=0 return_oop=0}
                      ; - (reexecute) java.lang.ThreadLocal$ThreadLocalMap::getEntry@21 (line 501)
                      ; - java.lang.ThreadLocal::get@12 (line 187)
                      ; - java.lang.ThreadLocal::get@4 (line 172)
                      ; - godot.common.util.ThreadLocalDelegate::getValue@10 (line 7)
                      ; - godot.internal.memory.TransferContext::getBuffer@9 (line 28)
                      ; - godot.internal.memory.TransferContext::readReturnValue@7 (line 73)
                      ; - godot.api.Node2D::getRotation@41 (line 396)
                      ; - game.items.weapons.Weapon::updateVisuals@9 (line 235)
                      ; - game.items.weapons.Weapon::_process@47 (line 196)
                      ; - godot.entry.WeaponRegistrar$register$1$1$2::invoke@8 (line 41)
                      ; - godot.entry.WeaponRegistrar$register$1$1$2::invoke@12 (line 41)
  0x0000017d3c357034: c8d5 85ff 

  0x0000017d3c357038: ;   {other}
  0x0000017d3c357038: 0f1f 8400 | a82d 00b3 | ba45 ffff | ff48 8beb | c5fb 1144 | 2420 4489 | 5424 284c | 894c 2430 
  0x0000017d3c357058: 4889 7424 | 3844 8944 

  0x0000017d3c357060: ;   {runtime_call UncommonTrapBlob}
  0x0000017d3c357060: 2440 90e8 

  0x0000017d3c357064: ; ImmutableOopMap {rbp=Oop [40]=NarrowOop [48]=Oop [56]=Oop [64]=NarrowOop }
                      ;*ifnull {reexecute=1 rethrow=0 return_oop=0}
                      ; - (reexecute) java.lang.ThreadLocal::get@7 (line 186)
                      ; - java.lang.ThreadLocal::get@4 (line 172)
                      ; - godot.common.util.ThreadLocalDelegate::getValue@10 (line 7)
                      ; - godot.internal.memory.TransferContext::getBuffer@9 (line 28)
                      ; - godot.internal.memory.TransferContext::writeArguments@7 (line 34)
                      ; - godot.api.Node2D::getScale@7 (line 412)
                      ; - game.items.weapons.Weapon::updateVisuals@18 (line 238)
                      ; - game.items.weapons.Weapon::_process@47 (line 196)
                      ; - godot.entry.WeaponRegistrar$register$1$1$2::invoke@8 (line 41)
                      ; - godot.entry.WeaponRegistrar$register$1$1$2::invoke@12 (line 41)
  0x0000017d3c357064: 98d5 85ff 

  0x0000017d3c357068: ;   {other}
  0x0000017d3c357068: 0f1f 8400 | d82d 00b4 | ba45 ffff | ff48 8b6c | 2420 c5fb | 1144 2420 | 4489 4424 | 3089 4c24 
  0x0000017d3c357088: 344c 894c | 2440 4489 | 5424 4844 | 895c 2450 

  0x0000017d3c357098: ;   {runtime_call UncommonTrapBlob}
  0x0000017d3c357098: 6666 90e8 

  0x0000017d3c35709c: ; ImmutableOopMap {rbp=Oop [40]=Oop [48]=NarrowOop [52]=NarrowOop [64]=Oop [80]=NarrowOop }
                      ;*ifnull {reexecute=1 rethrow=0 return_oop=0}
                      ; - (reexecute) java.lang.ThreadLocal$ThreadLocalMap::getEntry@21 (line 501)
                      ; - java.lang.ThreadLocal::get@12 (line 187)
                      ; - java.lang.ThreadLocal::get@4 (line 172)
                      ; - godot.common.util.ThreadLocalDelegate::getValue@10 (line 7)
                      ; - godot.internal.memory.TransferContext::getBuffer@9 (line 28)
                      ; - godot.internal.memory.TransferContext::writeArguments@7 (line 34)
                      ; - godot.api.Node2D::getScale@7 (line 412)
                      ; - game.items.weapons.Weapon::updateVisuals@18 (line 238)
                      ; - game.items.weapons.Weapon::_process@47 (line 196)
                      ; - godot.entry.WeaponRegistrar$register$1$1$2::invoke@8 (line 41)
                      ; - godot.entry.WeaponRegistrar$register$1$1$2::invoke@12 (line 41)
  0x0000017d3c35709c: 60d5 85ff 

  0x0000017d3c3570a0: ;   {other}
  0x0000017d3c3570a0: 0f1f 8400 | 102e 00b5 | ba45 ffff | ff48 8b6c | 2420 c5fb | 1044 2430 | c5fb 1144 | 2420 4889 
  0x0000017d3c3570c0: 4c24 284c | 894c 2430 | 4489 4424 

  0x0000017d3c3570cc: ;   {runtime_call UncommonTrapBlob}
  0x0000017d3c3570cc: 3c66 90e8 

  0x0000017d3c3570d0: ; ImmutableOopMap {rbp=Oop [40]=Oop [48]=Oop [60]=NarrowOop }
                      ;*ifnull {reexecute=1 rethrow=0 return_oop=0}
                      ; - (reexecute) java.lang.ThreadLocal::get@7 (line 186)
                      ; - java.lang.ThreadLocal::get@4 (line 172)
                      ; - godot.common.util.ThreadLocalDelegate::getValue@10 (line 7)
                      ; - godot.internal.memory.TransferContext::getBuffer@9 (line 28)
                      ; - godot.internal.memory.TransferContext::readReturnValue@7 (line 73)
                      ; - godot.api.Node2D::getScale@41 (line 414)
                      ; - game.items.weapons.Weapon::updateVisuals@18 (line 238)
                      ; - game.items.weapons.Weapon::_process@47 (line 196)
                      ; - godot.entry.WeaponRegistrar$register$1$1$2::invoke@8 (line 41)
                      ; - godot.entry.WeaponRegistrar$register$1$1$2::invoke@12 (line 41)
  0x0000017d3c3570d0: 2cd5 85ff 

  0x0000017d3c3570d4: ;   {other}
  0x0000017d3c3570d4: 0f1f 8400 | 442e 00b6 | ba45 ffff | ffc5 fb10 | 4424 30c5 | fb11 4424 | 284c 894c | 2438 4489 
  0x0000017d3c3570f4: 4424 4048 | 894c 2448 | 895c 2444 

  0x0000017d3c357100: ;   {runtime_call UncommonTrapBlob}
  0x0000017d3c357100: 6666 90e8 

  0x0000017d3c357104: ; ImmutableOopMap {rbp=NarrowOop [32]=Oop [56]=Oop [64]=NarrowOop [72]=Oop }
                      ;*ifnull {reexecute=1 rethrow=0 return_oop=0}
                      ; - (reexecute) java.lang.ThreadLocal$ThreadLocalMap::getEntry@21 (line 501)
                      ; - java.lang.ThreadLocal::get@12 (line 187)
                      ; - java.lang.ThreadLocal::get@4 (line 172)
                      ; - godot.common.util.ThreadLocalDelegate::getValue@10 (line 7)
                      ; - godot.internal.memory.TransferContext::getBuffer@9 (line 28)
                      ; - godot.internal.memory.TransferContext::readReturnValue@7 (line 73)
                      ; - godot.api.Node2D::getScale@41 (line 414)
                      ; - game.items.weapons.Weapon::updateVisuals@18 (line 238)
                      ; - game.items.weapons.Weapon::_process@47 (line 196)
                      ; - godot.entry.WeaponRegistrar$register$1$1$2::invoke@8 (line 41)
                      ; - godot.entry.WeaponRegistrar$register$1$1$2::invoke@12 (line 41)
  0x0000017d3c357104: f8d4 85ff 

  0x0000017d3c357108: ;   {other}
  0x0000017d3c357108: 0f1f 8400 | 782e 00b7 | ba45 ffff | ff4c 894c | 2428 4889 | 4c24 3044 | 8944 243c | 4889 4424 
  0x0000017d3c357128: ;   {runtime_call UncommonTrapBlob}
  0x0000017d3c357128: 4066 90e8 

  0x0000017d3c35712c: ; ImmutableOopMap {[32]=Oop [40]=Oop [48]=Oop [60]=NarrowOop [64]=Oop }
                      ;*ifnull {reexecute=1 rethrow=0 return_oop=0}
                      ; - (reexecute) java.lang.ThreadLocal::get@7 (line 186)
                      ; - java.lang.ThreadLocal::get@4 (line 172)
                      ; - godot.common.util.ThreadLocalDelegate::getValue@10 (line 7)
                      ; - godot.internal.memory.TransferContext::getBuffer@9 (line 28)
                      ; - godot.internal.memory.TransferContext::writeArguments@7 (line 34)
                      ; - godot.api.Node2D::setRotation@23 (line 368)
                      ; - game.items.weapons.Weapon::rotateToTarget@25 (line 177)
                      ; - game.items.weapons.Weapon::_process@32 (line 192)
                      ; - godot.entry.WeaponRegistrar$register$1$1$2::invoke@8 (line 41)
                      ; - godot.entry.WeaponRegistrar$register$1$1$2::invoke@12 (line 41)
  0x0000017d3c35712c: d0d4 85ff 

  0x0000017d3c357130: ;   {other}
  0x0000017d3c357130: 0f1f 8400 | a02e 00b8 | ba45 ffff | ff44 8944 | 2448 4c89 | 4c24 5089 

  0x0000017d3c357148: ;   {runtime_call UncommonTrapBlob}
  0x0000017d3c357148: 4c24 4ce8 

  0x0000017d3c35714c: ; ImmutableOopMap {rbp=NarrowOop [32]=Oop [40]=Oop [48]=Oop [72]=NarrowOop [80]=Oop }
                      ;*ifnull {reexecute=1 rethrow=0 return_oop=0}
                      ; - (reexecute) java.lang.ThreadLocal$ThreadLocalMap::getEntry@21 (line 501)
                      ; - java.lang.ThreadLocal::get@12 (line 187)
                      ; - java.lang.ThreadLocal::get@4 (line 172)
                      ; - godot.common.util.ThreadLocalDelegate::getValue@10 (line 7)
                      ; - godot.internal.memory.TransferContext::getBuffer@9 (line 28)
                      ; - godot.internal.memory.TransferContext::writeArguments@7 (line 34)
                      ; - godot.api.Node2D::setRotation@23 (line 368)
                      ; - game.items.weapons.Weapon::rotateToTarget@25 (line 177)
                      ; - game.items.weapons.Weapon::_process@32 (line 192)
                      ; - godot.entry.WeaponRegistrar$register$1$1$2::invoke@8 (line 41)
                      ; - godot.entry.WeaponRegistrar$register$1$1$2::invoke@12 (line 41)
  0x0000017d3c35714c: b0d4 85ff 

  0x0000017d3c357150: ;   {other}
  0x0000017d3c357150: 0f1f 8400 | c02e 00b9 | ba45 ffff | ff4c 8954 | 2420 4489 

  0x0000017d3c357164: ;   {runtime_call UncommonTrapBlob}
  0x0000017d3c357164: 4424 28e8 

  0x0000017d3c357168: ; ImmutableOopMap {[32]=Oop [40]=NarrowOop }
                      ;*ifnull {reexecute=1 rethrow=0 return_oop=0}
                      ; - (reexecute) game.items.weapons.Weapon::getIdleRotation@3 (line 139)
                      ; - game.items.weapons.Weapon::getRotationToTarget@20 (line 156)
                      ; - game.items.weapons.Weapon::rotateToTarget@21 (line 177)
                      ; - game.items.weapons.Weapon::_process@32 (line 192)
                      ; - godot.entry.WeaponRegistrar$register$1$1$2::invoke@8 (line 41)
                      ; - godot.entry.WeaponRegistrar$register$1$1$2::invoke@12 (line 41)
  0x0000017d3c357168: 94d4 85ff 

  0x0000017d3c35716c: ;   {other}
  0x0000017d3c35716c: 0f1f 8400 | dc2e 00ba | ba45 ffff | ff4c 8954 | 2420 4489 | 5c24 2848 | 894c 2430 | 4889 7c24 
  0x0000017d3c35718c: 3844 894c 

  0x0000017d3c357190: ;   {runtime_call UncommonTrapBlob}
  0x0000017d3c357190: 2440 90e8 

  0x0000017d3c357194: ; ImmutableOopMap {[32]=Oop [40]=NarrowOop [48]=Oop [56]=Oop [64]=NarrowOop }
                      ;*ifnull {reexecute=1 rethrow=0 return_oop=0}
                      ; - (reexecute) java.lang.ThreadLocal::get@7 (line 186)
                      ; - java.lang.ThreadLocal::get@4 (line 172)
                      ; - godot.common.util.ThreadLocalDelegate::getValue@10 (line 7)
                      ; - godot.internal.memory.TransferContext::getBuffer@9 (line 28)
                      ; - godot.internal.memory.TransferContext::writeArguments@7 (line 34)
                      ; - godot.api.Node2D::getScale@7 (line 412)
                      ; - game.entity.Player::isFacingRight@4 (line 261)
                      ; - game.items.weapons.Weapon::getIdleRotation@9 (line 139)
                      ; - game.items.weapons.Weapon::getRotationToTarget@20 (line 156)
                      ; - game.items.weapons.Weapon::rotateToTarget@21 (line 177)
                      ; - game.items.weapons.Weapon::_process@32 (line 192)
                      ; - godot.entry.WeaponRegistrar$register$1$1$2::invoke@8 (line 41)
                      ; - godot.entry.WeaponRegistrar$register$1$1$2::invoke@12 (line 41)
  0x0000017d3c357194: 68d4 85ff 

  0x0000017d3c357198: ;   {other}
  0x0000017d3c357198: 0f1f 8400 | 082f 00bb | ba45 ffff | ff48 8b6c | 2420 4489 | 4424 3044 | 894c 2434 | 4889 4c24 
  0x0000017d3c3571b8: 4089 7c24 | 4844 8954 

  0x0000017d3c3571c0: ;   {runtime_call UncommonTrapBlob}
  0x0000017d3c3571c0: 2450 90e8 

  0x0000017d3c3571c4: ; ImmutableOopMap {rbp=Oop [40]=Oop [48]=NarrowOop [52]=NarrowOop [64]=Oop [80]=NarrowOop }
                      ;*ifnull {reexecute=1 rethrow=0 return_oop=0}
                      ; - (reexecute) java.lang.ThreadLocal$ThreadLocalMap::getEntry@21 (line 501)
                      ; - java.lang.ThreadLocal::get@12 (line 187)
                      ; - java.lang.ThreadLocal::get@4 (line 172)
                      ; - godot.common.util.ThreadLocalDelegate::getValue@10 (line 7)
                      ; - godot.internal.memory.TransferContext::getBuffer@9 (line 28)
                      ; - godot.internal.memory.TransferContext::writeArguments@7 (line 34)
                      ; - godot.api.Node2D::getScale@7 (line 412)
                      ; - game.entity.Player::isFacingRight@4 (line 261)
                      ; - game.items.weapons.Weapon::getIdleRotation@9 (line 139)
                      ; - game.items.weapons.Weapon::getRotationToTarget@20 (line 156)
                      ; - game.items.weapons.Weapon::rotateToTarget@21 (line 177)
                      ; - game.items.weapons.Weapon::_process@32 (line 192)
                      ; - godot.entry.WeaponRegistrar$register$1$1$2::invoke@8 (line 41)
                      ; - godot.entry.WeaponRegistrar$register$1$1$2::invoke@12 (line 41)
  0x0000017d3c3571c4: 38d4 85ff 

  0x0000017d3c3571c8: ;   {other}
  0x0000017d3c3571c8: 0f1f 8400 | 382f 00bc | ba45 ffff | ff48 8b6c | 2420 4889 | 4c24 284c | 894c 2430 | 4489 4424 
  0x0000017d3c3571e8: ;   {runtime_call UncommonTrapBlob}
  0x0000017d3c3571e8: 3c66 90e8 

  0x0000017d3c3571ec: ; ImmutableOopMap {rbp=Oop [40]=Oop [48]=Oop [60]=NarrowOop }
                      ;*ifnull {reexecute=1 rethrow=0 return_oop=0}
                      ; - (reexecute) java.lang.ThreadLocal::get@7 (line 186)
                      ; - java.lang.ThreadLocal::get@4 (line 172)
                      ; - godot.common.util.ThreadLocalDelegate::getValue@10 (line 7)
                      ; - godot.internal.memory.TransferContext::getBuffer@9 (line 28)
                      ; - godot.internal.memory.TransferContext::readReturnValue@7 (line 73)
                      ; - godot.api.Node2D::getScale@41 (line 414)
                      ; - game.entity.Player::isFacingRight@4 (line 261)
                      ; - game.items.weapons.Weapon::getIdleRotation@9 (line 139)
                      ; - game.items.weapons.Weapon::getRotationToTarget@20 (line 156)
                      ; - game.items.weapons.Weapon::rotateToTarget@21 (line 177)
                      ; - game.items.weapons.Weapon::_process@32 (line 192)
                      ; - godot.entry.WeaponRegistrar$register$1$1$2::invoke@8 (line 41)
                      ; - godot.entry.WeaponRegistrar$register$1$1$2::invoke@12 (line 41)
  0x0000017d3c3571ec: 10d4 85ff 

  0x0000017d3c3571f0: ;   {other}
  0x0000017d3c3571f0: 0f1f 8400 | 602f 00bd | ba45 ffff | ff48 8b6c | 2420 4489 | 4424 3848 | 894c 2440 | 4489 4c24 
  0x0000017d3c357210: 3c44 8954 

  0x0000017d3c357214: ;   {runtime_call UncommonTrapBlob}
  0x0000017d3c357214: 244c 90e8 

  0x0000017d3c357218: ; ImmutableOopMap {rbp=Oop [40]=Oop [56]=NarrowOop [64]=Oop [76]=NarrowOop }
                      ;*ifnull {reexecute=1 rethrow=0 return_oop=0}
                      ; - (reexecute) java.lang.ThreadLocal$ThreadLocalMap::getEntry@21 (line 501)
                      ; - java.lang.ThreadLocal::get@12 (line 187)
                      ; - java.lang.ThreadLocal::get@4 (line 172)
                      ; - godot.common.util.ThreadLocalDelegate::getValue@10 (line 7)
                      ; - godot.internal.memory.TransferContext::getBuffer@9 (line 28)
                      ; - godot.internal.memory.TransferContext::readReturnValue@7 (line 73)
                      ; - godot.api.Node2D::getScale@41 (line 414)
                      ; - game.entity.Player::isFacingRight@4 (line 261)
                      ; - game.items.weapons.Weapon::getIdleRotation@9 (line 139)
                      ; - game.items.weapons.Weapon::getRotationToTarget@20 (line 156)
                      ; - game.items.weapons.Weapon::rotateToTarget@21 (line 177)
                      ; - game.items.weapons.Weapon::_process@32 (line 192)
                      ; - godot.entry.WeaponRegistrar$register$1$1$2::invoke@8 (line 41)
                      ; - godot.entry.WeaponRegistrar$register$1$1$2::invoke@12 (line 41)
  0x0000017d3c357218: e4d3 85ff 

  0x0000017d3c35721c: ;   {other}
  0x0000017d3c35721c: 0f1f 8400 | 8c2f 00be | ba45 ffff | ff41 8beb | 4889 7424 | 204c 894c | 2428 4489 | 4424 344c 
  0x0000017d3c35723c: 8954 2438 

  0x0000017d3c357240: ;   {runtime_call UncommonTrapBlob}
  0x0000017d3c357240: 6666 90e8 

  0x0000017d3c357244: ; ImmutableOopMap {rbp=NarrowOop [32]=Oop [40]=Oop [52]=NarrowOop [56]=Oop }
                      ;*ifnull {reexecute=1 rethrow=0 return_oop=0}
                      ; - (reexecute) java.lang.ThreadLocal::get@7 (line 186)
                      ; - java.lang.ThreadLocal::get@4 (line 172)
                      ; - godot.common.util.ThreadLocalDelegate::getValue@10 (line 7)
                      ; - godot.internal.memory.TransferContext::getBuffer@9 (line 28)
                      ; - godot.internal.memory.TransferContext::writeArguments@7 (line 34)
                      ; - godot.api.Node2D::setScale@25 (line 383)
                      ; - game.items.weapons.Weapon::updateVisuals@84 (line 246)
                      ; - game.items.weapons.Weapon::_process@47 (line 196)
                      ; - godot.entry.WeaponRegistrar$register$1$1$2::invoke@8 (line 41)
                      ; - godot.entry.WeaponRegistrar$register$1$1$2::invoke@12 (line 41)
  0x0000017d3c357244: b8d3 85ff 

  0x0000017d3c357248: ;   {other}
  0x0000017d3c357248: 0f1f 8400 | b82f 00bf | ba45 ffff | ff44 895c | 2420 4c89 | 4c24 3044 | 8944 2424 | 4889 7424 
  0x0000017d3c357268: 3889 7c24 | 404c 8954 

  0x0000017d3c357270: ;   {runtime_call UncommonTrapBlob}
  0x0000017d3c357270: 2448 90e8 

  0x0000017d3c357274: ; ImmutableOopMap {rbp=NarrowOop [32]=NarrowOop [36]=NarrowOop [48]=Oop [56]=Oop [72]=Oop }
                      ;*ifnull {reexecute=1 rethrow=0 return_oop=0}
                      ; - (reexecute) java.lang.ThreadLocal$ThreadLocalMap::getEntry@21 (line 501)
                      ; - java.lang.ThreadLocal::get@12 (line 187)
                      ; - java.lang.ThreadLocal::get@4 (line 172)
                      ; - godot.common.util.ThreadLocalDelegate::getValue@10 (line 7)
                      ; - godot.internal.memory.TransferContext::getBuffer@9 (line 28)
                      ; - godot.internal.memory.TransferContext::writeArguments@7 (line 34)
                      ; - godot.api.Node2D::setScale@25 (line 383)
                      ; - game.items.weapons.Weapon::updateVisuals@84 (line 246)
                      ; - game.items.weapons.Weapon::_process@47 (line 196)
                      ; - godot.entry.WeaponRegistrar$register$1$1$2::invoke@8 (line 41)
                      ; - godot.entry.WeaponRegistrar$register$1$1$2::invoke@12 (line 41)
  0x0000017d3c357274: 88d3 85ff 

  0x0000017d3c357278: ;   {other}
  0x0000017d3c357278: 0f1f 8400 | e82f 00c0 | baf6 ffff 

  0x0000017d3c357284: ;   {runtime_call UncommonTrapBlob}
  0x0000017d3c357284: ff66 90e8 

  0x0000017d3c357288: ; ImmutableOopMap {}
                      ;*invokevirtual get {reexecute=0 rethrow=0 return_oop=0}
                      ; - godot.common.util.ThreadLocalDelegate::getValue@10 (line 7)
                      ; - godot.internal.memory.TransferContext::getBuffer@9 (line 28)
                      ; - godot.internal.memory.TransferContext::writeArguments@7 (line 34)
                      ; - godot.api.Node2D::setScale@25 (line 383)
                      ; - game.items.weapons.Weapon::updateVisuals@56 (line 243)
                      ; - game.items.weapons.Weapon::_process@47 (line 196)
                      ; - godot.entry.WeaponRegistrar$register$1$1$2::invoke@8 (line 41)
                      ; - godot.entry.WeaponRegistrar$register$1$1$2::invoke@12 (line 41)
  0x0000017d3c357288: 74d3 85ff 

  0x0000017d3c35728c: ;   {other}
  0x0000017d3c35728c: 0f1f 8400 | fc2f 00c1 | baf6 ffff 

  0x0000017d3c357298: ;   {runtime_call UncommonTrapBlob}
  0x0000017d3c357298: ff66 90e8 

  0x0000017d3c35729c: ; ImmutableOopMap {}
                      ;*arraylength {reexecute=0 rethrow=0 return_oop=0}
                      ; - java.lang.ThreadLocal$ThreadLocalMap::getEntry@8 (line 499)
                      ; - java.lang.ThreadLocal::get@12 (line 187)
                      ; - java.lang.ThreadLocal::get@4 (line 172)
                      ; - godot.common.util.ThreadLocalDelegate::getValue@10 (line 7)
                      ; - godot.internal.memory.TransferContext::getBuffer@9 (line 28)
                      ; - godot.internal.memory.TransferContext::writeArguments@7 (line 34)
                      ; - godot.api.Node2D::setScale@25 (line 383)
                      ; - game.items.weapons.Weapon::updateVisuals@56 (line 243)
                      ; - game.items.weapons.Weapon::_process@47 (line 196)
                      ; - godot.entry.WeaponRegistrar$register$1$1$2::invoke@8 (line 41)
                      ; - godot.entry.WeaponRegistrar$register$1$1$2::invoke@12 (line 41)
  0x0000017d3c35729c: 60d3 85ff 

  0x0000017d3c3572a0: ;   {other}
  0x0000017d3c3572a0: 0f1f 8400 | 1030 00c2 | baf4 ffff | ff41 8beb | 4c89 5424 

  0x0000017d3c3572b4: ;   {runtime_call UncommonTrapBlob}
  0x0000017d3c3572b4: 2066 90e8 

  0x0000017d3c3572b8: ; ImmutableOopMap {rbp=NarrowOop [32]=Oop }
                      ;*checkcast {reexecute=0 rethrow=0 return_oop=0}
                      ; - godot.internal.memory.TransferContext::getBuffer@12 (line 28)
                      ; - godot.internal.memory.TransferContext::writeArguments@7 (line 34)
                      ; - godot.api.Node2D::setScale@25 (line 383)
                      ; - game.items.weapons.Weapon::updateVisuals@56 (line 243)
                      ; - game.items.weapons.Weapon::_process@47 (line 196)
                      ; - godot.entry.WeaponRegistrar$register$1$1$2::invoke@8 (line 41)
                      ; - godot.entry.WeaponRegistrar$register$1$1$2::invoke@12 (line 41)
  0x0000017d3c3572b8: 44d3 85ff 

  0x0000017d3c3572bc: ;   {other}
  0x0000017d3c3572bc: 0f1f 8400 | 2c30 00c3 | ba45 ffff | ff41 8beb | 4889 7c24 | 204c 894c | 2428 4489 | 4424 344c 
  0x0000017d3c3572dc: 8954 2438 

  0x0000017d3c3572e0: ;   {runtime_call UncommonTrapBlob}
  0x0000017d3c3572e0: 6666 90e8 

  0x0000017d3c3572e4: ; ImmutableOopMap {rbp=NarrowOop [32]=Oop [40]=Oop [52]=NarrowOop [56]=Oop }
                      ;*ifnull {reexecute=1 rethrow=0 return_oop=0}
                      ; - (reexecute) java.lang.ThreadLocal::get@7 (line 186)
                      ; - java.lang.ThreadLocal::get@4 (line 172)
                      ; - godot.common.util.ThreadLocalDelegate::getValue@10 (line 7)
                      ; - godot.internal.memory.TransferContext::getBuffer@9 (line 28)
                      ; - godot.internal.memory.TransferContext::writeArguments@7 (line 34)
                      ; - godot.api.Node2D::setScale@25 (line 383)
                      ; - game.items.weapons.Weapon::updateVisuals@56 (line 243)
                      ; - game.items.weapons.Weapon::_process@47 (line 196)
                      ; - godot.entry.WeaponRegistrar$register$1$1$2::invoke@8 (line 41)
                      ; - godot.entry.WeaponRegistrar$register$1$1$2::invoke@12 (line 41)
  0x0000017d3c3572e4: 18d3 85ff 

  0x0000017d3c3572e8: ;   {other}
  0x0000017d3c3572e8: 0f1f 8400 | 5830 00c4 | ba45 ffff | ff41 8beb | 4c89 4c24 | 2844 8944 | 2430 4889 | 7c24 3889 
  0x0000017d3c357308: 4c24 3489 | 5c24 444c | 8954 2448 

  0x0000017d3c357314: ;   {runtime_call UncommonTrapBlob}
  0x0000017d3c357314: 6666 90e8 

  0x0000017d3c357318: ; ImmutableOopMap {rbp=NarrowOop [40]=Oop [48]=NarrowOop [56]=Oop [68]=NarrowOop [72]=Oop }
                      ;*ifnull {reexecute=1 rethrow=0 return_oop=0}
                      ; - (reexecute) java.lang.ThreadLocal$ThreadLocalMap::getEntry@21 (line 501)
                      ; - java.lang.ThreadLocal::get@12 (line 187)
                      ; - java.lang.ThreadLocal::get@4 (line 172)
                      ; - godot.common.util.ThreadLocalDelegate::getValue@10 (line 7)
                      ; - godot.internal.memory.TransferContext::getBuffer@9 (line 28)
                      ; - godot.internal.memory.TransferContext::writeArguments@7 (line 34)
                      ; - godot.api.Node2D::setScale@25 (line 383)
                      ; - game.items.weapons.Weapon::updateVisuals@56 (line 243)
                      ; - game.items.weapons.Weapon::_process@47 (line 196)
                      ; - godot.entry.WeaponRegistrar$register$1$1$2::invoke@8 (line 41)
                      ; - godot.entry.WeaponRegistrar$register$1$1$2::invoke@12 (line 41)
  0x0000017d3c357318: e4d2 85ff 

  0x0000017d3c35731c: ;   {other}
  0x0000017d3c35731c: 0f1f 8400 | 8c30 00c5 | baf4 ffff | ff4c 895c 

  0x0000017d3c35732c: ;   {runtime_call UncommonTrapBlob}
  0x0000017d3c35732c: 2420 90e8 

  0x0000017d3c357330: ; ImmutableOopMap {[32]=Oop [48]=Oop }
                      ;*checkcast {reexecute=0 rethrow=0 return_oop=0}
                      ; - game.items.weapons.Weapon::getRotationToTarget@32 (line 159)
                      ; - game.items.weapons.Weapon::rotateToTarget@21 (line 177)
                      ; - game.items.weapons.Weapon::_process@32 (line 192)
                      ; - godot.entry.WeaponRegistrar$register$1$1$2::invoke@8 (line 41)
                      ; - godot.entry.WeaponRegistrar$register$1$1$2::invoke@12 (line 41)
  0x0000017d3c357330: ccd2 85ff 

  0x0000017d3c357334: ;   {other}
  0x0000017d3c357334: 0f1f 8400 | a430 00c6 | baf6 ffff 

  0x0000017d3c357340: ;   {runtime_call UncommonTrapBlob}
  0x0000017d3c357340: ff66 90e8 

  0x0000017d3c357344: ; ImmutableOopMap {}
                      ;*invokevirtual angle {reexecute=0 rethrow=0 return_oop=0}
                      ; - game.items.weapons.Weapon::getRotationToTarget@41 (line 159)
                      ; - game.items.weapons.Weapon::rotateToTarget@21 (line 177)
                      ; - game.items.weapons.Weapon::_process@32 (line 192)
                      ; - godot.entry.WeaponRegistrar$register$1$1$2::invoke@8 (line 41)
                      ; - godot.entry.WeaponRegistrar$register$1$1$2::invoke@12 (line 41)
  0x0000017d3c357344: b8d2 85ff 

  0x0000017d3c357348: ;   {other}
  0x0000017d3c357348: 0f1f 8400 | b830 00c7 | bab5 ffff | ff48 8944 

  0x0000017d3c357358: ;   {runtime_call UncommonTrapBlob}
  0x0000017d3c357358: 2440 90e8 

  0x0000017d3c35735c: ; ImmutableOopMap {rbp=Oop [48]=Oop [64]=Oop }
                      ;*astore {reexecute=0 rethrow=0 return_oop=0}
                      ; - jdk.internal.misc.ScopedMemoryAccess::getIntUnaligned@10 (line 1898)
                      ; - java.nio.DirectByteBuffer::getInt@13 (line 744)
                      ; - java.nio.DirectByteBuffer::getInt@10 (line 753)
                      ; - godot.core.VariantKt::getVariantType@1 (line 104)
                      ; - godot.core.VariantKt::access$getVariantType@1 (line 1)
                      ; - godot.core.VariantParser::toKotlin@7 (line 477)
                      ; - godot.internal.memory.TransferContext::readReturnValue@20 (line 75)
                      ; - godot.api.Node2D::getScale@41 (line 414)
                      ; - game.entity.Player::isFacingRight@4 (line 261)
                      ; - game.items.weapons.Weapon::getIdleRotation@9 (line 139)
                      ; - game.items.weapons.Weapon::getRotationToTarget@20 (line 156)
                      ; - game.items.weapons.Weapon::rotateToTarget@21 (line 177)
                      ; - game.items.weapons.Weapon::_process@32 (line 192)
                      ; - godot.entry.WeaponRegistrar$register$1$1$2::invoke@8 (line 41)
                      ; - godot.entry.WeaponRegistrar$register$1$1$2::invoke@12 (line 41)
  0x0000017d3c35735c: a0d2 85ff 

  0x0000017d3c357360: ;   {other}
  0x0000017d3c357360: 0f1f 8400 | d030 00c8 | bab5 ffff | ff48 8944 

  0x0000017d3c357370: ;   {runtime_call UncommonTrapBlob}
  0x0000017d3c357370: 2440 90e8 

  0x0000017d3c357374: ; ImmutableOopMap {rbp=Oop [48]=Oop [64]=Oop }
                      ;*astore {reexecute=0 rethrow=0 return_oop=0}
                      ; - jdk.internal.misc.ScopedMemoryAccess::getIntUnaligned@10 (line 1898)
                      ; - java.nio.DirectByteBuffer::getFloat@13 (line 944)
                      ; - java.nio.DirectByteBuffer::getFloat@10 (line 953)
                      ; - godot.core.VariantKt::getVector2@5 (line 19)
                      ; - godot.core.VariantKt::access$getVector2@1 (line 1)
                      ; - godot.core.VariantParser$VECTOR2::toUnsafeKotlin@7 (line 176)
                      ; - godot.core.VariantParser$VECTOR2::toUnsafeKotlin@2 (line 175)
                      ; - godot.core.VariantParser::toKotlin@21 (line 479)
                      ; - godot.internal.memory.TransferContext::readReturnValue@20 (line 75)
                      ; - godot.api.Node2D::getScale@41 (line 414)
                      ; - game.entity.Player::isFacingRight@4 (line 261)
                      ; - game.items.weapons.Weapon::getIdleRotation@9 (line 139)
                      ; - game.items.weapons.Weapon::getRotationToTarget@20 (line 156)
                      ; - game.items.weapons.Weapon::rotateToTarget@21 (line 177)
                      ; - game.items.weapons.Weapon::_process@32 (line 192)
                      ; - godot.entry.WeaponRegistrar$register$1$1$2::invoke@8 (line 41)
                      ; - godot.entry.WeaponRegistrar$register$1$1$2::invoke@12 (line 41)
  0x0000017d3c357374: 88d2 85ff 

  0x0000017d3c357378: ;   {other}
  0x0000017d3c357378: 0f1f 8400 | e830 00c9 | bab5 ffff | ffc5 fb10 | 4424 38c5 | fb11 4424 | 2848 8944 

  0x0000017d3c357394: ;   {runtime_call UncommonTrapBlob}
  0x0000017d3c357394: 2440 90e8 

  0x0000017d3c357398: ; ImmutableOopMap {rbp=Oop [48]=Oop [64]=Oop }
                      ;*astore {reexecute=0 rethrow=0 return_oop=0}
                      ; - jdk.internal.misc.ScopedMemoryAccess::getIntUnaligned@10 (line 1898)
                      ; - java.nio.DirectByteBuffer::getFloat@13 (line 944)
                      ; - java.nio.DirectByteBuffer::getFloat@10 (line 953)
                      ; - godot.core.VariantKt::getVector2@14 (line 19)
                      ; - godot.core.VariantKt::access$getVector2@1 (line 1)
                      ; - godot.core.VariantParser$VECTOR2::toUnsafeKotlin@7 (line 176)
                      ; - godot.core.VariantParser$VECTOR2::toUnsafeKotlin@2 (line 175)
                      ; - godot.core.VariantParser::toKotlin@21 (line 479)
                      ; - godot.internal.memory.TransferContext::readReturnValue@20 (line 75)
                      ; - godot.api.Node2D::getScale@41 (line 414)
                      ; - game.entity.Player::isFacingRight@4 (line 261)
                      ; - game.items.weapons.Weapon::getIdleRotation@9 (line 139)
                      ; - game.items.weapons.Weapon::getRotationToTarget@20 (line 156)
                      ; - game.items.weapons.Weapon::rotateToTarget@21 (line 177)
                      ; - game.items.weapons.Weapon::_process@32 (line 192)
                      ; - godot.entry.WeaponRegistrar$register$1$1$2::invoke@8 (line 41)
                      ; - godot.entry.WeaponRegistrar$register$1$1$2::invoke@12 (line 41)
  0x0000017d3c357398: 64d2 85ff 

  0x0000017d3c35739c: ;   {other}
  0x0000017d3c35739c: 0f1f 8400 | 0c31 00ca | eb31 eb2f | eb2d eb37 | eb35 488b | d0eb 3348 | 8bd0 eb2e | eb1d eb1b 
  0x0000017d3c3573bc: eb19 eb17 | 488b d0eb | 21eb 1ceb | 1aeb 18eb | 1648 8bd0 | eb14 488b | d0eb 0f48 | 8bd0 eb0a 
  0x0000017d3c3573dc: 488b d0eb | 05eb 0048 | 8bd0 4883 

  0x0000017d3c3573e8: ;   {runtime_call _rethrow_Java}
  0x0000017d3c3573e8: c470 5de9 | 1078 adff 

  0x0000017d3c3573f0: ;   {internal_word}
  0x0000017d3c3573f0: 49ba d358 | 353c 7d01 | 0000 4d89 | 9768 0400 

  0x0000017d3c357400: ;   {runtime_call SafepointBlob}
  0x0000017d3c357400: 00e9 fae2 

  0x0000017d3c357404: ;   {runtime_call StubRoutines (final stubs)}
  0x0000017d3c357404: 85ff e855 | d983 ffe9 | 2ad5 ffff 
[Stub Code]
  0x0000017d3c357410: ;   {no_reloc}
  0x0000017d3c357410: 48bb 0000 | 0000 0000 

  0x0000017d3c357418: ;   {runtime_call}
  0x0000017d3c357418: 0000 e9fb 

  0x0000017d3c35741c: ;   {static_stub}
  0x0000017d3c35741c: ffff ff48 | bb00 0000 | 0000 0000 

  0x0000017d3c357428: ;   {runtime_call}
  0x0000017d3c357428: 00e9 fbff 

  0x0000017d3c35742c: ;   {static_stub}
  0x0000017d3c35742c: ffff 48bb | 0000 0000 | 0000 0000 

  0x0000017d3c357438: ;   {runtime_call}
  0x0000017d3c357438: e9fb ffff 

  0x0000017d3c35743c: ;   {static_stub}
  0x0000017d3c35743c: ff48 bb78 | 2671 8e7d 

  0x0000017d3c357444: ;   {runtime_call I2C/C2I adapters}
  0x0000017d3c357444: 0100 00e9 | 17c0 85ff 

  0x0000017d3c35744c: ;   {static_stub}
  0x0000017d3c35744c: 48bb f02d | 718e 7d01 

  0x0000017d3c357454: ;   {runtime_call I2C/C2I adapters}
  0x0000017d3c357454: 0000 e908 

  0x0000017d3c357458: ;   {static_stub}
  0x0000017d3c357458: c085 ff48 | bb00 0000 | 0000 0000 

  0x0000017d3c357464: ;   {runtime_call}
  0x0000017d3c357464: 00e9 fbff 

  0x0000017d3c357468: ;   {static_stub}
  0x0000017d3c357468: ffff 48bb | 0000 0000 | 0000 0000 

  0x0000017d3c357474: ;   {runtime_call}
  0x0000017d3c357474: e9fb ffff 

  0x0000017d3c357478: ;   {static_stub}
  0x0000017d3c357478: ff48 bb60 | 6d61 8d7d 

  0x0000017d3c357480: ;   {runtime_call I2C/C2I adapters}
  0x0000017d3c357480: 0100 00e9 | 5fcd 85ff 

  0x0000017d3c357488: ;   {static_stub}
  0x0000017d3c357488: 48bb 0000 | 0000 0000 

  0x0000017d3c357490: ;   {runtime_call}
  0x0000017d3c357490: 0000 e9fb 

  0x0000017d3c357494: ;   {static_stub}
  0x0000017d3c357494: ffff ff48 | bb00 0000 | 0000 0000 

  0x0000017d3c3574a0: ;   {runtime_call}
  0x0000017d3c3574a0: 00e9 fbff 

  0x0000017d3c3574a4: ;   {static_stub}
  0x0000017d3c3574a4: ffff 48bb | f09c 138d | 7d01 0000 

  0x0000017d3c3574b0: ;   {runtime_call I2C/C2I adapters}
  0x0000017d3c3574b0: e934 4186 

  0x0000017d3c3574b4: ;   {runtime_call ExceptionBlob}
  0x0000017d3c3574b4: ffe9 c662 | 92ff e800 | 0000 0048 | 832c 2405 

  0x0000017d3c3574c4: ;   {runtime_call DeoptimizationBlob}
  0x0000017d3c3574c4: e9d7 d485 | fff4 f4f4 | f4f4 f4f4 
[/MachCode]


---------------  P R O C E S S  ---------------

Threads class SMR info:
_java_thread_list=0x0000017d2bdcf360, length=28, elements={
0x0000017d2a8319c0, 0x0000017d2b926010, 0x0000017d2b926680, 0x0000017d2b98eda0,
0x0000017d2b9c7220, 0x0000017d2b9c7890, 0x0000017d2b9e0420, 0x0000017d2b9eabf0,
0x0000017d1991f1b0, 0x0000017d19922f00, 0x0000017d2be7cc80, 0x0000017d2beca910,
0x0000017d93205dd0, 0x0000017d93e0a270, 0x0000017d9294f340, 0x0000017d92d87910,
0x0000017d92fc78e0, 0x0000017d91f78980, 0x0000017d2694f320, 0x0000017d2694f9b0,
0x0000017d269513f0, 0x0000017d26951a80, 0x0000017d26952e30, 0x0000017d269506d0,
0x0000017d26952110, 0x0000017d26950040, 0x0000017d269527a0, 0x0000017d269534c0
}

Java Threads: ( => current thread )
=>0x0000017d2a8319c0 JavaThread "main"                              [_thread_in_native, id=11492, stack(0x0000006fce800000,0x0000006fcf000000) (8192K)]
  0x0000017d2b926010 JavaThread "Reference Handler"          daemon [_thread_blocked, id=25712, stack(0x0000006feb000000,0x0000006feb800000) (8192K)]
  0x0000017d2b926680 JavaThread "Finalizer"                  daemon [_thread_blocked, id=23752, stack(0x0000006feb800000,0x0000006fec000000) (8192K)]
  0x0000017d2b98eda0 JavaThread "Signal Dispatcher"          daemon [_thread_blocked, id=26272, stack(0x0000006fec000000,0x0000006fec800000) (8192K)]
  0x0000017d2b9c7220 JavaThread "Attach Listener"            daemon [_thread_blocked, id=21252, stack(0x0000006fec800000,0x0000006fed000000) (8192K)]
  0x0000017d2b9c7890 JavaThread "Service Thread"             daemon [_thread_blocked, id=24200, stack(0x0000006fed000000,0x0000006fed800000) (8192K)]
  0x0000017d2b9e0420 JavaThread "Monitor Deflation Thread"   daemon [_thread_blocked, id=25540, stack(0x0000006fed800000,0x0000006fee000000) (8192K)]
  0x0000017d2b9eabf0 JavaThread "C2 CompilerThread0"         daemon [_thread_blocked, id=8624, stack(0x0000006fee000000,0x0000006fee800000) (8192K)]
  0x0000017d1991f1b0 JavaThread "C1 CompilerThread0"         daemon [_thread_blocked, id=20248, stack(0x0000006fee800000,0x0000006fef000000) (8192K)]
  0x0000017d19922f00 JavaThread "C1 CompilerThread1"         daemon [_thread_blocked, id=24916, stack(0x0000006fef000000,0x0000006fef800000) (8192K)]
  0x0000017d2be7cc80 JavaThread "Notification Thread"        daemon [_thread_blocked, id=19424, stack(0x0000006ff0800000,0x0000006ff1000000) (8192K)]
  0x0000017d2beca910 JavaThread "Common-Cleaner"             daemon [_thread_blocked, id=4564, stack(0x0000006ff1000000,0x0000006ff1800000) (8192K)]
  0x0000017d93205dd0 JavaThread "Thread-0"                          [_thread_in_native, id=14580, stack(0x0000006fd1000000,0x0000006fd1800000) (8192K)]
  0x0000017d93e0a270 JavaThread "Thread-1"                          [_thread_in_native, id=22312, stack(0x0000006fd1800000,0x0000006fd2000000) (8192K)]
  0x0000017d9294f340 JavaThread "Thread-2"                          [_thread_in_native, id=22532, stack(0x0000006fd2000000,0x0000006fd2800000) (8192K)]
  0x0000017d92d87910 JavaThread "Thread-3"                          [_thread_in_native, id=24540, stack(0x0000006fd3000000,0x0000006fd3800000) (8192K)]
  0x0000017d92fc78e0 JavaThread "Thread-4"                          [_thread_in_native, id=12404, stack(0x0000006fd3800000,0x0000006fd4000000) (8192K)]
  0x0000017d91f78980 JavaThread "Thread-5"                          [_thread_in_native, id=8208, stack(0x0000006fd4000000,0x0000006fd4800000) (8192K)]
  0x0000017d2694f320 JavaThread "Thread-6"                          [_thread_in_native, id=26168, stack(0x0000006fd4800000,0x0000006fd5000000) (8192K)]
  0x0000017d2694f9b0 JavaThread "Thread-7"                          [_thread_in_native, id=11504, stack(0x0000006fd5000000,0x0000006fd5800000) (8192K)]
  0x0000017d269513f0 JavaThread "Thread-8"                          [_thread_in_native, id=18916, stack(0x0000006fd5800000,0x0000006fd6000000) (8192K)]
  0x0000017d26951a80 JavaThread "Thread-9"                          [_thread_in_native, id=11324, stack(0x0000006fd6000000,0x0000006fd6800000) (8192K)]
  0x0000017d26952e30 JavaThread "Thread-10"                         [_thread_in_native, id=24148, stack(0x0000006fd6800000,0x0000006fd7000000) (8192K)]
  0x0000017d269506d0 JavaThread "Thread-11"                         [_thread_in_native, id=4688, stack(0x0000006fd7000000,0x0000006fd7800000) (8192K)]
  0x0000017d26952110 JavaThread "Thread-12"                         [_thread_in_native, id=12052, stack(0x0000006fd7800000,0x0000006fd8000000) (8192K)]
  0x0000017d26950040 JavaThread "Thread-13"                         [_thread_in_native, id=23132, stack(0x0000006fd8000000,0x0000006fd8800000) (8192K)]
  0x0000017d269527a0 JavaThread "Thread-14"                         [_thread_in_native, id=3832, stack(0x0000006fd8800000,0x0000006fd9000000) (8192K)]
  0x0000017d269534c0 JavaThread "Thread-15"                         [_thread_in_native, id=12196, stack(0x0000006fd2800000,0x0000006fd3000000) (8192K)]
Total: 28

Other Threads:
  0x0000017d2b8b55c0 VMThread "VM Thread"                           [id=13892, stack(0x0000006fea800000,0x0000006feb000000) (8192K)]
  0x0000017d25cfd590 WatcherThread "VM Periodic Task Thread"        [id=7024, stack(0x0000006fea000000,0x0000006fea800000) (8192K)]
  0x0000017d2b476c10 WorkerThread "GC Thread#0"                     [id=7736, stack(0x0000006fe7800000,0x0000006fe8000000) (8192K)]
  0x0000017d914bc380 WorkerThread "GC Thread#1"                     [id=23684, stack(0x0000006ff2800000,0x0000006ff3000000) (8192K)]
  0x0000017d9162fdf0 WorkerThread "GC Thread#2"                     [id=25748, stack(0x0000006ff3000000,0x0000006ff3800000) (8192K)]
  0x0000017d916301a0 WorkerThread "GC Thread#3"                     [id=16712, stack(0x0000006ff3800000,0x0000006ff4000000) (8192K)]
  0x0000017d91630550 WorkerThread "GC Thread#4"                     [id=13480, stack(0x0000006ff4000000,0x0000006ff4800000) (8192K)]
  0x0000017d9162ca30 WorkerThread "GC Thread#5"                     [id=3652, stack(0x0000006ff4800000,0x0000006ff5000000) (8192K)]
  0x0000017d9236a540 WorkerThread "GC Thread#6"                     [id=20544, stack(0x0000006ff5000000,0x0000006ff5800000) (8192K)]
  0x0000017d92367900 WorkerThread "GC Thread#7"                     [id=2016, stack(0x0000006ff5800000,0x0000006ff6000000) (8192K)]
  0x0000017d92368060 WorkerThread "GC Thread#8"                     [id=7092, stack(0x0000006ff6000000,0x0000006ff6800000) (8192K)]
  0x0000017d92369a30 WorkerThread "GC Thread#9"                     [id=23468, stack(0x0000006ff6800000,0x0000006ff7000000) (8192K)]
  0x0000017d92368f20 WorkerThread "GC Thread#10"                    [id=25408, stack(0x0000006ff7000000,0x0000006ff7800000) (8192K)]
  0x0000017d92367cb0 WorkerThread "GC Thread#11"                    [id=6876, stack(0x0000006ff7800000,0x0000006ff8000000) (8192K)]
  0x0000017d92368410 WorkerThread "GC Thread#12"                    [id=15580, stack(0x0000006ff8000000,0x0000006ff8800000) (8192K)]
  0x0000017d2679b850 ConcurrentGCThread "G1 Main Marker"            [id=10664, stack(0x0000006fe8000000,0x0000006fe8800000) (8192K)]
  0x0000017d2b505e00 WorkerThread "G1 Conc#0"                       [id=17744, stack(0x0000006fe8800000,0x0000006fe9000000) (8192K)]
  0x0000017d923687c0 WorkerThread "G1 Conc#1"                       [id=20796, stack(0x0000006ff8800000,0x0000006ff9000000) (8192K)]
  0x0000017d9236b400 WorkerThread "G1 Conc#2"                       [id=19052, stack(0x0000006ff9000000,0x0000006ff9800000) (8192K)]
  0x0000017d29bf8210 ConcurrentGCThread "G1 Refine#0"               [id=24884, stack(0x0000006fe9000000,0x0000006fe9800000) (8192K)]
  0x0000017d268abb90 ConcurrentGCThread "G1 Service"                [id=4608, stack(0x0000006fe9800000,0x0000006fea000000) (8192K)]
Total: 21

Threads with active compile tasks:
Total: 0

VM state: not at safepoint (normal execution)

VM Mutex/Monitor currently owned by a thread: None

Heap address: 0x0000000704a00000, size: 4022 MB, Compressed Oops mode: Zero based, Oop shift amount: 3

CDS archive(s) mapped at: [0x0000017d4c000000-0x0000017d4cc90000-0x0000017d4cc90000), size 13172736, SharedBaseAddress: 0x0000017d4c000000, ArchiveRelocationMode: 1.
Compressed class space mapped at: 0x0000017d4d000000-0x0000017d8d000000, reserved size: 1073741824
Narrow klass base: 0x0000017d4c000000, Narrow klass shift: 0, Narrow klass range: 0x100000000

GC Precious Log:
 CardTable entry size: 512
 Card Set container configuration: InlinePtr #cards 4 size 8 Array Of Cards #cards 16 size 48 Howl #buckets 8 coarsen threshold 3686 Howl Bitmap #cards 512 size 80 coarsen threshold 460 Card regions per heap region 1 cards per card region 4096
 CPUs: 16 total, 16 available
 Memory: 16087M
 Large Page Support: Disabled
 NUMA Support: Disabled
 Compressed Oops: Enabled (Zero based)
 Heap Region Size: 2M
 Heap Min Capacity: 8M
 Heap Initial Capacity: 252M
 Heap Max Capacity: 4022M
 Pre-touch: Disabled
 Parallel Workers: 13
 Concurrent Workers: 3
 Concurrent Refinement Workers: 13
 Periodic GC: Disabled

Heap:
 garbage-first heap   total 34816K, used 18076K [0x0000000704a00000, 0x0000000800000000)
  region size 2048K, 10 young (20480K), 3 survivors (6144K)
 Metaspace       used 25818K, committed 25984K, reserved 1114112K
  class space    used 2630K, committed 2688K, reserved 1048576K

Heap Regions: E=young(eden), S=young(survivor), O=old, HS=humongous(starts), HC=humongous(continues), CS=collection set, F=free, TAMS=top-at-mark-start, PB=parsable bottom
|   0|0x0000000704a00000, 0x0000000704a00000, 0x0000000704c00000|  0%| F|  |TAMS 0x0000000704a00000| PB 0x0000000704a00000| Untracked 
|   1|0x0000000704c00000, 0x0000000704c00000, 0x0000000704e00000|  0%| F|  |TAMS 0x0000000704c00000| PB 0x0000000704c00000| Untracked 
|   2|0x0000000704e00000, 0x0000000704e00000, 0x0000000705000000|  0%| F|  |TAMS 0x0000000704e00000| PB 0x0000000704e00000| Untracked 
|   3|0x0000000705000000, 0x0000000705000000, 0x0000000705200000|  0%| F|  |TAMS 0x0000000705000000| PB 0x0000000705000000| Untracked 
|   4|0x0000000705200000, 0x0000000705200000, 0x0000000705400000|  0%| F|  |TAMS 0x0000000705200000| PB 0x0000000705200000| Untracked 
|   5|0x0000000705400000, 0x0000000705400000, 0x0000000705600000|  0%| F|  |TAMS 0x0000000705400000| PB 0x0000000705400000| Untracked 
|   6|0x0000000705600000, 0x0000000705600000, 0x0000000705800000|  0%| F|  |TAMS 0x0000000705600000| PB 0x0000000705600000| Untracked 
|   7|0x0000000705800000, 0x0000000705a00000, 0x0000000705a00000|100%| E|  |TAMS 0x0000000705800000| PB 0x0000000705800000| Complete 
|   8|0x0000000705a00000, 0x0000000705c00000, 0x0000000705c00000|100%| E|CS|TAMS 0x0000000705a00000| PB 0x0000000705a00000| Complete 
|   9|0x0000000705c00000, 0x0000000705e00000, 0x0000000705e00000|100%| E|CS|TAMS 0x0000000705c00000| PB 0x0000000705c00000| Complete 
|  10|0x0000000705e00000, 0x0000000706000000, 0x0000000706000000|100%| S|CS|TAMS 0x0000000705e00000| PB 0x0000000705e00000| Complete 
|  11|0x0000000706000000, 0x0000000706200000, 0x0000000706200000|100%| S|CS|TAMS 0x0000000706000000| PB 0x0000000706000000| Complete 
|  12|0x0000000706200000, 0x00000007063a7120, 0x0000000706400000| 82%| S|CS|TAMS 0x0000000706200000| PB 0x0000000706200000| Complete 
| 121|0x0000000713c00000, 0x0000000713e00000, 0x0000000713e00000|100%| E|CS|TAMS 0x0000000713c00000| PB 0x0000000713c00000| Complete 
| 122|0x0000000713e00000, 0x0000000714000000, 0x0000000714000000|100%| E|CS|TAMS 0x0000000713e00000| PB 0x0000000713e00000| Complete 
| 123|0x0000000714000000, 0x0000000714200000, 0x0000000714200000|100%| E|CS|TAMS 0x0000000714000000| PB 0x0000000714000000| Complete 
| 125|0x0000000714400000, 0x0000000714600000, 0x0000000714600000|100%| E|CS|TAMS 0x0000000714400000| PB 0x0000000714400000| Complete 

Card table byte_map: [0x0000017d44660000,0x0000017d44e40000] _byte_map_base: 0x0000017d40e3b000

Marking Bits: (CMBitMap*) 0x0000017d2b476fd0
 Bits: [0x0000017d44e40000, 0x0000017d48d18000)

Polling page: 0x0000017d27270000

Metaspace:

Usage:
  Non-class:     22.64 MB used.
      Class:      2.57 MB used.
       Both:     25.21 MB used.

Virtual space:
  Non-class space:       64.00 MB reserved,      22.75 MB ( 36%) committed,  1 nodes.
      Class space:        1.00 GB reserved,       2.62 MB ( <1%) committed,  1 nodes.
             Both:        1.06 GB reserved,      25.38 MB (  2%) committed. 

Chunk freelists:
   Non-Class:  6.59 MB
       Class:  13.21 MB
        Both:  19.80 MB

MaxMetaspaceSize: unlimited
CompressedClassSpaceSize: 1.00 GB
Initial GC threshold: 21.00 MB
Current GC threshold: 35.12 MB
CDS: on
 - commit_granule_bytes: 65536.
 - commit_granule_words: 8192.
 - virtual_space_node_default_size: 8388608.
 - enlarge_chunks_in_place: 1.
 - use_allocation_guard: 0.


Internal statistics:

num_allocs_failed_limit: 3.
num_arena_births: 114.
num_arena_deaths: 0.
num_vsnodes_births: 2.
num_vsnodes_deaths: 0.
num_space_committed: 405.
num_space_uncommitted: 0.
num_chunks_returned_to_freelist: 3.
num_chunks_taken_from_freelist: 961.
num_chunk_merges: 3.
num_chunk_splits: 841.
num_chunks_enlarged: 739.
num_inconsistent_stats: 0.

CodeHeap 'non-profiled nmethods': size=119168Kb used=745Kb max_used=745Kb free=118422Kb
 bounds [0x0000017d3c2b0000, 0x0000017d3c520000, 0x0000017d43710000]
CodeHeap 'profiled nmethods': size=119104Kb used=2998Kb max_used=2998Kb free=116105Kb
 bounds [0x0000017d34710000, 0x0000017d34a00000, 0x0000017d3bb60000]
CodeHeap 'non-nmethods': size=7488Kb used=2152Kb max_used=3297Kb free=5335Kb
 bounds [0x0000017d3bb60000, 0x0000017d3bea0000, 0x0000017d3c2b0000]
 total_blobs=2201 nmethods=1555 adapters=550
 compilation: enabled
              stopped_count=0, restarted_count=0
 full_count=0

Compilation events (20 events):
Event: 6.893 Thread 0x0000017d1991f1b0 1546       3       godot.core.PackedArray::<init> (5 bytes)
Event: 6.893 Thread 0x0000017d1991f1b0 nmethod 1546 0x0000017d349f8390 code [0x0000017d349f8540, 0x0000017d349f8708]
Event: 6.893 Thread 0x0000017d1991f1b0 1547       3       java.util.LinkedList$ListItr::<init> (47 bytes)
Event: 6.893 Thread 0x0000017d19922f00 nmethod 1545 0x0000017d349f8810 code [0x0000017d349f8a00, 0x0000017d349f8dd8]
Event: 6.893 Thread 0x0000017d19922f00 1548       3       java.util.LinkedList::node (65 bytes)
Event: 6.893 Thread 0x0000017d1991f1b0 nmethod 1547 0x0000017d349f8f10 code [0x0000017d349f90e0, 0x0000017d349f93e8]
Event: 6.893 Thread 0x0000017d1991f1b0 1549       3       godot.api.Line2D::setPoints (51 bytes)
Event: 6.894 Thread 0x0000017d19922f00 nmethod 1548 0x0000017d349f9510 code [0x0000017d349f96e0, 0x0000017d349f99c8]
Event: 6.894 Thread 0x0000017d19922f00 1550       3       godot.core.VariantParser$PACKED_VECTOR2_ARRAY::toUnsafeGodot (46 bytes)
Event: 6.894 Thread 0x0000017d19922f00 nmethod 1550 0x0000017d349f9b10 code [0x0000017d349f9d80, 0x0000017d349fa808]
Event: 6.894 Thread 0x0000017d1991f1b0 nmethod 1549 0x0000017d349fab90 code [0x0000017d349fae20, 0x0000017d349fb988]
Event: 6.920 Thread 0x0000017d2b9eabf0 1551       4       java.util.LinkedList$ListItr::next (56 bytes)
Event: 6.925 Thread 0x0000017d2b9eabf0 nmethod 1551 0x0000017d3c369310 code [0x0000017d3c3694a0, 0x0000017d3c3697b8]
Event: 6.998 Thread 0x0000017d19922f00 1552       3       godot.core.VariantParser$OBJECT::toUnsafeGodot (46 bytes)
Event: 6.998 Thread 0x0000017d1991f1b0 1553       3       godot.core.VariantKt::access$setObj (6 bytes)
Event: 6.999 Thread 0x0000017d1991f1b0 nmethod 1553 0x0000017d349fbd90 code [0x0000017d349fbf40, 0x0000017d349fc1c8]
Event: 6.999 Thread 0x0000017d1991f1b0 1554       3       godot.core.VariantKt::setObj (19 bytes)
Event: 6.999 Thread 0x0000017d1991f1b0 nmethod 1554 0x0000017d349fc310 code [0x0000017d349fc4c0, 0x0000017d349fc6e8]
Event: 6.999 Thread 0x0000017d19922f00 nmethod 1552 0x0000017d349fc810 code [0x0000017d349fcaa0, 0x0000017d349fd608]
Event: 7.067 Thread 0x0000017d2b9eabf0 1555       4       godot.core.PackedArray::append (42 bytes)

GC Heap History (8 events):
Event: 0.267 GC heap before
{Heap before GC invocations=0 (full 0):
 garbage-first heap   total 258048K, used 20480K [0x0000000704a00000, 0x0000000800000000)
  region size 2048K, 11 young (22528K), 0 survivors (0K)
 Metaspace       used 6436K, committed 6528K, reserved 1114112K
  class space    used 366K, committed 448K, reserved 1048576K
}
Event: 0.269 GC heap after
{Heap after GC invocations=1 (full 0):
 garbage-first heap   total 258048K, used 2325K [0x0000000704a00000, 0x0000000800000000)
  region size 2048K, 2 young (4096K), 2 survivors (4096K)
 Metaspace       used 6436K, committed 6528K, reserved 1114112K
  class space    used 366K, committed 448K, reserved 1048576K
}
Event: 0.717 GC heap before
{Heap before GC invocations=1 (full 0):
 garbage-first heap   total 258048K, used 43285K [0x0000000704a00000, 0x0000000800000000)
  region size 2048K, 22 young (45056K), 2 survivors (4096K)
 Metaspace       used 20071K, committed 20224K, reserved 1114112K
  class space    used 1908K, committed 1984K, reserved 1048576K
}
Event: 0.721 GC heap after
{Heap after GC invocations=2 (full 0):
 garbage-first heap   total 258048K, used 4552K [0x0000000704a00000, 0x0000000800000000)
  region size 2048K, 3 young (6144K), 3 survivors (6144K)
 Metaspace       used 20071K, committed 20224K, reserved 1114112K
  class space    used 1908K, committed 1984K, reserved 1048576K
}
Event: 0.784 GC heap before
{Heap before GC invocations=2 (full 0):
 garbage-first heap   total 258048K, used 6600K [0x0000000704a00000, 0x0000000800000000)
  region size 2048K, 5 young (10240K), 3 survivors (6144K)
 Metaspace       used 21388K, committed 21504K, reserved 1114112K
  class space    used 1990K, committed 2048K, reserved 1048576K
}
Event: 0.787 GC heap after
{Heap after GC invocations=3 (full 0):
 garbage-first heap   total 258048K, used 4904K [0x0000000704a00000, 0x0000000800000000)
  region size 2048K, 3 young (6144K), 3 survivors (6144K)
 Metaspace       used 21388K, committed 21504K, reserved 1114112K
  class space    used 1990K, committed 2048K, reserved 1048576K
}
Event: 1.029 GC heap before
{Heap before GC invocations=4 (full 0):
 garbage-first heap   total 28672K, used 27432K [0x0000000704a00000, 0x0000000800000000)
  region size 2048K, 14 young (28672K), 3 survivors (6144K)
 Metaspace       used 24753K, committed 24896K, reserved 1114112K
  class space    used 2553K, committed 2624K, reserved 1048576K
}
Event: 1.035 GC heap after
{Heap after GC invocations=5 (full 0):
 garbage-first heap   total 34816K, used 5788K [0x0000000704a00000, 0x0000000800000000)
  region size 2048K, 3 young (6144K), 3 survivors (6144K)
 Metaspace       used 24753K, committed 24896K, reserved 1114112K
  class space    used 2553K, committed 2624K, reserved 1048576K
}

Dll operation events (6 events):
Event: 0.004 Loaded shared library C:\Program Files\Java\jdk-21\bin\java.dll
Event: 0.024 Loaded shared library C:\Program Files\Java\jdk-21\bin\jsvml.dll
Event: 0.036 Loaded shared library C:\Program Files\Java\jdk-21\bin\net.dll
Event: 0.037 Loaded shared library C:\Program Files\Java\jdk-21\bin\nio.dll
Event: 0.043 Loaded shared library C:\Program Files\Java\jdk-21\bin\zip.dll
Event: 0.125 Loaded shared library C:\Program Files\Java\jdk-21\bin\jimage.dll

Deoptimization events (20 events):
Event: 3.027 Thread 0x0000017d2a8319c0 Uncommon trap: trap_request=0xffffffd6 fr.pc=0x0000017d3c341a5c relative=0x000000000000041c
Event: 3.027 Thread 0x0000017d2a8319c0 Uncommon trap: reason=array_check action=maybe_recompile pc=0x0000017d3c341a5c method=java.util.Arrays.fill([Ljava/lang/Object;IILjava/lang/Object;)V @ 20 c2
Event: 3.027 Thread 0x0000017d2a8319c0 DEOPT PACKING pc=0x0000017d3c341a5c sp=0x0000006fceffd1c0
Event: 3.027 Thread 0x0000017d2a8319c0 DEOPT UNPACKING pc=0x0000017d3bbb46a2 sp=0x0000006fceffd188 mode 2
Event: 3.027 Thread 0x0000017d2a8319c0 Uncommon trap: trap_request=0xffffffd6 fr.pc=0x0000017d3c341a5c relative=0x000000000000041c
Event: 3.027 Thread 0x0000017d2a8319c0 Uncommon trap: reason=array_check action=maybe_recompile pc=0x0000017d3c341a5c method=java.util.Arrays.fill([Ljava/lang/Object;IILjava/lang/Object;)V @ 20 c2
Event: 3.027 Thread 0x0000017d2a8319c0 DEOPT PACKING pc=0x0000017d3c341a5c sp=0x0000006fceffd1c0
Event: 3.027 Thread 0x0000017d2a8319c0 DEOPT UNPACKING pc=0x0000017d3bbb46a2 sp=0x0000006fceffd188 mode 2
Event: 3.027 Thread 0x0000017d2a8319c0 Uncommon trap: trap_request=0xffffffd6 fr.pc=0x0000017d3c341a5c relative=0x000000000000041c
Event: 3.027 Thread 0x0000017d2a8319c0 Uncommon trap: reason=array_check action=maybe_recompile pc=0x0000017d3c341a5c method=java.util.Arrays.fill([Ljava/lang/Object;IILjava/lang/Object;)V @ 20 c2
Event: 3.027 Thread 0x0000017d2a8319c0 DEOPT PACKING pc=0x0000017d3c341a5c sp=0x0000006fceffd1c0
Event: 3.027 Thread 0x0000017d2a8319c0 DEOPT UNPACKING pc=0x0000017d3bbb46a2 sp=0x0000006fceffd188 mode 2
Event: 3.027 Thread 0x0000017d2a8319c0 Uncommon trap: trap_request=0xffffffd6 fr.pc=0x0000017d3c341a5c relative=0x000000000000041c
Event: 3.027 Thread 0x0000017d2a8319c0 Uncommon trap: reason=array_check action=maybe_recompile pc=0x0000017d3c341a5c method=java.util.Arrays.fill([Ljava/lang/Object;IILjava/lang/Object;)V @ 20 c2
Event: 3.027 Thread 0x0000017d2a8319c0 DEOPT PACKING pc=0x0000017d3c341a5c sp=0x0000006fceffd1c0
Event: 3.027 Thread 0x0000017d2a8319c0 DEOPT UNPACKING pc=0x0000017d3bbb46a2 sp=0x0000006fceffd188 mode 2
Event: 3.484 Thread 0x0000017d2a8319c0 Uncommon trap: trap_request=0xffffff5c fr.pc=0x0000017d3c348394 relative=0x0000000000000074
Event: 3.484 Thread 0x0000017d2a8319c0 Uncommon trap: reason=speculate_null_check action=make_not_entrant pc=0x0000017d3c348394 method=jdk.internal.misc.Unsafe.putLongUnaligned(Ljava/lang/Object;JJZ)V @ 10 c2
Event: 3.484 Thread 0x0000017d2a8319c0 DEOPT PACKING pc=0x0000017d3c348394 sp=0x0000006fceffe4a0
Event: 3.484 Thread 0x0000017d2a8319c0 DEOPT UNPACKING pc=0x0000017d3bbb46a2 sp=0x0000006fceffe3f0 mode 2

Classes loaded (20 events):
Event: 2.357 Loading class java/io/PrintWriter
Event: 2.357 Loading class java/io/PrintWriter done
Event: 2.357 Loading class java/io/PrintWriter$1
Event: 2.357 Loading class jdk/internal/access/JavaIOPrintWriterAccess
Event: 2.357 Loading class jdk/internal/access/JavaIOPrintWriterAccess done
Event: 2.357 Loading class java/io/PrintWriter$1 done
Event: 2.357 Loading class java/lang/Throwable$WrappedPrintWriter
Event: 2.357 Loading class java/lang/Throwable$PrintStreamOrWriter
Event: 2.357 Loading class java/lang/Throwable$PrintStreamOrWriter done
Event: 2.357 Loading class java/lang/Throwable$WrappedPrintWriter done
Event: 2.920 Loading class java/lang/FdLibm$Atan2
Event: 2.920 Loading class java/lang/FdLibm$Atan2 done
Event: 2.920 Loading class java/lang/FdLibm
Event: 2.920 Loading class java/lang/FdLibm done
Event: 2.920 Loading class java/lang/FdLibm$Atan
Event: 2.920 Loading class java/lang/FdLibm$Atan done
Event: 4.019 Loading class java/util/LinkedList$Node
Event: 4.019 Loading class java/util/LinkedList$Node done
Event: 4.020 Loading class java/util/LinkedList$ListItr
Event: 4.020 Loading class java/util/LinkedList$ListItr done

Classes unloaded (0 events):
No events

Classes redefined (0 events):
No events

Internal exceptions (3 events):
Event: 0.970 Thread 0x0000017d2a8319c0 Exception <a 'java/lang/NoSuchMethodError'{0x0000000705558160}: 'java.lang.Object java.lang.invoke.DirectMethodHandle$Holder.invokeStaticInit(java.lang.Object, java.lang.Object, java.lang.Object)'> (0x0000000705558160) 
thrown [s\open\src\hotspot\share\interpreter\linkResolver.cpp, line 773]
Event: 1.120 Thread 0x0000017d2a8319c0 Exception <a 'java/lang/NoSuchMethodError'{0x000000071451c660}: 'java.lang.Object java.lang.invoke.DirectMethodHandle$Holder.newInvokeSpecial(java.lang.Object, long, long, int)'> (0x000000071451c660) 
thrown [s\open\src\hotspot\share\interpreter\linkResolver.cpp, line 773]
Event: 2.356 Thread 0x0000017d2a8319c0 Exception <a 'java/lang/ClassCastException'{0x00000007145a8020}: class godot.api.Resource cannot be cast to class godot.api.PackedScene (godot.api.Resource and godot.api.PackedScene are in unnamed module of loader java.net.URLClassLoader @36baf30c)> (0x00000007145a8020) 
thrown [s\open\src\hotspot\share\interpreter\interpreterRuntime.cpp, line 455]

ZGC Phase Switch (0 events):
No events

VM Operations (20 events):
Event: 0.997 Executing VM operation: HandshakeAllThreads (Deoptimize)
Event: 0.997 Executing VM operation: HandshakeAllThreads (Deoptimize) done
Event: 1.029 Executing VM operation: G1CollectForAllocation (G1 Evacuation Pause)
Event: 1.035 Executing VM operation: G1CollectForAllocation (G1 Evacuation Pause) done
Event: 1.134 Executing VM operation: HandshakeAllThreads (Deoptimize)
Event: 1.134 Executing VM operation: HandshakeAllThreads (Deoptimize) done
Event: 2.134 Executing VM operation: Cleanup
Event: 2.134 Executing VM operation: Cleanup done
Event: 2.357 Executing VM operation: HandshakeAllThreads (Deoptimize)
Event: 2.357 Executing VM operation: HandshakeAllThreads (Deoptimize) done
Event: 2.358 Executing VM operation: HandshakeAllThreads (Deoptimize)
Event: 2.358 Executing VM operation: HandshakeAllThreads (Deoptimize) done
Event: 3.358 Executing VM operation: Cleanup
Event: 3.358 Executing VM operation: Cleanup done
Event: 4.359 Executing VM operation: Cleanup
Event: 4.359 Executing VM operation: Cleanup done
Event: 5.360 Executing VM operation: Cleanup
Event: 5.360 Executing VM operation: Cleanup done
Event: 6.361 Executing VM operation: Cleanup
Event: 6.361 Executing VM operation: Cleanup done

Events (20 events):
Event: 1.026 Thread 0x0000017d93205dd0 Thread added: 0x0000017d93205dd0
Event: 1.027 Thread 0x0000017d93e0a270 Thread added: 0x0000017d93e0a270
Event: 1.027 Thread 0x0000017d9294f340 Thread added: 0x0000017d9294f340
Event: 1.027 Thread 0x0000017d92d87910 Thread added: 0x0000017d92d87910
Event: 1.027 Thread 0x0000017d92fc78e0 Thread added: 0x0000017d92fc78e0
Event: 1.029 Thread 0x0000017d91f78980 Thread added: 0x0000017d91f78980
Event: 1.029 Thread 0x0000017d2694f320 Thread added: 0x0000017d2694f320
Event: 1.029 Thread 0x0000017d2694f9b0 Thread added: 0x0000017d2694f9b0
Event: 1.029 Thread 0x0000017d269513f0 Thread added: 0x0000017d269513f0
Event: 1.029 Thread 0x0000017d26951a80 Thread added: 0x0000017d26951a80
Event: 1.029 Thread 0x0000017d26952e30 Thread added: 0x0000017d26952e30
Event: 1.029 Thread 0x0000017d269506d0 Thread added: 0x0000017d269506d0
Event: 1.029 Thread 0x0000017d26952110 Thread added: 0x0000017d26952110
Event: 1.035 Thread 0x0000017d26950040 Thread added: 0x0000017d26950040
Event: 1.035 Thread 0x0000017d269527a0 Thread added: 0x0000017d269527a0
Event: 1.035 Thread 0x0000017d269534c0 Thread added: 0x0000017d269534c0
Event: 1.119 Thread 0x0000017d19924370 Thread exited: 0x0000017d19924370
Event: 1.119 Thread 0x0000017d19923ca0 Thread exited: 0x0000017d19923ca0
Event: 5.449 Thread 0x0000017d19924a40 Thread exited: 0x0000017d19924a40
Event: 5.775 Thread 0x0000017d199235d0 Thread exited: 0x0000017d199235d0


Dynamic libraries:
0x00007ff728ca0000 - 0x00007ff7322aa000 	D:\Godot\godot.windows.editor.x86_64.jvm.0.14.3.exe
0x00007fffb2780000 - 0x00007fffb29e6000 	C:\WINDOWS\SYSTEM32\ntdll.dll
0x00007fffb1130000 - 0x00007fffb11f9000 	C:\WINDOWS\System32\KERNEL32.DLL
0x00007fffafb50000 - 0x00007fffaff50000 	C:\WINDOWS\System32\KERNELBASE.dll
0x00007fffb13e0000 - 0x00007fffb157a000 	C:\WINDOWS\System32\ole32.dll
0x00007fffa0ca0000 - 0x00007fffa0cd6000 	C:\WINDOWS\SYSTEM32\WINMM.dll
0x00007fffb02c0000 - 0x00007fffb0363000 	C:\WINDOWS\System32\msvcp_win.dll
0x00007fffb0170000 - 0x00007fffb02bc000 	C:\WINDOWS\System32\ucrtbase.dll
0x00007fffb2560000 - 0x00007fffb258b000 	C:\WINDOWS\System32\GDI32.dll
0x00007fffaf9f0000 - 0x00007fffafa17000 	C:\WINDOWS\System32\win32u.dll
0x00007fffafa20000 - 0x00007fffafb4a000 	C:\WINDOWS\System32\gdi32full.dll
0x00007fffb1f00000 - 0x00007fffb20c7000 	C:\WINDOWS\System32\USER32.dll
0x00007fffb0640000 - 0x00007fffb09c3000 	C:\WINDOWS\System32\combase.dll
0x00007fffb1580000 - 0x00007fffb1698000 	C:\WINDOWS\System32\RPCRT4.dll
0x00007fffb1300000 - 0x00007fffb13d9000 	C:\WINDOWS\System32\OLEAUT32.dll
0x00007fffb10c0000 - 0x00007fffb1127000 	C:\WINDOWS\System32\SHLWAPI.dll
0x00007fffb0530000 - 0x00007fffb062a000 	C:\WINDOWS\System32\shcore.dll
0x00007fffb1760000 - 0x00007fffb1ef2000 	C:\WINDOWS\System32\SHELL32.dll
0x00007fffb2590000 - 0x00007fffb2647000 	C:\WINDOWS\System32\ADVAPI32.dll
0x00007fffb2650000 - 0x00007fffb26f9000 	C:\WINDOWS\System32\msvcrt.dll
0x00007fffb0a30000 - 0x00007fffb0ada000 	C:\WINDOWS\System32\sechost.dll
0x00007fffb0d90000 - 0x00007fffb0dc2000 	C:\WINDOWS\System32\IMM32.dll
0x00007fffaff60000 - 0x00007fffb00d8000 	C:\WINDOWS\System32\CRYPT32.dll
0x00007fffaf8e0000 - 0x00007fffaf90a000 	C:\WINDOWS\SYSTEM32\bcrypt.dll
0x00007fffb16d0000 - 0x00007fffb1751000 	C:\WINDOWS\System32\WS2_32.dll
0x00007fffa9440000 - 0x00007fffa944b000 	C:\WINDOWS\SYSTEM32\AVRT.dll
0x00007fffaf2a0000 - 0x00007fffaf4e2000 	C:\WINDOWS\SYSTEM32\dbghelp.dll
0x00007fffa7dc0000 - 0x00007fffa8028000 	C:\WINDOWS\SYSTEM32\DWrite.dll
0x00007fffabd30000 - 0x00007fffabd5f000 	C:\WINDOWS\SYSTEM32\dwmapi.dll
0x00007fff00ea0000 - 0x00007fff00eaa000 	C:\WINDOWS\SYSTEM32\WSOCK32.dll
0x00007fffad8e0000 - 0x00007fffad913000 	C:\WINDOWS\SYSTEM32\IPHLPAPI.DLL
0x00007fffb0430000 - 0x00007fffb04dc000 	C:\WINDOWS\System32\bcryptPrimitives.dll
0x00007fffade90000 - 0x00007fffadeab000 	C:\WINDOWS\SYSTEM32\kernel.appcore.dll
0x00007fffab990000 - 0x00007fffaba39000 	C:\WINDOWS\system32\uxtheme.dll
0x00007fffae440000 - 0x00007fffae4ac000 	C:\WINDOWS\system32\mswsock.dll
0x00007fff215f0000 - 0x00007fff21774000 	C:\WINDOWS\SYSTEM32\vulkan-1.dll
0x00007fffaf670000 - 0x00007fffaf6c1000 	C:\WINDOWS\SYSTEM32\CFGMGR32.dll
0x00007fffabae0000 - 0x00007fffabc1a000 	C:\WINDOWS\system32\dxgi.dll
0x00007fffaf230000 - 0x00007fffaf28e000 	C:\WINDOWS\SYSTEM32\powrprof.dll
0x00007fffaf100000 - 0x00007fffaf114000 	C:\WINDOWS\SYSTEM32\UMPDC.dll
0x00007fff8b470000 - 0x00007fff8b48d000 	C:\WINDOWS\SYSTEM32\windows.staterepositorycore.dll
0x00007fffabfd0000 - 0x00007fffac014000 	C:\WINDOWS\SYSTEM32\dxcore.dll
0x00007fffa3a80000 - 0x00007fffa3adf000 	C:\WINDOWS\SYSTEM32\directxdatabasehelper.dll
0x00007fff1e7e0000 - 0x00007fff1f337000 	C:\Program Files\WindowsApps\Microsoft.D3DMappingLayers_1.2605.1.0_x64__8wekyb3d8bbwe\x64\vulkan_dzn.dll
0x00007fffa3a40000 - 0x00007fffa3a4b000 	C:\WINDOWS\SYSTEM32\VERSION.dll
0x00007fff23ee0000 - 0x00007fff26acb000 	C:\WINDOWS\System32\DriverStore\FileRepository\nvacegpu.inf_amd64_0af8f5d55a9e9293\nvoglv64.dll
0x00007fffb20d0000 - 0x00007fffb2557000 	C:\WINDOWS\System32\SETUPAPI.dll
0x00007fffac690000 - 0x00007fffac6ba000 	C:\WINDOWS\SYSTEM32\WTSAPI32.dll
0x00007fffae130000 - 0x00007fffae17a000 	C:\WINDOWS\SYSTEM32\SspiCli.dll
0x00007fffae9e0000 - 0x00007fffae9f3000 	C:\WINDOWS\SYSTEM32\msasn1.dll
0x00007fffabd70000 - 0x00007fffabdad000 	C:\WINDOWS\SYSTEM32\cryptnet.dll
0x00007fffae730000 - 0x00007fffae8a8000 	C:\WINDOWS\SYSTEM32\drvstore.dll
0x00007fffaf630000 - 0x00007fffaf65f000 	C:\WINDOWS\SYSTEM32\devobj.dll
0x00007fffae8b0000 - 0x00007fffae91a000 	C:\WINDOWS\SYSTEM32\wldp.dll
0x00007fffae940000 - 0x00007fffae94c000 	C:\WINDOWS\SYSTEM32\cryptbase.dll
0x00007fffb00e0000 - 0x00007fffb0163000 	C:\WINDOWS\System32\wintrust.dll
0x00007fffb2700000 - 0x00007fffb2720000 	C:\WINDOWS\System32\imagehlp.dll
0x00007fffaf610000 - 0x00007fffaf62b000 	C:\WINDOWS\SYSTEM32\CRYPTSP.dll
0x00007fffadfb0000 - 0x00007fffadfe9000 	C:\WINDOWS\system32\rsaenh.dll
0x00007fffae4b0000 - 0x00007fffae4e0000 	C:\WINDOWS\SYSTEM32\gpapi.dll
0x00007fffaf910000 - 0x00007fffaf939000 	C:\WINDOWS\SYSTEM32\profapi.dll
0x00007fff15e50000 - 0x00007fff1803b000 	C:\WINDOWS\System32\DriverStore\FileRepository\nvacegpu.inf_amd64_0af8f5d55a9e9293\nvgpucomp64.dll
0x00007fffaf1f0000 - 0x00007fffaf226000 	C:\WINDOWS\SYSTEM32\ntmarta.dll
0x00007ffed4140000 - 0x00007ffed5970000 	C:\WINDOWS\System32\DriverStore\FileRepository\iigd_dch.inf_amd64_438afae43f7267c8\igvk64.dll
0x00007fff9caf0000 - 0x00007fff9d09a000 	C:\WINDOWS\System32\DriverStore\FileRepository\iigd_dch.inf_amd64_438afae43f7267c8\igdgmm64.dll
0x00007fff97810000 - 0x00007fff9c9b7000 	C:\WINDOWS\System32\DriverStore\FileRepository\iigd_dch.inf_amd64_438afae43f7267c8\igc64.dll
0x00007fffb0cd0000 - 0x00007fffb0d7e000 	C:\WINDOWS\System32\clbcatq.dll
0x00007fffaa5c0000 - 0x00007fffaa72a000 	C:\Windows\System32\WinTypes.dll
0x00007fff8ad00000 - 0x00007fff8ad39000 	C:\WINDOWS\SYSTEM32\rometadata.dll
0x00007fff20930000 - 0x00007fff20a9a000 	C:\Program Files\WindowsApps\Microsoft.D3DMappingLayers_1.2605.1.0_x64__8wekyb3d8bbwe\x64\DXIL.dll
0x00007fff74de0000 - 0x00007fff74e03000 	C:\WINDOWS\SYSTEM32\d3d12.dll
0x00007fff1c380000 - 0x00007fff1c6d7000 	C:\WINDOWS\SYSTEM32\D3D12Core.dll
0x00007fffacae0000 - 0x00007fffad366000 	C:\WINDOWS\SYSTEM32\windows.storage.dll
0x00007fff0ab80000 - 0x00007fff0ae51000 	C:\WINDOWS\system32\nvspcap64.dll
0x00007ffeff720000 - 0x00007ffeff76d000 	C:\WINDOWS\SYSTEM32\ControlLib.dll
0x00007fff68670000 - 0x00007fff6871c000 	C:\WINDOWS\System32\DriverStore\FileRepository\iigd_dch.inf_amd64_438afae43f7267c8\IntelControlLib.dll
0x00007fff204b0000 - 0x00007fff20611000 	C:\WINDOWS\System32\DriverStore\FileRepository\iigd_dch.inf_amd64_438afae43f7267c8\igvkMedia64.dll
0x00007fff7ea00000 - 0x00007fff7ff76000 	C:\WINDOWS\System32\DriverStore\FileRepository\iigd_dch.inf_amd64_438afae43f7267c8\igddxvacommon64.dll
0x00007fff7c7c0000 - 0x00007fff7e840000 	C:\WINDOWS\System32\DriverStore\FileRepository\iigd_dch.inf_amd64_438afae43f7267c8\media_bin_64.dll
0x00007fff270f0000 - 0x00007fff271ac000 	C:\WINDOWS\System32\DriverStore\FileRepository\nvacegpu.inf_amd64_0af8f5d55a9e9293\nvldumdx.dll
0x00007ffea50d0000 - 0x00007ffeaa4e0000 	C:\WINDOWS\System32\DriverStore\FileRepository\nvacegpu.inf_amd64_0af8f5d55a9e9293\nvwgf2umx.dll
0x00007fff8eb50000 - 0x00007fff8f287000 	C:\WINDOWS\System32\DriverStore\FileRepository\nvacegpu.inf_amd64_0af8f5d55a9e9293\Display.NvContainer\MessageBus.dll
0x00007fffb0630000 - 0x00007fffb063a000 	C:\WINDOWS\System32\NSI.dll
0x00007fffa69e0000 - 0x00007fffa6a05000 	C:\WINDOWS\SYSTEM32\dhcpcsvc.DLL
0x00007fff1e580000 - 0x00007fff1e660000 	C:\WINDOWS\SYSTEM32\D3DSCache.dll
0x00007fffae4f0000 - 0x00007fffae523000 	C:\WINDOWS\SYSTEM32\USERENV.dll
0x00007fffa90b0000 - 0x00007fffa92d2000 	C:\WINDOWS\SYSTEM32\DComp.DLL
0x00007fffa7cb0000 - 0x00007fffa7cc9000 	C:\WINDOWS\SYSTEM32\Microsoft.Internal.WarpPal.dll
0x00007fff77630000 - 0x00007fff7768c000 	C:\WINDOWS\System32\DriverStore\FileRepository\iigd_dch.inf_amd64_438afae43f7267c8\igd12umd64.dll
0x00007ffeaabe0000 - 0x00007ffeaccc1000 	C:\WINDOWS\System32\DriverStore\FileRepository\iigd_dch.inf_amd64_438afae43f7267c8\igd12um64xel.dll
0x00007fff6a000000 - 0x00007fff6a083000 	C:\WINDOWS\System32\DriverStore\FileRepository\iigd_dch.inf_amd64_438afae43f7267c8\igdext64.dll
0x00007fff1c020000 - 0x00007fff1c375000 	C:\WINDOWS\System32\DriverStore\FileRepository\iigd_dch.inf_amd64_438afae43f7267c8\igd12dxva64.dll
0x00007fff7c100000 - 0x00007fff7c128000 	C:\WINDOWS\System32\DriverStore\FileRepository\iigd_dch.inf_amd64_438afae43f7267c8\igdinfo64.dll
0x00007fff5c300000 - 0x00007fff5c8ae000 	C:\WINDOWS\SYSTEM32\d3d10warp.dll
0x00007fffb0b70000 - 0x00007fffb0ccd000 	C:\WINDOWS\System32\MSCTF.dll
0x00007fffab290000 - 0x00007fffab396000 	C:\WINDOWS\SYSTEM32\PROPSYS.dll
0x00007fffad390000 - 0x00007fffad39f000 	C:\WINDOWS\SYSTEM32\hid.dll
0x00007fff974f0000 - 0x00007fff9750b000 	C:\WINDOWS\SYSTEM32\XInput1_4.dll
0x00007fff81100000 - 0x00007fff812e4000 	C:\WINDOWS\SYSTEM32\inputhost.dll
0x00007fffa9490000 - 0x00007fffa95b6000 	C:\WINDOWS\SYSTEM32\CoreMessaging.dll
0x00007fff78540000 - 0x00007fff7858b000 	C:\Windows\System32\dinput8.dll
0x00007fff84280000 - 0x00007fff843c7000 	C:\WINDOWS\SYSTEM32\textinputframework.dll
0x00007fff77aa0000 - 0x00007fff77b47000 	C:\WINDOWS\System32\DriverStore\FileRepository\nvacegpu.inf_amd64_0af8f5d55a9e9293\NvCamera\NvCameraAllowlisting64.dll
0x00007fff8a380000 - 0x00007fff8a40f000 	C:\Windows\System32\DispBroker.dll
0x00007fff9d770000 - 0x00007fff9df12000 	C:\WINDOWS\SYSTEM32\nvapi64.dll
0x00007fffa6a10000 - 0x00007fffa6ab4000 	C:\WINDOWS\System32\MMDevApi.dll
0x00007fff8a150000 - 0x00007fff8a307000 	C:\WINDOWS\SYSTEM32\AUDIOSES.DLL
0x00007fffac950000 - 0x00007fffac964000 	C:\WINDOWS\SYSTEM32\resourcepolicyclient.dll
0x00007fff1e6d0000 - 0x00007fff1e7dc000 	C:\WINDOWS\SYSTEM32\opengl32.dll
0x00007fff79060000 - 0x00007fff7908d000 	C:\WINDOWS\SYSTEM32\GLU32.dll
0x00007ffed39e0000 - 0x00007ffed4135000 	C:\WINDOWS\System32\DriverStore\FileRepository\nvacegpu.inf_amd64_0af8f5d55a9e9293\nvppex.dll
0x00007fffad7c0000 - 0x00007fffad822000 	C:\WINDOWS\SYSTEM32\WINSTA.dll
0x00007fffa8030000 - 0x00007fffa8290000 	C:\WINDOWS\system32\d3d11.dll
0x00007fff9f430000 - 0x00007fff9f6c3000 	C:\WINDOWS\System32\DriverStore\FileRepository\iigd_dch.inf_amd64_438afae43f7267c8\igd10iumd64.dll
0x00007fffab440000 - 0x00007fffab4e0000 	C:\WINDOWS\SYSTEM32\apphelp.dll
0x00007fff9e310000 - 0x00007fff9f423000 	C:\WINDOWS\System32\DriverStore\FileRepository\iigd_dch.inf_amd64_438afae43f7267c8\igd10um64xe.DLL
0x00007ffed2cc0000 - 0x00007ffed39dd000 	C:\Program Files\Java\jdk-21\bin\server\jvm.dll
0x00007fff95020000 - 0x00007fff9503e000 	C:\WINDOWS\SYSTEM32\VCRUNTIME140.dll
0x00007fff94e80000 - 0x00007fff94e8c000 	C:\WINDOWS\SYSTEM32\VCRUNTIME140_1.dll
0x00007fff8d670000 - 0x00007fff8d67a000 	C:\Program Files\Java\jdk-21\bin\jimage.dll
0x00007fffaf120000 - 0x00007fffaf15b000 	C:\WINDOWS\SYSTEM32\dbgcore.DLL
0x00007fff78bf0000 - 0x00007fff78c0f000 	C:\Program Files\Java\jdk-21\bin\java.dll
0x00007ffefb4d0000 - 0x00007ffefb5a7000 	C:\Program Files\Java\jdk-21\bin\jsvml.dll
0x00007fff79050000 - 0x00007fff79060000 	C:\Program Files\Java\jdk-21\bin\net.dll
0x00007fffa6810000 - 0x00007fffa6939000 	C:\WINDOWS\SYSTEM32\WINHTTP.dll
0x00007fff78bd0000 - 0x00007fff78be6000 	C:\Program Files\Java\jdk-21\bin\nio.dll
0x00007fff78a80000 - 0x00007fff78a98000 	C:\Program Files\Java\jdk-21\bin\zip.dll
0x00007fff68c10000 - 0x00007fff68c6c000 	C:\WINDOWS\system32\dataexchange.dll

dbghelp: loaded successfully - version: 4.0.5 - missing functions: none
symbol engine: initialized successfully - sym options: 0x614 - pdb path: .;D:\Godot;C:\WINDOWS\SYSTEM32;C:\Program Files\WindowsApps\Microsoft.D3DMappingLayers_1.2605.1.0_x64__8wekyb3d8bbwe\x64;C:\WINDOWS\System32\DriverStore\FileRepository\nvacegpu.inf_amd64_0af8f5d55a9e9293;C:\WINDOWS\System32\DriverStore\FileRepository\iigd_dch.inf_amd64_438afae43f7267c8;C:\WINDOWS\System32\DriverStore\FileRepository\nvacegpu.inf_amd64_0af8f5d55a9e9293\Display.NvContainer;C:\WINDOWS\System32\DriverStore\FileRepository\nvacegpu.inf_amd64_0af8f5d55a9e9293\NvCamera;C:\Program Files\Java\jdk-21\bin\server;C:\Program Files\Java\jdk-21\bin

VM Arguments:
java_command: <unknown>
java_class_path (initial): <not set>
Launcher Type: generic

[Global flags]
     intx CICompilerCount                          = 12                                        {product} {ergonomic}
     uint ConcGCThreads                            = 3                                         {product} {ergonomic}
     uint G1ConcRefinementThreads                  = 13                                        {product} {ergonomic}
   size_t G1HeapRegionSize                         = 2097152                                   {product} {ergonomic}
    uintx GCDrainStackTargetSize                   = 64                                        {product} {ergonomic}
   size_t InitialHeapSize                          = 264241152                                 {product} {ergonomic}
   size_t MarkStackSize                            = 4194304                                   {product} {ergonomic}
   size_t MaxHeapSize                              = 4217372672                                {product} {ergonomic}
   size_t MaxNewSize                               = 2529165312                                {product} {ergonomic}
   size_t MinHeapDeltaBytes                        = 2097152                                   {product} {ergonomic}
   size_t MinHeapSize                              = 8388608                                   {product} {ergonomic}
    uintx NonNMethodCodeHeapSize                   = 7602480                                {pd product} {ergonomic}
    uintx NonProfiledCodeHeapSize                  = 122027880                              {pd product} {ergonomic}
    uintx ProfiledCodeHeapSize                     = 122027880                              {pd product} {ergonomic}
    uintx ReservedCodeCacheSize                    = 251658240                              {pd product} {ergonomic}
     bool SegmentedCodeCache                       = true                                      {product} {ergonomic}
   size_t SoftMaxHeapSize                          = 4217372672                             {manageable} {ergonomic}
     bool UseCompressedOops                        = true                           {product lp64_product} {ergonomic}
     bool UseG1GC                                  = true                                      {product} {ergonomic}
     bool UseLargePagesIndividualAllocation        = false                                  {pd product} {ergonomic}

Logging:
Log output configuration:
 #0: stdout all=warning uptime,level,tags foldmultilines=false
 #1: stderr all=off uptime,level,tags foldmultilines=false

Environment Variables:
JAVA_HOME=C:\Program Files\Java\jdk-21
PATH=C:\Program Files\Eclipse Adoptium\jdk-25.0.2.10-hotspot\bin;C:\Program Files\Common Files\Oracle\Java\javapath;C:\MinGW\bin;C:\Windows;C:\Windows\System32\Wbem;C:\Windows\System32\WindowsPowerShell\v1.0\;C:\Windows\System32\OpenSSH\;C:\Program Files (x86)\NVIDIA Corporation\PhysX\Common;C:\Program Files\NVIDIA Corporation\NVIDIA NvDLISR;C:\Program Files\Microsoft SQL Server\150\Tools\Binn\;C:\Program Files\Microsoft SQL Server\Client SDK\ODBC\170\Tools\Binn\;C:\Program Files\dotnet\;C:\Program Files (x86)\Windows Kits\10\Windows Performance Toolkit\;C:\Users\ADMIN\Downloads\winlibs-x86_64-posix-seh-gcc-12.1.0-mingw-w64msvcrt-10.0.0-r3.zip\mingw64\bin;C:\Program Files\nodejs\;C:\ProgramData\chocolatey\bin;C:\WINDOWS\system32;C:\WINDOWS;C:\WINDOWS\System32\Wbem;C:\WINDOWS\System32\WindowsPowerShell\v1.0\;C:\WINDOWS\System32\OpenSSH\;D:\Git\cmd;C:\Program Files\Java\jdk-21\bin;C:\Program Files (x86)\Microsoft SQL Server\170\Tools\Binn\;C:\Program Files\Microsoft SQL Server\170\Tools\Binn\;C:\Program Files\Microsoft SQL Server\Client SDK\ODBC\180\Tools\Binn\;C:\Program Files\Microsoft SQL Server\170\DTS\Binn\;C:\Program Files (x86)\Microsoft SQL Server\160\DTS\Binn\;C:\Users\ADMIN\AppData\Local\Microsoft\WindowsApps;C:\Users\ADMIN\.dotnet\tools;C:\TDM-GCC-64\bin;C:\Microsoft VS Code\bin;C:\Users\ADMIN\AppData\Roaming\npm;C:\Git\bin;C:\Users\ADMIN\anaconda3\Lib\site-packages\pyarrow\src\arrow\python;C:\Users\ADMIN\AppData\Local\Programs\Microsoft VS Code\bin;D:\Antigravity\bin;C:\Users\ADMIN\AppData\Local\Programs\Antigravity IDE\bin;D:\Antigravity IDE\bin
USERNAME=ADMIN
OS=Windows_NT
PROCESSOR_IDENTIFIER=Intel64 Family 6 Model 186 Stepping 2, GenuineIntel
TMP=C:\Users\ADMIN\AppData\Local\Temp
TEMP=C:\Users\ADMIN\AppData\Local\Temp




Periodic native trim disabled

---------------  S Y S T E M  ---------------

OS:
 Windows 11 , 64 bit Build 26100 (10.0.26100.8553)
OS uptime: 0 days 14:01 hours
Hyper-V role detected

CPU: total 16 (initial active 16) (8 cores per cpu, 2 threads per core) family 6 model 186 stepping 2 microcode 0x5105, cx8, cmov, fxsr, ht, mmx, 3dnowpref, sse, sse2, sse3, ssse3, sse4.1, sse4.2, popcnt, lzcnt, tsc, tscinvbit, avx, avx2, aes, erms, clmul, bmi1, bmi2, adx, sha, fma, vzeroupper, clflush, clflushopt, clwb, hv, serialize, rdtscp, rdpid, fsrm, f16c, cet_ibt, cet_ss
Processor Information for processor 0
  Max Mhz: 2400, Current Mhz: 1520, Mhz Limit: 2400
Processor Information for processor 1
  Max Mhz: 2400, Current Mhz: 1520, Mhz Limit: 2400
Processor Information for processor 2
  Max Mhz: 2400, Current Mhz: 1520, Mhz Limit: 2400
Processor Information for processor 3
  Max Mhz: 2400, Current Mhz: 1520, Mhz Limit: 2400
Processor Information for processor 4
  Max Mhz: 2400, Current Mhz: 2400, Mhz Limit: 2400
Processor Information for processor 5
  Max Mhz: 2400, Current Mhz: 1520, Mhz Limit: 2400
Processor Information for processor 6
  Max Mhz: 2400, Current Mhz: 2400, Mhz Limit: 2400
Processor Information for processor 7
  Max Mhz: 2400, Current Mhz: 1520, Mhz Limit: 2400
Processor Information for processor 8
  Max Mhz: 2400, Current Mhz: 1520, Mhz Limit: 2400
Processor Information for processor 9
  Max Mhz: 2400, Current Mhz: 1520, Mhz Limit: 2400
Processor Information for processor 10
  Max Mhz: 2400, Current Mhz: 1520, Mhz Limit: 2400
Processor Information for processor 11
  Max Mhz: 2400, Current Mhz: 1520, Mhz Limit: 2400
Processor Information for processor 12
  Max Mhz: 2400, Current Mhz: 1466, Mhz Limit: 2400
Processor Information for processor 13
  Max Mhz: 2400, Current Mhz: 1466, Mhz Limit: 2400
Processor Information for processor 14
  Max Mhz: 2400, Current Mhz: 2400, Mhz Limit: 2400
Processor Information for processor 15
  Max Mhz: 2400, Current Mhz: 2400, Mhz Limit: 2400

Memory: 4k page, system-wide physical 16087M (2974M free)
TotalPageFile size 22259M (AvailPageFile size 1960M)
current process WorkingSet (physical memory assigned to process): 662M, peak: 662M
current process commit charge ("private bytes"): 904M, peak: 904M

vm_info: Java HotSpot(TM) 64-Bit Server VM (21.0.9+7-LTS-338) for windows-amd64 JRE (21.0.9+7-LTS-338), built on 2025-09-26T06:33:49Z by "mach5run" with MS VC++ 17.6 (VS2022)

END.
