#
# A fatal error has been detected by the Java Runtime Environment:
#
#  EXCEPTION_ACCESS_VIOLATION (0xc0000005) at pc=0x000000002e747069, pid=17864, tid=22224
#
# JRE version: Java(TM) SE Runtime Environment (21.0.9+7) (build 21.0.9+7-LTS-338)
# Java VM: Java HotSpot(TM) 64-Bit Server VM (21.0.9+7-LTS-338, mixed mode, sharing, tiered, compressed oops, compressed class ptrs, g1 gc, windows-amd64)
# Problematic frame:
# C  [godot.windows.editor.x86_64.jvm.0.14.3.exe+0x3420607]  Node2D::get_global_position+0x187
#
# No core dump will be written. Minidumps are not enabled by default on client versions of Windows
#
# If you would like to submit a bug report, please visit:
#   https://bugreport.java.com/bugreport/crash.jsp
# The crash happened outside the Java Virtual Machine in native code.
# See problematic frame for where to report the bug.
#

---------------  S U M M A R Y ------------

Command Line: 

Host: 13th Gen Intel(R) Core(TM) i7-13620H, 16 cores, 15G,  Windows 11 , 64 bit Build 26100 (10.0.26100.8553)
Time: Thu Jun  4 22:20:47 2026 SE Asia Standard Time elapsed time: 120.346917 seconds (0d 0h 2m 0s)

---------------  T H R E A D  ---------------

Current thread (0x000001c27a7d5860):  JavaThread "main"             [_thread_in_native, id=22224, stack(0x0000006c4b800000,0x0000006c4c000000) (8192K)]

Stack: [0x0000006c4b800000,0x0000006c4c000000],  sp=0x0000006c4bffe6a0,  free space=8185k
Native frames: (J=compiled Java code, j=interpreted, Vv=VM code, C=native code)
C  0x000000002e747069

Java frames: (J=compiled Java code, j=interpreted, Vv=VM code)
J 1049  godot.internal.memory.TransferContext.icall(JJI)V (0 bytes) @ 0x000001c20fffd878 [0x000001c20fffd820+0x0000000000000058]
J 1615 c2 godot.api.Node2D.getGlobalPosition()Lgodot/core/Vector2; (54 bytes) @ 0x000001c210047710 [0x000001c2100475c0+0x0000000000000150]
J 1751 c1 game.items.weapons.Weapon.getClosestTarget()Lgodot/api/Node2D; (115 bytes) @ 0x000001c20872989c [0x000001c208729500+0x000000000000039c]
J 1565 c2 godot.entry.WeaponRegistrar$register$1$1$2.invoke(Ljava/lang/Object;Ljava/lang/Object;)Ljava/lang/Object; (19 bytes) @ 0x000001c21003491c [0x000001c210033880+0x000000000000109c]
J 1771 c2 godot.core.KtFunction.invoke(Lgodot/core/KtObject;)V (79 bytes) @ 0x000001c210063bf4 [0x000001c210063400+0x00000000000007f4]
v  ~StubRoutines::call_stub 0x000001c20f83100d

siginfo: EXCEPTION_ACCESS_VIOLATION (0xc0000005), data execution prevention violation at address 0x000000002e747069


Registers:
RAX=0x00007ff6e671e758, RBX=0x000001c2c7c90430, RCX=0x000001c2c7c90430, RDX=0x0000006c4bffe6f8
RSP=0x0000006c4bffe698, RBP=0x0000006c4bffe7a9, RSI=0x000001c25bf09970, RDI=0x0000006c4bffe780
R8 =0x0000000000000000, R9 =0x00007ff6e15e0480, R10=0x00007ffe5d7587c0, R11=0x0000006c4bffeb28
R12=0x000001c2c7c90430, R13=0x000001c2746dd420, R14=0x0000000000000000, R15=0x0000006c4bffe868
RIP=0x000000002e747069, EFLAGS=0x0000000000010202


Register to memory mapping:

RAX=0x00007ff6e671e758 godot.windows.editor.x86_64.jvm.0.14.3.exe::Object::`vftable' + 0x0
RBX=0x000001c2c7c90430 points into unknown readable memory: 0x00005bcc0002a436 | 36 a4 02 00 cc 5b 00 00
RCX=0x000001c2c7c90430 points into unknown readable memory: 0x00005bcc0002a436 | 36 a4 02 00 cc 5b 00 00
RDX=0x0000006c4bffe6f8 is pointing into the stack for thread: 0x000001c27a7d5860
RSP=0x0000006c4bffe698 is pointing into the stack for thread: 0x000001c27a7d5860
RBP=0x0000006c4bffe7a9 is pointing into the stack for thread: 0x000001c27a7d5860
RSI=0x000001c25bf09970 points into unknown readable memory: 0x0000000000000000 | 00 00 00 00 00 00 00 00
RDI=0x0000006c4bffe780 is pointing into the stack for thread: 0x000001c27a7d5860
R8 =0x0 is null
R9 =0x00007ff6e15e0480 godot.windows.editor.x86_64.jvm.0.14.3.exe::Node2D::get_global_position + 0x0
R10=0x00007ffe5d7587c0 jvm.dll
R11=0x0000006c4bffeb28 is pointing into the stack for thread: 0x000001c27a7d5860
R12=0x000001c2c7c90430 points into unknown readable memory: 0x00005bcc0002a436 | 36 a4 02 00 cc 5b 00 00
R13=0x000001c2746dd420 points into unknown readable memory: 0x00007ff6e61bf998 | 98 f9 1b e6 f6 7f 00 00
R14=0x0 is null
R15=0x0000006c4bffe868 is pointing into the stack for thread: 0x000001c27a7d5860

Top of Stack: (sp=0x0000006c4bffe698)
0x0000006c4bffe698:   00007ff6e15e0607 00007ff6de1c0000
0x0000006c4bffe6a8:   0000000000000000 000001c27cb78630
0x0000006c4bffe6b8:   000001c2746ddf20 0000006c4bffe7d0
0x0000006c4bffe6c8:   00007ff6df010bb5 00000000000001c0
0x0000006c4bffe6d8:   000001c25bf09f40 3f800000bf800000
0x0000006c4bffe6e8:   000001c25bf09f40 4384d1be00000001
0x0000006c4bffe6f8:   bea653b0bec29b0c bec29b0c3ea653b0
0x0000006c4bffe708:   4390952e442010fa 000092cbb5ccf2f3
0x0000006c4bffe718:   00007ff6df00dc77 0000006c4bffe880
0x0000006c4bffe728:   00007ff6e15dff02 000001c2c53fbe80
0x0000006c4bffe738:   0000000000000000 00007ff6e3b94498
0x0000006c4bffe748:   0000000000000000 0000006c00000000
0x0000006c4bffe758:   0000000000000000 0000000000000000
0x0000006c4bffe768:   000001c200000000 0000000000000000
0x0000006c4bffe778:   0000000000000000 4390952e442010fa
0x0000006c4bffe788:   3f800000bf800000 0000000000000000
0x0000006c4bffe798:   0000006c00000000 0000006c4bffe880
0x0000006c4bffe7a8:   00007ff6df00dc77 000092cbb5ccf363
0x0000006c4bffe7b8:   000001c2746de420 00000000000001c0
0x0000006c4bffe7c8:   00007ff6de1c0000 0000000000000000
0x0000006c4bffe7d8:   0000000000000000 000001c2746dd420
0x0000006c4bffe7e8:   000001c25bf0ab40 0000006c4bffe900
0x0000006c4bffe7f8:   00007ff6df010a38 0000000704b4b378
0x0000006c4bffe808:   0000000713ee5c30 0000000700000000
0x0000006c4bffe818:   000001c25bf09f40 000092cb00000000
0x0000006c4bffe828:   0000006c4bffe868 0000000000000000
0x0000006c4bffe838:   0000000000000000 000001c27a7d5860
0x0000006c4bffe848:   000001c281016638 0000000000000000
0x0000006c4bffe858:   000001c2746dd420 000001c2c7c90430
0x0000006c4bffe868:   0000000000000000 0000006c00000000
0x0000006c4bffe878:   000001c27a7d5c20 000092cb00000000
0x0000006c4bffe888:   0000000000000000 0000000000000000 

Instructions: (pc=0x00007ff6e15e0607)
0x00007ff6e15e0507:   44 24 60 80 00 00 00 48 8d 05 0b 53 ac 04 33 f6
0x00007ff6e15e0517:   48 8d 54 24 58 48 89 44 24 58 48 8d 4c 24 40 48
0x00007ff6e15e0527:   89 74 24 40 e8 70 a5 a4 01 4c 8b c3 48 8d 54 24
0x00007ff6e15e0537:   40 48 8d 4c 24 48 e8 3e 99 bf fc 89 74 24 30 4c
0x00007ff6e15e0547:   8d 0d 03 2b b5 04 40 88 74 24 28 48 8d 15 2f ee
0x00007ff6e15e0557:   bd 04 41 b8 22 01 00 00 48 89 44 24 20 48 8d 0d
0x00007ff6e15e0567:   fd ef bd 04 e8 80 33 a4 01 48 8d 4c 24 48 e8 86
0x00007ff6e15e0577:   8e bf fc 48 8b 44 24 40 48 85 c0 74 6d 48 8d 48
0x00007ff6e15e0587:   f0 8b d6 48 0f 45 d1 48 c7 c0 ff ff ff ff f0 48
0x00007ff6e15e0597:   0f c1 02 48 83 f8 01 75 51 48 8b 4c 24 40 33 d2
0x00007ff6e15e05a7:   48 83 c1 f0 48 89 74 24 40 e8 7b 43 a4 01 48 39
0x00007ff6e15e05b7:   74 24 40 74 35 89 74 24 30 48 8d 05 09 30 5b 02
0x00007ff6e15e05c7:   40 88 74 24 28 4c 8d 0d 45 30 5b 02 41 b8 0e 01
0x00007ff6e15e05d7:   00 00 48 89 44 24 20 48 8d 15 eb 2e 5b 02 48 8d
0x00007ff6e15e05e7:   0d 54 30 5b 02 e8 3f 30 a4 01 48 89 37 eb 18 48
0x00007ff6e15e05f7:   8b 03 48 8d 54 24 58 48 8b cb ff 90 b8 02 00 00
0x00007ff6e15e0607:   48 8b 40 10 48 89 07 48 8b c7 48 8b 4c 24 70 48
0x00007ff6e15e0617:   33 cc e8 c2 f2 50 02 4c 8d 9c 24 80 00 00 00 49
0x00007ff6e15e0627:   8b 5b 20 49 8b 73 28 49 8b e3 5f c3 cc cc cc cc
0x00007ff6e15e0637:   cc cc cc cc cc cc cc cc cc 48 89 5c 24 10 57 48
0x00007ff6e15e0647:   81 ec 80 00 00 00 48 8b 05 ac 8e a7 05 48 33 c4
0x00007ff6e15e0657:   48 89 44 24 70 65 48 8b 04 25 58 00 00 00 48 8b
0x00007ff6e15e0667:   d9 8b 0d 5a 24 e1 05 48 8b 3c c8 b8 1c 19 00 00
0x00007ff6e15e0677:   80 3c 38 00 75 05 e8 4e f3 50 02 b8 f0 12 00 00
0x00007ff6e15e0687:   48 83 3c 38 00 0f 85 1c 01 00 00 e8 f9 15 cc 01
0x00007ff6e15e0697:   84 c0 0f 85 0f 01 00 00 48 83 bb 48 02 00 00 00
0x00007ff6e15e06a7:   0f 84 01 01 00 00 48 8d 54 24 50 48 8b cb e8 b6
0x00007ff6e15e06b7:   e2 55 ff 48 8b d8 48 c7 44 24 60 80 00 00 00 48
0x00007ff6e15e06c7:   8d 05 53 51 ac 04 33 ff 48 8d 54 24 58 48 89 44
0x00007ff6e15e06d7:   24 58 48 8d 4c 24 40 48 89 7c 24 40 e8 b8 a3 a4
0x00007ff6e15e06e7:   01 4c 8b c3 48 8d 54 24 40 48 8d 4c 24 48 e8 86
0x00007ff6e15e06f7:   97 bf fc 89 7c 24 30 4c 8d 0d 3b df ac 04 40 88 


Stack slot to memory mapping:

stack at sp + 0 slots: 0x00007ff6de1c0000 godot.windows.editor.x86_64.jvm.0.14.3.exe::__acrt_signal_action_table_size + 0x0
stack at sp + 1 slots: 0x0 is null
stack at sp + 2 slots: 0x000001c27cb78630 points into unknown readable memory: 0x00007ff6e465adf8 | f8 ad 65 e4 f6 7f 00 00
stack at sp + 3 slots: 0x000001c2746ddf20 points into unknown readable memory: 0x00007ff6e61bf8f8 | f8 f8 1b e6 f6 7f 00 00
stack at sp + 4 slots: 0x0000006c4bffe7d0 is pointing into the stack for thread: 0x000001c27a7d5860
stack at sp + 5 slots: 0x00007ff6df010bb5 godot.windows.editor.x86_64.jvm.0.14.3.exe::TransferContext::icall + 0x745
stack at sp + 6 slots: 0x00000000000001c0 is an unknown value
stack at sp + 7 slots: 0x000001c25bf09f40 points into unknown readable memory: 0x0000000000000000 | 00 00 00 00 00 00 00 00


Compiled method (n/a)  120439 1049     n 0       godot.internal.memory.TransferContext::icall (native)
 total in heap  [0x000001c20fffd690,0x000001c20fffda40] = 944
 relocation     [0x000001c20fffd7f0,0x000001c20fffd820] = 48
 main code      [0x000001c20fffd820,0x000001c20fffda37] = 535
 stub code      [0x000001c20fffda37,0x000001c20fffda38] = 1
 oops           [0x000001c20fffda38,0x000001c20fffda40] = 8

[Constant Pool (empty)]

[MachCode]
[Entry Point]
  # {method} {0x000001c2c146c0b8} 'icall' '(JJI)V' in 'godot/internal/memory/TransferContext'
  # this:     rdx:rdx   = 'godot/internal/memory/TransferContext'
  # parm0:    r8:r8     = long
  # parm1:    r9:r9     = long
  # parm2:    rdi       = int
  #           [sp+0x70]  (sp of caller)
  0x000001c20fffd820: 448b 5208 | 49bb 0000 | 0080 c201 | 0000 4d03 | d349 3bc2 | 0f84 0600 

  0x000001c20fffd838: ;   {runtime_call ic_miss_stub}
  0x000001c20fffd838: 0000 e941 | 0f88 ff90 
[Verified Entry Point]
  0x000001c20fffd840: 8984 2400 | 80ff ff55 | 488b ec48 | 83ec 6090 | 4181 7f20 | 0300 0000 

  0x000001c20fffd858: ;   {runtime_call StubRoutines (final stubs)}
  0x000001c20fffd858: 7405 e801 | 7586 ff48 | 897c 2420 | 4889 5424 | 2848 83fa | 0048 8d54 | 2428 480f | 4454 2428 
  0x000001c20fffd878: ;   {internal_word}
  0x000001c20fffd878: c5f8 7749 | ba78 d8ff | 0fc2 0100 | 004d 8997 | a803 0000 | 4989 a7a0 

  0x000001c20fffd890: ;   {external_word}
  0x000001c20fffd890: 0300 0049 | bac0 8775 | 5dfe 7f00 | 0041 803a | 000f 844e | 0000 0052 | 4150 4151 

  0x000001c20fffd8ac: ;   {metadata({method} {0x000001c2c146c0b8} 'icall' '(JJI)V' in 'godot/internal/memory/TransferContext')}
  0x000001c20fffd8ac: 48ba b0c0 | 46c1 c201 | 0000 498b | cf48 83ec | 2040 f6c4 | 0f0f 8419 | 0000 0048 

  0x000001c20fffd8c8: ;   {runtime_call}
  0x000001c20fffd8c8: 83ec 0848 | b890 1e26 | 5dfe 7f00 | 00ff d048 | 83c4 08e9 | 0c00 0000 

  0x000001c20fffd8e0: ;   {runtime_call}
  0x000001c20fffd8e0: 48b8 901e | 265d fe7f | 0000 ffd0 | 4883 c420 | 4159 4158 | 5a49 8d8f | c003 0000 | 41c7 874c 
  0x000001c20fffd900: 0400 0004 

  0x000001c20fffd904: ;   {runtime_call TransferContext::icall}
  0x000001c20fffd904: 0000 0048 | b870 0401 | dff6 7f00 | 00ff d0c5 | f877 41c7 | 874c 0400 | 0005 0000 | 00f0 8344 
  0x000001c20fffd924: 24c0 0049 | 3baf 5004 | 0000 0f87 | 0e00 0000 | 4183 bf48 | 0400 0000 | 0f84 2300 | 0000 c5f8 
  0x000001c20fffd944: 7749 8bcf | 4c8b e448 | 83ec 2048 

  0x000001c20fffd950: ;   {runtime_call}
  0x000001c20fffd950: 83e4 f048 | b860 cbf1 | 5cfe 7f00 | 00ff d049 | 8be4 4d33 | e441 c787 | 4c04 0000 | 0800 0000 
  0x000001c20fffd970: 4183 bfc8 | 0400 0002 | 0f84 9400 

  0x000001c20fffd97c: ;   {external_word}
  0x000001c20fffd97c: 0000 49ba | c087 755d | fe7f 0000 | 4180 3a00 | 0f84 4400 

  0x000001c20fffd990: ;   {metadata({method} {0x000001c2c146c0b8} 'icall' '(JJI)V' in 'godot/internal/memory/TransferContext')}
  0x000001c20fffd990: 0000 48ba | b0c0 46c1 | c201 0000 | 498b cf48 | 83ec 2040 | f6c4 0f0f | 8419 0000 | 0048 83ec 
  0x000001c20fffd9b0: ;   {runtime_call}
  0x000001c20fffd9b0: 0848 b890 | 1e26 5dfe | 7f00 00ff | d048 83c4 | 08e9 0c00 

  0x000001c20fffd9c4: ;   {runtime_call}
  0x000001c20fffd9c4: 0000 48b8 | 901e 265d | fe7f 0000 | ffd0 4883 | c420 49c7 | 87a0 0300 | 0000 0000 | 0049 c787 
  0x000001c20fffd9e4: a803 0000 | 0000 0000 | c5f8 7749 | 8b8f 3004 | 0000 c781 | 0001 0000 | 0000 0000 | c949 837f 
  0x000001c20fffda04: 0800 0f85 | 0100 0000 

  0x000001c20fffda0c: ;   {runtime_call StubRoutines (initial stubs)}
  0x000001c20fffda0c: c3e9 ee34 | 83ff c5f8 | 774c 8be4 | 4883 ec20 | 4883 e4f0 

  0x000001c20fffda20: ;   {runtime_call}
  0x000001c20fffda20: 48b8 4056 | 265d fe7f | 0000 ffd0 | 498b e44d | 33e4 e947 | ffff fff4 
[/MachCode]


Compiled method (c2)  120442 1615       4       godot.api.Node2D::getGlobalPosition (54 bytes)
 total in heap  [0x000001c210047390,0x000001c2100487b0] = 5152
 relocation     [0x000001c2100474f0,0x000001c2100475b0] = 192
 main code      [0x000001c2100475c0,0x000001c210047cb8] = 1784
 stub code      [0x000001c210047cb8,0x000001c210047ce0] = 40
 oops           [0x000001c210047ce0,0x000001c210047d18] = 56
 metadata       [0x000001c210047d18,0x000001c210047ed0] = 440
 scopes data    [0x000001c210047ed0,0x000001c2100484e0] = 1552
 scopes pcs     [0x000001c2100484e0,0x000001c2100486f0] = 528
 dependencies   [0x000001c2100486f0,0x000001c210048728] = 56
 handler table  [0x000001c210048728,0x000001c210048758] = 48
 nul chk table  [0x000001c210048758,0x000001c2100487b0] = 88

[Constant Pool (empty)]

[MachCode]
[Entry Point]
  # {method} {0x000001c2c1718a58} 'getGlobalPosition' '()Lgodot/core/Vector2;' in 'godot/api/Node2D'
  #           [sp+0x50]  (sp of caller)
  0x000001c2100475c0: 448b 5208 | 49bb 0000 | 0080 c201 | 0000 4d03 | d349 3bc2 

  0x000001c2100475d4: ;   {runtime_call ic_miss_stub}
  0x000001c2100475d4: 0f85 a671 | 83ff 6690 | 0f1f 4000 
[Verified Entry Point]
  0x000001c2100475e0: 8984 2400 | 80ff ff55 | 4883 ec40 | 4181 7f20 | 0300 0000 | 0f85 b206 | 0000 488b 

  0x000001c2100475fc: ;   {oop(a 'kotlin/reflect/KProperty'[1] {0x0000000704a00188})}
  0x000001c2100475fc: fa49 ba88 | 01a0 0407 | 0000 0045 | 8b5a 1045 | 85db 0f84 | 7004 0000 

  0x000001c210047614: ;   {oop(a 'godot/common/util/ThreadLocalDelegate'{0x0000000704a001a0})}
  0x000001c210047614: 49ba a001 | a004 0700 | 0000 418b | 6a10 458b 

  0x000001c210047624: ;   {metadata('java/lang/ThreadLocal$SuppliedThreadLocal')}
  0x000001c210047624: 5cec 0841 | 81fb 683f | 0401 0f85 | b402 0000 | 498d 1cec | 4d8b 9788 | 0300 0049 | 8b0a 448b 
  0x000001c210047644: 494c 478b | 5ccc 1447 | 8b44 dc0c | 458d 50ff | 4423 530c | 4585 c00f | 869f 0200 | 0049 c1e3 
  0x000001c210047664: 0347 8b44 | 9310 438b | 54c4 0c4c | 8bda 49c1 | e303 4c3b | db0f 85b1 | 0200 0043 | 8b6c c41c 
  0x000001c210047684: ; implicit exception: dispatches to 0x000001c210047b98
  0x000001c210047684: 458b 54ec 

  0x000001c210047688: ;   {metadata('java/nio/DirectByteBuffer')}
  0x000001c210047688: 0841 81fa | 780b 1c00 | 0f85 ae04 | 0000 4d8d | 14ec 418b | 6a1c 41c7 | 420c ffff | ffff 4589 
  0x000001c2100476a8: 6218 83fd | 040f 8ced | 0300 0041 | c742 1804 | 0000 0045 | 8b5a 244d | 8b4a 1045 | 85db 0f85 
  0x000001c2100476c8: 9c02 0000 | 410f b66a | 2d85 ed0f | 8543 0300 | 0048 890c | 244c 8b47 | 104d 8bd1 | 4589 2249 
  0x000001c2100476e8: b920 d46d | 74c2 0100 

  0x000001c2100476f0: ;   {oop(a 'godot/core/VariantParser$VECTOR2'{0x0000000704a00060})}
  0x000001c2100476f0: 0049 ba60 | 00a0 0407 | 0000 0041 

  0x000001c2100476fc: ;   {oop(a 'godot/internal/memory/TransferContext'{0x0000000704a00080})}
  0x000001c2100476fc: 8b7a 1848 | ba80 00a0 | 0407 0000 

  0x000001c210047708: ;   {optimized virtual_call}
  0x000001c210047708: 0066 90e8 

  0x000001c21004770c: ; ImmutableOopMap {[0]=Oop }
                      ;*invokespecial icall {reexecute=0 rethrow=0 return_oop=0}
                      ; - godot.internal.memory.TransferContext::callMethod@17 (line 79)
                      ; - godot.api.Node2D::getGlobalPosition@29 (line 476)
  0x000001c21004770c: 3061 fbff 

  0x000001c210047710: ;   {other}
  0x000001c210047710: 0f1f 8400 | 8003 0000 

  0x000001c210047718: ;   {oop(a 'kotlin/reflect/KProperty'[1] {0x0000000704a00188})}
  0x000001c210047718: 49ba 8801 | a004 0700 | 0000 418b | 6a10 85ed | 0f84 9203 

  0x000001c21004772c: ;   {oop(a 'godot/common/util/ThreadLocalDelegate'{0x0000000704a001a0})}
  0x000001c21004772c: 0000 49ba | a001 a004 | 0700 0000 | 458b 5210 

  0x000001c21004773c: ; implicit exception: dispatches to 0x000001c210047bb0
  0x000001c21004773c: 478b 5cd4 

  0x000001c210047740: ;   {metadata('java/lang/ThreadLocal$SuppliedThreadLocal')}
  0x000001c210047740: 0841 81fb | 683f 0401 | 0f85 4602 | 0000 4c8b | 0424 418b | 484c 4b8d | 1cd4 458b | 5ccc 1447 
  0x000001c210047760: 8b54 dc0c | 458d 4aff | 4423 4b0c | 4585 d20f | 8637 0200 | 004f 8d14 | dc43 8b6c | 8a10 458b 
  0x000001c210047780: 5cec 0c4d | 8bd3 49c1 | e203 4c3b | d30f 8541 | 0200 0041 | 8b6c ec1c 

  0x000001c210047798: ; implicit exception: dispatches to 0x000001c210047bd8
  0x000001c210047798: 458b 54ec 

  0x000001c21004779c: ;   {metadata('java/nio/DirectByteBuffer')}
  0x000001c21004779c: 0841 81fa | 780b 1c00 | 0f85 b203 | 0000 4d8d | 04ec 458b | 501c 41c7 | 400c ffff | ffff 4589 
  0x000001c2100477bc: 6018 4183 | fa04 0f8c | 0c03 0000 | 41c7 4018 | 0400 0000 | 458b 5824 | 4d8b 4810 | 4c89 4c24 
  0x000001c2100477dc: 1045 85db | 0f85 1602 | 0000 450f | b658 2d45 | 8b09 4585 | db0f 854d 

  0x000001c2100477f4: ;   {oop(a 'godot/core/VariantParser$VECTOR2'{0x0000000704a00060})}
  0x000001c2100477f4: 0200 0049 | bb60 00a0 | 0407 0000 | 0041 8b6b | 1844 3bcd | 0f85 5e02 | 0000 498b | 87b8 0100 
  0x000001c210047814: 004c 8bd8 | 4983 c320 | 4d3b 9fc8 | 0100 000f | 8395 0000 | 004d 899f | b801 0000 | 410f 0d8b 
  0x000001c210047834: c000 0000 | 48c7 0001 

  0x000001c21004783c: ;   {metadata('godot/core/Vector2')}
  0x000001c21004783c: 0000 00c7 | 4008 1084 | 0201 4489 | 600c 4c89 | 6010 4c89 | 6018 418d | 6afc 83fd | 040f 8c95 
  0x000001c21004785c: 0200 004c | 8b5c 2410 | 458b 5b04 | 41c7 4018 | 0800 0000 | 4183 c2f8 | c4c1 796e | c3c5 fa5a 
  0x000001c21004787c: c041 83fa | 040f 8c91 | 0200 00c5 | fb11 4010 | 41c7 4018 | 0c00 0000 | 4c8b 5424 | 1045 8b52 
  0x000001c21004789c: 08c4 c179 | 6eca c5fa | 5ac1 c5fb | 1140 1848 | 83c4 405d 

  0x000001c2100478b0: ;   {poll_return}
  0x000001c2100478b0: 493b a750 | 0400 000f | 87d9 0300 | 00c3 4489 | 1424 498b 

  0x000001c2100478c4: ;   {metadata('godot/core/Vector2')}
  0x000001c2100478c4: e848 ba10 | 8402 81c2 

  0x000001c2100478cc: ;   {runtime_call _new_instance_Java}
  0x000001c2100478cc: 0100 00e8 

  0x000001c2100478d0: ; ImmutableOopMap {rbp=Oop }
                      ;*new {reexecute=0 rethrow=0 return_oop=1}
                      ; - godot.core.VariantKt::getVector2@0 (line 19)
                      ; - godot.core.VariantKt::access$getVector2@1 (line 1)
                      ; - godot.core.VariantParser$VECTOR2::toUnsafeKotlin@7 (line 176)
                      ; - godot.core.VariantParser$VECTOR2::toUnsafeKotlin@2 (line 175)
                      ; - godot.core.VariantParser::toKotlin@21 (line 479)
                      ; - godot.internal.memory.TransferContext::readReturnValue@20 (line 75)
                      ; - godot.api.Node2D::getGlobalPosition@41 (line 477)
  0x000001c2100478d0: 2c45 90ff 

  0x000001c2100478d4: ;   {other}
  0x000001c2100478d4: 0f1f 8400 | 4405 0001 | 4c8b c544 | 8b14 24e9 | 6aff ffff | bade ffff | ff48 893c 

  0x000001c2100478f0: ;   {runtime_call UncommonTrapBlob}
  0x000001c2100478f0: 2466 90e8 

  0x000001c2100478f4: ; ImmutableOopMap {rbp=NarrowOop [0]=Oop }
                      ;*invokevirtual get {reexecute=0 rethrow=0 return_oop=0}
                      ; - godot.common.util.ThreadLocalDelegate::getValue@10 (line 7)
                      ; - godot.internal.memory.TransferContext::getBuffer@9 (line 28)
                      ; - godot.internal.memory.TransferContext::writeArguments@7 (line 34)
                      ; - godot.api.Node2D::getGlobalPosition@7 (line 475)
  0x000001c2100478f4: 08cd 83ff 

  0x000001c2100478f8: ;   {other}
  0x000001c2100478f8: 0f1f 8400 | 6805 0002 | bae4 ffff | ff48 8bef | 4889 4c24 | 0844 894c | 2410 4889 | 5c24 1844 
  0x000001c210047918: 895c 2420 | 4489 5424 

  0x000001c210047920: ;   {runtime_call UncommonTrapBlob}
  0x000001c210047920: 2466 90e8 

  0x000001c210047924: ; ImmutableOopMap {rbp=Oop [8]=Oop [16]=NarrowOop [24]=Oop [32]=NarrowOop }
                      ;*aaload {reexecute=0 rethrow=0 return_oop=0}
                      ; - java.lang.ThreadLocal$ThreadLocalMap::getEntry@18 (line 500)
                      ; - java.lang.ThreadLocal::get@12 (line 187)
                      ; - java.lang.ThreadLocal::get@4 (line 172)
                      ; - godot.common.util.ThreadLocalDelegate::getValue@10 (line 7)
                      ; - godot.internal.memory.TransferContext::getBuffer@9 (line 28)
                      ; - godot.internal.memory.TransferContext::writeArguments@7 (line 34)
                      ; - godot.api.Node2D::getGlobalPosition@7 (line 475)
  0x000001c210047924: d8cc 83ff 

  0x000001c210047928: ;   {other}
  0x000001c210047928: 0f1f 8400 | 9805 0003 | ba45 ffff | ff33 ed4c | 3bdb 400f | 94c5 4889 | 3c24 4889 | 4c24 1044 
  0x000001c210047948: 894c 2418 | 4889 5c24 | 2044 8954 | 241c 4489 

  0x000001c210047958: ;   {runtime_call UncommonTrapBlob}
  0x000001c210047958: 4424 28e8 

  0x000001c21004795c: ; ImmutableOopMap {[0]=Oop [16]=Oop [24]=NarrowOop [32]=Oop [40]=NarrowOop }
                      ;*ifeq {reexecute=1 rethrow=0 return_oop=0}
                      ; - (reexecute) java.lang.ThreadLocal$ThreadLocalMap::getEntry@29 (line 501)
                      ; - java.lang.ThreadLocal::get@12 (line 187)
                      ; - java.lang.ThreadLocal::get@4 (line 172)
                      ; - godot.common.util.ThreadLocalDelegate::getValue@10 (line 7)
                      ; - godot.internal.memory.TransferContext::getBuffer@9 (line 28)
                      ; - godot.internal.memory.TransferContext::writeArguments@7 (line 34)
                      ; - godot.api.Node2D::getGlobalPosition@7 (line 475)
  0x000001c21004795c: a0cc 83ff 

  0x000001c210047960: ;   {other}
  0x000001c210047960: 0f1f 8400 | d005 0004 | baec ffff | ff48 8bef | 4c89 5424 | 084c 8954 | 2410 4c89 | 4c24 1844 
  0x000001c210047980: 895c 2428 

  0x000001c210047984: ;   {runtime_call UncommonTrapBlob}
  0x000001c210047984: 6666 90e8 

  0x000001c210047988: ; ImmutableOopMap {rbp=Oop [8]=Oop [16]=Oop [40]=NarrowOop }
                      ;*ifnull {reexecute=1 rethrow=0 return_oop=0}
                      ; - (reexecute) java.nio.Buffer::session@4 (line 792)
                      ; - java.nio.DirectByteBuffer::putInt@7 (line 773)
                      ; - java.nio.DirectByteBuffer::putInt@11 (line 785)
                      ; - godot.internal.memory.TransferContext::writeArguments@21 (line 36)
                      ; - godot.api.Node2D::getGlobalPosition@7 (line 475)
  0x000001c210047988: 74cc 83ff 

  0x000001c21004798c: ;   {other}
  0x000001c21004798c: 0f1f 8400 | fc05 0005 | bade ffff | ff41 8bea 

  0x000001c21004799c: ;   {runtime_call UncommonTrapBlob}
  0x000001c21004799c: 6666 90e8 

  0x000001c2100479a0: ; ImmutableOopMap {rbp=NarrowOop }
                      ;*invokevirtual get {reexecute=0 rethrow=0 return_oop=0}
                      ; - godot.common.util.ThreadLocalDelegate::getValue@10 (line 7)
                      ; - godot.internal.memory.TransferContext::getBuffer@9 (line 28)
                      ; - godot.internal.memory.TransferContext::readReturnValue@7 (line 73)
                      ; - godot.api.Node2D::getGlobalPosition@41 (line 477)
  0x000001c2100479a0: 5ccc 83ff 

  0x000001c2100479a4: ;   {other}
  0x000001c2100479a4: 0f1f 8400 | 1406 0006 | bae4 ffff | ff89 4c24 | 0848 895c | 2410 4489 | 5c24 1844 | 894c 241c 
  0x000001c2100479c4: ;   {runtime_call UncommonTrapBlob}
  0x000001c2100479c4: 6666 90e8 

  0x000001c2100479c8: ; ImmutableOopMap {[0]=Oop [8]=NarrowOop [16]=Oop [24]=NarrowOop }
                      ;*aaload {reexecute=0 rethrow=0 return_oop=0}
                      ; - java.lang.ThreadLocal$ThreadLocalMap::getEntry@18 (line 500)
                      ; - java.lang.ThreadLocal::get@12 (line 187)
                      ; - java.lang.ThreadLocal::get@4 (line 172)
                      ; - godot.common.util.ThreadLocalDelegate::getValue@10 (line 7)
                      ; - godot.internal.memory.TransferContext::getBuffer@9 (line 28)
                      ; - godot.internal.memory.TransferContext::readReturnValue@7 (line 73)
                      ; - godot.api.Node2D::getGlobalPosition@41 (line 477)
  0x000001c2100479c8: 34cc 83ff 

  0x000001c2100479cc: ;   {other}
  0x000001c2100479cc: 0f1f 8400 | 3c06 0007 | ba45 ffff | ff4c 8944 | 2408 894c | 2410 4889 | 5c24 1844 | 894c 2414 
  0x000001c2100479ec: ;   {runtime_call UncommonTrapBlob}
  0x000001c2100479ec: 6666 90e8 

  0x000001c2100479f0: ; ImmutableOopMap {rbp=NarrowOop [8]=Oop [16]=NarrowOop [24]=Oop }
                      ;*ifeq {reexecute=1 rethrow=0 return_oop=0}
                      ; - (reexecute) java.lang.ThreadLocal$ThreadLocalMap::getEntry@29 (line 501)
                      ; - java.lang.ThreadLocal::get@12 (line 187)
                      ; - java.lang.ThreadLocal::get@4 (line 172)
                      ; - godot.common.util.ThreadLocalDelegate::getValue@10 (line 7)
                      ; - godot.internal.memory.TransferContext::getBuffer@9 (line 28)
                      ; - godot.internal.memory.TransferContext::readReturnValue@7 (line 73)
                      ; - godot.api.Node2D::getGlobalPosition@41 (line 477)
  0x000001c2100479f0: 0ccc 83ff 

  0x000001c2100479f4: ;   {other}
  0x000001c2100479f4: 0f1f 8400 | 6406 0008 | baec ffff | ff4c 8904 | 244c 8944 | 2408 4489 

  0x000001c210047a0c: ;   {runtime_call UncommonTrapBlob}
  0x000001c210047a0c: 5c24 20e8 

  0x000001c210047a10: ; ImmutableOopMap {[0]=Oop [8]=Oop [32]=NarrowOop }
                      ;*ifnull {reexecute=1 rethrow=0 return_oop=0}
                      ; - (reexecute) java.nio.Buffer::session@4 (line 792)
                      ; - java.nio.DirectByteBuffer::getInt@4 (line 744)
                      ; - java.nio.DirectByteBuffer::getInt@10 (line 753)
                      ; - godot.core.VariantKt::getVariantType@1 (line 104)
                      ; - godot.core.VariantKt::access$getVariantType@1 (line 1)
                      ; - godot.core.VariantParser::toKotlin@7 (line 477)
                      ; - godot.internal.memory.TransferContext::readReturnValue@20 (line 75)
                      ; - godot.api.Node2D::getGlobalPosition@41 (line 477)
  0x000001c210047a10: eccb 83ff 

  0x000001c210047a14: ;   {other}
  0x000001c210047a14: 0f1f 8400 | 8406 0009 | ba45 ffff | ff48 893c | 244c 8954 | 2410 4c89 | 5424 184c | 894c 2420 
  0x000001c210047a34: ;   {runtime_call UncommonTrapBlob}
  0x000001c210047a34: 6666 90e8 

  0x000001c210047a38: ; ImmutableOopMap {[0]=Oop [16]=Oop [24]=Oop }
                      ;*if_icmpne {reexecute=1 rethrow=0 return_oop=0}
                      ; - (reexecute) jdk.internal.misc.Unsafe::convEndian@4 (line 3818)
                      ; - jdk.internal.misc.Unsafe::putIntUnaligned@7 (line 3698)
                      ; - jdk.internal.misc.ScopedMemoryAccess::putIntUnalignedInternal@17 (line 1930)
                      ; - jdk.internal.misc.ScopedMemoryAccess::putIntUnaligned@8 (line 1918)
                      ; - java.nio.DirectByteBuffer::putInt@18 (line 773)
                      ; - java.nio.DirectByteBuffer::putInt@11 (line 785)
                      ; - godot.internal.memory.TransferContext::writeArguments@21 (line 36)
                      ; - godot.api.Node2D::getGlobalPosition@7 (line 475)
  0x000001c210047a38: c4cb 83ff 

  0x000001c210047a3c: ;   {other}
  0x000001c210047a3c: 0f1f 8400 | ac06 000a | ba45 ffff | ff4c 8904 | 244c 8944 | 2408 4489 | 4c24 1044 | 895c 2414 
  0x000001c210047a5c: ;   {runtime_call UncommonTrapBlob}
  0x000001c210047a5c: 6666 90e8 

  0x000001c210047a60: ; ImmutableOopMap {[0]=Oop [8]=Oop }
                      ;*if_icmpne {reexecute=1 rethrow=0 return_oop=0}
                      ; - (reexecute) jdk.internal.misc.Unsafe::convEndian@4 (line 3818)
                      ; - jdk.internal.misc.Unsafe::getIntUnaligned@8 (line 3575)
                      ; - jdk.internal.misc.ScopedMemoryAccess::getIntUnalignedInternal@15 (line 1909)
                      ; - jdk.internal.misc.ScopedMemoryAccess::getIntUnaligned@6 (line 1897)
                      ; - java.nio.DirectByteBuffer::getInt@13 (line 744)
                      ; - java.nio.DirectByteBuffer::getInt@10 (line 753)
                      ; - godot.core.VariantKt::getVariantType@1 (line 104)
                      ; - godot.core.VariantKt::access$getVariantType@1 (line 1)
                      ; - godot.core.VariantParser::toKotlin@7 (line 477)
                      ; - godot.internal.memory.TransferContext::readReturnValue@20 (line 75)
                      ; - godot.api.Node2D::getGlobalPosition@41 (line 477)
  0x000001c210047a60: 9ccb 83ff 

  0x000001c210047a64: ;   {other}
  0x000001c210047a64: 0f1f 8400 | d406 000b | ba45 ffff | ff44 894c 

  0x000001c210047a74: ;   {runtime_call UncommonTrapBlob}
  0x000001c210047a74: 2404 90e8 

  0x000001c210047a78: ; ImmutableOopMap {}
                      ;*if_icmpne {reexecute=1 rethrow=0 return_oop=0}
                      ; - (reexecute) godot.core.VariantParser::toKotlin@16 (line 478)
                      ; - godot.internal.memory.TransferContext::readReturnValue@20 (line 75)
                      ; - godot.api.Node2D::getGlobalPosition@41 (line 477)
  0x000001c210047a78: 84cb 83ff 

  0x000001c210047a7c: ;   {other}
  0x000001c210047a7c: 0f1f 8400 | ec06 000c | ba45 ffff | ff48 8bef | 4489 1c24 

  0x000001c210047a90: ;   {runtime_call UncommonTrapBlob}
  0x000001c210047a90: 6666 90e8 

  0x000001c210047a94: ; ImmutableOopMap {rbp=Oop [0]=NarrowOop }
                      ;*ifnonnull {reexecute=1 rethrow=0 return_oop=0}
                      ; - (reexecute) kotlin.jvm.internal.Intrinsics::checkNotNullParameter@1 (line 130)
                      ; - godot.common.util.ThreadLocalDelegate::getValue@3
                      ; - godot.internal.memory.TransferContext::getBuffer@9 (line 28)
                      ; - godot.internal.memory.TransferContext::writeArguments@7 (line 34)
                      ; - godot.api.Node2D::getGlobalPosition@7 (line 475)
  0x000001c210047a94: 68cb 83ff 

  0x000001c210047a98: ;   {other}
  0x000001c210047a98: 0f1f 8400 | 0807 000d | ba45 ffff | ff48 893c | 244c 8954 | 2410 4c89 

  0x000001c210047ab0: ;   {runtime_call UncommonTrapBlob}
  0x000001c210047ab0: 5424 18e8 

  0x000001c210047ab4: ; ImmutableOopMap {[0]=Oop [16]=Oop [24]=Oop }
                      ;*if_icmpge {reexecute=1 rethrow=0 return_oop=0}
                      ; - (reexecute) java.nio.Buffer::nextPutIndex@12 (line 743)
                      ; - java.nio.DirectByteBuffer::putInt@4 (line 785)
                      ; - godot.internal.memory.TransferContext::writeArguments@21 (line 36)
                      ; - godot.api.Node2D::getGlobalPosition@7 (line 475)
  0x000001c210047ab4: 48cb 83ff 

  0x000001c210047ab8: ;   {other}
  0x000001c210047ab8: 0f1f 8400 | 2807 000e | ba45 ffff 

  0x000001c210047ac4: ;   {runtime_call UncommonTrapBlob}
  0x000001c210047ac4: ff66 90e8 

  0x000001c210047ac8: ; ImmutableOopMap {rbp=NarrowOop }
                      ;*ifnonnull {reexecute=1 rethrow=0 return_oop=0}
                      ; - (reexecute) kotlin.jvm.internal.Intrinsics::checkNotNullParameter@1 (line 130)
                      ; - godot.common.util.ThreadLocalDelegate::getValue@3
                      ; - godot.internal.memory.TransferContext::getBuffer@9 (line 28)
                      ; - godot.internal.memory.TransferContext::readReturnValue@7 (line 73)
                      ; - godot.api.Node2D::getGlobalPosition@41 (line 477)
  0x000001c210047ac8: 34cb 83ff 

  0x000001c210047acc: ;   {other}
  0x000001c210047acc: 0f1f 8400 | 3c07 000f | ba45 ffff | ff4c 8904 | 244c 8944 | 2408 4489 

  0x000001c210047ae4: ;   {runtime_call UncommonTrapBlob}
  0x000001c210047ae4: 5424 18e8 

  0x000001c210047ae8: ; ImmutableOopMap {[0]=Oop [8]=Oop }
                      ;*if_icmpge {reexecute=1 rethrow=0 return_oop=0}
                      ; - (reexecute) java.nio.Buffer::nextGetIndex@12 (line 720)
                      ; - java.nio.DirectByteBuffer::getInt@4 (line 753)
                      ; - godot.core.VariantKt::getVariantType@1 (line 104)
                      ; - godot.core.VariantKt::access$getVariantType@1 (line 1)
                      ; - godot.core.VariantParser::toKotlin@7 (line 477)
                      ; - godot.internal.memory.TransferContext::readReturnValue@20 (line 75)
                      ; - godot.api.Node2D::getGlobalPosition@41 (line 477)
  0x000001c210047ae8: 14cb 83ff 

  0x000001c210047aec: ;   {other}
  0x000001c210047aec: 0f1f 8400 | 5c07 0010 | ba45 ffff | ff48 8944 | 2410 4c89 | 4424 184c | 8944 2420 

  0x000001c210047b08: ;   {runtime_call UncommonTrapBlob}
  0x000001c210047b08: 6666 90e8 

  0x000001c210047b0c: ; ImmutableOopMap {[16]=Oop [24]=Oop [32]=Oop }
                      ;*if_icmpge {reexecute=1 rethrow=0 return_oop=0}
                      ; - (reexecute) java.nio.Buffer::nextGetIndex@12 (line 720)
                      ; - java.nio.DirectByteBuffer::getFloat@4 (line 953)
                      ; - godot.core.VariantKt::getVector2@5 (line 19)
                      ; - godot.core.VariantKt::access$getVector2@1 (line 1)
                      ; - godot.core.VariantParser$VECTOR2::toUnsafeKotlin@7 (line 176)
                      ; - godot.core.VariantParser$VECTOR2::toUnsafeKotlin@2 (line 175)
                      ; - godot.core.VariantParser::toKotlin@21 (line 479)
                      ; - godot.internal.memory.TransferContext::readReturnValue@20 (line 75)
                      ; - godot.api.Node2D::getGlobalPosition@41 (line 477)
  0x000001c210047b0c: f0ca 83ff 

  0x000001c210047b10: ;   {other}
  0x000001c210047b10: 0f1f 8400 | 8007 0011 | ba45 ffff | ff48 8904 | 24c5 fb11 | 4424 084c | 8944 2418 | 4c89 4424 
  0x000001c210047b30: 2044 8954 

  0x000001c210047b34: ;   {runtime_call UncommonTrapBlob}
  0x000001c210047b34: 2428 90e8 

  0x000001c210047b38: ; ImmutableOopMap {[0]=Oop [24]=Oop [32]=Oop }
                      ;*if_icmpge {reexecute=1 rethrow=0 return_oop=0}
                      ; - (reexecute) java.nio.Buffer::nextGetIndex@12 (line 720)
                      ; - java.nio.DirectByteBuffer::getFloat@4 (line 953)
                      ; - godot.core.VariantKt::getVector2@14 (line 19)
                      ; - godot.core.VariantKt::access$getVector2@1 (line 1)
                      ; - godot.core.VariantParser$VECTOR2::toUnsafeKotlin@7 (line 176)
                      ; - godot.core.VariantParser$VECTOR2::toUnsafeKotlin@2 (line 175)
                      ; - godot.core.VariantParser::toKotlin@21 (line 479)
                      ; - godot.internal.memory.TransferContext::readReturnValue@20 (line 75)
                      ; - godot.api.Node2D::getGlobalPosition@41 (line 477)
  0x000001c210047b38: c4ca 83ff 

  0x000001c210047b3c: ;   {other}
  0x000001c210047b3c: 0f1f 8400 | ac07 0012 | bade ffff | ff48 893c 

  0x000001c210047b4c: ;   {runtime_call UncommonTrapBlob}
  0x000001c210047b4c: 2466 90e8 

  0x000001c210047b50: ; ImmutableOopMap {rbp=NarrowOop [0]=Oop }
                      ;*checkcast {reexecute=0 rethrow=0 return_oop=0}
                      ; - godot.internal.memory.TransferContext::getBuffer@12 (line 28)
                      ; - godot.internal.memory.TransferContext::writeArguments@7 (line 34)
                      ; - godot.api.Node2D::getGlobalPosition@7 (line 475)
  0x000001c210047b50: acca 83ff 

  0x000001c210047b54: ;   {other}
  0x000001c210047b54: 0f1f 8400 | c407 0013 | bade ffff 

  0x000001c210047b60: ;   {runtime_call UncommonTrapBlob}
  0x000001c210047b60: ff66 90e8 

  0x000001c210047b64: ; ImmutableOopMap {rbp=NarrowOop }
                      ;*checkcast {reexecute=0 rethrow=0 return_oop=0}
                      ; - godot.internal.memory.TransferContext::getBuffer@12 (line 28)
                      ; - godot.internal.memory.TransferContext::readReturnValue@7 (line 73)
                      ; - godot.api.Node2D::getGlobalPosition@41 (line 477)
  0x000001c210047b64: 98ca 83ff 

  0x000001c210047b68: ;   {other}
  0x000001c210047b68: 0f1f 8400 | d807 0014 | baf6 ffff 

  0x000001c210047b74: ;   {runtime_call UncommonTrapBlob}
  0x000001c210047b74: ff66 90e8 

  0x000001c210047b78: ; ImmutableOopMap {}
                      ;*invokevirtual get {reexecute=0 rethrow=0 return_oop=0}
                      ; - godot.common.util.ThreadLocalDelegate::getValue@10 (line 7)
                      ; - godot.internal.memory.TransferContext::getBuffer@9 (line 28)
                      ; - godot.internal.memory.TransferContext::writeArguments@7 (line 34)
                      ; - godot.api.Node2D::getGlobalPosition@7 (line 475)
  0x000001c210047b78: 84ca 83ff 

  0x000001c210047b7c: ;   {other}
  0x000001c210047b7c: 0f1f 8400 | ec07 0015 | baf6 ffff 

  0x000001c210047b88: ;   {runtime_call UncommonTrapBlob}
  0x000001c210047b88: ff66 90e8 

  0x000001c210047b8c: ; ImmutableOopMap {}
                      ;*arraylength {reexecute=0 rethrow=0 return_oop=0}
                      ; - java.lang.ThreadLocal$ThreadLocalMap::getEntry@8 (line 499)
                      ; - java.lang.ThreadLocal::get@12 (line 187)
                      ; - java.lang.ThreadLocal::get@4 (line 172)
                      ; - godot.common.util.ThreadLocalDelegate::getValue@10 (line 7)
                      ; - godot.internal.memory.TransferContext::getBuffer@9 (line 28)
                      ; - godot.internal.memory.TransferContext::writeArguments@7 (line 34)
                      ; - godot.api.Node2D::getGlobalPosition@7 (line 475)
  0x000001c210047b8c: 70ca 83ff 

  0x000001c210047b90: ;   {other}
  0x000001c210047b90: 0f1f 8400 | 0008 0016 | baf4 ffff | ff48 8bef 

  0x000001c210047ba0: ;   {runtime_call UncommonTrapBlob}
  0x000001c210047ba0: 6666 90e8 

  0x000001c210047ba4: ; ImmutableOopMap {rbp=Oop }
                      ;*checkcast {reexecute=0 rethrow=0 return_oop=0}
                      ; - godot.internal.memory.TransferContext::getBuffer@12 (line 28)
                      ; - godot.internal.memory.TransferContext::writeArguments@7 (line 34)
                      ; - godot.api.Node2D::getGlobalPosition@7 (line 475)
  0x000001c210047ba4: 58ca 83ff 

  0x000001c210047ba8: ;   {other}
  0x000001c210047ba8: 0f1f 8400 | 1808 0017 | baf6 ffff 

  0x000001c210047bb4: ;   {runtime_call UncommonTrapBlob}
  0x000001c210047bb4: ff66 90e8 

  0x000001c210047bb8: ; ImmutableOopMap {}
                      ;*invokevirtual get {reexecute=0 rethrow=0 return_oop=0}
                      ; - godot.common.util.ThreadLocalDelegate::getValue@10 (line 7)
                      ; - godot.internal.memory.TransferContext::getBuffer@9 (line 28)
                      ; - godot.internal.memory.TransferContext::readReturnValue@7 (line 73)
                      ; - godot.api.Node2D::getGlobalPosition@41 (line 477)
  0x000001c210047bb8: 44ca 83ff 

  0x000001c210047bbc: ;   {other}
  0x000001c210047bbc: 0f1f 8400 | 2c08 0018 | baf6 ffff 

  0x000001c210047bc8: ;   {runtime_call UncommonTrapBlob}
  0x000001c210047bc8: ff66 90e8 

  0x000001c210047bcc: ; ImmutableOopMap {}
                      ;*arraylength {reexecute=0 rethrow=0 return_oop=0}
                      ; - java.lang.ThreadLocal$ThreadLocalMap::getEntry@8 (line 499)
                      ; - java.lang.ThreadLocal::get@12 (line 187)
                      ; - java.lang.ThreadLocal::get@4 (line 172)
                      ; - godot.common.util.ThreadLocalDelegate::getValue@10 (line 7)
                      ; - godot.internal.memory.TransferContext::getBuffer@9 (line 28)
                      ; - godot.internal.memory.TransferContext::readReturnValue@7 (line 73)
                      ; - godot.api.Node2D::getGlobalPosition@41 (line 477)
  0x000001c210047bcc: 30ca 83ff 

  0x000001c210047bd0: ;   {other}
  0x000001c210047bd0: 0f1f 8400 | 4008 0019 | baf4 ffff 

  0x000001c210047bdc: ;   {runtime_call UncommonTrapBlob}
  0x000001c210047bdc: ff66 90e8 

  0x000001c210047be0: ; ImmutableOopMap {}
                      ;*checkcast {reexecute=0 rethrow=0 return_oop=0}
                      ; - godot.internal.memory.TransferContext::getBuffer@12 (line 28)
                      ; - godot.internal.memory.TransferContext::readReturnValue@7 (line 73)
                      ; - godot.api.Node2D::getGlobalPosition@41 (line 477)
  0x000001c210047be0: 1cca 83ff 

  0x000001c210047be4: ;   {other}
  0x000001c210047be4: 0f1f 8400 | 5408 001a | ba45 ffff | ff48 8bef | 4889 1c24 | 4889 4c24 | 0844 894c 

  0x000001c210047c00: ;   {runtime_call UncommonTrapBlob}
  0x000001c210047c00: 2414 90e8 

  0x000001c210047c04: ; ImmutableOopMap {rbp=Oop [0]=Oop [8]=Oop [20]=NarrowOop }
                      ;*ifnull {reexecute=1 rethrow=0 return_oop=0}
                      ; - (reexecute) java.lang.ThreadLocal::get@7 (line 186)
                      ; - java.lang.ThreadLocal::get@4 (line 172)
                      ; - godot.common.util.ThreadLocalDelegate::getValue@10 (line 7)
                      ; - godot.internal.memory.TransferContext::getBuffer@9 (line 28)
                      ; - godot.internal.memory.TransferContext::writeArguments@7 (line 34)
                      ; - godot.api.Node2D::getGlobalPosition@7 (line 475)
  0x000001c210047c04: f8c9 83ff 

  0x000001c210047c08: ;   {other}
  0x000001c210047c08: 0f1f 8400 | 7808 001b | ba45 ffff | ff48 8bef | 4889 4c24 | 0844 894c | 2410 4889 | 5c24 1844 
  0x000001c210047c28: 8954 2414 | 4489 4424 

  0x000001c210047c30: ;   {runtime_call UncommonTrapBlob}
  0x000001c210047c30: 2466 90e8 

  0x000001c210047c34: ; ImmutableOopMap {rbp=Oop [8]=Oop [16]=NarrowOop [24]=Oop [36]=NarrowOop }
                      ;*ifnull {reexecute=1 rethrow=0 return_oop=0}
                      ; - (reexecute) java.lang.ThreadLocal$ThreadLocalMap::getEntry@21 (line 501)
                      ; - java.lang.ThreadLocal::get@12 (line 187)
                      ; - java.lang.ThreadLocal::get@4 (line 172)
                      ; - godot.common.util.ThreadLocalDelegate::getValue@10 (line 7)
                      ; - godot.internal.memory.TransferContext::getBuffer@9 (line 28)
                      ; - godot.internal.memory.TransferContext::writeArguments@7 (line 34)
                      ; - godot.api.Node2D::getGlobalPosition@7 (line 475)
  0x000001c210047c34: c8c9 83ff 

  0x000001c210047c38: ;   {other}
  0x000001c210047c38: 0f1f 8400 | a808 001c | ba45 ffff | ff48 8beb | 894c 240c 

  0x000001c210047c4c: ;   {runtime_call UncommonTrapBlob}
  0x000001c210047c4c: 6666 90e8 

  0x000001c210047c50: ; ImmutableOopMap {rbp=Oop [0]=Oop [12]=NarrowOop }
                      ;*ifnull {reexecute=1 rethrow=0 return_oop=0}
                      ; - (reexecute) java.lang.ThreadLocal::get@7 (line 186)
                      ; - java.lang.ThreadLocal::get@4 (line 172)
                      ; - godot.common.util.ThreadLocalDelegate::getValue@10 (line 7)
                      ; - godot.internal.memory.TransferContext::getBuffer@9 (line 28)
                      ; - godot.internal.memory.TransferContext::readReturnValue@7 (line 73)
                      ; - godot.api.Node2D::getGlobalPosition@41 (line 477)
  0x000001c210047c50: acc9 83ff 

  0x000001c210047c54: ;   {other}
  0x000001c210047c54: 0f1f 8400 | c408 001d | ba45 ffff | ff4c 8944 | 2408 894c | 2410 4889 | 5c24 1844 | 894c 2414 
  0x000001c210047c74: ;   {runtime_call UncommonTrapBlob}
  0x000001c210047c74: 6666 90e8 

  0x000001c210047c78: ; ImmutableOopMap {rbp=NarrowOop [8]=Oop [16]=NarrowOop [24]=Oop }
                      ;*ifnull {reexecute=1 rethrow=0 return_oop=0}
                      ; - (reexecute) java.lang.ThreadLocal$ThreadLocalMap::getEntry@21 (line 501)
                      ; - java.lang.ThreadLocal::get@12 (line 187)
                      ; - java.lang.ThreadLocal::get@4 (line 172)
                      ; - godot.common.util.ThreadLocalDelegate::getValue@10 (line 7)
                      ; - godot.internal.memory.TransferContext::getBuffer@9 (line 28)
                      ; - godot.internal.memory.TransferContext::readReturnValue@7 (line 73)
                      ; - godot.api.Node2D::getGlobalPosition@41 (line 477)
  0x000001c210047c78: 84c9 83ff 

  0x000001c210047c7c: ;   {other}
  0x000001c210047c7c: 0f1f 8400 | ec08 001e | 488b d0eb | 0348 8bd0 | 4883 c440 

  0x000001c210047c90: ;   {runtime_call _rethrow_Java}
  0x000001c210047c90: 5de9 ea6a 

  0x000001c210047c94: ;   {internal_word}
  0x000001c210047c94: 90ff 49ba | b078 0410 | c201 0000 | 4d89 9768 

  0x000001c210047ca4: ;   {runtime_call SafepointBlob}
  0x000001c210047ca4: 0400 00e9 | 54da 83ff 

  0x000001c210047cac: ;   {runtime_call StubRoutines (final stubs)}
  0x000001c210047cac: e8af d081 | ffe9 44f9 | ffff f4f4 
[Stub Code]
  0x000001c210047cb8: ;   {no_reloc}
  0x000001c210047cb8: 48bb 0000 | 0000 0000 

  0x000001c210047cc0: ;   {runtime_call}
  0x000001c210047cc0: 0000 e9fb 

  0x000001c210047cc4: ;   {runtime_call ExceptionBlob}
  0x000001c210047cc4: ffff ffe9 | b44a 90ff 
[Deopt Handler Code]
  0x000001c210047ccc: e800 0000 | 0048 832c 

  0x000001c210047cd4: ;   {runtime_call DeoptimizationBlob}
  0x000001c210047cd4: 2405 e9c5 | cc83 fff4 | f4f4 f4f4 
[/MachCode]


Compiled method (c1)  120455 1751       3       game.items.weapons.Weapon::getClosestTarget (115 bytes)
 total in heap  [0x000001c208729290,0x000001c20872a1c8] = 3896
 relocation     [0x000001c2087293f0,0x000001c2087294f8] = 264
 main code      [0x000001c208729500,0x000001c208729e08] = 2312
 stub code      [0x000001c208729e08,0x000001c208729ea0] = 152
 oops           [0x000001c208729ea0,0x000001c208729eb0] = 16
 metadata       [0x000001c208729eb0,0x000001c208729ec0] = 16
 scopes data    [0x000001c208729ec0,0x000001c208729fe8] = 296
 scopes pcs     [0x000001c208729fe8,0x000001c20872a178] = 400
 dependencies   [0x000001c20872a178,0x000001c20872a180] = 8
 nul chk table  [0x000001c20872a180,0x000001c20872a1c8] = 72

[Constant Pool (empty)]

[MachCode]
[Entry Point]
  # {method} {0x000001c2c27129d8} 'getClosestTarget' '()Lgodot/api/Node2D;' in 'game/items/weapons/Weapon'
  #           [sp+0x80]  (sp of caller)
  0x000001c208729500: 448b 5208 | 49bb 0000 | 0080 c201 | 0000 4d03 | d34c 3bd0 

  0x000001c208729514: ;   {runtime_call ic_miss_stub}
  0x000001c208729514: 0f85 6652 | 1507 660f | 1f44 0000 
[Verified Entry Point]
  0x000001c208729520: 8984 2400 | 80ff ff55 | 4883 ec70 | 4181 7f20 | 0300 0000 

  0x000001c208729534: ;   {runtime_call StubRoutines (final stubs)}
  0x000001c208729534: 7405 e825 | b813 0748 | 8954 2428 

  0x000001c208729540: ;   {metadata(method data for {method} {0x000001c2c27129d8} 'getClosestTarget' '()Lgodot/api/Node2D;' in 'game/items/weapons/Weapon')}
  0x000001c208729540: 48be f0e0 | 91c2 c201 | 0000 8bbe | cc00 0000 | 83c7 0289 | becc 0000 | 0081 e7fe | 0700 0085 
  0x000001c208729560: ff0f 84cd | 0700 008b | 7240 48c1 | e603 4885 

  0x000001c208729570: ;   {metadata(method data for {method} {0x000001c2c27129d8} 'getClosestTarget' '()Lgodot/api/Node2D;' in 'game/items/weapons/Weapon')}
  0x000001c208729570: f648 bff0 | e091 c2c2 | 0100 0048 | bb10 0100 | 0000 0000 | 0074 0a48 | bb20 0100 | 0000 0000 
  0x000001c208729590: 0048 8b04 | 1f48 8d40 | 0148 8904 | 1f0f 8474 | 0700 0048 | 3b06 488b 

  0x000001c2087295a8: ;   {metadata(method data for {method} {0x000001c2c27129d8} 'getClosestTarget' '()Lgodot/api/Node2D;' in 'game/items/weapons/Weapon')}
  0x000001c2087295a8: fe48 bbf0 | e091 c2c2 | 0100 008b | 7f08 49ba | 0000 0080 | c201 0000 | 4903 fa48 | 3bbb 4001 
  0x000001c2087295c8: 0000 750d | 4883 8348 | 0100 0001 | e960 0000 | 0048 3bbb | 5001 0000 | 750d 4883 | 8358 0100 
  0x000001c2087295e8: 0001 e94a | 0000 0048 | 83bb 4001 | 0000 0075 | 1748 89bb | 4001 0000 | 48c7 8348 | 0100 0001 
  0x000001c208729608: 0000 00e9 | 2900 0000 | 4883 bb50 | 0100 0000 | 7517 4889 | bb50 0100 | 0048 c783 | 5801 0000 
  0x000001c208729628: 0100 0000 | e908 0000 | 0048 8383 | 3001 0000 | 0148 8bd6 | 9048 b8d8 | a80b 80c2 

  0x000001c208729644: ;   {virtual_call}
  0x000001c208729644: 0100 00e8 

  0x000001c208729648: ; ImmutableOopMap {[40]=Oop }
                      ;*invokeinterface isEmpty {reexecute=0 rethrow=0 return_oop=0}
                      ; - game.items.weapons.Weapon::getClosestTarget@11 (line 122)
  0x000001c208729648: d43a 9007 

  0x000001c20872964c: ;   {other}
  0x000001c20872964c: 0f1f 8400 | bc03 0000 

  0x000001c208729654: ;   {metadata(method data for {method} {0x000001c2c27129d8} 'getClosestTarget' '()Lgodot/api/Node2D;' in 'game/items/weapons/Weapon')}
  0x000001c208729654: 85c0 49b8 | f0e0 91c2 | c201 0000 | 48ba 7801 | 0000 0000 | 0000 750a | 48ba 6801 | 0000 0000 
  0x000001c208729674: 0000 498b | 3410 488d | 7601 4989 | 3410 0f85 | 8f06 0000 | 488b 5424 | 288b 7240 | 48c1 e603 
  0x000001c208729694: ; implicit exception: dispatches to 0x000001c208729d5a
  0x000001c208729694: 483b 064c 

  0x000001c208729698: ;   {metadata(method data for {method} {0x000001c2c27129d8} 'getClosestTarget' '()Lgodot/api/Node2D;' in 'game/items/weapons/Weapon')}
  0x000001c208729698: 8bc6 48bf | f0e0 91c2 | c201 0000 | 458b 4008 | 49ba 0000 | 0080 c201 | 0000 4d03 | c24c 3b87 
  0x000001c2087296b8: 9801 0000 | 750d 4883 | 87a0 0100 | 0001 e960 | 0000 004c | 3b87 a801 | 0000 750d | 4883 87b0 
  0x000001c2087296d8: 0100 0001 | e94a 0000 | 0048 83bf | 9801 0000 | 0075 174c | 8987 9801 | 0000 48c7 | 87a0 0100 
  0x000001c2087296f8: 0001 0000 | 00e9 2900 | 0000 4883 | bfa8 0100 | 0000 7517 | 4c89 87a8 | 0100 0048 | c787 b001 
  0x000001c208729718: 0000 0100 | 0000 e908 | 0000 0048 | 8387 8801 | 0000 0141 | b800 0000 | 0048 8bd6 | 9048 b8d8 
  0x000001c208729738: a80b 80c2 

  0x000001c20872973c: ;   {virtual_call}
  0x000001c20872973c: 0100 00e8 

  0x000001c208729740: ; ImmutableOopMap {[40]=Oop }
                      ;*invokeinterface get {reexecute=0 rethrow=0 return_oop=0}
                      ; - game.items.weapons.Weapon::getClosestTarget@26 (line 123)
  0x000001c208729740: 7c47 eaff 

  0x000001c208729744: ;   {other}
  0x000001c208729744: 0f1f 8400 | b404 0001 | 4885 c075 

  0x000001c208729750: ;   {metadata(method data for {method} {0x000001c2c27129d8} 'getClosestTarget' '()Lgodot/api/Node2D;' in 'game/items/weapons/Weapon')}
  0x000001c208729750: 1648 bff0 | e091 c2c2 | 0100 0080 | 8fb9 0100 | 0001 e9cd 

  0x000001c208729764: ;   {metadata('godot/api/Node2D')}
  0x000001c208729764: 0000 0048 | bbf0 3403 | 81c2 0100 | 008b 7808 | 49ba 0000 | 0080 c201 | 0000 4903 | fa48 3b5f 
  0x000001c208729784: 580f 858d 

  0x000001c208729788: ;   {metadata(method data for {method} {0x000001c2c27129d8} 'getClosestTarget' '()Lgodot/api/Node2D;' in 'game/items/weapons/Weapon')}
  0x000001c208729788: 0000 0048 | bff0 e091 | c2c2 0100 | 008b 5808 | 49ba 0000 | 0080 c201 | 0000 4903 | da48 3b9f 
  0x000001c2087297a8: d001 0000 | 750d 4883 | 87d8 0100 | 0001 e979 | 0000 0048 | 3b9f e001 | 0000 750d | 4883 87e8 
  0x000001c2087297c8: 0100 0001 | e963 0000 | 0048 83bf | d001 0000 | 0075 1748 | 899f d001 | 0000 48c7 | 87d8 0100 
  0x000001c2087297e8: 0001 0000 | 00e9 4200 | 0000 4883 | bfe0 0100 | 0000 7517 | 4889 9fe0 | 0100 0048 | c787 e801 
  0x000001c208729808: 0000 0100 | 0000 e921 | 0000 00e9 | 1c00 0000 

  0x000001c208729818: ;   {metadata(method data for {method} {0x000001c2c27129d8} 'getClosestTarget' '()Lgodot/api/Node2D;' in 'game/items/weapons/Weapon')}
  0x000001c208729818: 48bf f0e0 | 91c2 c201 | 0000 4883 | afc0 0100 | 0001 e930 | 0500 00e9 | 0000 0000 | 488b f048 
  0x000001c208729838: 8974 2430 | 488b 5424 

  0x000001c208729840: ;   {metadata(method data for {method} {0x000001c2c27129d8} 'getClosestTarget' '()Lgodot/api/Node2D;' in 'game/items/weapons/Weapon')}
  0x000001c208729840: 2848 bff0 | e091 c2c2 | 0100 0048 | 8387 f801 | 0000 0148 | 8b54 2428 | 0f1f 8000 

  0x000001c20872985c: ;   {optimized virtual_call}
  0x000001c20872985c: 0000 00e8 

  0x000001c208729860: ; ImmutableOopMap {[40]=Oop [48]=Oop }
                      ;*invokevirtual getGlobalPosition {reexecute=0 rethrow=0 return_oop=0}
                      ; - game.items.weapons.Weapon::getClosestTarget@36 (line 124)
  0x000001c208729860: 7cdd 9107 

  0x000001c208729864: ;   {other}
  0x000001c208729864: 0f1f 8400 | d405 0002 | 488b 7424 | 3048 3b06 

  0x000001c208729874: ;   {metadata(method data for {method} {0x000001c2c27129d8} 'getClosestTarget' '()Lgodot/api/Node2D;' in 'game/items/weapons/Weapon')}
  0x000001c208729874: 488b d648 | bff0 e091 | c2c2 0100 | 0048 8387 | 3002 0000 | 0148 8bd6 | 4889 4424 | 3866 0f1f 
  0x000001c208729894: ;   {optimized virtual_call}
  0x000001c208729894: 4400 00e8 

  0x000001c208729898: ; ImmutableOopMap {[40]=Oop [48]=Oop [56]=Oop }
                      ;*invokevirtual getGlobalPosition {reexecute=0 rethrow=0 return_oop=0}
                      ; - game.items.weapons.Weapon::getClosestTarget@40 (line 124)
  0x000001c208729898: 44dd 9107 

  0x000001c20872989c: ;   {other}
  0x000001c20872989c: 0f1f 8400 | 0c06 0003 | 488b 5424 | 3848 3b02 

  0x000001c2087298ac: ;   {metadata(method data for {method} {0x000001c2c27129d8} 'getClosestTarget' '()Lgodot/api/Node2D;' in 'game/items/weapons/Weapon')}
  0x000001c2087298ac: 4c8b c248 | bef0 e091 | c2c2 0100 | 0048 8386 | 6802 0000 | 014c 8bc0 

  0x000001c2087298c4: ;   {optimized virtual_call}
  0x000001c2087298c4: 6666 90e8 

  0x000001c2087298c8: ; ImmutableOopMap {[40]=Oop [48]=Oop }
                      ;*invokevirtual distanceTo {reexecute=0 rethrow=0 return_oop=0}
                      ; - game.items.weapons.Weapon::getClosestTarget@43 (line 124)
  0x000001c2087298c8: 1434 f9ff 

  0x000001c2087298cc: ;   {other}
  0x000001c2087298cc: 0f1f 8400 | 3c06 0004 | 488b 7424 | 30bf 0100 | 0000 897c | 2440 c5fb | 1144 2460 | e913 0300 
  0x000001c2087298ec: 0066 6690 | 488b 5424 | 288b 7240 | 48c1 e603 

  0x000001c2087298fc: ; implicit exception: dispatches to 0x000001c208729d72
  0x000001c2087298fc: 483b 064c 

  0x000001c208729900: ;   {metadata(method data for {method} {0x000001c2c27129d8} 'getClosestTarget' '()Lgodot/api/Node2D;' in 'game/items/weapons/Weapon')}
  0x000001c208729900: 8bc6 48bb | f0e0 91c2 | c201 0000 | 458b 4008 | 49ba 0000 | 0080 c201 | 0000 4d03 | c24c 3b83 
  0x000001c208729920: 0803 0000 | 750d 4883 | 8310 0300 | 0001 e960 | 0000 004c | 3b83 1803 | 0000 750d | 4883 8320 
  0x000001c208729940: 0300 0001 | e94a 0000 | 0048 83bb | 0803 0000 | 0075 174c | 8983 0803 | 0000 48c7 | 8310 0300 
  0x000001c208729960: 0001 0000 | 00e9 2900 | 0000 4883 | bb18 0300 | 0000 7517 | 4c89 8318 | 0300 0048 | c783 2003 
  0x000001c208729980: 0000 0100 | 0000 e908 | 0000 0048 | 8383 f802 | 0000 014c | 8bc7 488b | d689 7c24 | 4048 b8ff 
  0x000001c2087299a0: ffff ffff 

  0x000001c2087299a4: ;   {virtual_call}
  0x000001c2087299a4: ffff ffe8 

  0x000001c2087299a8: ; ImmutableOopMap {[40]=Oop [72]=Oop }
                      ;*invokeinterface get {reexecute=0 rethrow=0 return_oop=0}
                      ; - game.items.weapons.Weapon::getClosestTarget@70 (line 127)
  0x000001c2087299a8: d453 1507 

  0x000001c2087299ac: ;   {other}
  0x000001c2087299ac: 0f1f 8400 | 1c07 0005 | 4885 c075 

  0x000001c2087299b8: ;   {metadata(method data for {method} {0x000001c2c27129d8} 'getClosestTarget' '()Lgodot/api/Node2D;' in 'game/items/weapons/Weapon')}
  0x000001c2087299b8: 1648 bff0 | e091 c2c2 | 0100 0080 | 8f29 0300 | 0001 e9cd 

  0x000001c2087299cc: ;   {metadata('godot/api/Node2D')}
  0x000001c2087299cc: 0000 0048 | bbf0 3403 | 81c2 0100 | 008b 7808 | 49ba 0000 | 0080 c201 | 0000 4903 | fa48 3b5f 
  0x000001c2087299ec: 580f 858d 

  0x000001c2087299f0: ;   {metadata(method data for {method} {0x000001c2c27129d8} 'getClosestTarget' '()Lgodot/api/Node2D;' in 'game/items/weapons/Weapon')}
  0x000001c2087299f0: 0000 0048 | bff0 e091 | c2c2 0100 | 008b 5808 | 49ba 0000 | 0080 c201 | 0000 4903 | da48 3b9f 
  0x000001c208729a10: 4003 0000 | 750d 4883 | 8748 0300 | 0001 e979 | 0000 0048 | 3b9f 5003 | 0000 750d | 4883 8758 
  0x000001c208729a30: 0300 0001 | e963 0000 | 0048 83bf | 4003 0000 | 0075 1748 | 899f 4003 | 0000 48c7 | 8748 0300 
  0x000001c208729a50: 0001 0000 | 00e9 4200 | 0000 4883 | bf50 0300 | 0000 7517 | 4889 9f50 | 0300 0048 | c787 5803 
  0x000001c208729a70: 0000 0100 | 0000 e921 | 0000 00e9 | 1c00 0000 

  0x000001c208729a80: ;   {metadata(method data for {method} {0x000001c2c27129d8} 'getClosestTarget' '()Lgodot/api/Node2D;' in 'game/items/weapons/Weapon')}
  0x000001c208729a80: 48bf f0e0 | 91c2 c201 | 0000 4883 | af30 0300 | 0001 e9e0 | 0200 00e9 | 0000 0000 | 488b f048 
  0x000001c208729aa0: 8974 2450 | 488b 5424 

  0x000001c208729aa8: ;   {metadata(method data for {method} {0x000001c2c27129d8} 'getClosestTarget' '()Lgodot/api/Node2D;' in 'game/items/weapons/Weapon')}
  0x000001c208729aa8: 2848 bff0 | e091 c2c2 | 0100 0048 | 8387 6803 | 0000 0148 | 8b54 2428 | 0f1f 8000 

  0x000001c208729ac4: ;   {optimized virtual_call}
  0x000001c208729ac4: 0000 00e8 

  0x000001c208729ac8: ; ImmutableOopMap {[40]=Oop [72]=Oop [80]=Oop }
                      ;*invokevirtual getGlobalPosition {reexecute=0 rethrow=0 return_oop=0}
                      ; - game.items.weapons.Weapon::getClosestTarget@81 (line 128)
  0x000001c208729ac8: b44f 1507 

  0x000001c208729acc: ;   {other}
  0x000001c208729acc: 0f1f 8400 | 3c08 0006 | 488b 7424 | 5048 3b06 

  0x000001c208729adc: ;   {metadata(method data for {method} {0x000001c2c27129d8} 'getClosestTarget' '()Lgodot/api/Node2D;' in 'game/items/weapons/Weapon')}
  0x000001c208729adc: 488b d648 | bff0 e091 | c2c2 0100 | 0048 8387 | a003 0000 | 0148 8bd6 | 4889 4424 | 5866 0f1f 
  0x000001c208729afc: ;   {optimized virtual_call}
  0x000001c208729afc: 4400 00e8 

  0x000001c208729b00: ; ImmutableOopMap {[40]=Oop [72]=Oop [80]=Oop [88]=Oop }
                      ;*invokevirtual getGlobalPosition {reexecute=0 rethrow=0 return_oop=0}
                      ; - game.items.weapons.Weapon::getClosestTarget@86 (line 128)
  0x000001c208729b00: 7c4f 1507 

  0x000001c208729b04: ;   {other}
  0x000001c208729b04: 0f1f 8400 | 7408 0007 | 488b 5424 | 5848 3b02 

  0x000001c208729b14: ;   {metadata(method data for {method} {0x000001c2c27129d8} 'getClosestTarget' '()Lgodot/api/Node2D;' in 'game/items/weapons/Weapon')}
  0x000001c208729b14: 4c8b c248 | bef0 e091 | c2c2 0100 | 0048 8386 | d803 0000 | 014c 8bc0 

  0x000001c208729b2c: ;   {optimized virtual_call}
  0x000001c208729b2c: 6666 90e8 

  0x000001c208729b30: ; ImmutableOopMap {[40]=Oop [72]=Oop [80]=Oop }
                      ;*invokevirtual distanceTo {reexecute=0 rethrow=0 return_oop=0}
                      ; - game.items.weapons.Weapon::getClosestTarget@89 (line 128)
  0x000001c208729b30: 4c4f 1507 

  0x000001c208729b34: ;   {other}
  0x000001c208729b34: 0f1f 8400 | a408 0008 | c5fb 104c | 2460 c5f9 | 2ec1 b801 | 0000 000f | 8a13 0000 | 000f 870d 
  0x000001c208729b54: 0000 00b8 | 0000 0000 | 0f84 0200 | 0000 ffc8 

  0x000001c208729b64: ;   {metadata(method data for {method} {0x000001c2c27129d8} 'getClosestTarget' '()Lgodot/api/Node2D;' in 'game/items/weapons/Weapon')}
  0x000001c208729b64: 85c0 48b8 | f0e0 91c2 | c201 0000 | 48be 2004 | 0000 0000 | 0000 7c0a | 48be 1004 | 0000 0000 
  0x000001c208729b84: 0000 488b | 3c30 488d | 7f01 4889 | 3c30 0f8c | 0e00 0000 | c5f9 28c1 | 488b 7424 | 48e9 0500 
  0x000001c208729ba4: 0000 488b | 7424 508b | 7c24 40ff 

  0x000001c208729bb0: ;   {metadata(method data for {method} {0x000001c2c27129d8} 'getClosestTarget' '()Lgodot/api/Node2D;' in 'game/items/weapons/Weapon')}
  0x000001c208729bb0: c748 b8f0 | e091 c2c2 | 0100 008b | 98d0 0000 | 0083 c302 | 8998 d000 | 0000 81e3 | fe3f 0000 
  0x000001c208729bd0: 85db 0f84 | b201 0000 | 4d8b 9758 

  0x000001c208729bdc: ; ImmutableOopMap {rsi=Oop [40]=Oop }
                      ;*goto {reexecute=1 rethrow=0 return_oop=0}
                      ; - (reexecute) game.items.weapons.Weapon::getClosestTarget@110 (line 126)
                      ;   {poll}
  0x000001c208729bdc: 0400 0041 

  0x000001c208729be0: ;   {metadata(method data for {method} {0x000001c2c27129d8} 'getClosestTarget' '()Lgodot/api/Node2D;' in 'game/items/weapons/Weapon')}
  0x000001c208729be0: 8502 48b8 | f0e0 91c2 | c201 0000 | ff80 3004 | 0000 c5f9 | 28c8 897c | 2440 c5fb | 114c 2460 
  0x000001c208729c00: 4889 7424 | 4848 8b54 | 2428 8b5a | 4048 c1e3 | 0348 3b03 

  0x000001c208729c14: ;   {metadata(method data for {method} {0x000001c2c27129d8} 'getClosestTarget' '()Lgodot/api/Node2D;' in 'game/items/weapons/Weapon')}
  0x000001c208729c14: 488b c348 | b9f0 e091 | c2c2 0100 | 008b 4008 | 49ba 0000 | 0080 c201 | 0000 4903 | c248 3b81 
  0x000001c208729c34: b002 0000 | 750d 4883 | 81b8 0200 | 0001 e960 | 0000 0048 | 3b81 c002 | 0000 750d | 4883 81c8 
  0x000001c208729c54: 0200 0001 | e94a 0000 | 0048 83b9 | b002 0000 | 0075 1748 | 8981 b002 | 0000 48c7 | 81b8 0200 
  0x000001c208729c74: 0001 0000 | 00e9 2900 | 0000 4883 | b9c0 0200 | 0000 7517 | 4889 81c0 | 0200 0048 | c781 c802 
  0x000001c208729c94: 0000 0100 | 0000 e908 | 0000 0048 | 8381 a002 | 0000 0148 | 8bd3 6666 | 9048 b8d8 | a80b 80c2 
  0x000001c208729cb4: ;   {virtual_call}
  0x000001c208729cb4: 0100 00e8 

  0x000001c208729cb8: ; ImmutableOopMap {[40]=Oop [72]=Oop }
                      ;*invokeinterface size {reexecute=0 rethrow=0 return_oop=0}
                      ; - game.items.weapons.Weapon::getClosestTarget@56 (line 126)
  0x000001c208729cb8: e46f 8607 

  0x000001c208729cbc: ;   {other}
  0x000001c208729cbc: 0f1f 8400 | 2c0a 000a | 8b7c 2440 

  0x000001c208729cc8: ;   {metadata(method data for {method} {0x000001c2c27129d8} 'getClosestTarget' '()Lgodot/api/Node2D;' in 'game/items/weapons/Weapon')}
  0x000001c208729cc8: 3bf8 49b8 | f0e0 91c2 | c201 0000 | 48ba e802 | 0000 0000 | 0000 7c0a | 48ba d802 | 0000 0000 
  0x000001c208729ce8: 0000 498b | 3410 488d | 7601 4989 | 3410 0f8c | f4fb ffff | 488b 7424 | 4848 8bc6 | 4883 c470 
  0x000001c208729d08: ;   {poll_return}
  0x000001c208729d08: 5d49 3ba7 | 5004 0000 | 0f87 9a00 

  0x000001c208729d14: ;   {oop(nullptr)}
  0x000001c208729d14: 0000 c348 | b800 0000 | 0000 0000 | 0048 83c4 

  0x000001c208729d24: ;   {poll_return}
  0x000001c208729d24: 705d 493b | a750 0400 | 000f 8793 | 0000 00c3 

  0x000001c208729d34: ;   {metadata({method} {0x000001c2c27129d8} 'getClosestTarget' '()Lgodot/api/Node2D;' in 'game/items/weapons/Weapon')}
  0x000001c208729d34: 49ba d029 | 71c2 c201 | 0000 4c89 | 5424 0848 | c704 24ff 

  0x000001c208729d48: ;   {runtime_call counter_overflow Runtime1 stub}
  0x000001c208729d48: ffff ffe8 

  0x000001c208729d4c: ; ImmutableOopMap {rdx=Oop [40]=Oop }
                      ;*synchronization entry
                      ; - game.items.weapons.Weapon::getClosestTarget@-1 (line 122)
  0x000001c208729d4c: b00a 2207 | e912 f8ff 

  0x000001c208729d54: ;   {runtime_call throw_null_pointer_exception Runtime1 stub}
  0x000001c208729d54: ffe8 26b0 

  0x000001c208729d58: ; ImmutableOopMap {rsi=Oop [40]=Oop }
                      ;*invokeinterface isEmpty {reexecute=0 rethrow=0 return_oop=0}
                      ; - game.items.weapons.Weapon::getClosestTarget@11 (line 122)
                      ;   {runtime_call throw_null_pointer_exception Runtime1 stub}
  0x000001c208729d58: 2107 e821 

  0x000001c208729d5c: ; ImmutableOopMap {rdx=Oop rsi=Oop [40]=Oop }
                      ;*invokeinterface get {reexecute=0 rethrow=0 return_oop=0}
                      ; - game.items.weapons.Weapon::getClosestTarget@26 (line 123)
  0x000001c208729d5c: b021 0748 

  0x000001c208729d60: ;   {runtime_call throw_class_cast_exception Runtime1 stub}
  0x000001c208729d60: 8904 24e8 

  0x000001c208729d64: ; ImmutableOopMap {[40]=Oop }
                      ;*checkcast {reexecute=0 rethrow=0 return_oop=0}
                      ; - game.items.weapons.Weapon::getClosestTarget@31 (line 123)
  0x000001c208729d64: 18d4 2107 

  0x000001c208729d68: ;   {runtime_call throw_null_pointer_exception Runtime1 stub}
  0x000001c208729d68: e813 b021 

  0x000001c208729d6c: ; ImmutableOopMap {rax=Oop rsi=Oop [40]=Oop [48]=Oop }
                      ;*invokevirtual getGlobalPosition {reexecute=0 rethrow=0 return_oop=0}
                      ; - game.items.weapons.Weapon::getClosestTarget@40 (line 124)
                      ;   {runtime_call throw_null_pointer_exception Runtime1 stub}
  0x000001c208729d6c: 07e8 0eb0 

  0x000001c208729d70: ; ImmutableOopMap {rax=Oop rdx=Oop [40]=Oop [48]=Oop }
                      ;*invokevirtual distanceTo {reexecute=0 rethrow=0 return_oop=0}
                      ; - game.items.weapons.Weapon::getClosestTarget@43 (line 124)
                      ;   {runtime_call throw_null_pointer_exception Runtime1 stub}
  0x000001c208729d70: 2107 e809 

  0x000001c208729d74: ; ImmutableOopMap {rdx=Oop rsi=Oop [40]=Oop [72]=Oop }
                      ;*invokeinterface get {reexecute=0 rethrow=0 return_oop=0}
                      ; - game.items.weapons.Weapon::getClosestTarget@70 (line 127)
  0x000001c208729d74: b021 0748 

  0x000001c208729d78: ;   {runtime_call throw_class_cast_exception Runtime1 stub}
  0x000001c208729d78: 8904 24e8 

  0x000001c208729d7c: ; ImmutableOopMap {[40]=Oop [72]=Oop }
                      ;*checkcast {reexecute=0 rethrow=0 return_oop=0}
                      ; - game.items.weapons.Weapon::getClosestTarget@75 (line 127)
  0x000001c208729d7c: 00d4 2107 

  0x000001c208729d80: ;   {runtime_call throw_null_pointer_exception Runtime1 stub}
  0x000001c208729d80: e8fb af21 

  0x000001c208729d84: ; ImmutableOopMap {rax=Oop rsi=Oop [40]=Oop [72]=Oop [80]=Oop }
                      ;*invokevirtual getGlobalPosition {reexecute=0 rethrow=0 return_oop=0}
                      ; - game.items.weapons.Weapon::getClosestTarget@86 (line 128)
                      ;   {runtime_call throw_null_pointer_exception Runtime1 stub}
  0x000001c208729d84: 07e8 f6af 

  0x000001c208729d88: ; ImmutableOopMap {rax=Oop rdx=Oop [40]=Oop [72]=Oop [80]=Oop }
                      ;*invokevirtual distanceTo {reexecute=0 rethrow=0 return_oop=0}
                      ; - game.items.weapons.Weapon::getClosestTarget@89 (line 128)
                      ;   {metadata({method} {0x000001c2c27129d8} 'getClosestTarget' '()Lgodot/api/Node2D;' in 'game/items/weapons/Weapon')}
  0x000001c208729d88: 2107 49ba | d029 71c2 | c201 0000 | 4c89 5424 | 0848 c704 | 246e 0000 

  0x000001c208729da0: ;   {runtime_call counter_overflow Runtime1 stub}
  0x000001c208729da0: 00e8 5a0a 

  0x000001c208729da4: ; ImmutableOopMap {rsi=Oop [40]=Oop }
                      ;*goto {reexecute=1 rethrow=0 return_oop=0}
                      ; - (reexecute) game.items.weapons.Weapon::getClosestTarget@110 (line 126)
  0x000001c208729da4: 2207 e92d 

  0x000001c208729da8: ;   {runtime_call throw_null_pointer_exception Runtime1 stub}
  0x000001c208729da8: feff ffe8 

  0x000001c208729dac: ; ImmutableOopMap {rdx=Oop rbx=Oop [40]=Oop [72]=Oop }
                      ;*invokeinterface size {reexecute=0 rethrow=0 return_oop=0}
                      ; - game.items.weapons.Weapon::getClosestTarget@56 (line 126)
  0x000001c208729dac: d0af 2107 

  0x000001c208729db0: ;   {internal_word}
  0x000001c208729db0: 49ba 099d | 7208 c201 | 0000 4d89 | 9768 0400 

  0x000001c208729dc0: ;   {runtime_call SafepointBlob}
  0x000001c208729dc0: 00e9 3ab9 

  0x000001c208729dc4: ;   {internal_word}
  0x000001c208729dc4: 1507 49ba | 269d 7208 | c201 0000 | 4d89 9768 

  0x000001c208729dd4: ;   {runtime_call SafepointBlob}
  0x000001c208729dd4: 0400 00e9 | 24b9 1507 | 498b 8700 | 0500 0049 | c787 0005 | 0000 0000 | 0000 49c7 | 8708 0500 
  0x000001c208729df4: 0000 0000 | 0048 83c4 

  0x000001c208729dfc: ;   {runtime_call unwind_exception Runtime1 stub}
  0x000001c208729dfc: 705d e97d | a021 07f4 | f4f4 f4f4 
[Stub Code]
  0x000001c208729e08: ;   {no_reloc}
  0x000001c208729e08: 0f1f 4400 

  0x000001c208729e0c: ;   {static_stub}
  0x000001c208729e0c: 0048 bb00 | 0000 0000 

  0x000001c208729e14: ;   {runtime_call}
  0x000001c208729e14: 0000 00e9 | fbff ffff 

  0x000001c208729e1c: ;   {static_stub}
  0x000001c208729e1c: 9048 bb00 | 0000 0000 

  0x000001c208729e24: ;   {runtime_call}
  0x000001c208729e24: 0000 00e9 | fbff ffff 

  0x000001c208729e2c: ;   {static_stub}
  0x000001c208729e2c: 9048 bb00 | 0000 0000 

  0x000001c208729e34: ;   {runtime_call}
  0x000001c208729e34: 0000 00e9 | fbff ffff 

  0x000001c208729e3c: ;   {static_stub}
  0x000001c208729e3c: 9048 bb00 | 0000 0000 

  0x000001c208729e44: ;   {runtime_call}
  0x000001c208729e44: 0000 00e9 | fbff ffff 

  0x000001c208729e4c: ;   {static_stub}
  0x000001c208729e4c: 48bb 0000 | 0000 0000 

  0x000001c208729e54: ;   {runtime_call}
  0x000001c208729e54: 0000 e9fb 

  0x000001c208729e58: ;   {static_stub}
  0x000001c208729e58: ffff ff48 | bb00 0000 | 0000 0000 

  0x000001c208729e64: ;   {runtime_call}
  0x000001c208729e64: 00e9 fbff 

  0x000001c208729e68: ;   {runtime_call handle_exception_from_callee Runtime1 stub}
  0x000001c208729e68: ffff e811 

  0x000001c208729e6c: ;   {external_word}
  0x000001c208729e6c: cd21 0748 | b9b0 784d | 5dfe 7f00 | 0048 83e4 

  0x000001c208729e7c: ;   {runtime_call}
  0x000001c208729e7c: f048 b890 | 4115 5dfe | 7f00 00ff 

  0x000001c208729e88: ;   {section_word}
  0x000001c208729e88: d0f4 49ba | 8a9e 7208 | c201 0000 

  0x000001c208729e94: ;   {runtime_call DeoptimizationBlob}
  0x000001c208729e94: 4152 e905 | ab15 07f4 | f4f4 f4f4 
[/MachCode]


---------------  P R O C E S S  ---------------

Threads class SMR info:
_java_thread_list=0x000001c2c533f9c0, length=27, elements={
0x000001c27a7d5860, 0x000001c27c1ad790, 0x000001c27c1ade00, 0x000001c27c2054d0,
0x000001c27c22e170, 0x000001c27c24b160, 0x000001c27c28ab20, 0x000001c2683b5010,
0x000001c2683b56e0, 0x000001c2744e01d0, 0x000001c2744e0ef0, 0x000001c2744e1c10,
0x000001c2744e22a0, 0x000001c2744e2fc0, 0x000001c2744e3650, 0x000001c2744e3ce0,
0x000001c2744e4370, 0x000001c2744e4a00, 0x000001c2c80c5e50, 0x000001c2c80c4410,
0x000001c2c80c64e0, 0x000001c2c80c5130, 0x000001c2c80c3060, 0x000001c2c80c4aa0,
0x000001c2c80c57c0, 0x000001c2c80c6b70, 0x000001c2c80c36f0
}

Java Threads: ( => current thread )
=>0x000001c27a7d5860 JavaThread "main"                              [_thread_in_native, id=22224, stack(0x0000006c4b800000,0x0000006c4c000000) (8192K)]
  0x000001c27c1ad790 JavaThread "Reference Handler"          daemon [_thread_blocked, id=10320, stack(0x0000006c68000000,0x0000006c68800000) (8192K)]
  0x000001c27c1ade00 JavaThread "Finalizer"                  daemon [_thread_blocked, id=22652, stack(0x0000006c68800000,0x0000006c69000000) (8192K)]
  0x000001c27c2054d0 JavaThread "Signal Dispatcher"          daemon [_thread_blocked, id=15496, stack(0x0000006c69000000,0x0000006c69800000) (8192K)]
  0x000001c27c22e170 JavaThread "Attach Listener"            daemon [_thread_blocked, id=24264, stack(0x0000006c69800000,0x0000006c6a000000) (8192K)]
  0x000001c27c24b160 JavaThread "Service Thread"             daemon [_thread_blocked, id=2864, stack(0x0000006c6a000000,0x0000006c6a800000) (8192K)]
  0x000001c27c28ab20 JavaThread "Monitor Deflation Thread"   daemon [_thread_blocked, id=20260, stack(0x0000006c6a800000,0x0000006c6b000000) (8192K)]
  0x000001c2683b5010 JavaThread "C2 CompilerThread0"         daemon [_thread_blocked, id=4972, stack(0x0000006c6b000000,0x0000006c6b800000) (8192K)]
  0x000001c2683b56e0 JavaThread "C1 CompilerThread0"         daemon [_thread_blocked, id=15632, stack(0x0000006c6b800000,0x0000006c6c000000) (8192K)]
  0x000001c2744e01d0 JavaThread "Notification Thread"        daemon [_thread_blocked, id=19660, stack(0x0000006c6c800000,0x0000006c6d000000) (8192K)]
  0x000001c2744e0ef0 JavaThread "Common-Cleaner"             daemon [_thread_blocked, id=4996, stack(0x0000006c6d000000,0x0000006c6d800000) (8192K)]
  0x000001c2744e1c10 JavaThread "Thread-0"                          [_thread_in_native, id=9340, stack(0x0000006c4e800000,0x0000006c4f000000) (8192K)]
  0x000001c2744e22a0 JavaThread "Thread-1"                          [_thread_in_native, id=23868, stack(0x0000006c4e000000,0x0000006c4e800000) (8192K)]
  0x000001c2744e2fc0 JavaThread "Thread-2"                          [_thread_in_native, id=6356, stack(0x0000006c4f800000,0x0000006c50000000) (8192K)]
  0x000001c2744e3650 JavaThread "Thread-3"                          [_thread_in_native, id=10208, stack(0x0000006c50000000,0x0000006c50800000) (8192K)]
  0x000001c2744e3ce0 JavaThread "Thread-4"                          [_thread_in_native, id=8692, stack(0x0000006c50800000,0x0000006c51000000) (8192K)]
  0x000001c2744e4370 JavaThread "Thread-5"                          [_thread_in_native, id=13920, stack(0x0000006c51000000,0x0000006c51800000) (8192K)]
  0x000001c2744e4a00 JavaThread "Thread-6"                          [_thread_in_native, id=19848, stack(0x0000006c51800000,0x0000006c52000000) (8192K)]
  0x000001c2c80c5e50 JavaThread "Thread-7"                          [_thread_in_native, id=2624, stack(0x0000006c52000000,0x0000006c52800000) (8192K)]
  0x000001c2c80c4410 JavaThread "Thread-8"                          [_thread_in_native, id=22780, stack(0x0000006c52800000,0x0000006c53000000) (8192K)]
  0x000001c2c80c64e0 JavaThread "Thread-9"                          [_thread_in_native, id=15508, stack(0x0000006c53000000,0x0000006c53800000) (8192K)]
  0x000001c2c80c5130 JavaThread "Thread-10"                         [_thread_in_native, id=7956, stack(0x0000006c53800000,0x0000006c54000000) (8192K)]
  0x000001c2c80c3060 JavaThread "Thread-11"                         [_thread_in_native, id=12756, stack(0x0000006c54000000,0x0000006c54800000) (8192K)]
  0x000001c2c80c4aa0 JavaThread "Thread-12"                         [_thread_in_native, id=19736, stack(0x0000006c54800000,0x0000006c55000000) (8192K)]
  0x000001c2c80c57c0 JavaThread "Thread-13"                         [_thread_in_native, id=24484, stack(0x0000006c55000000,0x0000006c55800000) (8192K)]
  0x000001c2c80c6b70 JavaThread "Thread-14"                         [_thread_in_native, id=16100, stack(0x0000006c55800000,0x0000006c56000000) (8192K)]
  0x000001c2c80c36f0 JavaThread "Thread-15"                         [_thread_in_native, id=18680, stack(0x0000006c4f000000,0x0000006c4f800000) (8192K)]
Total: 27

Other Threads:
  0x000001c27c13bf00 VMThread "VM Thread"                           [id=12520, stack(0x0000006c67800000,0x0000006c68000000) (8192K)]
  0x000001c273873190 WatcherThread "VM Periodic Task Thread"        [id=23540, stack(0x0000006c67000000,0x0000006c67800000) (8192K)]
  0x000001c27bdb9fe0 WorkerThread "GC Thread#0"                     [id=3776, stack(0x0000006c64800000,0x0000006c65000000) (8192K)]
  0x000001c2c56173b0 WorkerThread "GC Thread#1"                     [id=22968, stack(0x0000006c6f800000,0x0000006c70000000) (8192K)]
  0x000001c2c5617760 WorkerThread "GC Thread#2"                     [id=12332, stack(0x0000006c70000000,0x0000006c70800000) (8192K)]
  0x000001c2c5617b10 WorkerThread "GC Thread#3"                     [id=1584, stack(0x0000006c70800000,0x0000006c71000000) (8192K)]
  0x000001c2c5617ec0 WorkerThread "GC Thread#4"                     [id=14556, stack(0x0000006c71000000,0x0000006c71800000) (8192K)]
  0x000001c2c562ffc0 WorkerThread "GC Thread#5"                     [id=512, stack(0x0000006c71800000,0x0000006c72000000) (8192K)]
  0x000001c2c5f0d510 WorkerThread "GC Thread#6"                     [id=22240, stack(0x0000006c72000000,0x0000006c72800000) (8192K)]
  0x000001c2c5f0c2a0 WorkerThread "GC Thread#7"                     [id=19756, stack(0x0000006c72800000,0x0000006c73000000) (8192K)]
  0x000001c2c5f0c650 WorkerThread "GC Thread#8"                     [id=20264, stack(0x0000006c73000000,0x0000006c73800000) (8192K)]
  0x000001c2c5f0ca00 WorkerThread "GC Thread#9"                     [id=12072, stack(0x0000006c73800000,0x0000006c74000000) (8192K)]
  0x000001c2c5f0cdb0 WorkerThread "GC Thread#10"                    [id=12008, stack(0x0000006c74000000,0x0000006c74800000) (8192K)]
  0x000001c2c5f0e020 WorkerThread "GC Thread#11"                    [id=6900, stack(0x0000006c74800000,0x0000006c75000000) (8192K)]
  0x000001c2c5f0b030 WorkerThread "GC Thread#12"                    [id=448, stack(0x0000006c75000000,0x0000006c75800000) (8192K)]
  0x000001c274308bb0 ConcurrentGCThread "G1 Main Marker"            [id=16336, stack(0x0000006c65000000,0x0000006c65800000) (8192K)]
  0x000001c27bdd7b00 WorkerThread "G1 Conc#0"                       [id=12652, stack(0x0000006c65800000,0x0000006c66000000) (8192K)]
  0x000001c2c5f0b3e0 WorkerThread "G1 Conc#1"                       [id=22776, stack(0x0000006c6e000000,0x0000006c6e800000) (8192K)]
  0x000001c2c5f0d160 WorkerThread "G1 Conc#2"                       [id=10964, stack(0x0000006c75800000,0x0000006c76000000) (8192K)]
  0x000001c27b08c070 ConcurrentGCThread "G1 Refine#0"               [id=19272, stack(0x0000006c66000000,0x0000006c66800000) (8192K)]
  0x000001c274496e30 ConcurrentGCThread "G1 Service"                [id=1380, stack(0x0000006c66800000,0x0000006c67000000) (8192K)]
Total: 21

Threads with active compile tasks:
Total: 0

VM state: not at safepoint (normal execution)

VM Mutex/Monitor currently owned by a thread: None

Heap address: 0x0000000704a00000, size: 4022 MB, Compressed Oops mode: Zero based, Oop shift amount: 3

CDS archive(s) mapped at: [0x000001c280000000-0x000001c280c90000-0x000001c280c90000), size 13172736, SharedBaseAddress: 0x000001c280000000, ArchiveRelocationMode: 1.
Compressed class space mapped at: 0x000001c281000000-0x000001c2c1000000, reserved size: 1073741824
Narrow klass base: 0x000001c280000000, Narrow klass shift: 0, Narrow klass range: 0x100000000

GC Precious Log:
 CardTable entry size: 512
 Card Set container configuration: InlinePtr #cards 4 size 8 Array Of Cards #cards 16 size 48 Howl #buckets 8 coarsen threshold 3686 Howl Bitmap #cards 512 size 80 coarsen threshold 460 Card regions per heap region 1 cards per card region 4096
 CPUs: 16 total, 16 available
 Memory: 16087M
 Large Page Support: Disabled
 NUMA Support: Disabled
 Compressed Oops: Enabled (Zero based)
 Heap Region Size: 2M
 Heap Min Capacity: 8M
 Heap Initial Capacity: 252M
 Heap Max Capacity: 4022M
 Pre-touch: Disabled
 Parallel Workers: 13
 Concurrent Workers: 3
 Concurrent Refinement Workers: 13
 Periodic GC: Disabled

Heap:
 garbage-first heap   total 34816K, used 16677K [0x0000000704a00000, 0x0000000800000000)
  region size 2048K, 8 young (16384K), 2 survivors (4096K)
 Metaspace       used 26147K, committed 26304K, reserved 1114112K
  class space    used 2685K, committed 2752K, reserved 1048576K

Heap Regions: E=young(eden), S=young(survivor), O=old, HS=humongous(starts), HC=humongous(continues), CS=collection set, F=free, TAMS=top-at-mark-start, PB=parsable bottom
|   0|0x0000000704a00000, 0x0000000704c00000, 0x0000000704c00000|100%| O|  |TAMS 0x0000000704a00000| PB 0x0000000704a00000| Untracked 
|   1|0x0000000704c00000, 0x0000000704e00000, 0x0000000704e00000|100%| O|  |TAMS 0x0000000704c00000| PB 0x0000000704c00000| Untracked 
|   2|0x0000000704e00000, 0x0000000704e39798, 0x0000000705000000| 11%| O|  |TAMS 0x0000000704e00000| PB 0x0000000704e00000| Untracked 
|   3|0x0000000705000000, 0x0000000705000000, 0x0000000705200000|  0%| F|  |TAMS 0x0000000705000000| PB 0x0000000705000000| Untracked 
|   4|0x0000000705200000, 0x0000000705200000, 0x0000000705400000|  0%| F|  |TAMS 0x0000000705200000| PB 0x0000000705200000| Untracked 
|   5|0x0000000705400000, 0x000000070540fcc8, 0x0000000705600000|  3%| S|CS|TAMS 0x0000000705400000| PB 0x0000000705400000| Complete 
|   6|0x0000000705600000, 0x0000000705800000, 0x0000000705800000|100%| S|CS|TAMS 0x0000000705600000| PB 0x0000000705600000| Complete 
|   7|0x0000000705800000, 0x0000000705800000, 0x0000000705a00000|  0%| F|  |TAMS 0x0000000705800000| PB 0x0000000705800000| Untracked 
|   8|0x0000000705a00000, 0x0000000705a00000, 0x0000000705c00000|  0%| F|  |TAMS 0x0000000705a00000| PB 0x0000000705a00000| Untracked 
|   9|0x0000000705c00000, 0x0000000705c00000, 0x0000000705e00000|  0%| F|  |TAMS 0x0000000705c00000| PB 0x0000000705c00000| Untracked 
|  10|0x0000000705e00000, 0x0000000705e00000, 0x0000000706000000|  0%| F|  |TAMS 0x0000000705e00000| PB 0x0000000705e00000| Untracked 
|  11|0x0000000706000000, 0x00000007060acfd0, 0x0000000706200000| 33%| E|  |TAMS 0x0000000706000000| PB 0x0000000706000000| Complete 
|  12|0x0000000706200000, 0x0000000706400000, 0x0000000706400000|100%| E|CS|TAMS 0x0000000706200000| PB 0x0000000706200000| Complete 
| 121|0x0000000713c00000, 0x0000000713e00000, 0x0000000713e00000|100%| E|CS|TAMS 0x0000000713c00000| PB 0x0000000713c00000| Complete 
| 122|0x0000000713e00000, 0x0000000714000000, 0x0000000714000000|100%| E|CS|TAMS 0x0000000713e00000| PB 0x0000000713e00000| Complete 
| 123|0x0000000714000000, 0x0000000714200000, 0x0000000714200000|100%| E|CS|TAMS 0x0000000714000000| PB 0x0000000714000000| Complete 
| 125|0x0000000714400000, 0x0000000714600000, 0x0000000714600000|100%| E|CS|TAMS 0x0000000714400000| PB 0x0000000714400000| Complete 

Card table byte_map: [0x000001c27dad0000,0x000001c27e2b0000] _byte_map_base: 0x000001c27a2ab000

Marking Bits: (CMBitMap*) 0x000001c27bdba3a0
 Bits: [0x000001c2173e0000, 0x000001c21b2b8000)

Polling page: 0x000001c274df0000

Metaspace:

Usage:
  Non-class:     22.91 MB used.
      Class:      2.62 MB used.
       Both:     25.53 MB used.

Virtual space:
  Non-class space:       64.00 MB reserved,      23.00 MB ( 36%) committed,  1 nodes.
      Class space:        1.00 GB reserved,       2.69 MB ( <1%) committed,  1 nodes.
             Both:        1.06 GB reserved,      25.69 MB (  2%) committed. 

Chunk freelists:
   Non-Class:  6.39 MB
       Class:  13.15 MB
        Both:  19.54 MB

MaxMetaspaceSize: unlimited
CompressedClassSpaceSize: 1.00 GB
Initial GC threshold: 21.00 MB
Current GC threshold: 35.12 MB
CDS: on
 - commit_granule_bytes: 65536.
 - commit_granule_words: 8192.
 - virtual_space_node_default_size: 8388608.
 - enlarge_chunks_in_place: 1.
 - use_allocation_guard: 0.


Internal statistics:

num_allocs_failed_limit: 3.
num_arena_births: 126.
num_arena_deaths: 0.
num_vsnodes_births: 2.
num_vsnodes_deaths: 0.
num_space_committed: 410.
num_space_uncommitted: 0.
num_chunks_returned_to_freelist: 3.
num_chunks_taken_from_freelist: 980.
num_chunk_merges: 3.
num_chunk_splits: 858.
num_chunks_enlarged: 755.
num_inconsistent_stats: 0.

CodeHeap 'non-profiled nmethods': size=119168Kb used=942Kb max_used=942Kb free=118225Kb
 bounds [0x000001c20ff80000, 0x000001c2101f0000, 0x000001c2173e0000]
CodeHeap 'profiled nmethods': size=119104Kb used=3459Kb max_used=3459Kb free=115644Kb
 bounds [0x000001c2083e0000, 0x000001c208750000, 0x000001c20f830000]
CodeHeap 'non-nmethods': size=7488Kb used=1611Kb max_used=3251Kb free=5876Kb
 bounds [0x000001c20f830000, 0x000001c20fb60000, 0x000001c20ff80000]
 total_blobs=2454 nmethods=1791 adapters=568
 compilation: enabled
              stopped_count=0, restarted_count=0
 full_count=0

Compilation events (20 events):
Event: 119.804 Thread 0x000001c2683b5010 1782       4       jdk.internal.math.DoubleToDecimal::appendDigit (22 bytes)
Event: 119.804 Thread 0x000001c2683b56e0 nmethod 1781 0x000001c20873bd90 code [0x000001c20873bf40, 0x000001c20873c1b8]
Event: 119.805 Thread 0x000001c2683b5010 nmethod 1782 0x000001c21006a310 code [0x000001c21006a4a0, 0x000001c21006a588]
Event: 119.851 Thread 0x000001c2683b5010 1783       4       godot.core.Vector2::times (20 bytes)
Event: 119.853 Thread 0x000001c2683b5010 nmethod 1783 0x000001c21006a690 code [0x000001c21006a820, 0x000001c21006a930]
Event: 119.919 Thread 0x000001c2683b5010 1784   !   4       godot.internal.memory.MemoryManager::removeDeadObjects (171 bytes)
Event: 119.932 Thread 0x000001c2683b5010 nmethod 1784 0x000001c21006aa10 code [0x000001c21006ac20, 0x000001c21006b270]
Event: 120.003 Thread 0x000001c2683b56e0 1785       3       godot.api.Node::getName (55 bytes)
Event: 120.004 Thread 0x000001c2683b56e0 nmethod 1785 0x000001c20873c310 code [0x000001c20873c640, 0x000001c20873d740]
Event: 120.004 Thread 0x000001c2683b56e0 1786       3       godot.api.Node$MethodBindings::getGetNamePtr$godot_api_library (4 bytes)
Event: 120.004 Thread 0x000001c2683b56e0 nmethod 1786 0x000001c20873dd10 code [0x000001c20873dea0, 0x000001c20873dfb8]
Event: 120.004 Thread 0x000001c2683b56e0 1787       3       godot.core.VariantParser$STRING_NAME::toUnsafeKotlin (11 bytes)
Event: 120.004 Thread 0x000001c2683b56e0 nmethod 1787 0x000001c20873e090 code [0x000001c20873e2c0, 0x000001c20873e8f8]
Event: 120.004 Thread 0x000001c2683b56e0 1788       3       godot.core.VariantKt::access$getStringName (5 bytes)
Event: 120.004 Thread 0x000001c2683b56e0 nmethod 1788 0x000001c20873eb90 code [0x000001c20873ed40, 0x000001c20873ee58]
Event: 120.004 Thread 0x000001c2683b56e0 1789       3       godot.core.VariantKt::getStringName (14 bytes)
Event: 120.005 Thread 0x000001c2683b56e0 nmethod 1789 0x000001c20873ef10 code [0x000001c20873f0e0, 0x000001c20873f508]
Event: 120.005 Thread 0x000001c2683b56e0 1790       3       godot.core.StringName::<init> (26 bytes)
Event: 120.005 Thread 0x000001c2683b56e0 nmethod 1790 0x000001c20873f690 code [0x000001c20873f860, 0x000001c20873fb08]
Event: 120.005 Thread 0x000001c2683b56e0 1791       3       godot.api.Tween::tweenProperty (19 bytes)

GC Heap History (10 events):
Event: 0.267 GC heap before
{Heap before GC invocations=0 (full 0):
 garbage-first heap   total 258048K, used 20480K [0x0000000704a00000, 0x0000000800000000)
  region size 2048K, 11 young (22528K), 0 survivors (0K)
 Metaspace       used 6531K, committed 6720K, reserved 1114112K
  class space    used 376K, committed 448K, reserved 1048576K
}
Event: 0.269 GC heap after
{Heap after GC invocations=1 (full 0):
 garbage-first heap   total 258048K, used 2325K [0x0000000704a00000, 0x0000000800000000)
  region size 2048K, 2 young (4096K), 2 survivors (4096K)
 Metaspace       used 6531K, committed 6720K, reserved 1114112K
  class space    used 376K, committed 448K, reserved 1048576K
}
Event: 0.733 GC heap before
{Heap before GC invocations=1 (full 0):
 garbage-first heap   total 258048K, used 43285K [0x0000000704a00000, 0x0000000800000000)
  region size 2048K, 22 young (45056K), 2 survivors (4096K)
 Metaspace       used 20306K, committed 20480K, reserved 1114112K
  class space    used 1927K, committed 1984K, reserved 1048576K
}
Event: 0.736 GC heap after
{Heap after GC invocations=2 (full 0):
 garbage-first heap   total 258048K, used 4488K [0x0000000704a00000, 0x0000000800000000)
  region size 2048K, 3 young (6144K), 3 survivors (6144K)
 Metaspace       used 20306K, committed 20480K, reserved 1114112K
  class space    used 1927K, committed 1984K, reserved 1048576K
}
Event: 0.792 GC heap before
{Heap before GC invocations=2 (full 0):
 garbage-first heap   total 258048K, used 6536K [0x0000000704a00000, 0x0000000800000000)
  region size 2048K, 5 young (10240K), 3 survivors (6144K)
 Metaspace       used 21390K, committed 21504K, reserved 1114112K
  class space    used 1990K, committed 2048K, reserved 1048576K
}
Event: 0.794 GC heap after
{Heap after GC invocations=3 (full 0):
 garbage-first heap   total 258048K, used 4830K [0x0000000704a00000, 0x0000000800000000)
  region size 2048K, 3 young (6144K), 3 survivors (6144K)
 Metaspace       used 21390K, committed 21504K, reserved 1114112K
  class space    used 1990K, committed 2048K, reserved 1048576K
}
Event: 1.190 GC heap before
{Heap before GC invocations=4 (full 0):
 garbage-first heap   total 28672K, used 27358K [0x0000000704a00000, 0x0000000800000000)
  region size 2048K, 14 young (28672K), 3 survivors (6144K)
 Metaspace       used 24986K, committed 25152K, reserved 1114112K
  class space    used 2603K, committed 2688K, reserved 1048576K
}
Event: 1.194 GC heap after
{Heap after GC invocations=5 (full 0):
 garbage-first heap   total 34816K, used 5922K [0x0000000704a00000, 0x0000000800000000)
  region size 2048K, 3 young (6144K), 3 survivors (6144K)
 Metaspace       used 24986K, committed 25152K, reserved 1114112K
  class space    used 2603K, committed 2688K, reserved 1048576K
}
Event: 112.823 GC heap before
{Heap before GC invocations=5 (full 0):
 garbage-first heap   total 34816K, used 20258K [0x0000000704a00000, 0x0000000800000000)
  region size 2048K, 10 young (20480K), 3 survivors (6144K)
 Metaspace       used 26086K, committed 26304K, reserved 1114112K
  class space    used 2685K, committed 2752K, reserved 1048576K
}
Event: 112.836 GC heap after
{Heap after GC invocations=6 (full 0):
 garbage-first heap   total 34816K, used 6437K [0x0000000704a00000, 0x0000000800000000)
  region size 2048K, 2 young (4096K), 2 survivors (4096K)
 Metaspace       used 26086K, committed 26304K, reserved 1114112K
  class space    used 2685K, committed 2752K, reserved 1048576K
}

Dll operation events (6 events):
Event: 0.004 Loaded shared library C:\Program Files\Java\jdk-21\bin\java.dll
Event: 0.024 Loaded shared library C:\Program Files\Java\jdk-21\bin\jsvml.dll
Event: 0.036 Loaded shared library C:\Program Files\Java\jdk-21\bin\net.dll
Event: 0.037 Loaded shared library C:\Program Files\Java\jdk-21\bin\nio.dll
Event: 0.043 Loaded shared library C:\Program Files\Java\jdk-21\bin\zip.dll
Event: 0.121 Loaded shared library C:\Program Files\Java\jdk-21\bin\jimage.dll

Deoptimization events (20 events):
Event: 112.849 Thread 0x000001c27a7d5860 Uncommon trap: trap_request=0xffffff45 fr.pc=0x000001c20fffc024 relative=0x0000000000000104
Event: 112.849 Thread 0x000001c27a7d5860 Uncommon trap: reason=unstable_if action=reinterpret pc=0x000001c20fffc024 method=java.util.ArrayList.shiftTailOverGap([Ljava/lang/Object;II)V @ 38 c2
Event: 112.849 Thread 0x000001c27a7d5860 DEOPT PACKING pc=0x000001c20fffc024 sp=0x0000006c4bffee40
Event: 112.849 Thread 0x000001c27a7d5860 DEOPT UNPACKING pc=0x000001c20f8846a2 sp=0x0000006c4bffee08 mode 2
Event: 114.429 Thread 0x000001c27a7d5860 Uncommon trap: trap_request=0xffffff45 fr.pc=0x000001c210042d98 relative=0x00000000000006f8
Event: 114.429 Thread 0x000001c27a7d5860 Uncommon trap: reason=unstable_if action=reinterpret pc=0x000001c210042d98 method=java.util.HashMap.putVal(ILjava/lang/Object;Ljava/lang/Object;ZZ)Ljava/lang/Object; @ 181 c2
Event: 114.429 Thread 0x000001c27a7d5860 DEOPT PACKING pc=0x000001c210042d98 sp=0x0000006c4bffcbf0
Event: 114.429 Thread 0x000001c27a7d5860 DEOPT UNPACKING pc=0x000001c20f8846a2 sp=0x0000006c4bffcb70 mode 2
Event: 116.686 Thread 0x000001c27a7d5860 Uncommon trap: trap_request=0xffffff45 fr.pc=0x000001c210052054 relative=0x0000000000000414
Event: 116.686 Thread 0x000001c27a7d5860 Uncommon trap: reason=unstable_if action=reinterpret pc=0x000001c210052054 method=godot.common.interop.ObjectID.equals-impl(JLjava/lang/Object;)Z @ 20 c2
Event: 116.686 Thread 0x000001c27a7d5860 DEOPT PACKING pc=0x000001c210052054 sp=0x0000006c4bffbe00
Event: 116.686 Thread 0x000001c27a7d5860 DEOPT UNPACKING pc=0x000001c20f8846a2 sp=0x0000006c4bffb988 mode 2
Event: 116.686 Thread 0x000001c27a7d5860 Uncommon trap: trap_request=0xffffff45 fr.pc=0x000001c210032938 relative=0x00000000000001d8
Event: 116.686 Thread 0x000001c27a7d5860 Uncommon trap: reason=unstable_if action=reinterpret pc=0x000001c210032938 method=java.util.HashMap.getNode(Ljava/lang/Object;)Ljava/util/HashMap$Node; @ 66 c2
Event: 116.686 Thread 0x000001c27a7d5860 DEOPT PACKING pc=0x000001c210032938 sp=0x0000006c4bffbb30
Event: 116.686 Thread 0x000001c27a7d5860 DEOPT UNPACKING pc=0x000001c20f8846a2 sp=0x0000006c4bffbaa0 mode 2
Event: 117.436 Thread 0x000001c27a7d5860 Uncommon trap: trap_request=0xffffffad fr.pc=0x000001c2100221e4 relative=0x0000000000001604
Event: 117.436 Thread 0x000001c27a7d5860 Uncommon trap: reason=uninitialized action=reinterpret pc=0x000001c2100221e4 method=godot.core.KtFunction.invoke(Lgodot/core/KtObject;)V @ 63 c2
Event: 117.436 Thread 0x000001c27a7d5860 DEOPT PACKING pc=0x000001c2100221e4 sp=0x0000006c4bffecf0
Event: 117.436 Thread 0x000001c27a7d5860 DEOPT UNPACKING pc=0x000001c20f8846a2 sp=0x0000006c4bffecc0 mode 2

Classes loaded (20 events):
Event: 108.861 Loading class java/io/PrintWriter
Event: 108.861 Loading class java/io/PrintWriter done
Event: 108.861 Loading class java/io/PrintWriter$1
Event: 108.861 Loading class jdk/internal/access/JavaIOPrintWriterAccess
Event: 108.861 Loading class jdk/internal/access/JavaIOPrintWriterAccess done
Event: 108.861 Loading class java/io/PrintWriter$1 done
Event: 108.861 Loading class java/lang/Throwable$WrappedPrintWriter
Event: 108.861 Loading class java/lang/Throwable$PrintStreamOrWriter
Event: 108.861 Loading class java/lang/Throwable$PrintStreamOrWriter done
Event: 108.861 Loading class java/lang/Throwable$WrappedPrintWriter done
Event: 109.414 Loading class java/lang/FdLibm$Atan2
Event: 109.414 Loading class java/lang/FdLibm$Atan2 done
Event: 109.414 Loading class java/lang/FdLibm
Event: 109.414 Loading class java/lang/FdLibm done
Event: 109.414 Loading class java/lang/FdLibm$Atan
Event: 109.414 Loading class java/lang/FdLibm$Atan done
Event: 110.375 Loading class java/util/LinkedList$Node
Event: 110.376 Loading class java/util/LinkedList$Node done
Event: 110.376 Loading class java/util/LinkedList$ListItr
Event: 110.376 Loading class java/util/LinkedList$ListItr done

Classes unloaded (0 events):
No events

Classes redefined (0 events):
No events

Internal exceptions (3 events):
Event: 0.991 Thread 0x000001c27a7d5860 Exception <a 'java/lang/NoSuchMethodError'{0x00000007055f3de0}: 'java.lang.Object java.lang.invoke.DirectMethodHandle$Holder.invokeStaticInit(java.lang.Object, java.lang.Object, java.lang.Object)'> (0x00000007055f3de0) 
thrown [s\open\src\hotspot\share\interpreter\linkResolver.cpp, line 773]
Event: 1.279 Thread 0x000001c27a7d5860 Exception <a 'java/lang/NoSuchMethodError'{0x000000071450a6c0}: 'java.lang.Object java.lang.invoke.DirectMethodHandle$Holder.newInvokeSpecial(java.lang.Object, long, long, int)'> (0x000000071450a6c0) 
thrown [s\open\src\hotspot\share\interpreter\linkResolver.cpp, line 773]
Event: 108.860 Thread 0x000001c27a7d5860 Exception <a 'java/lang/ClassCastException'{0x0000000713d6b770}: class godot.api.Resource cannot be cast to class godot.api.PackedScene (godot.api.Resource and godot.api.PackedScene are in unnamed module of loader java.net.URLClassLoader @36baf30c)> (0x0000000713d6b770) 
thrown [s\open\src\hotspot\share\interpreter\interpreterRuntime.cpp, line 455]

ZGC Phase Switch (0 events):
No events

VM Operations (20 events):
Event: 109.862 Executing VM operation: Cleanup
Event: 109.862 Executing VM operation: Cleanup done
Event: 110.862 Executing VM operation: Cleanup
Event: 110.862 Executing VM operation: Cleanup done
Event: 111.864 Executing VM operation: Cleanup
Event: 111.864 Executing VM operation: Cleanup done
Event: 112.823 Executing VM operation: G1CollectForAllocation (G1 Evacuation Pause)
Event: 112.836 Executing VM operation: G1CollectForAllocation (G1 Evacuation Pause) done
Event: 113.837 Executing VM operation: Cleanup
Event: 113.837 Executing VM operation: Cleanup done
Event: 115.837 Executing VM operation: Cleanup
Event: 115.838 Executing VM operation: Cleanup done
Event: 116.838 Executing VM operation: Cleanup
Event: 116.838 Executing VM operation: Cleanup done
Event: 117.838 Executing VM operation: Cleanup
Event: 117.838 Executing VM operation: Cleanup done
Event: 118.839 Executing VM operation: Cleanup
Event: 118.839 Executing VM operation: Cleanup done
Event: 119.840 Executing VM operation: Cleanup
Event: 119.840 Executing VM operation: Cleanup done

Events (20 events):
Event: 1.187 Thread 0x000001c2744e3650 Thread added: 0x000001c2744e3650
Event: 1.189 Thread 0x000001c2744e3ce0 Thread added: 0x000001c2744e3ce0
Event: 1.189 Thread 0x000001c2744e4370 Thread added: 0x000001c2744e4370
Event: 1.189 Thread 0x000001c2744e4a00 Thread added: 0x000001c2744e4a00
Event: 1.189 Thread 0x000001c2c80c5e50 Thread added: 0x000001c2c80c5e50
Event: 1.189 Thread 0x000001c2c80c4410 Thread added: 0x000001c2c80c4410
Event: 1.189 Thread 0x000001c2c80c64e0 Thread added: 0x000001c2c80c64e0
Event: 1.189 Thread 0x000001c2c80c5130 Thread added: 0x000001c2c80c5130
Event: 1.189 Thread 0x000001c2c80c3060 Thread added: 0x000001c2c80c3060
Event: 1.189 Thread 0x000001c2c80c4aa0 Thread added: 0x000001c2c80c4aa0
Event: 1.189 Thread 0x000001c2c80c57c0 Thread added: 0x000001c2c80c57c0
Event: 1.189 Thread 0x000001c2c80c6b70 Thread added: 0x000001c2c80c6b70
Event: 1.195 Thread 0x000001c2c80c36f0 Thread added: 0x000001c2c80c36f0
Event: 2.112 Thread 0x000001c2683b78f0 Thread exited: 0x000001c2683b78f0
Event: 3.958 Thread 0x000001c2683b6480 Thread exited: 0x000001c2683b6480
Event: 3.958 Thread 0x000001c2683b4940 Thread exited: 0x000001c2683b4940
Event: 23.956 Thread 0x000001c2c5b34540 Thread added: 0x000001c2c5b34540
Event: 28.963 Thread 0x000001c2c5b34540 Thread exited: 0x000001c2c5b34540
Event: 108.868 Thread 0x000001c2c5b34540 Thread added: 0x000001c2c5b34540
Event: 114.290 Thread 0x000001c2c5b34540 Thread exited: 0x000001c2c5b34540


Dynamic libraries:
0x00007ff6de1c0000 - 0x00007ff6e77ca000 	D:\Godot\godot.windows.editor.x86_64.jvm.0.14.3.exe
0x00007fff36240000 - 0x00007fff364a6000 	C:\WINDOWS\SYSTEM32\ntdll.dll
0x00007fff34e60000 - 0x00007fff34f29000 	C:\WINDOWS\System32\KERNEL32.DLL
0x00007fff33a30000 - 0x00007fff33e30000 	C:\WINDOWS\System32\KERNELBASE.dll
0x00007fff348a0000 - 0x00007fff34a3a000 	C:\WINDOWS\System32\ole32.dll
0x00007fff33e40000 - 0x00007fff33ee3000 	C:\WINDOWS\System32\msvcp_win.dll
0x00007fff28120000 - 0x00007fff28156000 	C:\WINDOWS\SYSTEM32\WINMM.dll
0x00007fff334b0000 - 0x00007fff335fc000 	C:\WINDOWS\System32\ucrtbase.dll
0x00007fff34e30000 - 0x00007fff34e5b000 	C:\WINDOWS\System32\GDI32.dll
0x00007fff338b0000 - 0x00007fff338d7000 	C:\WINDOWS\System32\win32u.dll
0x00007fff33780000 - 0x00007fff338aa000 	C:\WINDOWS\System32\gdi32full.dll
0x00007fff350d0000 - 0x00007fff35297000 	C:\WINDOWS\System32\USER32.dll
0x00007fff35340000 - 0x00007fff356c3000 	C:\WINDOWS\System32\combase.dll
0x00007fff356d0000 - 0x00007fff357e8000 	C:\WINDOWS\System32\RPCRT4.dll
0x00007fff34170000 - 0x00007fff34249000 	C:\WINDOWS\System32\OLEAUT32.dll
0x00007fff343a0000 - 0x00007fff34407000 	C:\WINDOWS\System32\SHLWAPI.dll
0x00007fff34f30000 - 0x00007fff3502a000 	C:\WINDOWS\System32\shcore.dll
0x00007fff357f0000 - 0x00007fff35f82000 	C:\WINDOWS\System32\SHELL32.dll
0x00007fff34d60000 - 0x00007fff34e17000 	C:\WINDOWS\System32\ADVAPI32.dll
0x00007fff34b00000 - 0x00007fff34ba9000 	C:\WINDOWS\System32\msvcrt.dll
0x00007fff342f0000 - 0x00007fff3439a000 	C:\WINDOWS\System32\sechost.dll
0x00007fff352a0000 - 0x00007fff352d2000 	C:\WINDOWS\System32\IMM32.dll
0x00007fff33600000 - 0x00007fff33778000 	C:\WINDOWS\System32\CRYPT32.dll
0x00007fff340b0000 - 0x00007fff34131000 	C:\WINDOWS\System32\WS2_32.dll
0x00007fff333a0000 - 0x00007fff333ca000 	C:\WINDOWS\SYSTEM32\bcrypt.dll
0x00007fff2bb60000 - 0x00007fff2bb6b000 	C:\WINDOWS\SYSTEM32\AVRT.dll
0x00007fff304c0000 - 0x00007fff304ef000 	C:\WINDOWS\SYSTEM32\dwmapi.dll
0x00007fff2d9c0000 - 0x00007fff2dc28000 	C:\WINDOWS\SYSTEM32\DWrite.dll
0x00007fff30500000 - 0x00007fff30742000 	C:\WINDOWS\SYSTEM32\dbghelp.dll
0x00007fff31cf0000 - 0x00007fff31d23000 	C:\WINDOWS\SYSTEM32\IPHLPAPI.DLL
0x00007fff25f10000 - 0x00007fff25f1a000 	C:\WINDOWS\SYSTEM32\WSOCK32.dll
0x00007fff33ef0000 - 0x00007fff33f9c000 	C:\WINDOWS\System32\bcryptPrimitives.dll
0x00007fff32270000 - 0x00007fff3228b000 	C:\WINDOWS\SYSTEM32\kernel.appcore.dll
0x00007fff300d0000 - 0x00007fff30179000 	C:\WINDOWS\system32\uxtheme.dll
0x00007fff32890000 - 0x00007fff328fc000 	C:\WINDOWS\system32\mswsock.dll
0x00007fff01220000 - 0x00007fff013a4000 	C:\WINDOWS\SYSTEM32\vulkan-1.dll
0x00007fff330f0000 - 0x00007fff33141000 	C:\WINDOWS\SYSTEM32\CFGMGR32.dll
0x00007fff30360000 - 0x00007fff3049a000 	C:\WINDOWS\system32\dxgi.dll
0x00007fff32060000 - 0x00007fff320be000 	C:\WINDOWS\SYSTEM32\powrprof.dll
0x00007fff32040000 - 0x00007fff32054000 	C:\WINDOWS\SYSTEM32\UMPDC.dll
0x00007fff0dad0000 - 0x00007fff0daed000 	C:\WINDOWS\SYSTEM32\windows.staterepositorycore.dll
0x00007fff307d0000 - 0x00007fff30814000 	C:\WINDOWS\SYSTEM32\dxcore.dll
0x00007fff2b310000 - 0x00007fff2b36f000 	C:\WINDOWS\SYSTEM32\directxdatabasehelper.dll
0x00007ffe68920000 - 0x00007ffe69477000 	C:\Program Files\WindowsApps\Microsoft.D3DMappingLayers_1.2605.1.0_x64__8wekyb3d8bbwe\x64\vulkan_dzn.dll
0x00007fff21410000 - 0x00007fff2141b000 	C:\WINDOWS\SYSTEM32\VERSION.dll
0x00007ffe5f940000 - 0x00007ffe6252b000 	C:\WINDOWS\System32\DriverStore\FileRepository\nvacegpu.inf_amd64_0af8f5d55a9e9293\nvoglv64.dll
0x00007fff34410000 - 0x00007fff34897000 	C:\WINDOWS\System32\SETUPAPI.dll
0x00007fff2fd30000 - 0x00007fff2fd5a000 	C:\WINDOWS\SYSTEM32\WTSAPI32.dll
0x00007fff325b0000 - 0x00007fff325fa000 	C:\WINDOWS\SYSTEM32\SspiCli.dll
0x00007fff32cb0000 - 0x00007fff32cc3000 	C:\WINDOWS\SYSTEM32\msasn1.dll
0x00007fff21460000 - 0x00007fff2149d000 	C:\WINDOWS\SYSTEM32\cryptnet.dll
0x00007fff1b800000 - 0x00007fff1b978000 	C:\WINDOWS\SYSTEM32\drvstore.dll
0x00007fff33150000 - 0x00007fff3317f000 	C:\WINDOWS\SYSTEM32\devobj.dll
0x00007fff32c40000 - 0x00007fff32caa000 	C:\WINDOWS\SYSTEM32\wldp.dll
0x00007fff32ba0000 - 0x00007fff32bac000 	C:\WINDOWS\SYSTEM32\cryptbase.dll
0x00007fff338e0000 - 0x00007fff33963000 	C:\WINDOWS\System32\wintrust.dll
0x00007fff34140000 - 0x00007fff34160000 	C:\WINDOWS\System32\imagehlp.dll
0x00007fff32b80000 - 0x00007fff32b9b000 	C:\WINDOWS\SYSTEM32\CRYPTSP.dll
0x00007fff32290000 - 0x00007fff322c9000 	C:\WINDOWS\system32\rsaenh.dll
0x00007fff32900000 - 0x00007fff32930000 	C:\WINDOWS\SYSTEM32\gpapi.dll
0x00007fff333d0000 - 0x00007fff333f9000 	C:\WINDOWS\SYSTEM32\profapi.dll
0x00007ffeb1ae0000 - 0x00007ffeb3ccb000 	C:\WINDOWS\System32\DriverStore\FileRepository\nvacegpu.inf_amd64_0af8f5d55a9e9293\nvgpucomp64.dll
0x00007fff32430000 - 0x00007fff32466000 	C:\WINDOWS\SYSTEM32\ntmarta.dll
0x00007ffe667e0000 - 0x00007ffe68010000 	C:\WINDOWS\System32\DriverStore\FileRepository\iigd_dch.inf_amd64_438afae43f7267c8\igvk64.dll
0x00007fff20e10000 - 0x00007fff213ba000 	C:\WINDOWS\System32\DriverStore\FileRepository\iigd_dch.inf_amd64_438afae43f7267c8\igdgmm64.dll
0x00007fff1bc60000 - 0x00007fff20e07000 	C:\WINDOWS\System32\DriverStore\FileRepository\iigd_dch.inf_amd64_438afae43f7267c8\igc64.dll
0x00007fff34a40000 - 0x00007fff34aee000 	C:\WINDOWS\System32\clbcatq.dll
0x00007fff2e7f0000 - 0x00007fff2e95a000 	C:\Windows\System32\WinTypes.dll
0x00007fff07ee0000 - 0x00007fff07f19000 	C:\WINDOWS\SYSTEM32\rometadata.dll
0x00007fff2a370000 - 0x00007fff2a4da000 	C:\Program Files\WindowsApps\Microsoft.D3DMappingLayers_1.2605.1.0_x64__8wekyb3d8bbwe\x64\DXIL.dll
0x00007fff22210000 - 0x00007fff22233000 	C:\WINDOWS\SYSTEM32\d3d12.dll
0x00007ffef7550000 - 0x00007ffef78a7000 	C:\WINDOWS\SYSTEM32\D3D12Core.dll
0x00007fff31030000 - 0x00007fff318b6000 	C:\WINDOWS\SYSTEM32\windows.storage.dll
0x00007ffef5630000 - 0x00007ffef5901000 	C:\WINDOWS\system32\nvspcap64.dll
0x00007ffe9ae60000 - 0x00007ffe9aead000 	C:\WINDOWS\SYSTEM32\ControlLib.dll
0x00007ffee74b0000 - 0x00007ffee755c000 	C:\WINDOWS\System32\DriverStore\FileRepository\iigd_dch.inf_amd64_438afae43f7267c8\IntelControlLib.dll
0x00007fff22780000 - 0x00007fff228e1000 	C:\WINDOWS\System32\DriverStore\FileRepository\iigd_dch.inf_amd64_438afae43f7267c8\igvkMedia64.dll
0x00007ffefee90000 - 0x00007fff00406000 	C:\WINDOWS\System32\DriverStore\FileRepository\iigd_dch.inf_amd64_438afae43f7267c8\igddxvacommon64.dll
0x00007ffefbfd0000 - 0x00007ffefe050000 	C:\WINDOWS\System32\DriverStore\FileRepository\iigd_dch.inf_amd64_438afae43f7267c8\media_bin_64.dll
0x00007fff28060000 - 0x00007fff2811c000 	C:\WINDOWS\System32\DriverStore\FileRepository\nvacegpu.inf_amd64_0af8f5d55a9e9293\nvldumdx.dll
0x00007ffe3a050000 - 0x00007ffe3f460000 	C:\WINDOWS\System32\DriverStore\FileRepository\nvacegpu.inf_amd64_0af8f5d55a9e9293\nvwgf2umx.dll
0x00007fff0c160000 - 0x00007fff0c897000 	C:\WINDOWS\System32\DriverStore\FileRepository\nvacegpu.inf_amd64_0af8f5d55a9e9293\Display.NvContainer\MessageBus.dll
0x00007fff34250000 - 0x00007fff3425a000 	C:\WINDOWS\System32\NSI.dll
0x00007fff2ade0000 - 0x00007fff2ae05000 	C:\WINDOWS\SYSTEM32\dhcpcsvc.DLL
0x00007fff25e20000 - 0x00007fff25f00000 	C:\WINDOWS\SYSTEM32\D3DSCache.dll
0x00007fff32940000 - 0x00007fff32973000 	C:\WINDOWS\SYSTEM32\USERENV.dll
0x00007fff2e9a0000 - 0x00007fff2ebc2000 	C:\WINDOWS\SYSTEM32\DComp.DLL
0x00007fff2d720000 - 0x00007fff2d739000 	C:\WINDOWS\SYSTEM32\Microsoft.Internal.WarpPal.dll
0x00007fff26af0000 - 0x00007fff26b4c000 	C:\WINDOWS\System32\DriverStore\FileRepository\iigd_dch.inf_amd64_438afae43f7267c8\igd12umd64.dll
0x00007ffe5d850000 - 0x00007ffe5f931000 	C:\WINDOWS\System32\DriverStore\FileRepository\iigd_dch.inf_amd64_438afae43f7267c8\igd12um64xel.dll
0x00007fff26950000 - 0x00007fff269d3000 	C:\WINDOWS\System32\DriverStore\FileRepository\iigd_dch.inf_amd64_438afae43f7267c8\igdext64.dll
0x00007ffef71f0000 - 0x00007ffef7545000 	C:\WINDOWS\System32\DriverStore\FileRepository\iigd_dch.inf_amd64_438afae43f7267c8\igd12dxva64.dll
0x00007fff04490000 - 0x00007fff044b8000 	C:\WINDOWS\System32\DriverStore\FileRepository\iigd_dch.inf_amd64_438afae43f7267c8\igdinfo64.dll
0x00007ffed8960000 - 0x00007ffed8f0e000 	C:\WINDOWS\SYSTEM32\d3d10warp.dll
0x00007fff34c00000 - 0x00007fff34d5d000 	C:\WINDOWS\System32\MSCTF.dll
0x00007fff2fa90000 - 0x00007fff2fb96000 	C:\WINDOWS\SYSTEM32\PROPSYS.dll
0x00007fff318c0000 - 0x00007fff318cf000 	C:\WINDOWS\SYSTEM32\hid.dll
0x00007fff2c640000 - 0x00007fff2c65b000 	C:\WINDOWS\SYSTEM32\XInput1_4.dll
0x00007fff05200000 - 0x00007fff053e4000 	C:\WINDOWS\SYSTEM32\inputhost.dll
0x00007fff2f5a0000 - 0x00007fff2f6c6000 	C:\WINDOWS\SYSTEM32\CoreMessaging.dll
0x00007fff29280000 - 0x00007fff292cb000 	C:\Windows\System32\dinput8.dll
0x00007fff04d70000 - 0x00007fff04eb7000 	C:\WINDOWS\SYSTEM32\textinputframework.dll
0x00007fff266b0000 - 0x00007fff26757000 	C:\WINDOWS\System32\DriverStore\FileRepository\nvacegpu.inf_amd64_0af8f5d55a9e9293\NvCamera\NvCameraAllowlisting64.dll
0x00007fff16950000 - 0x00007fff169df000 	C:\Windows\System32\DispBroker.dll
0x00007fff16c70000 - 0x00007fff17412000 	C:\WINDOWS\SYSTEM32\nvapi64.dll
0x00007fff2b410000 - 0x00007fff2b4b4000 	C:\WINDOWS\System32\MMDevApi.dll
0x00007fff08eb0000 - 0x00007fff09067000 	C:\WINDOWS\SYSTEM32\AUDIOSES.DLL
0x00007fff30d00000 - 0x00007fff30d14000 	C:\WINDOWS\SYSTEM32\resourcepolicyclient.dll
0x00007fff21d80000 - 0x00007fff21e8c000 	C:\WINDOWS\SYSTEM32\opengl32.dll
0x00007fff2b870000 - 0x00007fff2b89d000 	C:\WINDOWS\SYSTEM32\GLU32.dll
0x00007ffe7ca20000 - 0x00007ffe7d175000 	C:\WINDOWS\System32\DriverStore\FileRepository\nvacegpu.inf_amd64_0af8f5d55a9e9293\nvppex.dll
0x00007fff31bd0000 - 0x00007fff31c32000 	C:\WINDOWS\SYSTEM32\WINSTA.dll
0x00007fff2e270000 - 0x00007fff2e4d0000 	C:\WINDOWS\system32\d3d11.dll
0x00007fff292d0000 - 0x00007fff29563000 	C:\WINDOWS\System32\DriverStore\FileRepository\iigd_dch.inf_amd64_438afae43f7267c8\igd10iumd64.dll
0x00007fff2ff60000 - 0x00007fff30000000 	C:\WINDOWS\SYSTEM32\apphelp.dll
0x00007fff28160000 - 0x00007fff29273000 	C:\WINDOWS\System32\DriverStore\FileRepository\iigd_dch.inf_amd64_438afae43f7267c8\igd10um64xe.DLL
0x00007ffe5cb30000 - 0x00007ffe5d84d000 	C:\Program Files\Java\jdk-21\bin\server\jvm.dll
0x00007fff13e70000 - 0x00007fff13e7c000 	C:\WINDOWS\SYSTEM32\VCRUNTIME140_1.dll
0x00007fff13340000 - 0x00007fff1335e000 	C:\WINDOWS\SYSTEM32\VCRUNTIME140.dll
0x00007fff2c630000 - 0x00007fff2c63a000 	C:\Program Files\Java\jdk-21\bin\jimage.dll
0x00007fff0b710000 - 0x00007fff0b74b000 	C:\WINDOWS\SYSTEM32\dbgcore.DLL
0x00007fff2c5a0000 - 0x00007fff2c5bf000 	C:\Program Files\Java\jdk-21\bin\java.dll
0x00007ffef6f60000 - 0x00007ffef7037000 	C:\Program Files\Java\jdk-21\bin\jsvml.dll
0x00007fff2c550000 - 0x00007fff2c560000 	C:\Program Files\Java\jdk-21\bin\net.dll
0x00007fff2ab50000 - 0x00007fff2ac79000 	C:\WINDOWS\SYSTEM32\WINHTTP.dll
0x00007fff2a5f0000 - 0x00007fff2a606000 	C:\Program Files\Java\jdk-21\bin\nio.dll
0x00007fff2a5d0000 - 0x00007fff2a5e8000 	C:\Program Files\Java\jdk-21\bin\zip.dll
0x00007ffee8310000 - 0x00007ffee836c000 	C:\WINDOWS\system32\dataexchange.dll

dbghelp: loaded successfully - version: 4.0.5 - missing functions: none
symbol engine: initialized successfully - sym options: 0x614 - pdb path: .;D:\Godot;C:\WINDOWS\SYSTEM32;C:\Program Files\WindowsApps\Microsoft.D3DMappingLayers_1.2605.1.0_x64__8wekyb3d8bbwe\x64;C:\WINDOWS\System32\DriverStore\FileRepository\nvacegpu.inf_amd64_0af8f5d55a9e9293;C:\WINDOWS\System32\DriverStore\FileRepository\iigd_dch.inf_amd64_438afae43f7267c8;C:\WINDOWS\System32\DriverStore\FileRepository\nvacegpu.inf_amd64_0af8f5d55a9e9293\Display.NvContainer;C:\WINDOWS\System32\DriverStore\FileRepository\nvacegpu.inf_amd64_0af8f5d55a9e9293\NvCamera;C:\Program Files\Java\jdk-21\bin\server;C:\Program Files\Java\jdk-21\bin

VM Arguments:
java_command: <unknown>
java_class_path (initial): <not set>
Launcher Type: generic

[Global flags]
     intx CICompilerCount                          = 12                                        {product} {ergonomic}
     uint ConcGCThreads                            = 3                                         {product} {ergonomic}
     uint G1ConcRefinementThreads                  = 13                                        {product} {ergonomic}
   size_t G1HeapRegionSize                         = 2097152                                   {product} {ergonomic}
    uintx GCDrainStackTargetSize                   = 64                                        {product} {ergonomic}
   size_t InitialHeapSize                          = 264241152                                 {product} {ergonomic}
   size_t MarkStackSize                            = 4194304                                   {product} {ergonomic}
   size_t MaxHeapSize                              = 4217372672                                {product} {ergonomic}
   size_t MaxNewSize                               = 2529165312                                {product} {ergonomic}
   size_t MinHeapDeltaBytes                        = 2097152                                   {product} {ergonomic}
   size_t MinHeapSize                              = 8388608                                   {product} {ergonomic}
    uintx NonNMethodCodeHeapSize                   = 7602480                                {pd product} {ergonomic}
    uintx NonProfiledCodeHeapSize                  = 122027880                              {pd product} {ergonomic}
    uintx ProfiledCodeHeapSize                     = 122027880                              {pd product} {ergonomic}
    uintx ReservedCodeCacheSize                    = 251658240                              {pd product} {ergonomic}
     bool SegmentedCodeCache                       = true                                      {product} {ergonomic}
   size_t SoftMaxHeapSize                          = 4217372672                             {manageable} {ergonomic}
     bool UseCompressedOops                        = true                           {product lp64_product} {ergonomic}
     bool UseG1GC                                  = true                                      {product} {ergonomic}
     bool UseLargePagesIndividualAllocation        = false                                  {pd product} {ergonomic}

Logging:
Log output configuration:
 #0: stdout all=warning uptime,level,tags foldmultilines=false
 #1: stderr all=off uptime,level,tags foldmultilines=false

Environment Variables:
JAVA_HOME=C:\Program Files\Java\jdk-21
PATH=C:\Program Files\Eclipse Adoptium\jdk-25.0.2.10-hotspot\bin;C:\Program Files\Common Files\Oracle\Java\javapath;C:\MinGW\bin;C:\Windows;C:\Windows\System32\Wbem;C:\Windows\System32\WindowsPowerShell\v1.0\;C:\Windows\System32\OpenSSH\;C:\Program Files (x86)\NVIDIA Corporation\PhysX\Common;C:\Program Files\NVIDIA Corporation\NVIDIA NvDLISR;C:\Program Files\Microsoft SQL Server\150\Tools\Binn\;C:\Program Files\Microsoft SQL Server\Client SDK\ODBC\170\Tools\Binn\;C:\Program Files\dotnet\;C:\Program Files (x86)\Windows Kits\10\Windows Performance Toolkit\;C:\Users\ADMIN\Downloads\winlibs-x86_64-posix-seh-gcc-12.1.0-mingw-w64msvcrt-10.0.0-r3.zip\mingw64\bin;C:\Program Files\nodejs\;C:\ProgramData\chocolatey\bin;C:\WINDOWS\system32;C:\WINDOWS;C:\WINDOWS\System32\Wbem;C:\WINDOWS\System32\WindowsPowerShell\v1.0\;C:\WINDOWS\System32\OpenSSH\;D:\Git\cmd;C:\Program Files\Java\jdk-21\bin;C:\Program Files (x86)\Microsoft SQL Server\170\Tools\Binn\;C:\Program Files\Microsoft SQL Server\170\Tools\Binn\;C:\Program Files\Microsoft SQL Server\Client SDK\ODBC\180\Tools\Binn\;C:\Program Files\Microsoft SQL Server\170\DTS\Binn\;C:\Program Files (x86)\Microsoft SQL Server\160\DTS\Binn\;C:\Users\ADMIN\AppData\Local\Microsoft\WindowsApps;C:\Users\ADMIN\.dotnet\tools;C:\TDM-GCC-64\bin;C:\Microsoft VS Code\bin;C:\Users\ADMIN\AppData\Roaming\npm;C:\Git\bin;C:\Users\ADMIN\anaconda3\Lib\site-packages\pyarrow\src\arrow\python;C:\Users\ADMIN\AppData\Local\Programs\Microsoft VS Code\bin;D:\Antigravity\bin;C:\Users\ADMIN\AppData\Local\Programs\Antigravity IDE\bin;D:\Antigravity IDE\bin
USERNAME=ADMIN
OS=Windows_NT
PROCESSOR_IDENTIFIER=Intel64 Family 6 Model 186 Stepping 2, GenuineIntel
TMP=C:\Users\ADMIN\AppData\Local\Temp
TEMP=C:\Users\ADMIN\AppData\Local\Temp




Periodic native trim disabled

---------------  S Y S T E M  ---------------

OS:
 Windows 11 , 64 bit Build 26100 (10.0.26100.8553)
OS uptime: 0 days 3:38 hours
Hyper-V role detected

CPU: total 16 (initial active 16) (8 cores per cpu, 2 threads per core) family 6 model 186 stepping 2 microcode 0x5105, cx8, cmov, fxsr, ht, mmx, 3dnowpref, sse, sse2, sse3, ssse3, sse4.1, sse4.2, popcnt, lzcnt, tsc, tscinvbit, avx, avx2, aes, erms, clmul, bmi1, bmi2, adx, sha, fma, vzeroupper, clflush, clflushopt, clwb, hv, serialize, rdtscp, rdpid, fsrm, f16c, cet_ibt, cet_ss
Processor Information for processor 0
  Max Mhz: 2400, Current Mhz: 1520, Mhz Limit: 2400
Processor Information for processor 1
  Max Mhz: 2400, Current Mhz: 1520, Mhz Limit: 2400
Processor Information for processor 2
  Max Mhz: 2400, Current Mhz: 1520, Mhz Limit: 2400
Processor Information for processor 3
  Max Mhz: 2400, Current Mhz: 1520, Mhz Limit: 2400
Processor Information for processor 4
  Max Mhz: 2400, Current Mhz: 1520, Mhz Limit: 2400
Processor Information for processor 5
  Max Mhz: 2400, Current Mhz: 2400, Mhz Limit: 2400
Processor Information for processor 6
  Max Mhz: 2400, Current Mhz: 2400, Mhz Limit: 2400
Processor Information for processor 7
  Max Mhz: 2400, Current Mhz: 1520, Mhz Limit: 2400
Processor Information for processor 8
  Max Mhz: 2400, Current Mhz: 1520, Mhz Limit: 2400
Processor Information for processor 9
  Max Mhz: 2400, Current Mhz: 2400, Mhz Limit: 2400
Processor Information for processor 10
  Max Mhz: 2400, Current Mhz: 2400, Mhz Limit: 2400
Processor Information for processor 11
  Max Mhz: 2400, Current Mhz: 1520, Mhz Limit: 2400
Processor Information for processor 12
  Max Mhz: 2400, Current Mhz: 1466, Mhz Limit: 2400
Processor Information for processor 13
  Max Mhz: 2400, Current Mhz: 1466, Mhz Limit: 2400
Processor Information for processor 14
  Max Mhz: 2400, Current Mhz: 1466, Mhz Limit: 2400
Processor Information for processor 15
  Max Mhz: 2400, Current Mhz: 1466, Mhz Limit: 2400

Memory: 4k page, system-wide physical 16087M (3658M free)
TotalPageFile size 20439M (AvailPageFile size 1234M)
current process WorkingSet (physical memory assigned to process): 740M, peak: 740M
current process commit charge ("private bytes"): 1127M, peak: 1127M

vm_info: Java HotSpot(TM) 64-Bit Server VM (21.0.9+7-LTS-338) for windows-amd64 JRE (21.0.9+7-LTS-338), built on 2025-09-26T06:33:49Z by "mach5run" with MS VC++ 17.6 (VS2022)

END.
