#
# A fatal error has been detected by the Java Runtime Environment:
#
#  EXCEPTION_ACCESS_VIOLATION (0xc0000005) at pc=0x000000002e747069, pid=1360, tid=21080
#
# JRE version: Java(TM) SE Runtime Environment (21.0.9+7) (build 21.0.9+7-LTS-338)
# Java VM: Java HotSpot(TM) 64-Bit Server VM (21.0.9+7-LTS-338, mixed mode, sharing, tiered, compressed oops, compressed class ptrs, g1 gc, windows-amd64)
# Problematic frame:
# C  [godot.windows.editor.x86_64.jvm.0.14.3.exe+0x3420607]  Node2D::get_global_position+0x187
#
# No core dump will be written. Minidumps are not enabled by default on client versions of Windows
#
# If you would like to submit a bug report, please visit:
#   https://bugreport.java.com/bugreport/crash.jsp
# The crash happened outside the Java Virtual Machine in native code.
# See problematic frame for where to report the bug.
#

---------------  S U M M A R Y ------------

Command Line: 

Host: 13th Gen Intel(R) Core(TM) i7-13620H, 16 cores, 15G,  Windows 11 , 64 bit Build 26100 (10.0.26100.8553)
Time: Thu Jun  4 12:48:21 2026 SE Asia Standard Time elapsed time: 18.559036 seconds (0d 0h 0m 18s)

---------------  T H R E A D  ---------------

Current thread (0x000001d11a04e170):  JavaThread "main"             [_thread_in_native, id=21080, stack(0x000000757b000000,0x000000757b800000) (8192K)]

Stack: [0x000000757b000000,0x000000757b800000],  sp=0x000000757b7fe260,  free space=8184k
Native frames: (J=compiled Java code, j=interpreted, Vv=VM code, C=native code)
C  0x000000002e747069

Java frames: (J=compiled Java code, j=interpreted, Vv=VM code)
J 1121  godot.internal.memory.TransferContext.icall(JJI)V (0 bytes) @ 0x000001d12babe0f8 [0x000001d12babe0a0+0x0000000000000058]
J 1544 c2 godot.api.Node2D.getGlobalPosition()Lgodot/core/Vector2; (54 bytes) @ 0x000001d12baf2910 [0x000001d12baf27c0+0x0000000000000150]
j  game.items.weapons.Weapon.getClosestTarget()Lgodot/api/Node2D;+40
j  game.items.weapons.Weapon.updateClosestTarget()V+2
J 1523 c2 godot.entry.WeaponRegistrar$register$1$1$2.invoke(Ljava/lang/Object;Ljava/lang/Object;)Ljava/lang/Object; (19 bytes) @ 0x000001d12bae7724 [0x000001d12bae6700+0x0000000000001024]
J 1674 c2 godot.core.KtFunction1.invokeKt$godot_core_library(Lgodot/core/KtObject;)Ljava/lang/Object; (25 bytes) @ 0x000001d12bb191f4 [0x000001d12bb190e0+0x0000000000000114]
J 1665 c1 godot.core.KtFunction.invoke(Lgodot/core/KtObject;)V (79 bytes) @ 0x000001d1241c0304 [0x000001d1241bfa40+0x00000000000008c4]
v  ~StubRoutines::call_stub 0x000001d12b2f100d

siginfo: EXCEPTION_ACCESS_VIOLATION (0xc0000005), data execution prevention violation at address 0x000000002e747069


Registers:
RAX=0x00007ff7311fe758, RBX=0x000001d1428f3a60, RCX=0x000001d1428f3a60, RDX=0x000000757b7fe2b8
RSP=0x000000757b7fe258, RBP=0x000000757b7fe369, RSI=0x000001d17b1a9980, RDI=0x000000757b7fe340
R8 =0x0000000000000000, R9 =0x00007ff72c0c0480, R10=0x00007ffed38e87c0, R11=0x000000757b7fe6e8
R12=0x000001d1428f3a60, R13=0x000001d119326860, R14=0x0000000000000000, R15=0x000000757b7fe428
RIP=0x000000002e747069, EFLAGS=0x0000000000010202


Register to memory mapping:

RAX=0x00007ff7311fe758 godot.windows.editor.x86_64.jvm.0.14.3.exe::Object::`vftable' + 0x0
RBX=0x000001d1428f3a60 points into unknown readable memory: 0x0000d6d7000103b1 | b1 03 01 00 d7 d6 00 00
RCX=0x000001d1428f3a60 points into unknown readable memory: 0x0000d6d7000103b1 | b1 03 01 00 d7 d6 00 00
RDX=0x000000757b7fe2b8 is pointing into the stack for thread: 0x000001d11a04e170
RSP=0x000000757b7fe258 is pointing into the stack for thread: 0x000001d11a04e170
RBP=0x000000757b7fe369 is pointing into the stack for thread: 0x000001d11a04e170
RSI=0x000001d17b1a9980 points into unknown readable memory: 0x0000000000000000 | 00 00 00 00 00 00 00 00
RDI=0x000000757b7fe340 is pointing into the stack for thread: 0x000001d11a04e170
R8 =0x0 is null
R9 =0x00007ff72c0c0480 godot.windows.editor.x86_64.jvm.0.14.3.exe::Node2D::get_global_position + 0x0
R10=0x00007ffed38e87c0 jvm.dll
R11=0x000000757b7fe6e8 is pointing into the stack for thread: 0x000001d11a04e170
R12=0x000001d1428f3a60 points into unknown readable memory: 0x0000d6d7000103b1 | b1 03 01 00 d7 d6 00 00
R13=0x000001d119326860 points into unknown readable memory: 0x00007ff730c9f998 | 98 f9 c9 30 f7 7f 00 00
R14=0x0 is null
R15=0x000000757b7fe428 is pointing into the stack for thread: 0x000001d11a04e170

Top of Stack: (sp=0x000000757b7fe258)
0x000000757b7fe258:   00007ff72c0c0607 000000757b7fe379
0x000000757b7fe268:   00007ff72c0c061e 0000000000000246
0x000000757b7fe278:   0000000000000000 000001d1417c9a50
0x000000757b7fe288:   0000000000000000 0000000000000000
0x000000757b7fe298:   0000000000000246 0000000000000000
0x000000757b7fe2a8:   00007ff72e613510 000000757b7fe410
0x000000757b7fe2b8:   000001d17d4c4790 0000000000000246
0x000000757b7fe2c8:   3e1054fc3ef59e24 000063917072e661
0x000000757b7fe2d8:   440d424a44253951 000000757b7fe440
0x000000757b7fe2e8:   00007ff72c0bff02 000000757b7fe450
0x000000757b7fe2f8:   00007ff72c0bff75 00007ff72e674498
0x000000757b7fe308:   0000000000000000 00007ff72e674498
0x000000757b7fe318:   0000000000000000 00000000ffffffff
0x000000757b7fe328:   0000000000000246 0000000000000000
0x000000757b7fe338:   0000000000000246 0000000000000000
0x000000757b7fe348:   0000000000000003 440d424a44253951
0x000000757b7fe358:   00007ff72e613289 000001d1417d3344
0x000000757b7fe368:   00007ff700000000 000063917072e6f1
0x000000757b7fe378:   00007ff729aedc77 00000000000001c0
0x000000757b7fe388:   00007ff728ca0000 0000000000000000
0x000000757b7fe398:   0000000000000000 000001d119326860
0x000000757b7fe3a8:   000001d17b1aab50 000000757b7fe4c0
0x000000757b7fe3b8:   00007ff729af0a38 0000000704bb13c0
0x000000757b7fe3c8:   0000000000002794 440d424a44253951
0x000000757b7fe3d8:   000001d17b1a9f50 0000000800000000
0x000000757b7fe3e8:   000000757b7fe428 000001d100000000
0x000000757b7fe3f8:   000000757b7fe438 000001d1417d2e90
0x000000757b7fe408:   000000757b7fe430 0000000000000000
0x000000757b7fe418:   000001d119326860 000001d1428f3a60
0x000000757b7fe428:   0000000000000000 000001d100000000
0x000000757b7fe438:   000001d11a04e530 0000000000000000
0x000000757b7fe448:   0000000000000000 0000000000000000 

Instructions: (pc=0x00007ff72c0c0607)
0x00007ff72c0c0507:   44 24 60 80 00 00 00 48 8d 05 0b 53 ac 04 33 f6
0x00007ff72c0c0517:   48 8d 54 24 58 48 89 44 24 58 48 8d 4c 24 40 48
0x00007ff72c0c0527:   89 74 24 40 e8 70 a5 a4 01 4c 8b c3 48 8d 54 24
0x00007ff72c0c0537:   40 48 8d 4c 24 48 e8 3e 99 bf fc 89 74 24 30 4c
0x00007ff72c0c0547:   8d 0d 03 2b b5 04 40 88 74 24 28 48 8d 15 2f ee
0x00007ff72c0c0557:   bd 04 41 b8 22 01 00 00 48 89 44 24 20 48 8d 0d
0x00007ff72c0c0567:   fd ef bd 04 e8 80 33 a4 01 48 8d 4c 24 48 e8 86
0x00007ff72c0c0577:   8e bf fc 48 8b 44 24 40 48 85 c0 74 6d 48 8d 48
0x00007ff72c0c0587:   f0 8b d6 48 0f 45 d1 48 c7 c0 ff ff ff ff f0 48
0x00007ff72c0c0597:   0f c1 02 48 83 f8 01 75 51 48 8b 4c 24 40 33 d2
0x00007ff72c0c05a7:   48 83 c1 f0 48 89 74 24 40 e8 7b 43 a4 01 48 39
0x00007ff72c0c05b7:   74 24 40 74 35 89 74 24 30 48 8d 05 09 30 5b 02
0x00007ff72c0c05c7:   40 88 74 24 28 4c 8d 0d 45 30 5b 02 41 b8 0e 01
0x00007ff72c0c05d7:   00 00 48 89 44 24 20 48 8d 15 eb 2e 5b 02 48 8d
0x00007ff72c0c05e7:   0d 54 30 5b 02 e8 3f 30 a4 01 48 89 37 eb 18 48
0x00007ff72c0c05f7:   8b 03 48 8d 54 24 58 48 8b cb ff 90 b8 02 00 00
0x00007ff72c0c0607:   48 8b 40 10 48 89 07 48 8b c7 48 8b 4c 24 70 48
0x00007ff72c0c0617:   33 cc e8 c2 f2 50 02 4c 8d 9c 24 80 00 00 00 49
0x00007ff72c0c0627:   8b 5b 20 49 8b 73 28 49 8b e3 5f c3 cc cc cc cc
0x00007ff72c0c0637:   cc cc cc cc cc cc cc cc cc 48 89 5c 24 10 57 48
0x00007ff72c0c0647:   81 ec 80 00 00 00 48 8b 05 ac 8e a7 05 48 33 c4
0x00007ff72c0c0657:   48 89 44 24 70 65 48 8b 04 25 58 00 00 00 48 8b
0x00007ff72c0c0667:   d9 8b 0d 5a 24 e1 05 48 8b 3c c8 b8 1c 19 00 00
0x00007ff72c0c0677:   80 3c 38 00 75 05 e8 4e f3 50 02 b8 f0 12 00 00
0x00007ff72c0c0687:   48 83 3c 38 00 0f 85 1c 01 00 00 e8 f9 15 cc 01
0x00007ff72c0c0697:   84 c0 0f 85 0f 01 00 00 48 83 bb 48 02 00 00 00
0x00007ff72c0c06a7:   0f 84 01 01 00 00 48 8d 54 24 50 48 8b cb e8 b6
0x00007ff72c0c06b7:   e2 55 ff 48 8b d8 48 c7 44 24 60 80 00 00 00 48
0x00007ff72c0c06c7:   8d 05 53 51 ac 04 33 ff 48 8d 54 24 58 48 89 44
0x00007ff72c0c06d7:   24 58 48 8d 4c 24 40 48 89 7c 24 40 e8 b8 a3 a4
0x00007ff72c0c06e7:   01 4c 8b c3 48 8d 54 24 40 48 8d 4c 24 48 e8 86
0x00007ff72c0c06f7:   97 bf fc 89 7c 24 30 4c 8d 0d 3b df ac 04 40 88 


Stack slot to memory mapping:

stack at sp + 0 slots: 0x000000757b7fe379 is pointing into the stack for thread: 0x000001d11a04e170
stack at sp + 1 slots: 0x00007ff72c0c061e godot.windows.editor.x86_64.jvm.0.14.3.exe::Node2D::get_global_position + 0x19e
stack at sp + 2 slots: 0x0000000000000246 is an unknown value
stack at sp + 3 slots: 0x0 is null
stack at sp + 4 slots: 0x000001d1417c9a50 points into unknown readable memory: 0x00007ff72f13adf8 | f8 ad 13 2f f7 7f 00 00
stack at sp + 5 slots: 0x0 is null
stack at sp + 6 slots: 0x0 is null
stack at sp + 7 slots: 0x0000000000000246 is an unknown value


Compiled method (n/a)   18684 1121     n 0       godot.internal.memory.TransferContext::icall (native)
 total in heap  [0x000001d12babdf10,0x000001d12babe2c0] = 944
 relocation     [0x000001d12babe070,0x000001d12babe0a0] = 48
 main code      [0x000001d12babe0a0,0x000001d12babe2b7] = 535
 stub code      [0x000001d12babe2b7,0x000001d12babe2b8] = 1
 oops           [0x000001d12babe2b8,0x000001d12babe2c0] = 8

[Constant Pool (empty)]

[MachCode]
[Entry Point]
  # {method} {0x000001d13c46c0b8} 'icall' '(JJI)V' in 'godot/internal/memory/TransferContext'
  # this:     rdx:rdx   = 'godot/internal/memory/TransferContext'
  # parm0:    r8:r8     = long
  # parm1:    r9:r9     = long
  # parm2:    rdi       = int
  #           [sp+0x70]  (sp of caller)
  0x000001d12babe0a0: 448b 5208 | 49bb 0000 | 0080 d101 | 0000 4d03 | d349 3bc2 | 0f84 0600 

  0x000001d12babe0b8: ;   {runtime_call ic_miss_stub}
  0x000001d12babe0b8: 0000 e9c1 | 0688 ff90 
[Verified Entry Point]
  0x000001d12babe0c0: 8984 2400 | 80ff ff55 | 488b ec48 | 83ec 6090 | 4181 7f20 | 0300 0000 

  0x000001d12babe0d8: ;   {runtime_call StubRoutines (final stubs)}
  0x000001d12babe0d8: 7405 e881 | 6c86 ff48 | 897c 2420 | 4889 5424 | 2848 83fa | 0048 8d54 | 2428 480f | 4454 2428 
  0x000001d12babe0f8: ;   {internal_word}
  0x000001d12babe0f8: c5f8 7749 | baf8 e0ab | 2bd1 0100 | 004d 8997 | a803 0000 | 4989 a7a0 

  0x000001d12babe110: ;   {external_word}
  0x000001d12babe110: 0300 0049 | bac0 878e | d3fe 7f00 | 0041 803a | 000f 844e | 0000 0052 | 4150 4151 

  0x000001d12babe12c: ;   {metadata({method} {0x000001d13c46c0b8} 'icall' '(JJI)V' in 'godot/internal/memory/TransferContext')}
  0x000001d12babe12c: 48ba b0c0 | 463c d101 | 0000 498b | cf48 83ec | 2040 f6c4 | 0f0f 8419 | 0000 0048 

  0x000001d12babe148: ;   {runtime_call}
  0x000001d12babe148: 83ec 0848 | b890 1e3f | d3fe 7f00 | 00ff d048 | 83c4 08e9 | 0c00 0000 

  0x000001d12babe160: ;   {runtime_call}
  0x000001d12babe160: 48b8 901e | 3fd3 fe7f | 0000 ffd0 | 4883 c420 | 4159 4158 | 5a49 8d8f | c003 0000 | 41c7 874c 
  0x000001d12babe180: 0400 0004 

  0x000001d12babe184: ;   {runtime_call TransferContext::icall}
  0x000001d12babe184: 0000 0048 | b870 04af | 29f7 7f00 | 00ff d0c5 | f877 41c7 | 874c 0400 | 0005 0000 | 00f0 8344 
  0x000001d12babe1a4: 24c0 0049 | 3baf 5004 | 0000 0f87 | 0e00 0000 | 4183 bf48 | 0400 0000 | 0f84 2300 | 0000 c5f8 
  0x000001d12babe1c4: 7749 8bcf | 4c8b e448 | 83ec 2048 

  0x000001d12babe1d0: ;   {runtime_call}
  0x000001d12babe1d0: 83e4 f048 | b860 cb0a | d3fe 7f00 | 00ff d049 | 8be4 4d33 | e441 c787 | 4c04 0000 | 0800 0000 
  0x000001d12babe1f0: 4183 bfc8 | 0400 0002 | 0f84 9400 

  0x000001d12babe1fc: ;   {external_word}
  0x000001d12babe1fc: 0000 49ba | c087 8ed3 | fe7f 0000 | 4180 3a00 | 0f84 4400 

  0x000001d12babe210: ;   {metadata({method} {0x000001d13c46c0b8} 'icall' '(JJI)V' in 'godot/internal/memory/TransferContext')}
  0x000001d12babe210: 0000 48ba | b0c0 463c | d101 0000 | 498b cf48 | 83ec 2040 | f6c4 0f0f | 8419 0000 | 0048 83ec 
  0x000001d12babe230: ;   {runtime_call}
  0x000001d12babe230: 0848 b890 | 1e3f d3fe | 7f00 00ff | d048 83c4 | 08e9 0c00 

  0x000001d12babe244: ;   {runtime_call}
  0x000001d12babe244: 0000 48b8 | 901e 3fd3 | fe7f 0000 | ffd0 4883 | c420 49c7 | 87a0 0300 | 0000 0000 | 0049 c787 
  0x000001d12babe264: a803 0000 | 0000 0000 | c5f8 7749 | 8b8f 3004 | 0000 c781 | 0001 0000 | 0000 0000 | c949 837f 
  0x000001d12babe284: 0800 0f85 | 0100 0000 

  0x000001d12babe28c: ;   {runtime_call StubRoutines (initial stubs)}
  0x000001d12babe28c: c3e9 6e2c | 83ff c5f8 | 774c 8be4 | 4883 ec20 | 4883 e4f0 

  0x000001d12babe2a0: ;   {runtime_call}
  0x000001d12babe2a0: 48b8 4056 | 3fd3 fe7f | 0000 ffd0 | 498b e44d | 33e4 e947 | ffff fff4 
[/MachCode]


Compiled method (c2)   18710 1544       4       godot.api.Node2D::getGlobalPosition (54 bytes)
 total in heap  [0x000001d12baf2590,0x000001d12baf39b0] = 5152
 relocation     [0x000001d12baf26f0,0x000001d12baf27b0] = 192
 main code      [0x000001d12baf27c0,0x000001d12baf2eb8] = 1784
 stub code      [0x000001d12baf2eb8,0x000001d12baf2ee0] = 40
 oops           [0x000001d12baf2ee0,0x000001d12baf2f18] = 56
 metadata       [0x000001d12baf2f18,0x000001d12baf30d0] = 440
 scopes data    [0x000001d12baf30d0,0x000001d12baf36e0] = 1552
 scopes pcs     [0x000001d12baf36e0,0x000001d12baf38f0] = 528
 dependencies   [0x000001d12baf38f0,0x000001d12baf3928] = 56
 handler table  [0x000001d12baf3928,0x000001d12baf3958] = 48
 nul chk table  [0x000001d12baf3958,0x000001d12baf39b0] = 88

[Constant Pool (empty)]

[MachCode]
[Entry Point]
  # {method} {0x000001d13c718a58} 'getGlobalPosition' '()Lgodot/core/Vector2;' in 'godot/api/Node2D'
  #           [sp+0x50]  (sp of caller)
  0x000001d12baf27c0: 448b 5208 | 49bb 0000 | 0080 d101 | 0000 4d03 | d349 3bc2 

  0x000001d12baf27d4: ;   {runtime_call ic_miss_stub}
  0x000001d12baf27d4: 0f85 a6bf | 84ff 6690 | 0f1f 4000 
[Verified Entry Point]
  0x000001d12baf27e0: 8984 2400 | 80ff ff55 | 4883 ec40 | 4181 7f20 | 0300 0000 | 0f85 b206 | 0000 488b 

  0x000001d12baf27fc: ;   {oop(a 'kotlin/reflect/KProperty'[1] {0x0000000704a001d0})}
  0x000001d12baf27fc: fa49 bad0 | 01a0 0407 | 0000 0045 | 8b5a 1045 | 85db 0f84 | 7004 0000 

  0x000001d12baf2814: ;   {oop(a 'godot/common/util/ThreadLocalDelegate'{0x0000000704a001e8})}
  0x000001d12baf2814: 49ba e801 | a004 0700 | 0000 418b | 6a10 458b 

  0x000001d12baf2824: ;   {metadata('java/lang/ThreadLocal$SuppliedThreadLocal')}
  0x000001d12baf2824: 5cec 0841 | 81fb 683f | 0401 0f85 | b402 0000 | 498d 1cec | 4d8b 9788 | 0300 0049 | 8b0a 448b 
  0x000001d12baf2844: 494c 478b | 5ccc 1447 | 8b44 dc0c | 458d 50ff | 4423 530c | 4585 c00f | 869f 0200 | 0049 c1e3 
  0x000001d12baf2864: 0347 8b44 | 9310 438b | 54c4 0c4c | 8bda 49c1 | e303 4c3b | db0f 85b1 | 0200 0043 | 8b6c c41c 
  0x000001d12baf2884: ; implicit exception: dispatches to 0x000001d12baf2d98
  0x000001d12baf2884: 458b 54ec 

  0x000001d12baf2888: ;   {metadata('java/nio/DirectByteBuffer')}
  0x000001d12baf2888: 0841 81fa | 780b 1c00 | 0f85 ae04 | 0000 4d8d | 14ec 418b | 6a1c 41c7 | 420c ffff | ffff 4589 
  0x000001d12baf28a8: 6218 83fd | 040f 8ced | 0300 0041 | c742 1804 | 0000 0045 | 8b5a 244d | 8b4a 1045 | 85db 0f85 
  0x000001d12baf28c8: 9c02 0000 | 410f b66a | 2d85 ed0f | 8543 0300 | 0048 890c | 244c 8b47 | 104d 8bd1 | 4589 2249 
  0x000001d12baf28e8: b960 6832 | 19d1 0100 

  0x000001d12baf28f0: ;   {oop(a 'godot/core/VariantParser$VECTOR2'{0x0000000704a11798})}
  0x000001d12baf28f0: 0049 ba98 | 17a1 0407 | 0000 0041 

  0x000001d12baf28fc: ;   {oop(a 'godot/internal/memory/TransferContext'{0x0000000704a00200})}
  0x000001d12baf28fc: 8b7a 1848 | ba00 02a0 | 0407 0000 

  0x000001d12baf2908: ;   {optimized virtual_call}
  0x000001d12baf2908: 0066 90e8 

  0x000001d12baf290c: ; ImmutableOopMap {[0]=Oop }
                      ;*invokespecial icall {reexecute=0 rethrow=0 return_oop=0}
                      ; - godot.internal.memory.TransferContext::callMethod@17 (line 79)
                      ; - godot.api.Node2D::getGlobalPosition@29 (line 476)
  0x000001d12baf290c: b0b7 fcff 

  0x000001d12baf2910: ;   {other}
  0x000001d12baf2910: 0f1f 8400 | 8003 0000 

  0x000001d12baf2918: ;   {oop(a 'kotlin/reflect/KProperty'[1] {0x0000000704a001d0})}
  0x000001d12baf2918: 49ba d001 | a004 0700 | 0000 418b | 6a10 85ed | 0f84 9203 

  0x000001d12baf292c: ;   {oop(a 'godot/common/util/ThreadLocalDelegate'{0x0000000704a001e8})}
  0x000001d12baf292c: 0000 49ba | e801 a004 | 0700 0000 | 458b 5210 

  0x000001d12baf293c: ; implicit exception: dispatches to 0x000001d12baf2db0
  0x000001d12baf293c: 478b 5cd4 

  0x000001d12baf2940: ;   {metadata('java/lang/ThreadLocal$SuppliedThreadLocal')}
  0x000001d12baf2940: 0841 81fb | 683f 0401 | 0f85 4602 | 0000 4c8b | 0424 418b | 484c 4b8d | 1cd4 458b | 5ccc 1447 
  0x000001d12baf2960: 8b54 dc0c | 458d 4aff | 4423 4b0c | 4585 d20f | 8637 0200 | 004f 8d14 | dc43 8b6c | 8a10 458b 
  0x000001d12baf2980: 5cec 0c4d | 8bd3 49c1 | e203 4c3b | d30f 8541 | 0200 0041 | 8b6c ec1c 

  0x000001d12baf2998: ; implicit exception: dispatches to 0x000001d12baf2dd8
  0x000001d12baf2998: 458b 54ec 

  0x000001d12baf299c: ;   {metadata('java/nio/DirectByteBuffer')}
  0x000001d12baf299c: 0841 81fa | 780b 1c00 | 0f85 b203 | 0000 4d8d | 04ec 458b | 501c 41c7 | 400c ffff | ffff 4589 
  0x000001d12baf29bc: 6018 4183 | fa04 0f8c | 0c03 0000 | 41c7 4018 | 0400 0000 | 458b 5824 | 4d8b 4810 | 4c89 4c24 
  0x000001d12baf29dc: 1045 85db | 0f85 1602 | 0000 450f | b658 2d45 | 8b09 4585 | db0f 854d 

  0x000001d12baf29f4: ;   {oop(a 'godot/core/VariantParser$VECTOR2'{0x0000000704a11798})}
  0x000001d12baf29f4: 0200 0049 | bb98 17a1 | 0407 0000 | 0041 8b6b | 1844 3bcd | 0f85 5e02 | 0000 498b | 87b8 0100 
  0x000001d12baf2a14: 004c 8bd8 | 4983 c320 | 4d3b 9fc8 | 0100 000f | 8395 0000 | 004d 899f | b801 0000 | 410f 0d8b 
  0x000001d12baf2a34: c000 0000 | 48c7 0001 

  0x000001d12baf2a3c: ;   {metadata('godot/core/Vector2')}
  0x000001d12baf2a3c: 0000 00c7 | 4008 1084 | 0201 4489 | 600c 4c89 | 6010 4c89 | 6018 418d | 6afc 83fd | 040f 8c95 
  0x000001d12baf2a5c: 0200 004c | 8b5c 2410 | 458b 5b04 | 41c7 4018 | 0800 0000 | 4183 c2f8 | c4c1 796e | c3c5 fa5a 
  0x000001d12baf2a7c: c041 83fa | 040f 8c91 | 0200 00c5 | fb11 4010 | 41c7 4018 | 0c00 0000 | 4c8b 5424 | 1045 8b52 
  0x000001d12baf2a9c: 08c4 c179 | 6eca c5fa | 5ac1 c5fb | 1140 1848 | 83c4 405d 

  0x000001d12baf2ab0: ;   {poll_return}
  0x000001d12baf2ab0: 493b a750 | 0400 000f | 87d9 0300 | 00c3 4489 | 1424 498b 

  0x000001d12baf2ac4: ;   {metadata('godot/core/Vector2')}
  0x000001d12baf2ac4: e848 ba10 | 8402 81d1 

  0x000001d12baf2acc: ;   {runtime_call _new_instance_Java}
  0x000001d12baf2acc: 0100 00e8 

  0x000001d12baf2ad0: ; ImmutableOopMap {rbp=Oop }
                      ;*new {reexecute=0 rethrow=0 return_oop=1}
                      ; - godot.core.VariantKt::getVector2@0 (line 19)
                      ; - godot.core.VariantKt::access$getVector2@1 (line 1)
                      ; - godot.core.VariantParser$VECTOR2::toUnsafeKotlin@7 (line 176)
                      ; - godot.core.VariantParser$VECTOR2::toUnsafeKotlin@2 (line 175)
                      ; - godot.core.VariantParser::toKotlin@21 (line 479)
                      ; - godot.internal.memory.TransferContext::readReturnValue@20 (line 75)
                      ; - godot.api.Node2D::getGlobalPosition@41 (line 477)
  0x000001d12baf2ad0: 2c93 91ff 

  0x000001d12baf2ad4: ;   {other}
  0x000001d12baf2ad4: 0f1f 8400 | 4405 0001 | 4c8b c544 | 8b14 24e9 | 6aff ffff | bade ffff | ff48 893c 

  0x000001d12baf2af0: ;   {runtime_call UncommonTrapBlob}
  0x000001d12baf2af0: 2466 90e8 

  0x000001d12baf2af4: ; ImmutableOopMap {rbp=NarrowOop [0]=Oop }
                      ;*invokevirtual get {reexecute=0 rethrow=0 return_oop=0}
                      ; - godot.common.util.ThreadLocalDelegate::getValue@10 (line 7)
                      ; - godot.internal.memory.TransferContext::getBuffer@9 (line 28)
                      ; - godot.internal.memory.TransferContext::writeArguments@7 (line 34)
                      ; - godot.api.Node2D::getGlobalPosition@7 (line 475)
  0x000001d12baf2af4: 081b 85ff 

  0x000001d12baf2af8: ;   {other}
  0x000001d12baf2af8: 0f1f 8400 | 6805 0002 | bae4 ffff | ff48 8bef | 4889 4c24 | 0844 894c | 2410 4889 | 5c24 1844 
  0x000001d12baf2b18: 895c 2420 | 4489 5424 

  0x000001d12baf2b20: ;   {runtime_call UncommonTrapBlob}
  0x000001d12baf2b20: 2466 90e8 

  0x000001d12baf2b24: ; ImmutableOopMap {rbp=Oop [8]=Oop [16]=NarrowOop [24]=Oop [32]=NarrowOop }
                      ;*aaload {reexecute=0 rethrow=0 return_oop=0}
                      ; - java.lang.ThreadLocal$ThreadLocalMap::getEntry@18 (line 500)
                      ; - java.lang.ThreadLocal::get@12 (line 187)
                      ; - java.lang.ThreadLocal::get@4 (line 172)
                      ; - godot.common.util.ThreadLocalDelegate::getValue@10 (line 7)
                      ; - godot.internal.memory.TransferContext::getBuffer@9 (line 28)
                      ; - godot.internal.memory.TransferContext::writeArguments@7 (line 34)
                      ; - godot.api.Node2D::getGlobalPosition@7 (line 475)
  0x000001d12baf2b24: d81a 85ff 

  0x000001d12baf2b28: ;   {other}
  0x000001d12baf2b28: 0f1f 8400 | 9805 0003 | ba45 ffff | ff33 ed4c | 3bdb 400f | 94c5 4889 | 3c24 4889 | 4c24 1044 
  0x000001d12baf2b48: 894c 2418 | 4889 5c24 | 2044 8954 | 241c 4489 

  0x000001d12baf2b58: ;   {runtime_call UncommonTrapBlob}
  0x000001d12baf2b58: 4424 28e8 

  0x000001d12baf2b5c: ; ImmutableOopMap {[0]=Oop [16]=Oop [24]=NarrowOop [32]=Oop [40]=NarrowOop }
                      ;*ifeq {reexecute=1 rethrow=0 return_oop=0}
                      ; - (reexecute) java.lang.ThreadLocal$ThreadLocalMap::getEntry@29 (line 501)
                      ; - java.lang.ThreadLocal::get@12 (line 187)
                      ; - java.lang.ThreadLocal::get@4 (line 172)
                      ; - godot.common.util.ThreadLocalDelegate::getValue@10 (line 7)
                      ; - godot.internal.memory.TransferContext::getBuffer@9 (line 28)
                      ; - godot.internal.memory.TransferContext::writeArguments@7 (line 34)
                      ; - godot.api.Node2D::getGlobalPosition@7 (line 475)
  0x000001d12baf2b5c: a01a 85ff 

  0x000001d12baf2b60: ;   {other}
  0x000001d12baf2b60: 0f1f 8400 | d005 0004 | baec ffff | ff48 8bef | 4c89 5424 | 084c 8954 | 2410 4c89 | 4c24 1844 
  0x000001d12baf2b80: 895c 2428 

  0x000001d12baf2b84: ;   {runtime_call UncommonTrapBlob}
  0x000001d12baf2b84: 6666 90e8 

  0x000001d12baf2b88: ; ImmutableOopMap {rbp=Oop [8]=Oop [16]=Oop [40]=NarrowOop }
                      ;*ifnull {reexecute=1 rethrow=0 return_oop=0}
                      ; - (reexecute) java.nio.Buffer::session@4 (line 792)
                      ; - java.nio.DirectByteBuffer::putInt@7 (line 773)
                      ; - java.nio.DirectByteBuffer::putInt@11 (line 785)
                      ; - godot.internal.memory.TransferContext::writeArguments@21 (line 36)
                      ; - godot.api.Node2D::getGlobalPosition@7 (line 475)
  0x000001d12baf2b88: 741a 85ff 

  0x000001d12baf2b8c: ;   {other}
  0x000001d12baf2b8c: 0f1f 8400 | fc05 0005 | bade ffff | ff41 8bea 

  0x000001d12baf2b9c: ;   {runtime_call UncommonTrapBlob}
  0x000001d12baf2b9c: 6666 90e8 

  0x000001d12baf2ba0: ; ImmutableOopMap {rbp=NarrowOop }
                      ;*invokevirtual get {reexecute=0 rethrow=0 return_oop=0}
                      ; - godot.common.util.ThreadLocalDelegate::getValue@10 (line 7)
                      ; - godot.internal.memory.TransferContext::getBuffer@9 (line 28)
                      ; - godot.internal.memory.TransferContext::readReturnValue@7 (line 73)
                      ; - godot.api.Node2D::getGlobalPosition@41 (line 477)
  0x000001d12baf2ba0: 5c1a 85ff 

  0x000001d12baf2ba4: ;   {other}
  0x000001d12baf2ba4: 0f1f 8400 | 1406 0006 | bae4 ffff | ff89 4c24 | 0848 895c | 2410 4489 | 5c24 1844 | 894c 241c 
  0x000001d12baf2bc4: ;   {runtime_call UncommonTrapBlob}
  0x000001d12baf2bc4: 6666 90e8 

  0x000001d12baf2bc8: ; ImmutableOopMap {[0]=Oop [8]=NarrowOop [16]=Oop [24]=NarrowOop }
                      ;*aaload {reexecute=0 rethrow=0 return_oop=0}
                      ; - java.lang.ThreadLocal$ThreadLocalMap::getEntry@18 (line 500)
                      ; - java.lang.ThreadLocal::get@12 (line 187)
                      ; - java.lang.ThreadLocal::get@4 (line 172)
                      ; - godot.common.util.ThreadLocalDelegate::getValue@10 (line 7)
                      ; - godot.internal.memory.TransferContext::getBuffer@9 (line 28)
                      ; - godot.internal.memory.TransferContext::readReturnValue@7 (line 73)
                      ; - godot.api.Node2D::getGlobalPosition@41 (line 477)
  0x000001d12baf2bc8: 341a 85ff 

  0x000001d12baf2bcc: ;   {other}
  0x000001d12baf2bcc: 0f1f 8400 | 3c06 0007 | ba45 ffff | ff4c 8944 | 2408 894c | 2410 4889 | 5c24 1844 | 894c 2414 
  0x000001d12baf2bec: ;   {runtime_call UncommonTrapBlob}
  0x000001d12baf2bec: 6666 90e8 

  0x000001d12baf2bf0: ; ImmutableOopMap {rbp=NarrowOop [8]=Oop [16]=NarrowOop [24]=Oop }
                      ;*ifeq {reexecute=1 rethrow=0 return_oop=0}
                      ; - (reexecute) java.lang.ThreadLocal$ThreadLocalMap::getEntry@29 (line 501)
                      ; - java.lang.ThreadLocal::get@12 (line 187)
                      ; - java.lang.ThreadLocal::get@4 (line 172)
                      ; - godot.common.util.ThreadLocalDelegate::getValue@10 (line 7)
                      ; - godot.internal.memory.TransferContext::getBuffer@9 (line 28)
                      ; - godot.internal.memory.TransferContext::readReturnValue@7 (line 73)
                      ; - godot.api.Node2D::getGlobalPosition@41 (line 477)
  0x000001d12baf2bf0: 0c1a 85ff 

  0x000001d12baf2bf4: ;   {other}
  0x000001d12baf2bf4: 0f1f 8400 | 6406 0008 | baec ffff | ff4c 8904 | 244c 8944 | 2408 4489 

  0x000001d12baf2c0c: ;   {runtime_call UncommonTrapBlob}
  0x000001d12baf2c0c: 5c24 20e8 

  0x000001d12baf2c10: ; ImmutableOopMap {[0]=Oop [8]=Oop [32]=NarrowOop }
                      ;*ifnull {reexecute=1 rethrow=0 return_oop=0}
                      ; - (reexecute) java.nio.Buffer::session@4 (line 792)
                      ; - java.nio.DirectByteBuffer::getInt@4 (line 744)
                      ; - java.nio.DirectByteBuffer::getInt@10 (line 753)
                      ; - godot.core.VariantKt::getVariantType@1 (line 104)
                      ; - godot.core.VariantKt::access$getVariantType@1 (line 1)
                      ; - godot.core.VariantParser::toKotlin@7 (line 477)
                      ; - godot.internal.memory.TransferContext::readReturnValue@20 (line 75)
                      ; - godot.api.Node2D::getGlobalPosition@41 (line 477)
  0x000001d12baf2c10: ec19 85ff 

  0x000001d12baf2c14: ;   {other}
  0x000001d12baf2c14: 0f1f 8400 | 8406 0009 | ba45 ffff | ff48 893c | 244c 8954 | 2410 4c89 | 5424 184c | 894c 2420 
  0x000001d12baf2c34: ;   {runtime_call UncommonTrapBlob}
  0x000001d12baf2c34: 6666 90e8 

  0x000001d12baf2c38: ; ImmutableOopMap {[0]=Oop [16]=Oop [24]=Oop }
                      ;*if_icmpne {reexecute=1 rethrow=0 return_oop=0}
                      ; - (reexecute) jdk.internal.misc.Unsafe::convEndian@4 (line 3818)
                      ; - jdk.internal.misc.Unsafe::putIntUnaligned@7 (line 3698)
                      ; - jdk.internal.misc.ScopedMemoryAccess::putIntUnalignedInternal@17 (line 1930)
                      ; - jdk.internal.misc.ScopedMemoryAccess::putIntUnaligned@8 (line 1918)
                      ; - java.nio.DirectByteBuffer::putInt@18 (line 773)
                      ; - java.nio.DirectByteBuffer::putInt@11 (line 785)
                      ; - godot.internal.memory.TransferContext::writeArguments@21 (line 36)
                      ; - godot.api.Node2D::getGlobalPosition@7 (line 475)
  0x000001d12baf2c38: c419 85ff 

  0x000001d12baf2c3c: ;   {other}
  0x000001d12baf2c3c: 0f1f 8400 | ac06 000a | ba45 ffff | ff4c 8904 | 244c 8944 | 2408 4489 | 4c24 1044 | 895c 2414 
  0x000001d12baf2c5c: ;   {runtime_call UncommonTrapBlob}
  0x000001d12baf2c5c: 6666 90e8 

  0x000001d12baf2c60: ; ImmutableOopMap {[0]=Oop [8]=Oop }
                      ;*if_icmpne {reexecute=1 rethrow=0 return_oop=0}
                      ; - (reexecute) jdk.internal.misc.Unsafe::convEndian@4 (line 3818)
                      ; - jdk.internal.misc.Unsafe::getIntUnaligned@8 (line 3575)
                      ; - jdk.internal.misc.ScopedMemoryAccess::getIntUnalignedInternal@15 (line 1909)
                      ; - jdk.internal.misc.ScopedMemoryAccess::getIntUnaligned@6 (line 1897)
                      ; - java.nio.DirectByteBuffer::getInt@13 (line 744)
                      ; - java.nio.DirectByteBuffer::getInt@10 (line 753)
                      ; - godot.core.VariantKt::getVariantType@1 (line 104)
                      ; - godot.core.VariantKt::access$getVariantType@1 (line 1)
                      ; - godot.core.VariantParser::toKotlin@7 (line 477)
                      ; - godot.internal.memory.TransferContext::readReturnValue@20 (line 75)
                      ; - godot.api.Node2D::getGlobalPosition@41 (line 477)
  0x000001d12baf2c60: 9c19 85ff 

  0x000001d12baf2c64: ;   {other}
  0x000001d12baf2c64: 0f1f 8400 | d406 000b | ba45 ffff | ff44 894c 

  0x000001d12baf2c74: ;   {runtime_call UncommonTrapBlob}
  0x000001d12baf2c74: 2404 90e8 

  0x000001d12baf2c78: ; ImmutableOopMap {}
                      ;*if_icmpne {reexecute=1 rethrow=0 return_oop=0}
                      ; - (reexecute) godot.core.VariantParser::toKotlin@16 (line 478)
                      ; - godot.internal.memory.TransferContext::readReturnValue@20 (line 75)
                      ; - godot.api.Node2D::getGlobalPosition@41 (line 477)
  0x000001d12baf2c78: 8419 85ff 

  0x000001d12baf2c7c: ;   {other}
  0x000001d12baf2c7c: 0f1f 8400 | ec06 000c | ba45 ffff | ff48 8bef | 4489 1c24 

  0x000001d12baf2c90: ;   {runtime_call UncommonTrapBlob}
  0x000001d12baf2c90: 6666 90e8 

  0x000001d12baf2c94: ; ImmutableOopMap {rbp=Oop [0]=NarrowOop }
                      ;*ifnonnull {reexecute=1 rethrow=0 return_oop=0}
                      ; - (reexecute) kotlin.jvm.internal.Intrinsics::checkNotNullParameter@1 (line 130)
                      ; - godot.common.util.ThreadLocalDelegate::getValue@3
                      ; - godot.internal.memory.TransferContext::getBuffer@9 (line 28)
                      ; - godot.internal.memory.TransferContext::writeArguments@7 (line 34)
                      ; - godot.api.Node2D::getGlobalPosition@7 (line 475)
  0x000001d12baf2c94: 6819 85ff 

  0x000001d12baf2c98: ;   {other}
  0x000001d12baf2c98: 0f1f 8400 | 0807 000d | ba45 ffff | ff48 893c | 244c 8954 | 2410 4c89 

  0x000001d12baf2cb0: ;   {runtime_call UncommonTrapBlob}
  0x000001d12baf2cb0: 5424 18e8 

  0x000001d12baf2cb4: ; ImmutableOopMap {[0]=Oop [16]=Oop [24]=Oop }
                      ;*if_icmpge {reexecute=1 rethrow=0 return_oop=0}
                      ; - (reexecute) java.nio.Buffer::nextPutIndex@12 (line 743)
                      ; - java.nio.DirectByteBuffer::putInt@4 (line 785)
                      ; - godot.internal.memory.TransferContext::writeArguments@21 (line 36)
                      ; - godot.api.Node2D::getGlobalPosition@7 (line 475)
  0x000001d12baf2cb4: 4819 85ff 

  0x000001d12baf2cb8: ;   {other}
  0x000001d12baf2cb8: 0f1f 8400 | 2807 000e | ba45 ffff 

  0x000001d12baf2cc4: ;   {runtime_call UncommonTrapBlob}
  0x000001d12baf2cc4: ff66 90e8 

  0x000001d12baf2cc8: ; ImmutableOopMap {rbp=NarrowOop }
                      ;*ifnonnull {reexecute=1 rethrow=0 return_oop=0}
                      ; - (reexecute) kotlin.jvm.internal.Intrinsics::checkNotNullParameter@1 (line 130)
                      ; - godot.common.util.ThreadLocalDelegate::getValue@3
                      ; - godot.internal.memory.TransferContext::getBuffer@9 (line 28)
                      ; - godot.internal.memory.TransferContext::readReturnValue@7 (line 73)
                      ; - godot.api.Node2D::getGlobalPosition@41 (line 477)
  0x000001d12baf2cc8: 3419 85ff 

  0x000001d12baf2ccc: ;   {other}
  0x000001d12baf2ccc: 0f1f 8400 | 3c07 000f | ba45 ffff | ff4c 8904 | 244c 8944 | 2408 4489 

  0x000001d12baf2ce4: ;   {runtime_call UncommonTrapBlob}
  0x000001d12baf2ce4: 5424 18e8 

  0x000001d12baf2ce8: ; ImmutableOopMap {[0]=Oop [8]=Oop }
                      ;*if_icmpge {reexecute=1 rethrow=0 return_oop=0}
                      ; - (reexecute) java.nio.Buffer::nextGetIndex@12 (line 720)
                      ; - java.nio.DirectByteBuffer::getInt@4 (line 753)
                      ; - godot.core.VariantKt::getVariantType@1 (line 104)
                      ; - godot.core.VariantKt::access$getVariantType@1 (line 1)
                      ; - godot.core.VariantParser::toKotlin@7 (line 477)
                      ; - godot.internal.memory.TransferContext::readReturnValue@20 (line 75)
                      ; - godot.api.Node2D::getGlobalPosition@41 (line 477)
  0x000001d12baf2ce8: 1419 85ff 

  0x000001d12baf2cec: ;   {other}
  0x000001d12baf2cec: 0f1f 8400 | 5c07 0010 | ba45 ffff | ff48 8944 | 2410 4c89 | 4424 184c | 8944 2420 

  0x000001d12baf2d08: ;   {runtime_call UncommonTrapBlob}
  0x000001d12baf2d08: 6666 90e8 

  0x000001d12baf2d0c: ; ImmutableOopMap {[16]=Oop [24]=Oop [32]=Oop }
                      ;*if_icmpge {reexecute=1 rethrow=0 return_oop=0}
                      ; - (reexecute) java.nio.Buffer::nextGetIndex@12 (line 720)
                      ; - java.nio.DirectByteBuffer::getFloat@4 (line 953)
                      ; - godot.core.VariantKt::getVector2@5 (line 19)
                      ; - godot.core.VariantKt::access$getVector2@1 (line 1)
                      ; - godot.core.VariantParser$VECTOR2::toUnsafeKotlin@7 (line 176)
                      ; - godot.core.VariantParser$VECTOR2::toUnsafeKotlin@2 (line 175)
                      ; - godot.core.VariantParser::toKotlin@21 (line 479)
                      ; - godot.internal.memory.TransferContext::readReturnValue@20 (line 75)
                      ; - godot.api.Node2D::getGlobalPosition@41 (line 477)
  0x000001d12baf2d0c: f018 85ff 

  0x000001d12baf2d10: ;   {other}
  0x000001d12baf2d10: 0f1f 8400 | 8007 0011 | ba45 ffff | ff48 8904 | 24c5 fb11 | 4424 084c | 8944 2418 | 4c89 4424 
  0x000001d12baf2d30: 2044 8954 

  0x000001d12baf2d34: ;   {runtime_call UncommonTrapBlob}
  0x000001d12baf2d34: 2428 90e8 

  0x000001d12baf2d38: ; ImmutableOopMap {[0]=Oop [24]=Oop [32]=Oop }
                      ;*if_icmpge {reexecute=1 rethrow=0 return_oop=0}
                      ; - (reexecute) java.nio.Buffer::nextGetIndex@12 (line 720)
                      ; - java.nio.DirectByteBuffer::getFloat@4 (line 953)
                      ; - godot.core.VariantKt::getVector2@14 (line 19)
                      ; - godot.core.VariantKt::access$getVector2@1 (line 1)
                      ; - godot.core.VariantParser$VECTOR2::toUnsafeKotlin@7 (line 176)
                      ; - godot.core.VariantParser$VECTOR2::toUnsafeKotlin@2 (line 175)
                      ; - godot.core.VariantParser::toKotlin@21 (line 479)
                      ; - godot.internal.memory.TransferContext::readReturnValue@20 (line 75)
                      ; - godot.api.Node2D::getGlobalPosition@41 (line 477)
  0x000001d12baf2d38: c418 85ff 

  0x000001d12baf2d3c: ;   {other}
  0x000001d12baf2d3c: 0f1f 8400 | ac07 0012 | bade ffff | ff48 893c 

  0x000001d12baf2d4c: ;   {runtime_call UncommonTrapBlob}
  0x000001d12baf2d4c: 2466 90e8 

  0x000001d12baf2d50: ; ImmutableOopMap {rbp=NarrowOop [0]=Oop }
                      ;*checkcast {reexecute=0 rethrow=0 return_oop=0}
                      ; - godot.internal.memory.TransferContext::getBuffer@12 (line 28)
                      ; - godot.internal.memory.TransferContext::writeArguments@7 (line 34)
                      ; - godot.api.Node2D::getGlobalPosition@7 (line 475)
  0x000001d12baf2d50: ac18 85ff 

  0x000001d12baf2d54: ;   {other}
  0x000001d12baf2d54: 0f1f 8400 | c407 0013 | bade ffff 

  0x000001d12baf2d60: ;   {runtime_call UncommonTrapBlob}
  0x000001d12baf2d60: ff66 90e8 

  0x000001d12baf2d64: ; ImmutableOopMap {rbp=NarrowOop }
                      ;*checkcast {reexecute=0 rethrow=0 return_oop=0}
                      ; - godot.internal.memory.TransferContext::getBuffer@12 (line 28)
                      ; - godot.internal.memory.TransferContext::readReturnValue@7 (line 73)
                      ; - godot.api.Node2D::getGlobalPosition@41 (line 477)
  0x000001d12baf2d64: 9818 85ff 

  0x000001d12baf2d68: ;   {other}
  0x000001d12baf2d68: 0f1f 8400 | d807 0014 | baf6 ffff 

  0x000001d12baf2d74: ;   {runtime_call UncommonTrapBlob}
  0x000001d12baf2d74: ff66 90e8 

  0x000001d12baf2d78: ; ImmutableOopMap {}
                      ;*invokevirtual get {reexecute=0 rethrow=0 return_oop=0}
                      ; - godot.common.util.ThreadLocalDelegate::getValue@10 (line 7)
                      ; - godot.internal.memory.TransferContext::getBuffer@9 (line 28)
                      ; - godot.internal.memory.TransferContext::writeArguments@7 (line 34)
                      ; - godot.api.Node2D::getGlobalPosition@7 (line 475)
  0x000001d12baf2d78: 8418 85ff 

  0x000001d12baf2d7c: ;   {other}
  0x000001d12baf2d7c: 0f1f 8400 | ec07 0015 | baf6 ffff 

  0x000001d12baf2d88: ;   {runtime_call UncommonTrapBlob}
  0x000001d12baf2d88: ff66 90e8 

  0x000001d12baf2d8c: ; ImmutableOopMap {}
                      ;*arraylength {reexecute=0 rethrow=0 return_oop=0}
                      ; - java.lang.ThreadLocal$ThreadLocalMap::getEntry@8 (line 499)
                      ; - java.lang.ThreadLocal::get@12 (line 187)
                      ; - java.lang.ThreadLocal::get@4 (line 172)
                      ; - godot.common.util.ThreadLocalDelegate::getValue@10 (line 7)
                      ; - godot.internal.memory.TransferContext::getBuffer@9 (line 28)
                      ; - godot.internal.memory.TransferContext::writeArguments@7 (line 34)
                      ; - godot.api.Node2D::getGlobalPosition@7 (line 475)
  0x000001d12baf2d8c: 7018 85ff 

  0x000001d12baf2d90: ;   {other}
  0x000001d12baf2d90: 0f1f 8400 | 0008 0016 | baf4 ffff | ff48 8bef 

  0x000001d12baf2da0: ;   {runtime_call UncommonTrapBlob}
  0x000001d12baf2da0: 6666 90e8 

  0x000001d12baf2da4: ; ImmutableOopMap {rbp=Oop }
                      ;*checkcast {reexecute=0 rethrow=0 return_oop=0}
                      ; - godot.internal.memory.TransferContext::getBuffer@12 (line 28)
                      ; - godot.internal.memory.TransferContext::writeArguments@7 (line 34)
                      ; - godot.api.Node2D::getGlobalPosition@7 (line 475)
  0x000001d12baf2da4: 5818 85ff 

  0x000001d12baf2da8: ;   {other}
  0x000001d12baf2da8: 0f1f 8400 | 1808 0017 | baf6 ffff 

  0x000001d12baf2db4: ;   {runtime_call UncommonTrapBlob}
  0x000001d12baf2db4: ff66 90e8 

  0x000001d12baf2db8: ; ImmutableOopMap {}
                      ;*invokevirtual get {reexecute=0 rethrow=0 return_oop=0}
                      ; - godot.common.util.ThreadLocalDelegate::getValue@10 (line 7)
                      ; - godot.internal.memory.TransferContext::getBuffer@9 (line 28)
                      ; - godot.internal.memory.TransferContext::readReturnValue@7 (line 73)
                      ; - godot.api.Node2D::getGlobalPosition@41 (line 477)
  0x000001d12baf2db8: 4418 85ff 

  0x000001d12baf2dbc: ;   {other}
  0x000001d12baf2dbc: 0f1f 8400 | 2c08 0018 | baf6 ffff 

  0x000001d12baf2dc8: ;   {runtime_call UncommonTrapBlob}
  0x000001d12baf2dc8: ff66 90e8 

  0x000001d12baf2dcc: ; ImmutableOopMap {}
                      ;*arraylength {reexecute=0 rethrow=0 return_oop=0}
                      ; - java.lang.ThreadLocal$ThreadLocalMap::getEntry@8 (line 499)
                      ; - java.lang.ThreadLocal::get@12 (line 187)
                      ; - java.lang.ThreadLocal::get@4 (line 172)
                      ; - godot.common.util.ThreadLocalDelegate::getValue@10 (line 7)
                      ; - godot.internal.memory.TransferContext::getBuffer@9 (line 28)
                      ; - godot.internal.memory.TransferContext::readReturnValue@7 (line 73)
                      ; - godot.api.Node2D::getGlobalPosition@41 (line 477)
  0x000001d12baf2dcc: 3018 85ff 

  0x000001d12baf2dd0: ;   {other}
  0x000001d12baf2dd0: 0f1f 8400 | 4008 0019 | baf4 ffff 

  0x000001d12baf2ddc: ;   {runtime_call UncommonTrapBlob}
  0x000001d12baf2ddc: ff66 90e8 

  0x000001d12baf2de0: ; ImmutableOopMap {}
                      ;*checkcast {reexecute=0 rethrow=0 return_oop=0}
                      ; - godot.internal.memory.TransferContext::getBuffer@12 (line 28)
                      ; - godot.internal.memory.TransferContext::readReturnValue@7 (line 73)
                      ; - godot.api.Node2D::getGlobalPosition@41 (line 477)
  0x000001d12baf2de0: 1c18 85ff 

  0x000001d12baf2de4: ;   {other}
  0x000001d12baf2de4: 0f1f 8400 | 5408 001a | ba45 ffff | ff48 8bef | 4889 1c24 | 4889 4c24 | 0844 894c 

  0x000001d12baf2e00: ;   {runtime_call UncommonTrapBlob}
  0x000001d12baf2e00: 2414 90e8 

  0x000001d12baf2e04: ; ImmutableOopMap {rbp=Oop [0]=Oop [8]=Oop [20]=NarrowOop }
                      ;*ifnull {reexecute=1 rethrow=0 return_oop=0}
                      ; - (reexecute) java.lang.ThreadLocal::get@7 (line 186)
                      ; - java.lang.ThreadLocal::get@4 (line 172)
                      ; - godot.common.util.ThreadLocalDelegate::getValue@10 (line 7)
                      ; - godot.internal.memory.TransferContext::getBuffer@9 (line 28)
                      ; - godot.internal.memory.TransferContext::writeArguments@7 (line 34)
                      ; - godot.api.Node2D::getGlobalPosition@7 (line 475)
  0x000001d12baf2e04: f817 85ff 

  0x000001d12baf2e08: ;   {other}
  0x000001d12baf2e08: 0f1f 8400 | 7808 001b | ba45 ffff | ff48 8bef | 4889 4c24 | 0844 894c | 2410 4889 | 5c24 1844 
  0x000001d12baf2e28: 8954 2414 | 4489 4424 

  0x000001d12baf2e30: ;   {runtime_call UncommonTrapBlob}
  0x000001d12baf2e30: 2466 90e8 

  0x000001d12baf2e34: ; ImmutableOopMap {rbp=Oop [8]=Oop [16]=NarrowOop [24]=Oop [36]=NarrowOop }
                      ;*ifnull {reexecute=1 rethrow=0 return_oop=0}
                      ; - (reexecute) java.lang.ThreadLocal$ThreadLocalMap::getEntry@21 (line 501)
                      ; - java.lang.ThreadLocal::get@12 (line 187)
                      ; - java.lang.ThreadLocal::get@4 (line 172)
                      ; - godot.common.util.ThreadLocalDelegate::getValue@10 (line 7)
                      ; - godot.internal.memory.TransferContext::getBuffer@9 (line 28)
                      ; - godot.internal.memory.TransferContext::writeArguments@7 (line 34)
                      ; - godot.api.Node2D::getGlobalPosition@7 (line 475)
  0x000001d12baf2e34: c817 85ff 

  0x000001d12baf2e38: ;   {other}
  0x000001d12baf2e38: 0f1f 8400 | a808 001c | ba45 ffff | ff48 8beb | 894c 240c 

  0x000001d12baf2e4c: ;   {runtime_call UncommonTrapBlob}
  0x000001d12baf2e4c: 6666 90e8 

  0x000001d12baf2e50: ; ImmutableOopMap {rbp=Oop [0]=Oop [12]=NarrowOop }
                      ;*ifnull {reexecute=1 rethrow=0 return_oop=0}
                      ; - (reexecute) java.lang.ThreadLocal::get@7 (line 186)
                      ; - java.lang.ThreadLocal::get@4 (line 172)
                      ; - godot.common.util.ThreadLocalDelegate::getValue@10 (line 7)
                      ; - godot.internal.memory.TransferContext::getBuffer@9 (line 28)
                      ; - godot.internal.memory.TransferContext::readReturnValue@7 (line 73)
                      ; - godot.api.Node2D::getGlobalPosition@41 (line 477)
  0x000001d12baf2e50: ac17 85ff 

  0x000001d12baf2e54: ;   {other}
  0x000001d12baf2e54: 0f1f 8400 | c408 001d | ba45 ffff | ff4c 8944 | 2408 894c | 2410 4889 | 5c24 1844 | 894c 2414 
  0x000001d12baf2e74: ;   {runtime_call UncommonTrapBlob}
  0x000001d12baf2e74: 6666 90e8 

  0x000001d12baf2e78: ; ImmutableOopMap {rbp=NarrowOop [8]=Oop [16]=NarrowOop [24]=Oop }
                      ;*ifnull {reexecute=1 rethrow=0 return_oop=0}
                      ; - (reexecute) java.lang.ThreadLocal$ThreadLocalMap::getEntry@21 (line 501)
                      ; - java.lang.ThreadLocal::get@12 (line 187)
                      ; - java.lang.ThreadLocal::get@4 (line 172)
                      ; - godot.common.util.ThreadLocalDelegate::getValue@10 (line 7)
                      ; - godot.internal.memory.TransferContext::getBuffer@9 (line 28)
                      ; - godot.internal.memory.TransferContext::readReturnValue@7 (line 73)
                      ; - godot.api.Node2D::getGlobalPosition@41 (line 477)
  0x000001d12baf2e78: 8417 85ff 

  0x000001d12baf2e7c: ;   {other}
  0x000001d12baf2e7c: 0f1f 8400 | ec08 001e | 488b d0eb | 0348 8bd0 | 4883 c440 

  0x000001d12baf2e90: ;   {runtime_call _rethrow_Java}
  0x000001d12baf2e90: 5de9 6adb 

  0x000001d12baf2e94: ;   {internal_word}
  0x000001d12baf2e94: 91ff 49ba | b02a af2b | d101 0000 | 4d89 9768 

  0x000001d12baf2ea4: ;   {runtime_call SafepointBlob}
  0x000001d12baf2ea4: 0400 00e9 | 5428 85ff 

  0x000001d12baf2eac: ;   {runtime_call StubRoutines (final stubs)}
  0x000001d12baf2eac: e8af 1e83 | ffe9 44f9 | ffff f4f4 
[Stub Code]
  0x000001d12baf2eb8: ;   {no_reloc}
  0x000001d12baf2eb8: 48bb 0000 | 0000 0000 

  0x000001d12baf2ec0: ;   {runtime_call}
  0x000001d12baf2ec0: 0000 e9fb 

  0x000001d12baf2ec4: ;   {runtime_call ExceptionBlob}
  0x000001d12baf2ec4: ffff ffe9 | b498 91ff 
[Deopt Handler Code]
  0x000001d12baf2ecc: e800 0000 | 0048 832c 

  0x000001d12baf2ed4: ;   {runtime_call DeoptimizationBlob}
  0x000001d12baf2ed4: 2405 e9c5 | 1a85 fff4 | f4f4 f4f4 
[/MachCode]


Compiled method (c2)   18728 1523       4       godot.entry.WeaponRegistrar$register$1$1$2::invoke (19 bytes)
 total in heap  [0x000001d12bae6090,0x000001d12baecf40] = 28336
 relocation     [0x000001d12bae61f0,0x000001d12bae66d8] = 1256
 constants      [0x000001d12bae66e0,0x000001d12bae6700] = 32
 main code      [0x000001d12bae6700,0x000001d12bae9180] = 10880
 stub code      [0x000001d12bae9180,0x000001d12bae9240] = 192
 oops           [0x000001d12bae9240,0x000001d12bae92a8] = 104
 metadata       [0x000001d12bae92a8,0x000001d12bae9580] = 728
 scopes data    [0x000001d12bae9580,0x000001d12baebd88] = 10248
 scopes pcs     [0x000001d12baebd88,0x000001d12baeca48] = 3264
 dependencies   [0x000001d12baeca48,0x000001d12baecad8] = 144
 handler table  [0x000001d12baecad8,0x000001d12baecd58] = 640
 nul chk table  [0x000001d12baecd58,0x000001d12baecf40] = 488


[Constant Pool]
             Address          hex4                    hex8      
  0x000001d12bae66e0:   0x54442d18      0x3ff921fb54442d18      
  0x000001d12bae66e4:   0x3ff921fb                              
  0x000001d12bae66e8:   0x54442d18      0x400921fb54442d18      
  0x000001d12bae66ec:   0x400921fb                              
  0x000001d12bae66f0:   0xf4f4f4f4      0xf4f4f4f4f4f4f4f4      
  0x000001d12bae66f4:   0xf4f4f4f4                              
  0x000001d12bae66f8:   0xf4f4f4f4      0xf4f4f4f4f4f4f4f4      
  0x000001d12bae66fc:   0xf4f4f4f4                              

[MachCode]
[Entry Point]
  # {method} {0x000001d13d7e0ee0} 'invoke' '(Ljava/lang/Object;Ljava/lang/Object;)Ljava/lang/Object;' in 'godot/entry/WeaponRegistrar$register$1$1$2'
  # this:     rdx:rdx   = 'godot/entry/WeaponRegistrar$register$1$1$2'
  # parm0:    r8:r8     = 'java/lang/Object'
  # parm1:    r9:r9     = 'java/lang/Object'
  #           [sp+0x80]  (sp of caller)
  0x000001d12bae6700: ;   {no_reloc}
  0x000001d12bae6700: 448b 5208 | 49bb 0000 | 0080 d101 | 0000 4d03 | d349 3bc2 

  0x000001d12bae6714: ;   {runtime_call ic_miss_stub}
  0x000001d12bae6714: 0f85 6680 | 85ff 6690 | 0f1f 4000 
[Verified Entry Point]
  0x000001d12bae6720: 8984 2400 | 80ff ff55 | 4883 ec70 | 4181 7f20 | 0300 0000 | 0f85 382a | 0000 4c8b | da41 8b48 
  0x000001d12bae6740: ;   {metadata('game/items/weapons/Weapon')}
  0x000001d12bae6740: 0881 f9f8 | 8e24 010f | 8597 2000 | 004d 8bd0 

  0x000001d12bae6750: ; implicit exception: dispatches to 0x000001d12bae89b8
  0x000001d12bae6750: 418b 4908 

  0x000001d12bae6754: ;   {metadata('java/lang/Double')}
  0x000001d12bae6754: 81f9 c81e | 0300 0f85 | a420 0000 | 450f b642 | 0c4d 8b9f | 8803 0000 | 498b 3b45 | 85c0 0f85 
  0x000001d12bae6774: 0605 0000 | 418b 6a40 

  0x000001d12bae677c: ; implicit exception: dispatches to 0x000001d12bae8b64
  0x000001d12bae677c: 458b 44ec 

  0x000001d12bae6780: ;   {metadata('java/util/ArrayList')}
  0x000001d12bae6780: 0841 81f8 | d8a8 0b00 | 0f85 b215 | 0000 4d8d | 1cec 458b | 5b10 4585 | db0f 8573 | 0f00 0041 
  0x000001d12bae67a0: 807f 4000 | 0f85 310f | 0000 4589 | 6244 458b 

  0x000001d12bae67b0: ;   {metadata('java/util/ArrayList')}
  0x000001d12bae67b0: 5cec 0841 | 81fb d8a8 | 0b00 0f85 | 9815 0000 | 4d8d 1cec | 458b 4310 | 4585 c00f | 8581 0f00 
  0x000001d12bae67d0: ;   {oop(a 'java/lang/Class'{0x00000007056000d0} = 'game/autoloads/Global')}
  0x000001d12bae67d0: 0049 bbd0 | 0060 0507 | 0000 0045 | 8b43 7047 | 8b5c c424 | 4585 db0f | 843f 1500 

  0x000001d12bae67ec: ;   {oop(a 'kotlin/reflect/KProperty'[1] {0x0000000704a001d0})}
  0x000001d12bae67ec: 0049 b8d0 | 01a0 0407 | 0000 0041 | 8b68 1085 | ed0f 8409 

  0x000001d12bae6800: ;   {oop(a 'godot/common/util/ThreadLocalDelegate'{0x0000000704a001e8})}
  0x000001d12bae6800: 1d00 0049 | b8e8 01a0 | 0407 0000 | 0041 8b48 | 1045 8b44 

  0x000001d12bae6814: ;   {metadata('java/lang/ThreadLocal$SuppliedThreadLocal')}
  0x000001d12bae6814: cc08 4181 | f868 3f04 | 010f 85ed | 1500 0044 | 8b47 4c48 | c1e1 0343 | 8b5c c414 | 458b cb48 
  0x000001d12bae6834: 897c 2420 | 4c89 5424 | 3045 8b54 | dc0c 418d | 7aff 2379 | 0c45 85d2 | 0f86 de15 | 0000 4d8d 
  0x000001d12bae6854: 14dc 458b | 5cba 1043 | 8b5c dc0c | 48c1 e303 | 483b d90f | 85f3 1500 | 0043 8b6c | dc1c 458b 
  0x000001d12bae6874: ;   {metadata('java/nio/DirectByteBuffer')}
  0x000001d12bae6874: 54ec 0841 | 81fa 780b | 1c00 0f85 | 1420 0000 | 498d 0cec | 8b69 1cc7 | 410c ffff | ffff 4489 
  0x000001d12bae6894: 6118 83fd | 040f 8c89 | 1c00 00c7 | 4118 0400 | 0000 448b | 5124 4c8b | 5910 4585 | d20f 85e9 
  0x000001d12bae68b4: 1500 000f | b669 2d85 | ed0f 8555 

  0x000001d12bae68c0: ;   {oop(a 'godot/core/VariantParser$VECTOR2'{0x0000000704a11798})}
  0x000001d12bae68c0: 1900 0049 | ba98 17a1 | 0407 0000 | 0041 8b7a | 184f 8b44 | cc10 4d8b | d345 8922 

  0x000001d12bae68dc: ;   {oop(a 'godot/internal/memory/TransferContext'{0x0000000704a00200})}
  0x000001d12bae68dc: 48ba 0002 | a004 0700 | 0000 49b9 | 607e 3219 | d101 0000 

  0x000001d12bae68f0: ;   {optimized virtual_call}
  0x000001d12bae68f0: 6666 90e8 

  0x000001d12bae68f4: ; ImmutableOopMap {[32]=Oop [48]=Oop }
                      ;*invokespecial icall {reexecute=0 rethrow=0 return_oop=0}
                      ; - godot.internal.memory.TransferContext::callMethod@17 (line 79)
                      ; - godot.api.Node2D::getScale@29 (line 413)
                      ; - game.entity.Player::isFacingRight@4 (line 261)
                      ; - game.items.weapons.Weapon::getIdleRotation@9 (line 139)
                      ; - game.items.weapons.Weapon::getRotationToTarget@20 (line 156)
                      ; - game.items.weapons.Weapon::rotateToTarget@21 (line 177)
                      ; - game.items.weapons.Weapon::_process@32 (line 192)
                      ; - godot.entry.WeaponRegistrar$register$1$1$2::invoke@8 (line 41)
                      ; - godot.entry.WeaponRegistrar$register$1$1$2::invoke@12 (line 41)
  0x000001d12bae68f4: c877 fdff 

  0x000001d12bae68f8: ;   {other}
  0x000001d12bae68f8: 0f1f 8400 | 6808 0000 

  0x000001d12bae6900: ;   {oop(a 'kotlin/reflect/KProperty'[1] {0x0000000704a001d0})}
  0x000001d12bae6900: 49ba d001 | a004 0700 | 0000 418b | 6a10 85ed | 0f84 3e1c 

  0x000001d12bae6914: ;   {oop(a 'godot/common/util/ThreadLocalDelegate'{0x0000000704a001e8})}
  0x000001d12bae6914: 0000 49ba | e801 a004 | 0700 0000 | 458b 4210 

  0x000001d12bae6924: ; implicit exception: dispatches to 0x000001d12bae8bf8
  0x000001d12bae6924: 478b 54c4 

  0x000001d12bae6928: ;   {metadata('java/lang/ThreadLocal$SuppliedThreadLocal')}
  0x000001d12bae6928: 0841 81fa | 683f 0401 | 0f85 9a15 | 0000 4c8b | 4c24 2045 | 8b59 4c4b | 8d0c c447 | 8b44 dc14 
  0x000001d12bae6948: ; implicit exception: dispatches to 0x000001d12bae8c0c
  0x000001d12bae6948: 478b 54c4 | 0c45 8d4a | ff44 2349 | 0c45 85d2 | 0f86 8e15 | 0000 4f8d | 14c4 478b | 548a 1043 
  0x000001d12bae6968: 8b5c d40c | 4c8b c349 | c1e0 034c | 3bc1 0f85 | 9c15 0000 | 438b 6cd4 | 1c45 8b54 

  0x000001d12bae6984: ;   {metadata('java/nio/DirectByteBuffer')}
  0x000001d12bae6984: ec08 4181 | fa78 0b1c | 000f 853d | 1f00 004d | 8d14 ec41 | 8b6a 1c41 | c742 0cff | ffff ff45 
  0x000001d12bae69a4: 8962 1883 | fd04 0f8c | c01b 0000 | 41c7 4218 | 0400 0000 | 458b 5a24 | 498b 6a10 | 4585 db0f 
  0x000001d12bae69c4: 858b 1500 | 0041 0fb6 | 522d 4c89 | 5424 284c | 8bd5 458b | 024c 8b54 | 2428 498b 

  0x000001d12bae69e0: ;   {static_call}
  0x000001d12bae69e0: ea66 90e8 

  0x000001d12bae69e4: ; ImmutableOopMap {rbp=Oop [32]=Oop [40]=Oop [48]=Oop }
                      ;*invokestatic convEndian {reexecute=0 rethrow=0 return_oop=0}
                      ; - jdk.internal.misc.Unsafe::getIntUnaligned@8 (line 3575)
                      ; - jdk.internal.misc.ScopedMemoryAccess::getIntUnalignedInternal@15 (line 1909)
                      ; - jdk.internal.misc.ScopedMemoryAccess::getIntUnaligned@6 (line 1897)
                      ; - java.nio.DirectByteBuffer::getInt@13 (line 744)
                      ; - java.nio.DirectByteBuffer::getInt@10 (line 753)
                      ; - godot.core.VariantKt::getVariantType@1 (line 104)
                      ; - godot.core.VariantKt::access$getVariantType@1 (line 1)
                      ; - godot.core.VariantParser::toKotlin@7 (line 477)
                      ; - godot.internal.memory.TransferContext::readReturnValue@20 (line 75)
                      ; - godot.api.Node2D::getScale@41 (line 414)
                      ; - game.entity.Player::isFacingRight@4 (line 261)
                      ; - game.items.weapons.Weapon::getIdleRotation@9 (line 139)
                      ; - game.items.weapons.Weapon::getRotationToTarget@20 (line 156)
                      ; - game.items.weapons.Weapon::rotateToTarget@21 (line 177)
                      ; - game.items.weapons.Weapon::_process@32 (line 192)
                      ; - godot.entry.WeaponRegistrar$register$1$1$2::invoke@8 (line 41)
                      ; - godot.entry.WeaponRegistrar$register$1$1$2::invoke@12 (line 41)
  0x000001d12bae69e4: 38a4 0000 

  0x000001d12bae69e8: ;   {other}
  0x000001d12bae69e8: 0f1f 8400 | 5809 0001 

  0x000001d12bae69f0: ;   {oop(a 'godot/core/VariantParser$VECTOR2'{0x0000000704a11798})}
  0x000001d12bae69f0: 49ba 9817 | a104 0700 | 0000 418b | 6a18 3bc5 | 0f85 4218 | 0000 4c8b | 4424 2845 | 8b58 1841 
  0x000001d12bae6a10: 8b68 1c41 | 2beb 83fd | 040f 8c79 | 1b00 0041 | 8b68 2445 | 8d53 0445 | 8950 184d | 63cb 4d03 
  0x000001d12bae6a30: 4810 85ed | 0f85 4615 | 0000 410f 

  0x000001d12bae6a3c: ;   {oop(a 'jdk/internal/misc/Unsafe'{0x0000000704a00b08})}
  0x000001d12bae6a3c: b678 2d48 | ba08 0ba0 | 0407 0000 | 0045 33c0 | 4c8b 5424 | 2849 8bea 

  0x000001d12bae6a54: ;   {optimized virtual_call}
  0x000001d12bae6a54: 6666 90e8 

  0x000001d12bae6a58: ; ImmutableOopMap {rbp=Oop [32]=Oop [40]=Oop [48]=Oop }
                      ;*invokevirtual getIntUnaligned {reexecute=0 rethrow=0 return_oop=0}
                      ; - jdk.internal.misc.ScopedMemoryAccess::getIntUnalignedInternal@15 (line 1909)
                      ; - jdk.internal.misc.ScopedMemoryAccess::getIntUnaligned@6 (line 1897)
                      ; - java.nio.DirectByteBuffer::getFloat@13 (line 944)
                      ; - java.nio.DirectByteBuffer::getFloat@10 (line 953)
                      ; - godot.core.VariantKt::getVector2@5 (line 19)
                      ; - godot.core.VariantKt::access$getVector2@1 (line 1)
                      ; - godot.core.VariantParser$VECTOR2::toUnsafeKotlin@7 (line 176)
                      ; - godot.core.VariantParser$VECTOR2::toUnsafeKotlin@2 (line 175)
                      ; - godot.core.VariantParser::toKotlin@21 (line 479)
                      ; - godot.internal.memory.TransferContext::readReturnValue@20 (line 75)
                      ; - godot.api.Node2D::getScale@41 (line 414)
                      ; - game.entity.Player::isFacingRight@4 (line 261)
                      ; - game.items.weapons.Weapon::getIdleRotation@9 (line 139)
                      ; - game.items.weapons.Weapon::getRotationToTarget@20 (line 156)
                      ; - game.items.weapons.Weapon::rotateToTarget@21 (line 177)
                      ; - game.items.weapons.Weapon::_process@32 (line 192)
                      ; - godot.entry.WeaponRegistrar$register$1$1$2::invoke@8 (line 41)
                      ; - godot.entry.WeaponRegistrar$register$1$1$2::invoke@12 (line 41)
  0x000001d12bae6a58: 64a8 fdff 

  0x000001d12bae6a5c: ;   {other}
  0x000001d12bae6a5c: 0f1f 8400 | cc09 0002 | 8944 2448 | 4c8b d541 | 8b6a 1c45 | 8b52 1841 | 2bea c5f9 | 6ec0 c5fa 
  0x000001d12bae6a7c: 5ac0 83fd | 040f 8c39 | 1b00 004c | 8b5c 2428 | 418b 6b24 | 458d 4204 | 4589 4318 | 4d63 ca4d 
  0x000001d12bae6a9c: 8bd3 4d03 | 4a10 85ed | 0f85 0215 | 0000 c5fb | 1144 2438 | 410f b67a 

  0x000001d12bae6ab4: ;   {oop(a 'jdk/internal/misc/Unsafe'{0x0000000704a00b08})}
  0x000001d12bae6ab4: 2d48 ba08 | 0ba0 0407 | 0000 0045 | 33c0 498b 

  0x000001d12bae6ac4: ;   {optimized virtual_call}
  0x000001d12bae6ac4: eb66 90e8 

  0x000001d12bae6ac8: ; ImmutableOopMap {rbp=Oop [32]=Oop [40]=Oop [48]=Oop }
                      ;*invokevirtual getIntUnaligned {reexecute=0 rethrow=0 return_oop=0}
                      ; - jdk.internal.misc.ScopedMemoryAccess::getIntUnalignedInternal@15 (line 1909)
                      ; - jdk.internal.misc.ScopedMemoryAccess::getIntUnaligned@6 (line 1897)
                      ; - java.nio.DirectByteBuffer::getFloat@13 (line 944)
                      ; - java.nio.DirectByteBuffer::getFloat@10 (line 953)
                      ; - godot.core.VariantKt::getVector2@14 (line 19)
                      ; - godot.core.VariantKt::access$getVector2@1 (line 1)
                      ; - godot.core.VariantParser$VECTOR2::toUnsafeKotlin@7 (line 176)
                      ; - godot.core.VariantParser$VECTOR2::toUnsafeKotlin@2 (line 175)
                      ; - godot.core.VariantParser::toKotlin@21 (line 479)
                      ; - godot.internal.memory.TransferContext::readReturnValue@20 (line 75)
                      ; - godot.api.Node2D::getScale@41 (line 414)
                      ; - game.entity.Player::isFacingRight@4 (line 261)
                      ; - game.items.weapons.Weapon::getIdleRotation@9 (line 139)
                      ; - game.items.weapons.Weapon::getRotationToTarget@20 (line 156)
                      ; - game.items.weapons.Weapon::rotateToTarget@21 (line 177)
                      ; - game.items.weapons.Weapon::_process@32 (line 192)
                      ; - godot.entry.WeaponRegistrar$register$1$1$2::invoke@8 (line 41)
                      ; - godot.entry.WeaponRegistrar$register$1$1$2::invoke@12 (line 41)
  0x000001d12bae6ac8: f4a7 fdff 

  0x000001d12bae6acc: ;   {other}
  0x000001d12bae6acc: 0f1f 8400 | 3c0a 0003 | c5f0 57c9 | c5fa 1044 | 2448 c5f8 | 2ec8 7606 | c5f9 57c0 

  0x000001d12bae6ae8: ;   {section_word}
  0x000001d12bae6ae8: eb08 c5fb | 1005 f6fb | ffff 498b | 87b8 0100 | 004c 8bd0 | 4983 c218 | c5fb 5ac0 | c5fa 5ac0 
  0x000001d12bae6b08: 4d3b 97c8 | 0100 000f | 83f7 0c00 | 004d 8997 | b801 0000 | 410f 0d8a | c000 0000 | 48c7 0001 
  0x000001d12bae6b28: ;   {metadata('java/lang/Double')}
  0x000001d12bae6b28: 0000 00c7 | 4008 c81e | 0300 4489 | 600c 4c89 | 6010 c5fb 

  0x000001d12bae6b3c: ;   {oop(a 'kotlin/reflect/KProperty'[1] {0x0000000704a001d0})}
  0x000001d12bae6b3c: 1140 1049 | bad0 01a0 | 0407 0000 | 0041 8b6a | 1085 ed0f | 8477 1900 

  0x000001d12bae6b54: ;   {oop(a 'godot/common/util/ThreadLocalDelegate'{0x0000000704a001e8})}
  0x000001d12bae6b54: 0049 bae8 | 01a0 0407 | 0000 0045 | 8b52 1047 | 8b44 d408 

  0x000001d12bae6b68: ;   {metadata('java/lang/ThreadLocal$SuppliedThreadLocal')}
  0x000001d12bae6b68: 4181 f868 | 3f04 010f | 85ff 1100 | 004c 8b44 | 2420 458b | 584c 49c1 | e203 478b | 4cdc 1443 
  0x000001d12bae6b88: 8b4c cc0c | 4889 4424 | 2844 8d41 | ff45 2342 | 0c85 c90f | 86f7 1100 | 0049 c1e1 | 0343 8b6c 
  0x000001d12bae6ba8: 8110 458b | 4cec 0c49 | c1e1 034d | 3bca 0f85 | 0412 0000 | 418b 6cec | 1c45 8b5c 

  0x000001d12bae6bc4: ;   {metadata('java/nio/DirectByteBuffer')}
  0x000001d12bae6bc4: ec08 4181 | fb78 0b1c | 000f 8535 | 1d00 0049 | 8d0c ec8b | 691c c741 | 0cff ffff | ff44 8961 
  0x000001d12bae6be4: 1883 fd04 | 0f8c 0219 | 0000 c741 | 1804 0000 | 0044 8b59 | 244c 8b51 | 1045 85db | 0f85 de11 
  0x000001d12bae6c04: 0000 0fb6 | 692d 85ed | 0f85 e215 | 0000 41c7 | 0201 0000 

  0x000001d12bae6c18: ;   {oop(a 'godot/core/VariantParser$DOUBLE'{0x0000000704a11828})}
  0x000001d12bae6c18: 0048 ba28 | 18a1 0407 | 0000 004c | 8bc1 4c8b | c848 8be9 

  0x000001d12bae6c2c: ;   {optimized virtual_call}
  0x000001d12bae6c2c: 6666 90e8 

  0x000001d12bae6c30: ; ImmutableOopMap {rbp=Oop [32]=Oop [40]=Oop [48]=Oop }
                      ;*invokeinterface toGodot {reexecute=0 rethrow=0 return_oop=0}
                      ; - godot.internal.memory.TransferContext::writeArguments@59 (line 38)
                      ; - godot.api.Node2D::setRotation@23 (line 368)
                      ; - game.items.weapons.Weapon::rotateToTarget@25 (line 177)
                      ; - game.items.weapons.Weapon::_process@32 (line 192)
                      ; - godot.entry.WeaponRegistrar$register$1$1$2::invoke@8 (line 41)
                      ; - godot.entry.WeaponRegistrar$register$1$1$2::invoke@12 (line 41)
  0x000001d12bae6c30: ace6 fdff 

  0x000001d12bae6c34: ;   {other}
  0x000001d12bae6c34: 0f1f 8400 | a40b 0004 | 4c8b 5424 | 304d 8b42 

  0x000001d12bae6c44: ;   {oop(a 'godot/core/VariantParser$NIL'{0x0000000704a11698})}
  0x000001d12bae6c44: 1049 ba98 | 16a1 0407 | 0000 0041 | 8b7a 1849 | b960 6532 | 19d1 0100 

  0x000001d12bae6c5c: ;   {oop(a 'godot/internal/memory/TransferContext'{0x0000000704a00200})}
  0x000001d12bae6c5c: 0048 ba00 | 02a0 0407 

  0x000001d12bae6c64: ;   {optimized virtual_call}
  0x000001d12bae6c64: 0000 00e8 

  0x000001d12bae6c68: ; ImmutableOopMap {[32]=Oop [48]=Oop }
                      ;*invokespecial icall {reexecute=0 rethrow=0 return_oop=0}
                      ; - godot.internal.memory.TransferContext::callMethod@17 (line 79)
                      ; - godot.api.Node2D::setRotation@45 (line 369)
                      ; - game.items.weapons.Weapon::rotateToTarget@25 (line 177)
                      ; - game.items.weapons.Weapon::_process@32 (line 192)
                      ; - godot.entry.WeaponRegistrar$register$1$1$2::invoke@8 (line 41)
                      ; - godot.entry.WeaponRegistrar$register$1$1$2::invoke@12 (line 41)
  0x000001d12bae6c68: 5474 fdff 

  0x000001d12bae6c6c: ;   {other}
  0x000001d12bae6c6c: 0f1f 8400 | dc0b 0005 | 4c8b 5424 | 3048 8b7c | 2420 458b | 4230 4585 | c00f 8467 

  0x000001d12bae6c88: ;   {oop(a 'kotlin/reflect/KProperty'[1] {0x0000000704a001d0})}
  0x000001d12bae6c88: 0c00 0049 | bbd0 01a0 | 0407 0000 | 0041 8b6b | 1085 ed0f | 84ea 1500 

  0x000001d12bae6ca0: ;   {oop(a 'godot/common/util/ThreadLocalDelegate'{0x0000000704a001e8})}
  0x000001d12bae6ca0: 0049 bbe8 | 01a0 0407 | 0000 0041 | 8b4b 1045 | 8b5c cc08 

  0x000001d12bae6cb4: ;   {metadata('java/lang/ThreadLocal$SuppliedThreadLocal')}
  0x000001d12bae6cb4: 4181 fb68 | 3f04 010f | 8557 0c00 | 0044 8b5f | 4c4d 8d0c | cc43 8b5c | dc14 418b | cb48 897c 
  0x000001d12bae6cd4: 2428 4c89 | 5424 2045 | 8b5c dc0c | 458d 53ff | 4523 510c | 4585 db0f | 8647 0c00 | 004d 8d1c 
  0x000001d12bae6cf4: dc43 8b6c | 9310 418b | 5cec 0c4c | 8bdb 49c1 | e303 4d3b | d90f 8559 | 0c00 0041 | 8b6c ec1c 
  0x000001d12bae6d14: ; implicit exception: dispatches to 0x000001d12bae89fc
  0x000001d12bae6d14: 458b 54ec 

  0x000001d12bae6d18: ;   {metadata('java/nio/DirectByteBuffer')}
  0x000001d12bae6d18: 0841 81fa | 780b 1c00 | 0f85 fe1a | 0000 4d8d | 14ec 418b | 6a1c 41c7 | 420c ffff | ffff 4589 
  0x000001d12bae6d38: 6218 83fd | 040f 8c65 | 1500 0041 | c742 1804 | 0000 0045 | 8b5a 244d | 8b4a 1045 | 85db 0f85 
  0x000001d12bae6d58: 340c 0000 | 410f b66a | 2d85 ed0f | 852f 1300 | 004f 8b44 | c410 4d8b | d145 8922 | 49b9 c028 
  0x000001d12bae6d78: f907 d101 

  0x000001d12bae6d7c: ;   {oop(a 'godot/core/VariantParser$BOOL'{0x0000000704a118e8})}
  0x000001d12bae6d7c: 0000 49ba | e818 a104 | 0700 0000 | 418b 7a18 

  0x000001d12bae6d8c: ;   {oop(a 'godot/internal/memory/TransferContext'{0x0000000704a00200})}
  0x000001d12bae6d8c: 48ba 0002 | a004 0700 

  0x000001d12bae6d94: ;   {optimized virtual_call}
  0x000001d12bae6d94: 0000 90e8 

  0x000001d12bae6d98: ; ImmutableOopMap {[32]=Oop [40]=Oop }
                      ;*invokespecial icall {reexecute=0 rethrow=0 return_oop=0}
                      ; - godot.internal.memory.TransferContext::callMethod@17 (line 79)
                      ; - godot.api.Timer::isStopped@29 (line 233)
                      ; - game.items.weapons.Weapon::canUseWeapon@4 (line 82)
                      ; - game.items.weapons.Weapon::_process@36 (line 194)
                      ; - godot.entry.WeaponRegistrar$register$1$1$2::invoke@8 (line 41)
                      ; - godot.entry.WeaponRegistrar$register$1$1$2::invoke@12 (line 41)
  0x000001d12bae6d98: 2473 fdff 

  0x000001d12bae6d9c: ;   {other}
  0x000001d12bae6d9c: 0f1f 8400 | 0c0d 0006 

  0x000001d12bae6da4: ;   {oop(a 'kotlin/reflect/KProperty'[1] {0x0000000704a001d0})}
  0x000001d12bae6da4: 49ba d001 | a004 0700 | 0000 418b | 6a10 85ed | 0f84 1215 

  0x000001d12bae6db8: ;   {oop(a 'godot/common/util/ThreadLocalDelegate'{0x0000000704a001e8})}
  0x000001d12bae6db8: 0000 49ba | e801 a004 | 0700 0000 | 458b 4210 

  0x000001d12bae6dc8: ; implicit exception: dispatches to 0x000001d12bae8a18
  0x000001d12bae6dc8: 478b 54c4 

  0x000001d12bae6dcc: ;   {metadata('java/lang/ThreadLocal$SuppliedThreadLocal')}
  0x000001d12bae6dcc: 0841 81fa | 683f 0401 | 0f85 e60b | 0000 4c8b | 4c24 2845 | 8b51 4c49 | c1e0 0347 | 8b5c d414 
  0x000001d12bae6dec: ; implicit exception: dispatches to 0x000001d12bae8a2c
  0x000001d12bae6dec: 438b 5cdc | 0c44 8d4b | ff45 2348 | 0c85 db0f | 86db 0b00 | 0049 c1e3 | 0343 8b6c | 8b10 458b 
  0x000001d12bae6e0c: 5cec 0c49 | c1e3 034d | 3bd8 0f85 | ec0b 0000 | 418b 6cec | 1c45 8b5c 

  0x000001d12bae6e24: ;   {metadata('java/nio/DirectByteBuffer')}
  0x000001d12bae6e24: ec08 4181 | fb78 0b1c | 000f 8509 | 1a00 0049 | 8d0c ec44 | 8b51 1cc7 | 410c ffff | ffff 4489 
  0x000001d12bae6e44: 6118 4183 | fa04 0f8c | 9014 0000 | 458b dac7 | 4118 0400 | 0000 448b | 4124 4c8b | 4910 4585 
  0x000001d12bae6e64: c00f 85c1 | 0b00 0044 | 0fb6 512d | 458b 0145 | 85d2 0f85 | 4412 0000 

  0x000001d12bae6e7c: ;   {oop(a 'godot/core/VariantParser$BOOL'{0x0000000704a118e8})}
  0x000001d12bae6e7c: 49ba e818 | a104 0700 | 0000 418b | 6a18 443b | c50f 8559 | 1200 0045 | 8d53 fc41 | 83fa 040f 
  0x000001d12bae6e9c: 8c67 1400 | 00c7 4118 | 0800 0000 | 458b 5104 | 4183 fa01 | 0f85 1b08 | 0000 4c8b | 4c24 2045 
  0x000001d12bae6ebc: 8b51 4445 | 85d2 0f85 | 2909 0000 | 418b 6928 | 85ed 0f84 | 5c14 0000 

  0x000001d12bae6ed4: ;   {oop(a 'kotlin/reflect/KProperty'[1] {0x0000000704a001d0})}
  0x000001d12bae6ed4: 49ba d001 | a004 0700 | 0000 418b | 6a10 85ed | 0f84 5a14 

  0x000001d12bae6ee8: ;   {oop(a 'godot/common/util/ThreadLocalDelegate'{0x0000000704a001e8})}
  0x000001d12bae6ee8: 0000 49ba | e801 a004 | 0700 0000 | 458b 5210 

  0x000001d12bae6ef8: ; implicit exception: dispatches to 0x000001d12bae8a58
  0x000001d12bae6ef8: 478b 5cd4 

  0x000001d12bae6efc: ;   {metadata('java/lang/ThreadLocal$SuppliedThreadLocal')}
  0x000001d12bae6efc: 0841 81fb | 683f 0401 | 0f85 4e0b | 0000 488b | 4c24 2844 | 8b59 4c4f | 8d04 d447 | 8b54 dc14 
  0x000001d12bae6f1c: ; implicit exception: dispatches to 0x000001d12bae8a6c
  0x000001d12bae6f1c: 438b 5cd4 | 0c4c 894c | 2420 448d | 4bff 4523 | 480c 85db | 0f86 3e0b | 0000 49c1 | e203 438b 
  0x000001d12bae6f3c: 6c8a 1045 | 8b54 ec0c | 49c1 e203 | 4d3b d00f | 854f 0b00 | 0041 8b6c | ec1c 458b 

  0x000001d12bae6f58: ;   {metadata('java/nio/DirectByteBuffer')}
  0x000001d12bae6f58: 5cec 0841 | 81fb 780b | 1c00 0f85 | e818 0000 | 4d8d 1cec | 418b 6b1c | 41c7 430c | ffff ffff 
  0x000001d12bae6f78: 4589 6318 | 83fd 040f | 8cd7 1300 | 0041 c743 | 1804 0000 | 0045 8b53 | 244d 8b4b | 1045 85d2 
  0x000001d12bae6f98: 0f85 260b | 0000 410f | b66b 2d85 | ed0f 8559 

  0x000001d12bae6fa8: ;   {oop(a 'godot/core/VariantParser$DOUBLE'{0x0000000704a11828})}
  0x000001d12bae6fa8: 1100 0049 | ba28 18a1 | 0407 0000 | 0041 8b7a | 184c 8b54 | 2420 4d8b | 4210 4d8b | d145 8922 
  0x000001d12bae6fc8: 49b9 6067 | 3219 d101 

  0x000001d12bae6fd0: ;   {oop(a 'godot/internal/memory/TransferContext'{0x0000000704a00200})}
  0x000001d12bae6fd0: 0000 48ba | 0002 a004 | 0700 0000 

  0x000001d12bae6fdc: ;   {optimized virtual_call}
  0x000001d12bae6fdc: 6666 90e8 

  0x000001d12bae6fe0: ; ImmutableOopMap {[32]=Oop [40]=Oop }
                      ;*invokespecial icall {reexecute=0 rethrow=0 return_oop=0}
                      ; - godot.internal.memory.TransferContext::callMethod@17 (line 79)
                      ; - godot.api.Node2D::getRotation@29 (line 395)
                      ; - game.items.weapons.Weapon::updateVisuals@9 (line 235)
                      ; - game.items.weapons.Weapon::_process@47 (line 196)
                      ; - godot.entry.WeaponRegistrar$register$1$1$2::invoke@8 (line 41)
                      ; - godot.entry.WeaponRegistrar$register$1$1$2::invoke@12 (line 41)
  0x000001d12bae6fe0: dc70 fdff 

  0x000001d12bae6fe4: ;   {other}
  0x000001d12bae6fe4: 0f1f 8400 | 540f 0007 

  0x000001d12bae6fec: ;   {oop(a 'kotlin/reflect/KProperty'[1] {0x0000000704a001d0})}
  0x000001d12bae6fec: 49ba d001 | a004 0700 | 0000 418b | 6a10 85ed | 0f84 7613 

  0x000001d12bae7000: ;   {oop(a 'godot/common/util/ThreadLocalDelegate'{0x0000000704a001e8})}
  0x000001d12bae7000: 0000 49ba | e801 a004 | 0700 0000 | 458b 5210 

  0x000001d12bae7010: ; implicit exception: dispatches to 0x000001d12bae8a98
  0x000001d12bae7010: 478b 5cd4 

  0x000001d12bae7014: ;   {metadata('java/lang/ThreadLocal$SuppliedThreadLocal')}
  0x000001d12bae7014: 0841 81fb | 683f 0401 | 0f85 ce0a | 0000 4c8b | 4c24 2845 | 8b41 4c4b | 8d0c d447 | 8b5c c414 
  0x000001d12bae7034: ; implicit exception: dispatches to 0x000001d12bae8aac
  0x000001d12bae7034: 478b 54dc | 0c41 8d5a | ff23 590c | 4585 d20f | 86c3 0a00 | 004f 8d14 | dc41 8b6c | 9a10 458b 
  0x000001d12bae7054: 54ec 0c49 | c1e2 034c | 3bd1 0f85 | d40a 0000 | 418b 6cec | 1c45 8b5c 

  0x000001d12bae706c: ;   {metadata('java/nio/DirectByteBuffer')}
  0x000001d12bae706c: ec08 4181 | fb78 0b1c | 000f 85e9 | 1700 004d | 8d04 ec45 | 8b50 1c41 | c740 0cff | ffff ff45 
  0x000001d12bae708c: 8960 1841 | 83fa 040f | 8cf3 1200 | 0041 c740 | 1804 0000 | 0045 8b58 | 2449 8b48 | 1045 85db 
  0x000001d12bae70ac: 0f85 ae0a | 0000 418b | fa45 0fb6 | 582d 4d8b | d04c 8bc1 | 418b 0845 | 85db 0f85 | 5c10 0000 
  0x000001d12bae70cc: ;   {oop(a 'godot/core/VariantParser$DOUBLE'{0x0000000704a11828})}
  0x000001d12bae70cc: 49bb 2818 | a104 0700 | 0000 418b | 6b18 3bcd | 0f85 7210 | 0000 83c7 | fc83 ff08 | 0f8c c612 
  0x000001d12bae70ec: 0000 41c7 | 4218 0c00 | 0000 488b | 4c24 2044 | 8b51 2845 | 85d2 0f84 | fc07 0000 | 4d8b 5804 
  0x000001d12bae710c: ;   {oop(a 'kotlin/reflect/KProperty'[1] {0x0000000704a001d0})}
  0x000001d12bae710c: 49b8 d001 | a004 0700 | 0000 418b | 6810 c4c1 | f96e c3c5 | f35a c8c5 | fa5a c185 | ed0f 84ad 
  0x000001d12bae712c: ;   {oop(a 'godot/common/util/ThreadLocalDelegate'{0x0000000704a001e8})}
  0x000001d12bae712c: 1200 0049 | bbe8 01a0 | 0407 0000 | 0045 8b43 | 1043 8b5c 

  0x000001d12bae7140: ;   {metadata('java/lang/ThreadLocal$SuppliedThreadLocal')}
  0x000001d12bae7140: c408 81fb | 683f 0401 | 0f85 3e0a | 0000 498b | f145 8b59 | 4c4f 8d0c | c443 8b5c | dc14 418b 
  0x000001d12bae7160: 7cdc 0c45 | 8bc2 8d4f | ff41 2349 | 0c85 ff0f | 863f 0a00 | 004d 8d14 | dc45 8b54 | 8a10 438b 
  0x000001d12bae7180: 5cd4 0c48 | 8bd3 48c1 | e203 493b | d10f 8555 | 0a00 0043 | 8b6c d41c 

  0x000001d12bae7198: ; implicit exception: dispatches to 0x000001d12bae8b00
  0x000001d12bae7198: 458b 5cec 

  0x000001d12bae719c: ;   {metadata('java/nio/DirectByteBuffer')}
  0x000001d12bae719c: 0841 81fb | 780b 1c00 | 0f85 ce16 | 0000 498d | 0cec 8b69 | 1cc7 410c | ffff ffff | 4489 6118 
  0x000001d12bae71bc: 83fd 040f | 8c37 1200 | 00c7 4118 | 0400 0000 | 448b 5924 | 4c8b 4910 | 4585 db0f | 8553 0a00 
  0x000001d12bae71dc: 000f b669 | 2d85 ed0f | 8583 0f00 | 00c5 fb11 

  0x000001d12bae71ec: ;   {oop(a 'godot/core/VariantParser$VECTOR2'{0x0000000704a11798})}
  0x000001d12bae71ec: 4424 3049 | ba98 17a1 | 0407 0000 | 0041 8b7a | 184f 8b44 | c410 4d8b | d145 8922 

  0x000001d12bae7208: ;   {oop(a 'godot/internal/memory/TransferContext'{0x0000000704a00200})}
  0x000001d12bae7208: 48ba 0002 | a004 0700 | 0000 49b9 | 607e 3219 | d101 0000 

  0x000001d12bae721c: ;   {optimized virtual_call}
  0x000001d12bae721c: 6666 90e8 

  0x000001d12bae7220: ; ImmutableOopMap {[32]=Oop [40]=Oop }
                      ;*invokespecial icall {reexecute=0 rethrow=0 return_oop=0}
                      ; - godot.internal.memory.TransferContext::callMethod@17 (line 79)
                      ; - godot.api.Node2D::getScale@29 (line 413)
                      ; - game.items.weapons.Weapon::updateVisuals@18 (line 238)
                      ; - game.items.weapons.Weapon::_process@47 (line 196)
                      ; - godot.entry.WeaponRegistrar$register$1$1$2::invoke@8 (line 41)
                      ; - godot.entry.WeaponRegistrar$register$1$1$2::invoke@12 (line 41)
  0x000001d12bae7220: 9c6e fdff 

  0x000001d12bae7224: ;   {other}
  0x000001d12bae7224: 0f1f 8400 | 9411 0008 

  0x000001d12bae722c: ;   {oop(a 'kotlin/reflect/KProperty'[1] {0x0000000704a001d0})}
  0x000001d12bae722c: 49ba d001 | a004 0700 | 0000 418b | 6a10 85ed | 0f84 e211 

  0x000001d12bae7240: ;   {oop(a 'godot/common/util/ThreadLocalDelegate'{0x0000000704a001e8})}
  0x000001d12bae7240: 0000 49ba | e801 a004 | 0700 0000 | 418b 4a10 

  0x000001d12bae7250: ; implicit exception: dispatches to 0x000001d12bae8b24
  0x000001d12bae7250: 458b 5ccc 

  0x000001d12bae7254: ;   {metadata('java/lang/ThreadLocal$SuppliedThreadLocal')}
  0x000001d12bae7254: 0841 81fb | 683f 0401 | 0f85 060a | 0000 4c8b | 4424 2845 | 8b48 4c48 | c1e1 0347 | 8b54 cc14 
  0x000001d12bae7274: ; implicit exception: dispatches to 0x000001d12bae8b38
  0x000001d12bae7274: 478b 5cd4 | 0c41 8d5b | ff23 590c | 4585 db0f | 86fb 0900 | 0049 c1e2 | 0341 8b6c | 9a10 458b 
  0x000001d12bae7294: 5cec 0c4d | 8bd3 49c1 | e203 4c3b | d10f 8519 | 0a00 0041 | 8b6c ec1c 

  0x000001d12bae72ac: ; implicit exception: dispatches to 0x000001d12bae8b4c
  0x000001d12bae72ac: 458b 54ec 

  0x000001d12bae72b0: ;   {metadata('java/nio/DirectByteBuffer')}
  0x000001d12bae72b0: 0841 81fa | 780b 1c00 | 0f85 fe15 | 0000 4d8d | 0cec 418b | 591c 41c7 | 410c ffff | ffff 4589 
  0x000001d12bae72d0: 6118 83fb | 040f 8c5d | 1100 0041 | c741 1804 | 0000 0045 | 8b59 2449 | 8b49 1045 | 85db 0f85 
  0x000001d12bae72f0: 000a 0000 | 450f b651 | 2d44 8b19 | 4585 d20f | 8593 0e00 

  0x000001d12bae7304: ;   {oop(a 'godot/core/VariantParser$VECTOR2'{0x0000000704a11798})}
  0x000001d12bae7304: 0049 ba98 | 17a1 0407 | 0000 0041 | 8b6a 1844 | 3bdd 0f85 | b40e 0000 | 8d6b fc83 | fd04 0f8c 
  0x000001d12bae7324: 4411 0000 | 41c7 4118 | 0800 0000 | 448b 5104 | 83c3 f8c4 | c179 6ec2 | c5f2 5ac8 | 83fb 040f 
  0x000001d12bae7344: 8c4b 1100 | 0041 c741 | 180c 0000 | 00c5 ea5a 

  0x000001d12bae7354: ;   {oop(a 'godot/common/util/ThreadLocalDelegate'{0x0000000704a001e8})}
  0x000001d12bae7354: 5108 49ba | e801 a004 | 0700 0000 | 418b 4a10 

  0x000001d12bae7364: ;   {oop(a 'kotlin/reflect/KProperty'[1] {0x0000000704a001d0})}
  0x000001d12bae7364: 49ba d001 | a004 0700 | 0000 418b | 7a10 4c8b | 5424 2045 | 8b4a 28c5 | fb10 4424 

  0x000001d12bae7380: ;   {external_word}
  0x000001d12bae7380: 30c5 f954 | 0517 9f80 | ff45 8b58 

  0x000001d12bae738c: ;   {section_word}
  0x000001d12bae738c: 4cc5 f92e | 054b f3ff | ff0f 8696 | 0100 0049 | 8b87 b801 | 0000 4c8b | d049 83c2 | 204d 3b97 
  0x000001d12bae73ac: c801 0000 | 0f83 dc04 | 0000 4d89 | 97b8 0100 | 0041 0f0d | 8ac0 0000 | 0048 c700 | 0100 0000 
  0x000001d12bae73cc: ;   {metadata('godot/core/Vector2')}
  0x000001d12bae73cc: c740 0810 | 8402 0144 | 8960 0c4c | 8960 104c | 8960 184c | 8bd0 c4c1 | 7b11 4a10 

  0x000001d12bae73e8: ;   {external_word}
  0x000001d12bae73e8: c5e9 5405 | b09e 80ff 

  0x000001d12bae73f0: ;   {external_word}
  0x000001d12bae73f0: c5f9 5705 | c89e 80ff | c4c1 7b11 | 4218 4585 | c90f 84d1 | 1100 0085 | ff0f 8435 | 1300 0041 
  0x000001d12bae7410: 8b5c cc08 

  0x000001d12bae7414: ;   {metadata('java/lang/ThreadLocal$SuppliedThreadLocal')}
  0x000001d12bae7414: 81fb 683f | 0401 0f85 | d011 0000 | 498d 1ccc 

  0x000001d12bae7424: ; implicit exception: dispatches to 0x000001d12bae9040
  0x000001d12bae7424: 438b 4cdc | 1441 8b7c | cc0c 8d77 | ff23 730c | 85ff 0f86 | d411 0000 | 48c1 e103 | 8b6c b110 
  0x000001d12bae7444: ; implicit exception: dispatches to 0x000001d12bae906c
  0x000001d12bae7444: 418b 7cec | 0c48 8bcf | 48c1 e103 | 483b cb0f | 85eb 1100 | 0041 8b6c | ec1c 458b 

  0x000001d12bae7460: ;   {metadata('java/nio/DirectByteBuffer')}
  0x000001d12bae7460: 5cec 0841 | 81fb 780b | 1c00 0f85 | 7c14 0000 | 4d8d 1cec | 418b 6b1c | 41c7 430c | ffff ffff 
  0x000001d12bae7480: 4589 6318 | 83fd 040f | 8cd7 1200 | 0041 c743 | 1804 0000 | 0045 8b43 | 2449 8b4b | 1045 85c0 
  0x000001d12bae74a0: 0f85 ce11 | 0000 410f | b66b 2d85 | ed0f 8565 | 1200 004c | 8954 2428 | 4c8b d141 | c702 0100 
  0x000001d12bae74c0: 0000 4b8d | 2ccc 4489 

  0x000001d12bae74c8: ;   {oop(a 'godot/core/VariantParser$VECTOR2'{0x0000000704a11798})}
  0x000001d12bae74c8: 4c24 2048 | ba98 17a1 | 0407 0000 | 004d 8bc3 | 4c8b 4c24 | 284c 895c 

  0x000001d12bae74e0: ;   {optimized virtual_call}
  0x000001d12bae74e0: 2430 90e8 

  0x000001d12bae74e4: ; ImmutableOopMap {rbp=Oop [32]=NarrowOop [40]=Oop [48]=Oop }
                      ;*invokeinterface toGodot {reexecute=0 rethrow=0 return_oop=0}
                      ; - godot.internal.memory.TransferContext::writeArguments@59 (line 38)
                      ; - godot.api.Node2D::setScale@25 (line 383)
                      ; - game.items.weapons.Weapon::updateVisuals@56 (line 243)
                      ; - game.items.weapons.Weapon::_process@47 (line 196)
                      ; - godot.entry.WeaponRegistrar$register$1$1$2::invoke@8 (line 41)
                      ; - godot.entry.WeaponRegistrar$register$1$1$2::invoke@12 (line 41)
  0x000001d12bae74e4: f8dd fdff 

  0x000001d12bae74e8: ;   {other}
  0x000001d12bae74e8: 0f1f 8400 | 5814 0009 

  0x000001d12bae74f0: ;   {oop(a 'godot/core/VariantParser$NIL'{0x0000000704a11698})}
  0x000001d12bae74f0: 49ba 9816 | a104 0700 | 0000 418b | 7a18 448b | 5424 204f | 8b44 d410 

  0x000001d12bae7508: ;   {oop(a 'godot/internal/memory/TransferContext'{0x0000000704a00200})}
  0x000001d12bae7508: 48ba 0002 | a004 0700 | 0000 49b9 | e07e 3219 | d101 0000 

  0x000001d12bae751c: ;   {optimized virtual_call}
  0x000001d12bae751c: 6666 90e8 

  0x000001d12bae7520: ; ImmutableOopMap {}
                      ;*invokespecial icall {reexecute=0 rethrow=0 return_oop=0}
                      ; - godot.internal.memory.TransferContext::callMethod@17 (line 79)
                      ; - godot.api.Node2D::setScale@47 (line 384)
                      ; - game.items.weapons.Weapon::updateVisuals@56 (line 243)
                      ; - game.items.weapons.Weapon::_process@47 (line 196)
                      ; - godot.entry.WeaponRegistrar$register$1$1$2::invoke@8 (line 41)
                      ; - godot.entry.WeaponRegistrar$register$1$1$2::invoke@12 (line 41)
  0x000001d12bae7520: 9c6b fdff 

  0x000001d12bae7524: ;   {other}
  0x000001d12bae7524: 0f1f 8400 | 9414 000a | e983 0100 | 0049 8b87 | b801 0000 | 4c8b d049 | 83c2 204d | 3b97 c801 
  0x000001d12bae7544: 0000 0f83 | e602 0000 | 4d89 97b8 | 0100 0041 | 0f0d 8ac0 | 0000 0048 | c700 0100 

  0x000001d12bae7560: ;   {metadata('godot/core/Vector2')}
  0x000001d12bae7560: 0000 c740 | 0810 8402 | 0144 8960 | 0c4c 8960 | 104c 8960 | 184c 8bd0 | c4c1 7b11 

  0x000001d12bae757c: ;   {external_word}
  0x000001d12bae757c: 4a10 c5e9 | 5405 1a9d | 80ff c4c1 | 7b11 4218 | 4585 c90f | 8437 0a00 | 0085 ff0f | 8433 1100 
  0x000001d12bae759c: 0041 8b7c 

  0x000001d12bae75a0: ;   {metadata('java/lang/ThreadLocal$SuppliedThreadLocal')}
  0x000001d12bae75a0: cc08 81ff | 683f 0401 | 0f85 360a | 0000 498d | 34cc 438b | 5cdc 1441 | 8b4c dc0c | 8d79 ff23 
  0x000001d12bae75c0: 7e0c 85c9 | 0f86 3a0a | 0000 498d | 0cdc 8b6c | b910 418b | 4cec 0c48 | c1e1 0348 | 3bce 0f85 
  0x000001d12bae75e0: 540a 0000 | 418b 6cec | 1c45 8b44 

  0x000001d12bae75ec: ;   {metadata('java/nio/DirectByteBuffer')}
  0x000001d12bae75ec: ec08 4181 | f878 0b1c | 000f 8539 | 1300 004d | 8d04 ec41 | 8b68 1c41 | c740 0cff | ffff ff45 
  0x000001d12bae760c: 8960 1883 | fd04 0f8c | d810 0000 | 41c7 4018 | 0400 0000 | 458b 5824 | 498b 4810 | 4585 db0f 
  0x000001d12bae762c: 8537 0a00 | 0041 0fb6 | 682d 85ed | 0f85 6610 | 0000 4c89 | 5424 284c | 8bd1 41c7 | 0201 0000 
  0x000001d12bae764c: 004b 8d2c | cc44 894c 

  0x000001d12bae7654: ;   {oop(a 'godot/core/VariantParser$VECTOR2'{0x0000000704a11798})}
  0x000001d12bae7654: 2420 48ba | 9817 a104 | 0700 0000 | 4c8b 4c24 | 284c 8944 

  0x000001d12bae7668: ;   {optimized virtual_call}
  0x000001d12bae7668: 2430 90e8 

  0x000001d12bae766c: ; ImmutableOopMap {rbp=Oop [32]=NarrowOop [40]=Oop [48]=Oop }
                      ;*invokeinterface toGodot {reexecute=0 rethrow=0 return_oop=0}
                      ; - godot.internal.memory.TransferContext::writeArguments@59 (line 38)
                      ; - godot.api.Node2D::setScale@25 (line 383)
                      ; - game.items.weapons.Weapon::updateVisuals@84 (line 246)
                      ; - game.items.weapons.Weapon::_process@47 (line 196)
                      ; - godot.entry.WeaponRegistrar$register$1$1$2::invoke@8 (line 41)
                      ; - godot.entry.WeaponRegistrar$register$1$1$2::invoke@12 (line 41)
  0x000001d12bae766c: 70dc fdff 

  0x000001d12bae7670: ;   {other}
  0x000001d12bae7670: 0f1f 8400 | e015 000b 

  0x000001d12bae7678: ;   {oop(a 'godot/core/VariantParser$NIL'{0x0000000704a11698})}
  0x000001d12bae7678: 49ba 9816 | a104 0700 | 0000 418b | 7a18 448b | 5424 204f | 8b44 d410 

  0x000001d12bae7690: ;   {oop(a 'godot/internal/memory/TransferContext'{0x0000000704a00200})}
  0x000001d12bae7690: 48ba 0002 | a004 0700 | 0000 49b9 | e07e 3219 | d101 0000 

  0x000001d12bae76a4: ;   {optimized virtual_call}
  0x000001d12bae76a4: 6666 90e8 

  0x000001d12bae76a8: ; ImmutableOopMap {}
                      ;*invokespecial icall {reexecute=0 rethrow=0 return_oop=0}
                      ; - godot.internal.memory.TransferContext::callMethod@17 (line 79)
                      ; - godot.api.Node2D::setScale@47 (line 384)
                      ; - game.items.weapons.Weapon::updateVisuals@84 (line 246)
                      ; - game.items.weapons.Weapon::_process@47 (line 196)
                      ; - godot.entry.WeaponRegistrar$register$1$1$2::invoke@8 (line 41)
                      ; - godot.entry.WeaponRegistrar$register$1$1$2::invoke@12 (line 41)
  0x000001d12bae76a8: 146a fdff 

  0x000001d12bae76ac: ;   {other}
  0x000001d12bae76ac: 0f1f 8400 | 1c16 000c 

  0x000001d12bae76b4: ;   {oop(a 'kotlin/Unit'{0x00000007056001e8})}
  0x000001d12bae76b4: 48b8 e801 | 6005 0700 | 0000 4883 

  0x000001d12bae76c0: ;   {poll_return}
  0x000001d12bae76c0: c470 5d49 | 3ba7 5004 | 0000 0f87 | 8c1a 0000 | c34c 8b4c | 2420 e9ed | f7ff ff45 | 8b42 4445 
  0x000001d12bae76e0: 85c0 0f84 | c2f0 ffff | 4d8b 5f28 | 498b c848 | c1e1 034d | 85db 0f84 | 6c0b 0000 | 4d8b 4738 
  0x000001d12bae7700: 4b89 4c18 | f849 83c3 | f84d 895f | 28e9 98f0 | ffff 4889 | 7c24 2049 | 8bea 498b 

  0x000001d12bae771c: ;   {optimized virtual_call}
  0x000001d12bae771c: d266 90e8 

  0x000001d12bae7720: ; ImmutableOopMap {rbp=Oop [32]=Oop }
                      ;*invokevirtual updateClosestTarget {reexecute=0 rethrow=0 return_oop=0}
                      ; - game.items.weapons.Weapon::_process@20 (line 188)
                      ; - godot.entry.WeaponRegistrar$register$1$1$2::invoke@8 (line 41)
                      ; - godot.entry.WeaponRegistrar$register$1$1$2::invoke@12 (line 41)
  0x000001d12bae7720: 891a 0000 

  0x000001d12bae7724: ;   {other}
  0x000001d12bae7724: 0f1f 8400 | 9416 000d | 4c8b d541 | 0fb6 6a0c | 85ed 0f85 | 9010 0000 | 418b 6a40 | 85ed 0f84 
  0x000001d12bae7744: 4410 0000 | 488b 7c24 | 20e9 5cf0 | ffff 453b | 6244 0f84 | 75f0 ffff | 4889 7c24 | 2049 8bea 
  0x000001d12bae7764: ;   {optimized virtual_call}
  0x000001d12bae7764: 498b d2e8 

  0x000001d12bae7768: ; ImmutableOopMap {rbp=Oop [32]=Oop }
                      ;*invokevirtual getGlobalPosition {reexecute=0 rethrow=0 return_oop=1}
                      ; - game.items.weapons.Weapon::getRotationToTarget@25 (line 159)
                      ; - game.items.weapons.Weapon::rotateToTarget@21 (line 177)
                      ; - game.items.weapons.Weapon::_process@32 (line 192)
                      ; - godot.entry.WeaponRegistrar$register$1$1$2::invoke@8 (line 41)
                      ; - godot.entry.WeaponRegistrar$register$1$1$2::invoke@12 (line 41)
  0x000001d12bae7768: 74b0 0000 

  0x000001d12bae776c: ;   {other}
  0x000001d12bae776c: 0f1f 8400 | dc16 000e | 4889 4424 | 284c 8bdd | 418b 6b44 

  0x000001d12bae7780: ; implicit exception: dispatches to 0x000001d12bae909c
  0x000001d12bae7780: 458b 54ec 

  0x000001d12bae7784: ;   {metadata('game/entity/enemies/Enemy')}
  0x000001d12bae7784: 0841 81fa | e862 2401 | 0f85 8a11 | 0000 4c89 | 5c24 3049 | 8d14 ec49 

  0x000001d12bae779c: ;   {optimized virtual_call}
  0x000001d12bae779c: 8beb 90e8 

  0x000001d12bae77a0: ; ImmutableOopMap {rbp=Oop [32]=Oop [40]=Oop [48]=Oop }
                      ;*invokevirtual getGlobalPosition {reexecute=0 rethrow=0 return_oop=1}
                      ; - game.items.weapons.Weapon::getRotationToTarget@35 (line 159)
                      ; - game.items.weapons.Weapon::rotateToTarget@21 (line 177)
                      ; - game.items.weapons.Weapon::_process@32 (line 192)
                      ; - godot.entry.WeaponRegistrar$register$1$1$2::invoke@8 (line 41)
                      ; - godot.entry.WeaponRegistrar$register$1$1$2::invoke@12 (line 41)
  0x000001d12bae77a0: 3cb0 0000 

  0x000001d12bae77a4: ;   {other}
  0x000001d12bae77a4: 0f1f 8400 | 1417 000f | 4c8b 5c24 | 284d 85db | 0f84 e60f | 0000 498b | d34c 8bc0 

  0x000001d12bae77c0: ;   {optimized virtual_call}
  0x000001d12bae77c0: 6666 90e8 

  0x000001d12bae77c4: ; ImmutableOopMap {rbp=Oop [32]=Oop [48]=Oop }
                      ;*invokevirtual directionTo {reexecute=0 rethrow=0 return_oop=1}
                      ; - game.items.weapons.Weapon::getRotationToTarget@38 (line 159)
                      ; - game.items.weapons.Weapon::rotateToTarget@21 (line 177)
                      ; - game.items.weapons.Weapon::_process@32 (line 192)
                      ; - godot.entry.WeaponRegistrar$register$1$1$2::invoke@8 (line 41)
                      ; - godot.entry.WeaponRegistrar$register$1$1$2::invoke@12 (line 41)
  0x000001d12bae77c4: 3f1a 0000 

  0x000001d12bae77c8: ;   {other}
  0x000001d12bae77c8: 0f1f 8400 | 3817 0010 | 4885 c00f | 84df 0f00 | 0048 8bd0 

  0x000001d12bae77dc: ;   {optimized virtual_call}
  0x000001d12bae77dc: 6666 90e8 

  0x000001d12bae77e0: ; ImmutableOopMap {rbp=Oop [32]=Oop [48]=Oop }
                      ;*invokevirtual angle {reexecute=0 rethrow=0 return_oop=0}
                      ; - game.items.weapons.Weapon::getRotationToTarget@41 (line 159)
                      ; - game.items.weapons.Weapon::rotateToTarget@21 (line 177)
                      ; - game.items.weapons.Weapon::_process@32 (line 192)
                      ; - godot.entry.WeaponRegistrar$register$1$1$2::invoke@8 (line 41)
                      ; - godot.entry.WeaponRegistrar$register$1$1$2::invoke@12 (line 41)
  0x000001d12bae77e0: 321a 0000 

  0x000001d12bae77e4: ;   {other}
  0x000001d12bae77e4: 0f1f 8400 | 5417 0011 | e901 f3ff | ff49 8be9 

  0x000001d12bae77f4: ;   {optimized virtual_call}
  0x000001d12bae77f4: 498b d1e8 

  0x000001d12bae77f8: ; ImmutableOopMap {rbp=Oop [40]=Oop }
                      ;*invokevirtual useWeapon {reexecute=0 rethrow=0 return_oop=0}
                      ; - game.items.weapons.Weapon::_process@43 (line 195)
                      ; - godot.entry.WeaponRegistrar$register$1$1$2::invoke@8 (line 41)
                      ; - godot.entry.WeaponRegistrar$register$1$1$2::invoke@12 (line 41)
  0x000001d12bae77f8: c019 0000 

  0x000001d12bae77fc: ;   {other}
  0x000001d12bae77fc: 0f1f 8400 | 6c17 0012 | 4c8b cde9 | bcf6 ffff | c4e1 f97e 

  0x000001d12bae7810: ;   {metadata('java/lang/Double')}
  0x000001d12bae7810: c548 bac8 | 1e03 80d1 

  0x000001d12bae7818: ;   {runtime_call _new_instance_Java}
  0x000001d12bae7818: 0100 00e8 

  0x000001d12bae781c: ; ImmutableOopMap {[32]=Oop [48]=Oop }
                      ;*new {reexecute=0 rethrow=0 return_oop=1}
                      ; - java.lang.Double::valueOf@0 (line 773)
                      ; - godot.api.Node2D::setRotation@15 (line 368)
                      ; - game.items.weapons.Weapon::rotateToTarget@25 (line 177)
                      ; - game.items.weapons.Weapon::_process@32 (line 192)
                      ; - godot.entry.WeaponRegistrar$register$1$1$2::invoke@8 (line 41)
                      ; - godot.entry.WeaponRegistrar$register$1$1$2::invoke@12 (line 41)
  0x000001d12bae781c: e045 92ff 

  0x000001d12bae7820: ;   {other}
  0x000001d12bae7820: 0f1f 8400 | 9017 0013 | c4e1 f96e | c5e9 08f3 | ffff 4489 | 5c24 3444 | 894c 2430 | 897c 242c 
  0x000001d12bae7840: 894c 2428 | c5fb 1154 | 2440 c5fb | 114c 2420 

  0x000001d12bae7850: ;   {metadata('godot/core/Vector2')}
  0x000001d12bae7850: 498b e848 | ba10 8402 | 81d1 0100 

  0x000001d12bae785c: ;   {runtime_call _new_instance_Java}
  0x000001d12bae785c: 0066 90e8 

  0x000001d12bae7860: ; ImmutableOopMap {rbp=Oop [40]=NarrowOop [44]=NarrowOop [48]=NarrowOop [52]=NarrowOop }
                      ;*new {reexecute=0 rethrow=0 return_oop=1}
                      ; - game.items.weapons.Weapon::updateVisuals@66 (line 246)
                      ; - game.items.weapons.Weapon::_process@47 (line 196)
                      ; - godot.entry.WeaponRegistrar$register$1$1$2::invoke@8 (line 41)
                      ; - godot.entry.WeaponRegistrar$register$1$1$2::invoke@12 (line 41)
  0x000001d12bae7860: 9c45 92ff 

  0x000001d12bae7864: ;   {other}
  0x000001d12bae7864: 0f1f 8400 | d417 0014 | 4c8b c5c5 | fb10 4c24 | 208b 4c24 | 288b 7c24 | 2c44 8b4c | 2430 448b 
  0x000001d12bae7884: 5c24 34c5 | fb10 5424 | 40e9 e3fc | ffff 4489 | 5c24 3444 | 894c 2430 | 897c 242c | 894c 2428 
  0x000001d12bae78a4: c5fb 1154 | 2440 c5fb | 114c 2420 

  0x000001d12bae78b0: ;   {metadata('godot/core/Vector2')}
  0x000001d12bae78b0: 498b e848 | ba10 8402 | 81d1 0100 

  0x000001d12bae78bc: ;   {runtime_call _new_instance_Java}
  0x000001d12bae78bc: 0066 90e8 

  0x000001d12bae78c0: ; ImmutableOopMap {rbp=Oop [40]=NarrowOop [44]=NarrowOop [48]=NarrowOop [52]=NarrowOop }
                      ;*new {reexecute=0 rethrow=0 return_oop=1}
                      ; - game.items.weapons.Weapon::updateVisuals@37 (line 243)
                      ; - game.items.weapons.Weapon::_process@47 (line 196)
                      ; - godot.entry.WeaponRegistrar$register$1$1$2::invoke@8 (line 41)
                      ; - godot.entry.WeaponRegistrar$register$1$1$2::invoke@12 (line 41)
  0x000001d12bae78c0: 3c45 92ff 

  0x000001d12bae78c4: ;   {other}
  0x000001d12bae78c4: 0f1f 8400 | 3418 0015 | 4c8b c5c5 | fb10 4c24 | 208b 4c24 | 288b 7c24 | 2c44 8b4c | 2430 448b 
  0x000001d12bae78e4: 5c24 34c5 | fb10 5424 | 40e9 edfa | ffff baf6 

  0x000001d12bae78f4: ;   {runtime_call UncommonTrapBlob}
  0x000001d12bae78f4: ffff ffe8 

  0x000001d12bae78f8: ; ImmutableOopMap {}
                      ;*invokevirtual isStopped {reexecute=0 rethrow=0 return_oop=0}
                      ; - game.items.weapons.Weapon::canUseWeapon@4 (line 82)
                      ; - game.items.weapons.Weapon::_process@36 (line 194)
                      ; - godot.entry.WeaponRegistrar$register$1$1$2::invoke@8 (line 41)
                      ; - godot.entry.WeaponRegistrar$register$1$1$2::invoke@12 (line 41)
  0x000001d12bae78f8: 04cd 85ff 

  0x000001d12bae78fc: ;   {other}
  0x000001d12bae78fc: 0f1f 8400 | 6c18 0016 | baf6 ffff 

  0x000001d12bae7908: ;   {runtime_call UncommonTrapBlob}
  0x000001d12bae7908: ff66 90e8 

  0x000001d12bae790c: ; ImmutableOopMap {}
                      ;*invokevirtual getScale {reexecute=0 rethrow=0 return_oop=0}
                      ; - game.items.weapons.Weapon::updateVisuals@18 (line 238)
                      ; - game.items.weapons.Weapon::_process@47 (line 196)
                      ; - godot.entry.WeaponRegistrar$register$1$1$2::invoke@8 (line 41)
                      ; - godot.entry.WeaponRegistrar$register$1$1$2::invoke@12 (line 41)
  0x000001d12bae790c: f0cc 85ff 

  0x000001d12bae7910: ;   {other}
  0x000001d12bae7910: 0f1f 8400 | 8018 0017 | bade ffff | ff4c 8954 | 2420 4489 | 4424 2889 

  0x000001d12bae7928: ;   {runtime_call UncommonTrapBlob}
  0x000001d12bae7928: 4c24 2ce8 

  0x000001d12bae792c: ; ImmutableOopMap {[32]=Oop [40]=NarrowOop [44]=NarrowOop }
                      ;*invokevirtual get {reexecute=0 rethrow=0 return_oop=0}
                      ; - godot.common.util.ThreadLocalDelegate::getValue@10 (line 7)
                      ; - godot.internal.memory.TransferContext::getBuffer@9 (line 28)
                      ; - godot.internal.memory.TransferContext::writeArguments@7 (line 34)
                      ; - godot.api.Timer::isStopped@7 (line 232)
                      ; - game.items.weapons.Weapon::canUseWeapon@4 (line 82)
                      ; - game.items.weapons.Weapon::_process@36 (line 194)
                      ; - godot.entry.WeaponRegistrar$register$1$1$2::invoke@8 (line 41)
                      ; - godot.entry.WeaponRegistrar$register$1$1$2::invoke@12 (line 41)
  0x000001d12bae792c: d0cc 85ff 

  0x000001d12bae7930: ;   {other}
  0x000001d12bae7930: 0f1f 8400 | a018 0018 | bae4 ffff | ff48 8b6c | 2420 4489 | 4424 3089 | 4c24 344c | 894c 2440 
  0x000001d12bae7950: 895c 244c | 4489 5424 

  0x000001d12bae7958: ;   {runtime_call UncommonTrapBlob}
  0x000001d12bae7958: 5066 90e8 

  0x000001d12bae795c: ; ImmutableOopMap {rbp=Oop [40]=Oop [48]=NarrowOop [52]=NarrowOop [64]=Oop [76]=NarrowOop }
                      ;*aaload {reexecute=0 rethrow=0 return_oop=0}
                      ; - java.lang.ThreadLocal$ThreadLocalMap::getEntry@18 (line 500)
                      ; - java.lang.ThreadLocal::get@12 (line 187)
                      ; - java.lang.ThreadLocal::get@4 (line 172)
                      ; - godot.common.util.ThreadLocalDelegate::getValue@10 (line 7)
                      ; - godot.internal.memory.TransferContext::getBuffer@9 (line 28)
                      ; - godot.internal.memory.TransferContext::writeArguments@7 (line 34)
                      ; - godot.api.Timer::isStopped@7 (line 232)
                      ; - game.items.weapons.Weapon::canUseWeapon@4 (line 82)
                      ; - game.items.weapons.Weapon::_process@36 (line 194)
                      ; - godot.entry.WeaponRegistrar$register$1$1$2::invoke@8 (line 41)
                      ; - godot.entry.WeaponRegistrar$register$1$1$2::invoke@12 (line 41)
  0x000001d12bae795c: a0cc 85ff 

  0x000001d12bae7960: ;   {other}
  0x000001d12bae7960: 0f1f 8400 | d018 0019 | ba45 ffff | ff44 8944 | 2438 894c | 243c 4c89 | 4c24 4844 | 8954 2450 
  0x000001d12bae7980: ;   {runtime_call UncommonTrapBlob}
  0x000001d12bae7980: 6666 90e8 

  0x000001d12bae7984: ; ImmutableOopMap {rbp=NarrowOop [32]=Oop [40]=Oop [56]=NarrowOop [60]=NarrowOop [72]=Oop }
                      ;*ifeq {reexecute=1 rethrow=0 return_oop=0}
                      ; - (reexecute) java.lang.ThreadLocal$ThreadLocalMap::getEntry@29 (line 501)
                      ; - java.lang.ThreadLocal::get@12 (line 187)
                      ; - java.lang.ThreadLocal::get@4 (line 172)
                      ; - godot.common.util.ThreadLocalDelegate::getValue@10 (line 7)
                      ; - godot.internal.memory.TransferContext::getBuffer@9 (line 28)
                      ; - godot.internal.memory.TransferContext::writeArguments@7 (line 34)
                      ; - godot.api.Timer::isStopped@7 (line 232)
                      ; - game.items.weapons.Weapon::canUseWeapon@4 (line 82)
                      ; - game.items.weapons.Weapon::_process@36 (line 194)
                      ; - godot.entry.WeaponRegistrar$register$1$1$2::invoke@8 (line 41)
                      ; - godot.entry.WeaponRegistrar$register$1$1$2::invoke@12 (line 41)
  0x000001d12bae7984: 78cc 85ff 

  0x000001d12bae7988: ;   {other}
  0x000001d12bae7988: 0f1f 8400 | f818 001a | baec ffff | ff48 8b6c | 2420 4489 | 4424 284c | 8954 2438 | 4c89 5424 
  0x000001d12bae79a8: 404c 894c | 2448 4489 

  0x000001d12bae79b0: ;   {runtime_call UncommonTrapBlob}
  0x000001d12bae79b0: 5c24 2ce8 

  0x000001d12bae79b4: ; ImmutableOopMap {rbp=Oop [40]=NarrowOop [44]=NarrowOop [56]=Oop [64]=Oop }
                      ;*ifnull {reexecute=1 rethrow=0 return_oop=0}
                      ; - (reexecute) java.nio.Buffer::session@4 (line 792)
                      ; - java.nio.DirectByteBuffer::putInt@7 (line 773)
                      ; - java.nio.DirectByteBuffer::putInt@11 (line 785)
                      ; - godot.internal.memory.TransferContext::writeArguments@21 (line 36)
                      ; - godot.api.Timer::isStopped@7 (line 232)
                      ; - game.items.weapons.Weapon::canUseWeapon@4 (line 82)
                      ; - game.items.weapons.Weapon::_process@36 (line 194)
                      ; - godot.entry.WeaponRegistrar$register$1$1$2::invoke@8 (line 41)
                      ; - godot.entry.WeaponRegistrar$register$1$1$2::invoke@12 (line 41)
  0x000001d12bae79b4: 48cc 85ff 

  0x000001d12bae79b8: ;   {other}
  0x000001d12bae79b8: 0f1f 8400 | 2819 001b | bade ffff | ff48 8b6c | 2420 4489 

  0x000001d12bae79cc: ;   {runtime_call UncommonTrapBlob}
  0x000001d12bae79cc: 4424 28e8 

  0x000001d12bae79d0: ; ImmutableOopMap {rbp=Oop [40]=NarrowOop }
                      ;*invokevirtual get {reexecute=0 rethrow=0 return_oop=0}
                      ; - godot.common.util.ThreadLocalDelegate::getValue@10 (line 7)
                      ; - godot.internal.memory.TransferContext::getBuffer@9 (line 28)
                      ; - godot.internal.memory.TransferContext::readReturnValue@7 (line 73)
                      ; - godot.api.Timer::isStopped@41 (line 234)
                      ; - game.items.weapons.Weapon::canUseWeapon@4 (line 82)
                      ; - game.items.weapons.Weapon::_process@36 (line 194)
                      ; - godot.entry.WeaponRegistrar$register$1$1$2::invoke@8 (line 41)
                      ; - godot.entry.WeaponRegistrar$register$1$1$2::invoke@12 (line 41)
  0x000001d12bae79d0: 2ccc 85ff 

  0x000001d12bae79d4: ;   {other}
  0x000001d12bae79d4: 0f1f 8400 | 4419 001c | bae4 ffff | ff48 8b6c | 2420 4489 | 5424 384c | 8944 2440 | 4489 5c24 
  0x000001d12bae79f4: 4844 894c 

  0x000001d12bae79f8: ;   {runtime_call UncommonTrapBlob}
  0x000001d12bae79f8: 244c 90e8 

  0x000001d12bae79fc: ; ImmutableOopMap {rbp=Oop [40]=Oop [56]=NarrowOop [64]=Oop [72]=NarrowOop }
                      ;*aaload {reexecute=0 rethrow=0 return_oop=0}
                      ; - java.lang.ThreadLocal$ThreadLocalMap::getEntry@18 (line 500)
                      ; - java.lang.ThreadLocal::get@12 (line 187)
                      ; - java.lang.ThreadLocal::get@4 (line 172)
                      ; - godot.common.util.ThreadLocalDelegate::getValue@10 (line 7)
                      ; - godot.internal.memory.TransferContext::getBuffer@9 (line 28)
                      ; - godot.internal.memory.TransferContext::readReturnValue@7 (line 73)
                      ; - godot.api.Timer::isStopped@41 (line 234)
                      ; - game.items.weapons.Weapon::canUseWeapon@4 (line 82)
                      ; - game.items.weapons.Weapon::_process@36 (line 194)
                      ; - godot.entry.WeaponRegistrar$register$1$1$2::invoke@8 (line 41)
                      ; - godot.entry.WeaponRegistrar$register$1$1$2::invoke@12 (line 41)
  0x000001d12bae79fc: 00cc 85ff 

  0x000001d12bae7a00: ;   {other}
  0x000001d12bae7a00: 0f1f 8400 | 7019 001d | ba45 ffff | ff44 8954 | 2440 4c89 | 4424 4844 | 894c 2444 

  0x000001d12bae7a1c: ;   {runtime_call UncommonTrapBlob}
  0x000001d12bae7a1c: 6666 90e8 

  0x000001d12bae7a20: ; ImmutableOopMap {rbp=NarrowOop [32]=Oop [40]=Oop [64]=NarrowOop [72]=Oop }
                      ;*ifeq {reexecute=1 rethrow=0 return_oop=0}
                      ; - (reexecute) java.lang.ThreadLocal$ThreadLocalMap::getEntry@29 (line 501)
                      ; - java.lang.ThreadLocal::get@12 (line 187)
                      ; - java.lang.ThreadLocal::get@4 (line 172)
                      ; - godot.common.util.ThreadLocalDelegate::getValue@10 (line 7)
                      ; - godot.internal.memory.TransferContext::getBuffer@9 (line 28)
                      ; - godot.internal.memory.TransferContext::readReturnValue@7 (line 73)
                      ; - godot.api.Timer::isStopped@41 (line 234)
                      ; - game.items.weapons.Weapon::canUseWeapon@4 (line 82)
                      ; - game.items.weapons.Weapon::_process@36 (line 194)
                      ; - godot.entry.WeaponRegistrar$register$1$1$2::invoke@8 (line 41)
                      ; - godot.entry.WeaponRegistrar$register$1$1$2::invoke@12 (line 41)
  0x000001d12bae7a20: dccb 85ff 

  0x000001d12bae7a24: ;   {other}
  0x000001d12bae7a24: 0f1f 8400 | 9419 001e | baec ffff | ff48 8b6c | 2420 4889 | 4c24 3048 | 894c 2438 | 4c89 4c24 
  0x000001d12bae7a44: 4044 8944 

  0x000001d12bae7a48: ;   {runtime_call UncommonTrapBlob}
  0x000001d12bae7a48: 2450 90e8 

  0x000001d12bae7a4c: ; ImmutableOopMap {rbp=Oop [48]=Oop [56]=Oop [80]=NarrowOop }
                      ;*ifnull {reexecute=1 rethrow=0 return_oop=0}
                      ; - (reexecute) java.nio.Buffer::session@4 (line 792)
                      ; - java.nio.DirectByteBuffer::getInt@4 (line 744)
                      ; - java.nio.DirectByteBuffer::getInt@10 (line 753)
                      ; - godot.core.VariantKt::getVariantType@1 (line 104)
                      ; - godot.core.VariantKt::access$getVariantType@1 (line 1)
                      ; - godot.core.VariantParser::toKotlin@7 (line 477)
                      ; - godot.internal.memory.TransferContext::readReturnValue@20 (line 75)
                      ; - godot.api.Timer::isStopped@41 (line 234)
                      ; - game.items.weapons.Weapon::canUseWeapon@4 (line 82)
                      ; - game.items.weapons.Weapon::_process@36 (line 194)
                      ; - godot.entry.WeaponRegistrar$register$1$1$2::invoke@8 (line 41)
                      ; - godot.entry.WeaponRegistrar$register$1$1$2::invoke@12 (line 41)
  0x000001d12bae7a4c: b0cb 85ff 

  0x000001d12bae7a50: ;   {other}
  0x000001d12bae7a50: 0f1f 8400 | c019 001f | bade ffff | ff4c 894c | 2420 4489 

  0x000001d12bae7a64: ;   {runtime_call UncommonTrapBlob}
  0x000001d12bae7a64: 5424 28e8 

  0x000001d12bae7a68: ; ImmutableOopMap {[32]=Oop [40]=NarrowOop }
                      ;*invokevirtual get {reexecute=0 rethrow=0 return_oop=0}
                      ; - godot.common.util.ThreadLocalDelegate::getValue@10 (line 7)
                      ; - godot.internal.memory.TransferContext::getBuffer@9 (line 28)
                      ; - godot.internal.memory.TransferContext::writeArguments@7 (line 34)
                      ; - godot.api.Node2D::getRotation@7 (line 394)
                      ; - game.items.weapons.Weapon::updateVisuals@9 (line 235)
                      ; - game.items.weapons.Weapon::_process@47 (line 196)
                      ; - godot.entry.WeaponRegistrar$register$1$1$2::invoke@8 (line 41)
                      ; - godot.entry.WeaponRegistrar$register$1$1$2::invoke@12 (line 41)
  0x000001d12bae7a68: 94cb 85ff 

  0x000001d12bae7a6c: ;   {other}
  0x000001d12bae7a6c: 0f1f 8400 | dc19 0020 | bae4 ffff | ff48 8b6c | 2420 4489 | 5c24 384c | 8944 2440 | 4489 5424 
  0x000001d12bae7a8c: 4844 894c 

  0x000001d12bae7a90: ;   {runtime_call UncommonTrapBlob}
  0x000001d12bae7a90: 244c 90e8 

  0x000001d12bae7a94: ; ImmutableOopMap {rbp=Oop [40]=Oop [56]=NarrowOop [64]=Oop [72]=NarrowOop }
                      ;*aaload {reexecute=0 rethrow=0 return_oop=0}
                      ; - java.lang.ThreadLocal$ThreadLocalMap::getEntry@18 (line 500)
                      ; - java.lang.ThreadLocal::get@12 (line 187)
                      ; - java.lang.ThreadLocal::get@4 (line 172)
                      ; - godot.common.util.ThreadLocalDelegate::getValue@10 (line 7)
                      ; - godot.internal.memory.TransferContext::getBuffer@9 (line 28)
                      ; - godot.internal.memory.TransferContext::writeArguments@7 (line 34)
                      ; - godot.api.Node2D::getRotation@7 (line 394)
                      ; - game.items.weapons.Weapon::updateVisuals@9 (line 235)
                      ; - game.items.weapons.Weapon::_process@47 (line 196)
                      ; - godot.entry.WeaponRegistrar$register$1$1$2::invoke@8 (line 41)
                      ; - godot.entry.WeaponRegistrar$register$1$1$2::invoke@12 (line 41)
  0x000001d12bae7a94: 68cb 85ff 

  0x000001d12bae7a98: ;   {other}
  0x000001d12bae7a98: 0f1f 8400 | 081a 0021 | ba45 ffff | ff44 895c | 2440 4c89 | 4424 4844 | 894c 2444 

  0x000001d12bae7ab4: ;   {runtime_call UncommonTrapBlob}
  0x000001d12bae7ab4: 6666 90e8 

  0x000001d12bae7ab8: ; ImmutableOopMap {rbp=NarrowOop [32]=Oop [40]=Oop [64]=NarrowOop [72]=Oop }
                      ;*ifeq {reexecute=1 rethrow=0 return_oop=0}
                      ; - (reexecute) java.lang.ThreadLocal$ThreadLocalMap::getEntry@29 (line 501)
                      ; - java.lang.ThreadLocal::get@12 (line 187)
                      ; - java.lang.ThreadLocal::get@4 (line 172)
                      ; - godot.common.util.ThreadLocalDelegate::getValue@10 (line 7)
                      ; - godot.internal.memory.TransferContext::getBuffer@9 (line 28)
                      ; - godot.internal.memory.TransferContext::writeArguments@7 (line 34)
                      ; - godot.api.Node2D::getRotation@7 (line 394)
                      ; - game.items.weapons.Weapon::updateVisuals@9 (line 235)
                      ; - game.items.weapons.Weapon::_process@47 (line 196)
                      ; - godot.entry.WeaponRegistrar$register$1$1$2::invoke@8 (line 41)
                      ; - godot.entry.WeaponRegistrar$register$1$1$2::invoke@12 (line 41)
  0x000001d12bae7ab8: 44cb 85ff 

  0x000001d12bae7abc: ;   {other}
  0x000001d12bae7abc: 0f1f 8400 | 2c1a 0022 | baec ffff | ff48 8b6c | 2420 4c89 | 5c24 304c | 895c 2438 | 4c89 4c24 
  0x000001d12bae7adc: 4044 8954 

  0x000001d12bae7ae0: ;   {runtime_call UncommonTrapBlob}
  0x000001d12bae7ae0: 2450 90e8 

  0x000001d12bae7ae4: ; ImmutableOopMap {rbp=Oop [48]=Oop [56]=Oop [80]=NarrowOop }
                      ;*ifnull {reexecute=1 rethrow=0 return_oop=0}
                      ; - (reexecute) java.nio.Buffer::session@4 (line 792)
                      ; - java.nio.DirectByteBuffer::putInt@7 (line 773)
                      ; - java.nio.DirectByteBuffer::putInt@11 (line 785)
                      ; - godot.internal.memory.TransferContext::writeArguments@21 (line 36)
                      ; - godot.api.Node2D::getRotation@7 (line 394)
                      ; - game.items.weapons.Weapon::updateVisuals@9 (line 235)
                      ; - game.items.weapons.Weapon::_process@47 (line 196)
                      ; - godot.entry.WeaponRegistrar$register$1$1$2::invoke@8 (line 41)
                      ; - godot.entry.WeaponRegistrar$register$1$1$2::invoke@12 (line 41)
  0x000001d12bae7ae4: 18cb 85ff 

  0x000001d12bae7ae8: ;   {other}
  0x000001d12bae7ae8: 0f1f 8400 | 581a 0023 | bade ffff | ff48 8b6c | 2420 4489 

  0x000001d12bae7afc: ;   {runtime_call UncommonTrapBlob}
  0x000001d12bae7afc: 5424 20e8 

  0x000001d12bae7b00: ; ImmutableOopMap {rbp=Oop [32]=NarrowOop }
                      ;*invokevirtual get {reexecute=0 rethrow=0 return_oop=0}
                      ; - godot.common.util.ThreadLocalDelegate::getValue@10 (line 7)
                      ; - godot.internal.memory.TransferContext::getBuffer@9 (line 28)
                      ; - godot.internal.memory.TransferContext::readReturnValue@7 (line 73)
                      ; - godot.api.Node2D::getRotation@41 (line 396)
                      ; - game.items.weapons.Weapon::updateVisuals@9 (line 235)
                      ; - game.items.weapons.Weapon::_process@47 (line 196)
                      ; - godot.entry.WeaponRegistrar$register$1$1$2::invoke@8 (line 41)
                      ; - godot.entry.WeaponRegistrar$register$1$1$2::invoke@12 (line 41)
  0x000001d12bae7b00: fcca 85ff 

  0x000001d12bae7b04: ;   {other}
  0x000001d12bae7b04: 0f1f 8400 | 741a 0024 | bae4 ffff | ff48 8b6c | 2420 4489 | 4424 3048 | 894c 2438 | 4489 5c24 
  0x000001d12bae7b24: 4089 5c24 

  0x000001d12bae7b28: ;   {runtime_call UncommonTrapBlob}
  0x000001d12bae7b28: 4466 90e8 

  0x000001d12bae7b2c: ; ImmutableOopMap {rbp=Oop [40]=Oop [48]=NarrowOop [56]=Oop [64]=NarrowOop }
                      ;*aaload {reexecute=0 rethrow=0 return_oop=0}
                      ; - java.lang.ThreadLocal$ThreadLocalMap::getEntry@18 (line 500)
                      ; - java.lang.ThreadLocal::get@12 (line 187)
                      ; - java.lang.ThreadLocal::get@4 (line 172)
                      ; - godot.common.util.ThreadLocalDelegate::getValue@10 (line 7)
                      ; - godot.internal.memory.TransferContext::getBuffer@9 (line 28)
                      ; - godot.internal.memory.TransferContext::readReturnValue@7 (line 73)
                      ; - godot.api.Node2D::getRotation@41 (line 396)
                      ; - game.items.weapons.Weapon::updateVisuals@9 (line 235)
                      ; - game.items.weapons.Weapon::_process@47 (line 196)
                      ; - godot.entry.WeaponRegistrar$register$1$1$2::invoke@8 (line 41)
                      ; - godot.entry.WeaponRegistrar$register$1$1$2::invoke@12 (line 41)
  0x000001d12bae7b2c: d0ca 85ff 

  0x000001d12bae7b30: ;   {other}
  0x000001d12bae7b30: 0f1f 8400 | a01a 0025 | ba45 ffff | ff4c 894c | 2430 4489 | 4424 3848 | 894c 2440 | 895c 243c 
  0x000001d12bae7b50: ;   {runtime_call UncommonTrapBlob}
  0x000001d12bae7b50: 6666 90e8 

  0x000001d12bae7b54: ; ImmutableOopMap {rbp=NarrowOop [32]=Oop [48]=Oop [56]=NarrowOop [64]=Oop }
                      ;*ifeq {reexecute=1 rethrow=0 return_oop=0}
                      ; - (reexecute) java.lang.ThreadLocal$ThreadLocalMap::getEntry@29 (line 501)
                      ; - java.lang.ThreadLocal::get@12 (line 187)
                      ; - java.lang.ThreadLocal::get@4 (line 172)
                      ; - godot.common.util.ThreadLocalDelegate::getValue@10 (line 7)
                      ; - godot.internal.memory.TransferContext::getBuffer@9 (line 28)
                      ; - godot.internal.memory.TransferContext::readReturnValue@7 (line 73)
                      ; - godot.api.Node2D::getRotation@41 (line 396)
                      ; - game.items.weapons.Weapon::updateVisuals@9 (line 235)
                      ; - game.items.weapons.Weapon::_process@47 (line 196)
                      ; - godot.entry.WeaponRegistrar$register$1$1$2::invoke@8 (line 41)
                      ; - godot.entry.WeaponRegistrar$register$1$1$2::invoke@12 (line 41)
  0x000001d12bae7b54: a8ca 85ff 

  0x000001d12bae7b58: ;   {other}
  0x000001d12bae7b58: 0f1f 8400 | c81a 0026 | baec ffff | ff48 8b6c | 2420 4c89 | 4424 284c | 8944 2430 | 4889 4c24 
  0x000001d12bae7b78: 3844 895c 

  0x000001d12bae7b7c: ;   {runtime_call UncommonTrapBlob}
  0x000001d12bae7b7c: 2448 90e8 

  0x000001d12bae7b80: ; ImmutableOopMap {rbp=Oop [40]=Oop [48]=Oop [72]=NarrowOop }
                      ;*ifnull {reexecute=1 rethrow=0 return_oop=0}
                      ; - (reexecute) java.nio.Buffer::session@4 (line 792)
                      ; - java.nio.DirectByteBuffer::getInt@4 (line 744)
                      ; - java.nio.DirectByteBuffer::getInt@10 (line 753)
                      ; - godot.core.VariantKt::getVariantType@1 (line 104)
                      ; - godot.core.VariantKt::access$getVariantType@1 (line 1)
                      ; - godot.core.VariantParser::toKotlin@7 (line 477)
                      ; - godot.internal.memory.TransferContext::readReturnValue@20 (line 75)
                      ; - godot.api.Node2D::getRotation@41 (line 396)
                      ; - game.items.weapons.Weapon::updateVisuals@9 (line 235)
                      ; - game.items.weapons.Weapon::_process@47 (line 196)
                      ; - godot.entry.WeaponRegistrar$register$1$1$2::invoke@8 (line 41)
                      ; - godot.entry.WeaponRegistrar$register$1$1$2::invoke@12 (line 41)
  0x000001d12bae7b80: 7cca 85ff 

  0x000001d12bae7b84: ;   {other}
  0x000001d12bae7b84: 0f1f 8400 | f41a 0027 | bade ffff | ff48 8be9 | c5fb 1144 | 2420 4489 | 5424 2844 | 8944 242c 
  0x000001d12bae7ba4: ;   {runtime_call UncommonTrapBlob}
  0x000001d12bae7ba4: 6666 90e8 

  0x000001d12bae7ba8: ; ImmutableOopMap {rbp=Oop [40]=NarrowOop [44]=NarrowOop }
                      ;*invokevirtual get {reexecute=0 rethrow=0 return_oop=0}
                      ; - godot.common.util.ThreadLocalDelegate::getValue@10 (line 7)
                      ; - godot.internal.memory.TransferContext::getBuffer@9 (line 28)
                      ; - godot.internal.memory.TransferContext::writeArguments@7 (line 34)
                      ; - godot.api.Node2D::getScale@7 (line 412)
                      ; - game.items.weapons.Weapon::updateVisuals@18 (line 238)
                      ; - game.items.weapons.Weapon::_process@47 (line 196)
                      ; - godot.entry.WeaponRegistrar$register$1$1$2::invoke@8 (line 41)
                      ; - godot.entry.WeaponRegistrar$register$1$1$2::invoke@12 (line 41)
  0x000001d12bae7ba8: 54ca 85ff 

  0x000001d12bae7bac: ;   {other}
  0x000001d12bae7bac: 0f1f 8400 | 1c1b 0028 | bae4 ffff | ff48 8b6c | 2420 c5fb | 1144 2420 | 4489 4424 | 3044 895c 
  0x000001d12bae7bcc: 2434 4c89 | 4c24 4089 | 5c24 4c89 

  0x000001d12bae7bd8: ;   {runtime_call UncommonTrapBlob}
  0x000001d12bae7bd8: 4c24 50e8 

  0x000001d12bae7bdc: ; ImmutableOopMap {rbp=Oop [40]=Oop [48]=NarrowOop [52]=NarrowOop [64]=Oop [76]=NarrowOop }
                      ;*aaload {reexecute=0 rethrow=0 return_oop=0}
                      ; - java.lang.ThreadLocal$ThreadLocalMap::getEntry@18 (line 500)
                      ; - java.lang.ThreadLocal::get@12 (line 187)
                      ; - java.lang.ThreadLocal::get@4 (line 172)
                      ; - godot.common.util.ThreadLocalDelegate::getValue@10 (line 7)
                      ; - godot.internal.memory.TransferContext::getBuffer@9 (line 28)
                      ; - godot.internal.memory.TransferContext::writeArguments@7 (line 34)
                      ; - godot.api.Node2D::getScale@7 (line 412)
                      ; - game.items.weapons.Weapon::updateVisuals@18 (line 238)
                      ; - game.items.weapons.Weapon::_process@47 (line 196)
                      ; - godot.entry.WeaponRegistrar$register$1$1$2::invoke@8 (line 41)
                      ; - godot.entry.WeaponRegistrar$register$1$1$2::invoke@12 (line 41)
  0x000001d12bae7bdc: 20ca 85ff 

  0x000001d12bae7be0: ;   {other}
  0x000001d12bae7be0: 0f1f 8400 | 501b 0029 | 498b f945 | 33c9 483b | d741 0f94 | c1ba 45ff | ffff 488b | 6c24 20c5 
  0x000001d12bae7c00: fb11 4424 | 2044 8944 | 2430 4489 | 5c24 3448 | 897c 2440 | 894c 2448 | 4489 5424 | 4c44 894c 
  0x000001d12bae7c20: ;   {runtime_call UncommonTrapBlob}
  0x000001d12bae7c20: 2450 90e8 

  0x000001d12bae7c24: ; ImmutableOopMap {rbp=Oop [40]=Oop [48]=NarrowOop [52]=NarrowOop [64]=Oop [76]=NarrowOop }
                      ;*ifeq {reexecute=1 rethrow=0 return_oop=0}
                      ; - (reexecute) java.lang.ThreadLocal$ThreadLocalMap::getEntry@29 (line 501)
                      ; - java.lang.ThreadLocal::get@12 (line 187)
                      ; - java.lang.ThreadLocal::get@4 (line 172)
                      ; - godot.common.util.ThreadLocalDelegate::getValue@10 (line 7)
                      ; - godot.internal.memory.TransferContext::getBuffer@9 (line 28)
                      ; - godot.internal.memory.TransferContext::writeArguments@7 (line 34)
                      ; - godot.api.Node2D::getScale@7 (line 412)
                      ; - game.items.weapons.Weapon::updateVisuals@18 (line 238)
                      ; - game.items.weapons.Weapon::_process@47 (line 196)
                      ; - godot.entry.WeaponRegistrar$register$1$1$2::invoke@8 (line 41)
                      ; - godot.entry.WeaponRegistrar$register$1$1$2::invoke@12 (line 41)
  0x000001d12bae7c24: d8c9 85ff 

  0x000001d12bae7c28: ;   {other}
  0x000001d12bae7c28: 0f1f 8400 | 981b 002a | baec ffff | ff48 8b6c | 2420 c5fb | 1144 2420 | 4489 4424 | 2848 894c 
  0x000001d12bae7c48: 2438 4889 | 4c24 404c | 894c 2448 | 4489 5c24 

  0x000001d12bae7c58: ;   {runtime_call UncommonTrapBlob}
  0x000001d12bae7c58: 2c66 90e8 

  0x000001d12bae7c5c: ; ImmutableOopMap {rbp=Oop [40]=NarrowOop [44]=NarrowOop [56]=Oop [64]=Oop }
                      ;*ifnull {reexecute=1 rethrow=0 return_oop=0}
                      ; - (reexecute) java.nio.Buffer::session@4 (line 792)
                      ; - java.nio.DirectByteBuffer::putInt@7 (line 773)
                      ; - java.nio.DirectByteBuffer::putInt@11 (line 785)
                      ; - godot.internal.memory.TransferContext::writeArguments@21 (line 36)
                      ; - godot.api.Node2D::getScale@7 (line 412)
                      ; - game.items.weapons.Weapon::updateVisuals@18 (line 238)
                      ; - game.items.weapons.Weapon::_process@47 (line 196)
                      ; - godot.entry.WeaponRegistrar$register$1$1$2::invoke@8 (line 41)
                      ; - godot.entry.WeaponRegistrar$register$1$1$2::invoke@12 (line 41)
  0x000001d12bae7c5c: a0c9 85ff 

  0x000001d12bae7c60: ;   {other}
  0x000001d12bae7c60: 0f1f 8400 | d01b 002b | bade ffff | ff48 8b6c | 2420 894c 

  0x000001d12bae7c74: ;   {runtime_call UncommonTrapBlob}
  0x000001d12bae7c74: 2428 90e8 

  0x000001d12bae7c78: ; ImmutableOopMap {rbp=Oop [40]=NarrowOop }
                      ;*invokevirtual get {reexecute=0 rethrow=0 return_oop=0}
                      ; - godot.common.util.ThreadLocalDelegate::getValue@10 (line 7)
                      ; - godot.internal.memory.TransferContext::getBuffer@9 (line 28)
                      ; - godot.internal.memory.TransferContext::readReturnValue@7 (line 73)
                      ; - godot.api.Node2D::getScale@41 (line 414)
                      ; - game.items.weapons.Weapon::updateVisuals@18 (line 238)
                      ; - game.items.weapons.Weapon::_process@47 (line 196)
                      ; - godot.entry.WeaponRegistrar$register$1$1$2::invoke@8 (line 41)
                      ; - godot.entry.WeaponRegistrar$register$1$1$2::invoke@12 (line 41)
  0x000001d12bae7c78: 84c9 85ff 

  0x000001d12bae7c7c: ;   {other}
  0x000001d12bae7c7c: 0f1f 8400 | ec1b 002c | bae4 ffff | ff48 8b6c | 2420 c5fb | 1044 2430 | c5fb 1144 | 2420 4c89 
  0x000001d12bae7c9c: 4424 3044 | 894c 2438 | 4889 4c24 | 4044 8954 | 2448 895c 

  0x000001d12bae7cb0: ;   {runtime_call UncommonTrapBlob}
  0x000001d12bae7cb0: 244c 90e8 

  0x000001d12bae7cb4: ; ImmutableOopMap {rbp=Oop [48]=Oop [56]=NarrowOop [64]=Oop [72]=NarrowOop }
                      ;*aaload {reexecute=0 rethrow=0 return_oop=0}
                      ; - java.lang.ThreadLocal$ThreadLocalMap::getEntry@18 (line 500)
                      ; - java.lang.ThreadLocal::get@12 (line 187)
                      ; - java.lang.ThreadLocal::get@4 (line 172)
                      ; - godot.common.util.ThreadLocalDelegate::getValue@10 (line 7)
                      ; - godot.internal.memory.TransferContext::getBuffer@9 (line 28)
                      ; - godot.internal.memory.TransferContext::readReturnValue@7 (line 73)
                      ; - godot.api.Node2D::getScale@41 (line 414)
                      ; - game.items.weapons.Weapon::updateVisuals@18 (line 238)
                      ; - game.items.weapons.Weapon::_process@47 (line 196)
                      ; - godot.entry.WeaponRegistrar$register$1$1$2::invoke@8 (line 41)
                      ; - godot.entry.WeaponRegistrar$register$1$1$2::invoke@12 (line 41)
  0x000001d12bae7cb4: 48c9 85ff 

  0x000001d12bae7cb8: ;   {other}
  0x000001d12bae7cb8: 0f1f 8400 | 281c 002d | ba45 ffff | ffc5 fb10 | 4424 30c5 | fb11 4424 | 284c 8944 | 2438 4489 
  0x000001d12bae7cd8: 4c24 4048 | 894c 2448 | 895c 2444 

  0x000001d12bae7ce4: ;   {runtime_call UncommonTrapBlob}
  0x000001d12bae7ce4: 6666 90e8 

  0x000001d12bae7ce8: ; ImmutableOopMap {rbp=NarrowOop [32]=Oop [56]=Oop [64]=NarrowOop [72]=Oop }
                      ;*ifeq {reexecute=1 rethrow=0 return_oop=0}
                      ; - (reexecute) java.lang.ThreadLocal$ThreadLocalMap::getEntry@29 (line 501)
                      ; - java.lang.ThreadLocal::get@12 (line 187)
                      ; - java.lang.ThreadLocal::get@4 (line 172)
                      ; - godot.common.util.ThreadLocalDelegate::getValue@10 (line 7)
                      ; - godot.internal.memory.TransferContext::getBuffer@9 (line 28)
                      ; - godot.internal.memory.TransferContext::readReturnValue@7 (line 73)
                      ; - godot.api.Node2D::getScale@41 (line 414)
                      ; - game.items.weapons.Weapon::updateVisuals@18 (line 238)
                      ; - game.items.weapons.Weapon::_process@47 (line 196)
                      ; - godot.entry.WeaponRegistrar$register$1$1$2::invoke@8 (line 41)
                      ; - godot.entry.WeaponRegistrar$register$1$1$2::invoke@12 (line 41)
  0x000001d12bae7ce8: 14c9 85ff 

  0x000001d12bae7cec: ;   {other}
  0x000001d12bae7cec: 0f1f 8400 | 5c1c 002e | baec ffff | ff48 8b6c | 2420 c5fb | 1044 2430 | c5fb 1144 | 2420 4c89 
  0x000001d12bae7d0c: 4c24 304c | 894c 2438 | 4889 4c24 | 4044 895c 

  0x000001d12bae7d1c: ;   {runtime_call UncommonTrapBlob}
  0x000001d12bae7d1c: 2450 90e8 

  0x000001d12bae7d20: ; ImmutableOopMap {rbp=Oop [48]=Oop [56]=Oop [80]=NarrowOop }
                      ;*ifnull {reexecute=1 rethrow=0 return_oop=0}
                      ; - (reexecute) java.nio.Buffer::session@4 (line 792)
                      ; - java.nio.DirectByteBuffer::getInt@4 (line 744)
                      ; - java.nio.DirectByteBuffer::getInt@10 (line 753)
                      ; - godot.core.VariantKt::getVariantType@1 (line 104)
                      ; - godot.core.VariantKt::access$getVariantType@1 (line 1)
                      ; - godot.core.VariantParser::toKotlin@7 (line 477)
                      ; - godot.internal.memory.TransferContext::readReturnValue@20 (line 75)
                      ; - godot.api.Node2D::getScale@41 (line 414)
                      ; - game.items.weapons.Weapon::updateVisuals@18 (line 238)
                      ; - game.items.weapons.Weapon::_process@47 (line 196)
                      ; - godot.entry.WeaponRegistrar$register$1$1$2::invoke@8 (line 41)
                      ; - godot.entry.WeaponRegistrar$register$1$1$2::invoke@12 (line 41)
  0x000001d12bae7d20: dcc8 85ff 

  0x000001d12bae7d24: ;   {other}
  0x000001d12bae7d24: 0f1f 8400 | 941c 002f | baf6 ffff 

  0x000001d12bae7d30: ;   {runtime_call UncommonTrapBlob}
  0x000001d12bae7d30: ff66 90e8 

  0x000001d12bae7d34: ; ImmutableOopMap {}
                      ;*invokevirtual getScale {reexecute=0 rethrow=0 return_oop=0}
                      ; - game.entity.Player::isFacingRight@4 (line 261)
                      ; - game.items.weapons.Weapon::getIdleRotation@9 (line 139)
                      ; - game.items.weapons.Weapon::getRotationToTarget@20 (line 156)
                      ; - game.items.weapons.Weapon::rotateToTarget@21 (line 177)
                      ; - game.items.weapons.Weapon::_process@32 (line 192)
                      ; - godot.entry.WeaponRegistrar$register$1$1$2::invoke@8 (line 41)
                      ; - godot.entry.WeaponRegistrar$register$1$1$2::invoke@12 (line 41)
  0x000001d12bae7d34: c8c8 85ff 

  0x000001d12bae7d38: ;   {other}
  0x000001d12bae7d38: 0f1f 8400 | a81c 0030 | bade ffff | ff4c 8954 

  0x000001d12bae7d48: ;   {runtime_call UncommonTrapBlob}
  0x000001d12bae7d48: 2420 90e8 

  0x000001d12bae7d4c: ; ImmutableOopMap {rbp=NarrowOop [32]=Oop }
                      ;*invokeinterface isEmpty {reexecute=0 rethrow=0 return_oop=0}
                      ; - game.items.weapons.Weapon::_process@11 (line 187)
                      ; - godot.entry.WeaponRegistrar$register$1$1$2::invoke@8 (line 41)
                      ; - godot.entry.WeaponRegistrar$register$1$1$2::invoke@12 (line 41)
  0x000001d12bae7d4c: b0c8 85ff 

  0x000001d12bae7d50: ;   {other}
  0x000001d12bae7d50: 0f1f 8400 | c01c 0031 | bade ffff | ff4c 8954 | 2428 4c89 

  0x000001d12bae7d64: ;   {runtime_call UncommonTrapBlob}
  0x000001d12bae7d64: 5424 30e8 

  0x000001d12bae7d68: ; ImmutableOopMap {rbp=NarrowOop [40]=Oop [48]=Oop }
                      ;*invokeinterface isEmpty {reexecute=0 rethrow=0 return_oop=0}
                      ; - game.items.weapons.Weapon::getRotationToTarget@4 (line 155)
                      ; - game.items.weapons.Weapon::rotateToTarget@21 (line 177)
                      ; - game.items.weapons.Weapon::_process@32 (line 192)
                      ; - godot.entry.WeaponRegistrar$register$1$1$2::invoke@8 (line 41)
                      ; - godot.entry.WeaponRegistrar$register$1$1$2::invoke@12 (line 41)
  0x000001d12bae7d68: 94c8 85ff 

  0x000001d12bae7d6c: ;   {other}
  0x000001d12bae7d6c: 0f1f 8400 | dc1c 0032 | bade ffff | ff48 8b6c | 2430 4489 | 5424 2848 | 8944 2430 

  0x000001d12bae7d88: ;   {runtime_call UncommonTrapBlob}
  0x000001d12bae7d88: 6666 90e8 

  0x000001d12bae7d8c: ; ImmutableOopMap {rbp=Oop [40]=NarrowOop [48]=Oop }
                      ;*invokevirtual get {reexecute=0 rethrow=0 return_oop=0}
                      ; - godot.common.util.ThreadLocalDelegate::getValue@10 (line 7)
                      ; - godot.internal.memory.TransferContext::getBuffer@9 (line 28)
                      ; - godot.internal.memory.TransferContext::writeArguments@7 (line 34)
                      ; - godot.api.Node2D::setRotation@23 (line 368)
                      ; - game.items.weapons.Weapon::rotateToTarget@25 (line 177)
                      ; - game.items.weapons.Weapon::_process@32 (line 192)
                      ; - godot.entry.WeaponRegistrar$register$1$1$2::invoke@8 (line 41)
                      ; - godot.entry.WeaponRegistrar$register$1$1$2::invoke@12 (line 41)
  0x000001d12bae7d8c: 70c8 85ff 

  0x000001d12bae7d90: ;   {other}
  0x000001d12bae7d90: 0f1f 8400 | 001d 0033 | bae4 ffff | ff44 895c | 2440 4c89 | 5424 4844 | 894c 2450 | 4489 4424 
  0x000001d12bae7db0: ;   {runtime_call UncommonTrapBlob}
  0x000001d12bae7db0: 5466 90e8 

  0x000001d12bae7db4: ; ImmutableOopMap {[32]=Oop [40]=Oop [48]=Oop [64]=NarrowOop [72]=Oop [80]=NarrowOop }
                      ;*aaload {reexecute=0 rethrow=0 return_oop=0}
                      ; - java.lang.ThreadLocal$ThreadLocalMap::getEntry@18 (line 500)
                      ; - java.lang.ThreadLocal::get@12 (line 187)
                      ; - java.lang.ThreadLocal::get@4 (line 172)
                      ; - godot.common.util.ThreadLocalDelegate::getValue@10 (line 7)
                      ; - godot.internal.memory.TransferContext::getBuffer@9 (line 28)
                      ; - godot.internal.memory.TransferContext::writeArguments@7 (line 34)
                      ; - godot.api.Node2D::setRotation@23 (line 368)
                      ; - game.items.weapons.Weapon::rotateToTarget@25 (line 177)
                      ; - game.items.weapons.Weapon::_process@32 (line 192)
                      ; - godot.entry.WeaponRegistrar$register$1$1$2::invoke@8 (line 41)
                      ; - godot.entry.WeaponRegistrar$register$1$1$2::invoke@12 (line 41)
  0x000001d12bae7db4: 48c8 85ff 

  0x000001d12bae7db8: ;   {other}
  0x000001d12bae7db8: 0f1f 8400 | 281d 0034 | ba45 ffff | ff44 895c | 2448 4c89 | 5424 5044 | 8944 244c 

  0x000001d12bae7dd4: ;   {runtime_call UncommonTrapBlob}
  0x000001d12bae7dd4: 6666 90e8 

  0x000001d12bae7dd8: ; ImmutableOopMap {rbp=NarrowOop [32]=Oop [40]=Oop [48]=Oop [72]=NarrowOop [80]=Oop }
                      ;*ifeq {reexecute=1 rethrow=0 return_oop=0}
                      ; - (reexecute) java.lang.ThreadLocal$ThreadLocalMap::getEntry@29 (line 501)
                      ; - java.lang.ThreadLocal::get@12 (line 187)
                      ; - java.lang.ThreadLocal::get@4 (line 172)
                      ; - godot.common.util.ThreadLocalDelegate::getValue@10 (line 7)
                      ; - godot.internal.memory.TransferContext::getBuffer@9 (line 28)
                      ; - godot.internal.memory.TransferContext::writeArguments@7 (line 34)
                      ; - godot.api.Node2D::setRotation@23 (line 368)
                      ; - game.items.weapons.Weapon::rotateToTarget@25 (line 177)
                      ; - game.items.weapons.Weapon::_process@32 (line 192)
                      ; - godot.entry.WeaponRegistrar$register$1$1$2::invoke@8 (line 41)
                      ; - godot.entry.WeaponRegistrar$register$1$1$2::invoke@12 (line 41)
  0x000001d12bae7dd8: 24c8 85ff 

  0x000001d12bae7ddc: ;   {other}
  0x000001d12bae7ddc: 0f1f 8400 | 4c1d 0035 | baec ffff | ff48 8b6c | 2430 4889 | 4c24 3848 | 894c 2440 | 4c89 5424 
  0x000001d12bae7dfc: 4844 895c 

  0x000001d12bae7e00: ;   {runtime_call UncommonTrapBlob}
  0x000001d12bae7e00: 2458 90e8 

  0x000001d12bae7e04: ; ImmutableOopMap {rbp=Oop [40]=Oop [56]=Oop [64]=Oop [88]=NarrowOop }
                      ;*ifnull {reexecute=1 rethrow=0 return_oop=0}
                      ; - (reexecute) java.nio.Buffer::session@4 (line 792)
                      ; - java.nio.DirectByteBuffer::putInt@7 (line 773)
                      ; - java.nio.DirectByteBuffer::putInt@11 (line 785)
                      ; - godot.internal.memory.TransferContext::writeArguments@21 (line 36)
                      ; - godot.api.Node2D::setRotation@23 (line 368)
                      ; - game.items.weapons.Weapon::rotateToTarget@25 (line 177)
                      ; - game.items.weapons.Weapon::_process@32 (line 192)
                      ; - godot.entry.WeaponRegistrar$register$1$1$2::invoke@8 (line 41)
                      ; - godot.entry.WeaponRegistrar$register$1$1$2::invoke@12 (line 41)
  0x000001d12bae7e04: f8c7 85ff 

  0x000001d12bae7e08: ;   {other}
  0x000001d12bae7e08: 0f1f 8400 | 781d 0036 | bade ffff | ff4c 8954 | 2420 4489 | 5c24 2889 

  0x000001d12bae7e20: ;   {runtime_call UncommonTrapBlob}
  0x000001d12bae7e20: 4c24 2ce8 

  0x000001d12bae7e24: ; ImmutableOopMap {[32]=Oop [40]=NarrowOop [44]=NarrowOop }
                      ;*invokevirtual get {reexecute=0 rethrow=0 return_oop=0}
                      ; - godot.common.util.ThreadLocalDelegate::getValue@10 (line 7)
                      ; - godot.internal.memory.TransferContext::getBuffer@9 (line 28)
                      ; - godot.internal.memory.TransferContext::writeArguments@7 (line 34)
                      ; - godot.api.Node2D::getScale@7 (line 412)
                      ; - game.entity.Player::isFacingRight@4 (line 261)
                      ; - game.items.weapons.Weapon::getIdleRotation@9 (line 139)
                      ; - game.items.weapons.Weapon::getRotationToTarget@20 (line 156)
                      ; - game.items.weapons.Weapon::rotateToTarget@21 (line 177)
                      ; - game.items.weapons.Weapon::_process@32 (line 192)
                      ; - godot.entry.WeaponRegistrar$register$1$1$2::invoke@8 (line 41)
                      ; - godot.entry.WeaponRegistrar$register$1$1$2::invoke@12 (line 41)
  0x000001d12bae7e24: d8c7 85ff 

  0x000001d12bae7e28: ;   {other}
  0x000001d12bae7e28: 0f1f 8400 | 981d 0037 | bae4 ffff | ff48 8b6c | 2430 4489 | 5c24 3044 | 8944 2434 | 4889 4c24 
  0x000001d12bae7e48: 4089 5c24 | 4c89 7c24 

  0x000001d12bae7e50: ;   {runtime_call UncommonTrapBlob}
  0x000001d12bae7e50: 5066 90e8 

  0x000001d12bae7e54: ; ImmutableOopMap {rbp=Oop [32]=Oop [48]=NarrowOop [52]=NarrowOop [64]=Oop [76]=NarrowOop }
                      ;*aaload {reexecute=0 rethrow=0 return_oop=0}
                      ; - java.lang.ThreadLocal$ThreadLocalMap::getEntry@18 (line 500)
                      ; - java.lang.ThreadLocal::get@12 (line 187)
                      ; - java.lang.ThreadLocal::get@4 (line 172)
                      ; - godot.common.util.ThreadLocalDelegate::getValue@10 (line 7)
                      ; - godot.internal.memory.TransferContext::getBuffer@9 (line 28)
                      ; - godot.internal.memory.TransferContext::writeArguments@7 (line 34)
                      ; - godot.api.Node2D::getScale@7 (line 412)
                      ; - game.entity.Player::isFacingRight@4 (line 261)
                      ; - game.items.weapons.Weapon::getIdleRotation@9 (line 139)
                      ; - game.items.weapons.Weapon::getRotationToTarget@20 (line 156)
                      ; - game.items.weapons.Weapon::rotateToTarget@21 (line 177)
                      ; - game.items.weapons.Weapon::_process@32 (line 192)
                      ; - godot.entry.WeaponRegistrar$register$1$1$2::invoke@8 (line 41)
                      ; - godot.entry.WeaponRegistrar$register$1$1$2::invoke@12 (line 41)
  0x000001d12bae7e54: a8c7 85ff 

  0x000001d12bae7e58: ;   {other}
  0x000001d12bae7e58: 0f1f 8400 | c81d 0038 | 4533 d248 | 3bd9 410f | 94c2 ba45 | ffff ff48 | 8b6c 2430 | 4489 4c24 
  0x000001d12bae7e78: 3044 8944 | 2434 4889 | 4c24 4089 | 7c24 4844 | 895c 244c | 4489 5424 

  0x000001d12bae7e90: ;   {runtime_call UncommonTrapBlob}
  0x000001d12bae7e90: 5066 90e8 

  0x000001d12bae7e94: ; ImmutableOopMap {rbp=Oop [32]=Oop [48]=NarrowOop [52]=NarrowOop [64]=Oop [76]=NarrowOop }
                      ;*ifeq {reexecute=1 rethrow=0 return_oop=0}
                      ; - (reexecute) java.lang.ThreadLocal$ThreadLocalMap::getEntry@29 (line 501)
                      ; - java.lang.ThreadLocal::get@12 (line 187)
                      ; - java.lang.ThreadLocal::get@4 (line 172)
                      ; - godot.common.util.ThreadLocalDelegate::getValue@10 (line 7)
                      ; - godot.internal.memory.TransferContext::getBuffer@9 (line 28)
                      ; - godot.internal.memory.TransferContext::writeArguments@7 (line 34)
                      ; - godot.api.Node2D::getScale@7 (line 412)
                      ; - game.entity.Player::isFacingRight@4 (line 261)
                      ; - game.items.weapons.Weapon::getIdleRotation@9 (line 139)
                      ; - game.items.weapons.Weapon::getRotationToTarget@20 (line 156)
                      ; - game.items.weapons.Weapon::rotateToTarget@21 (line 177)
                      ; - game.items.weapons.Weapon::_process@32 (line 192)
                      ; - godot.entry.WeaponRegistrar$register$1$1$2::invoke@8 (line 41)
                      ; - godot.entry.WeaponRegistrar$register$1$1$2::invoke@12 (line 41)
  0x000001d12bae7e94: 68c7 85ff 

  0x000001d12bae7e98: ;   {other}
  0x000001d12bae7e98: 0f1f 8400 | 081e 0039 | baec ffff | ff48 8b6c | 2430 4489 | 4c24 2848 | 894c 2438 | 4889 4c24 
  0x000001d12bae7eb8: 404c 895c | 2448 4489 

  0x000001d12bae7ec0: ;   {runtime_call UncommonTrapBlob}
  0x000001d12bae7ec0: 5424 2ce8 

  0x000001d12bae7ec4: ; ImmutableOopMap {rbp=Oop [40]=NarrowOop [44]=NarrowOop [56]=Oop [64]=Oop }
                      ;*ifnull {reexecute=1 rethrow=0 return_oop=0}
                      ; - (reexecute) java.nio.Buffer::session@4 (line 792)
                      ; - java.nio.DirectByteBuffer::putInt@7 (line 773)
                      ; - java.nio.DirectByteBuffer::putInt@11 (line 785)
                      ; - godot.internal.memory.TransferContext::writeArguments@21 (line 36)
                      ; - godot.api.Node2D::getScale@7 (line 412)
                      ; - game.entity.Player::isFacingRight@4 (line 261)
                      ; - game.items.weapons.Weapon::getIdleRotation@9 (line 139)
                      ; - game.items.weapons.Weapon::getRotationToTarget@20 (line 156)
                      ; - game.items.weapons.Weapon::rotateToTarget@21 (line 177)
                      ; - game.items.weapons.Weapon::_process@32 (line 192)
                      ; - godot.entry.WeaponRegistrar$register$1$1$2::invoke@8 (line 41)
                      ; - godot.entry.WeaponRegistrar$register$1$1$2::invoke@12 (line 41)
  0x000001d12bae7ec4: 38c7 85ff 

  0x000001d12bae7ec8: ;   {other}
  0x000001d12bae7ec8: 0f1f 8400 | 381e 003a | bade ffff | ff48 8b6c | 2430 4489 

  0x000001d12bae7edc: ;   {runtime_call UncommonTrapBlob}
  0x000001d12bae7edc: 4424 28e8 

  0x000001d12bae7ee0: ; ImmutableOopMap {rbp=Oop [40]=NarrowOop }
                      ;*invokevirtual get {reexecute=0 rethrow=0 return_oop=0}
                      ; - godot.common.util.ThreadLocalDelegate::getValue@10 (line 7)
                      ; - godot.internal.memory.TransferContext::getBuffer@9 (line 28)
                      ; - godot.internal.memory.TransferContext::readReturnValue@7 (line 73)
                      ; - godot.api.Node2D::getScale@41 (line 414)
                      ; - game.entity.Player::isFacingRight@4 (line 261)
                      ; - game.items.weapons.Weapon::getIdleRotation@9 (line 139)
                      ; - game.items.weapons.Weapon::getRotationToTarget@20 (line 156)
                      ; - game.items.weapons.Weapon::rotateToTarget@21 (line 177)
                      ; - game.items.weapons.Weapon::_process@32 (line 192)
                      ; - godot.entry.WeaponRegistrar$register$1$1$2::invoke@8 (line 41)
                      ; - godot.entry.WeaponRegistrar$register$1$1$2::invoke@12 (line 41)
  0x000001d12bae7ee0: 1cc7 85ff 

  0x000001d12bae7ee4: ;   {other}
  0x000001d12bae7ee4: 0f1f 8400 | 541e 003b | bae4 ffff | ff48 8b6c | 2430 4489 | 5c24 3848 | 894c 2440 | 4489 4424 
  0x000001d12bae7f04: 4844 894c 

  0x000001d12bae7f08: ;   {runtime_call UncommonTrapBlob}
  0x000001d12bae7f08: 244c 90e8 

  0x000001d12bae7f0c: ; ImmutableOopMap {rbp=Oop [32]=Oop [56]=NarrowOop [64]=Oop [72]=NarrowOop }
                      ;*aaload {reexecute=0 rethrow=0 return_oop=0}
                      ; - java.lang.ThreadLocal$ThreadLocalMap::getEntry@18 (line 500)
                      ; - java.lang.ThreadLocal::get@12 (line 187)
                      ; - java.lang.ThreadLocal::get@4 (line 172)
                      ; - godot.common.util.ThreadLocalDelegate::getValue@10 (line 7)
                      ; - godot.internal.memory.TransferContext::getBuffer@9 (line 28)
                      ; - godot.internal.memory.TransferContext::readReturnValue@7 (line 73)
                      ; - godot.api.Node2D::getScale@41 (line 414)
                      ; - game.entity.Player::isFacingRight@4 (line 261)
                      ; - game.items.weapons.Weapon::getIdleRotation@9 (line 139)
                      ; - game.items.weapons.Weapon::getRotationToTarget@20 (line 156)
                      ; - game.items.weapons.Weapon::rotateToTarget@21 (line 177)
                      ; - game.items.weapons.Weapon::_process@32 (line 192)
                      ; - godot.entry.WeaponRegistrar$register$1$1$2::invoke@8 (line 41)
                      ; - godot.entry.WeaponRegistrar$register$1$1$2::invoke@12 (line 41)
  0x000001d12bae7f0c: f0c6 85ff 

  0x000001d12bae7f10: ;   {other}
  0x000001d12bae7f10: 0f1f 8400 | 801e 003c | 488b d933 | c94c 3bc3 | 0f94 c1ba | 45ff ffff | 488b 6c24 | 3044 895c 
  0x000001d12bae7f30: 2438 4889 | 5c24 4044 | 894c 243c | 4489 5424 | 4889 4c24 

  0x000001d12bae7f44: ;   {runtime_call UncommonTrapBlob}
  0x000001d12bae7f44: 4c66 90e8 

  0x000001d12bae7f48: ; ImmutableOopMap {rbp=Oop [32]=Oop [56]=NarrowOop [64]=Oop [72]=NarrowOop }
                      ;*ifeq {reexecute=1 rethrow=0 return_oop=0}
                      ; - (reexecute) java.lang.ThreadLocal$ThreadLocalMap::getEntry@29 (line 501)
                      ; - java.lang.ThreadLocal::get@12 (line 187)
                      ; - java.lang.ThreadLocal::get@4 (line 172)
                      ; - godot.common.util.ThreadLocalDelegate::getValue@10 (line 7)
                      ; - godot.internal.memory.TransferContext::getBuffer@9 (line 28)
                      ; - godot.internal.memory.TransferContext::readReturnValue@7 (line 73)
                      ; - godot.api.Node2D::getScale@41 (line 414)
                      ; - game.entity.Player::isFacingRight@4 (line 261)
                      ; - game.items.weapons.Weapon::getIdleRotation@9 (line 139)
                      ; - game.items.weapons.Weapon::getRotationToTarget@20 (line 156)
                      ; - game.items.weapons.Weapon::rotateToTarget@21 (line 177)
                      ; - game.items.weapons.Weapon::_process@32 (line 192)
                      ; - godot.entry.WeaponRegistrar$register$1$1$2::invoke@8 (line 41)
                      ; - godot.entry.WeaponRegistrar$register$1$1$2::invoke@12 (line 41)
  0x000001d12bae7f48: b4c6 85ff 

  0x000001d12bae7f4c: ;   {other}
  0x000001d12bae7f4c: 0f1f 8400 | bc1e 003d | baec ffff | ff4c 8b44 | 2430 4c89 | 4424 284c | 8954 2438 | 4c89 5424 
  0x000001d12bae7f6c: 4044 895c 

  0x000001d12bae7f70: ;   {runtime_call UncommonTrapBlob}
  0x000001d12bae7f70: 2450 90e8 

  0x000001d12bae7f74: ; ImmutableOopMap {[40]=Oop [56]=Oop [64]=Oop [80]=NarrowOop }
                      ;*ifnull {reexecute=1 rethrow=0 return_oop=0}
                      ; - (reexecute) java.nio.Buffer::session@4 (line 792)
                      ; - java.nio.DirectByteBuffer::getInt@4 (line 744)
                      ; - java.nio.DirectByteBuffer::getInt@10 (line 753)
                      ; - godot.core.VariantKt::getVariantType@1 (line 104)
                      ; - godot.core.VariantKt::access$getVariantType@1 (line 1)
                      ; - godot.core.VariantParser::toKotlin@7 (line 477)
                      ; - godot.internal.memory.TransferContext::readReturnValue@20 (line 75)
                      ; - godot.api.Node2D::getScale@41 (line 414)
                      ; - game.entity.Player::isFacingRight@4 (line 261)
                      ; - game.items.weapons.Weapon::getIdleRotation@9 (line 139)
                      ; - game.items.weapons.Weapon::getRotationToTarget@20 (line 156)
                      ; - game.items.weapons.Weapon::rotateToTarget@21 (line 177)
                      ; - game.items.weapons.Weapon::_process@32 (line 192)
                      ; - godot.entry.WeaponRegistrar$register$1$1$2::invoke@8 (line 41)
                      ; - godot.entry.WeaponRegistrar$register$1$1$2::invoke@12 (line 41)
  0x000001d12bae7f74: 88c6 85ff 

  0x000001d12bae7f78: ;   {other}
  0x000001d12bae7f78: 0f1f 8400 | e81e 003e | baec ffff | ff4c 8b54 | 2430 4c89 | 5424 284c | 8944 2438 | 4c89 4424 
  0x000001d12bae7f98: 404c 894c 

  0x000001d12bae7f9c: ;   {runtime_call UncommonTrapBlob}
  0x000001d12bae7f9c: 2448 90e8 

  0x000001d12bae7fa0: ; ImmutableOopMap {rbp=NarrowOop [40]=Oop [56]=Oop [64]=Oop }
                      ;*ifnull {reexecute=1 rethrow=0 return_oop=0}
                      ; - (reexecute) java.nio.Buffer::session@4 (line 792)
                      ; - java.nio.DirectByteBuffer::getFloat@4 (line 944)
                      ; - java.nio.DirectByteBuffer::getFloat@10 (line 953)
                      ; - godot.core.VariantKt::getVector2@5 (line 19)
                      ; - godot.core.VariantKt::access$getVector2@1 (line 1)
                      ; - godot.core.VariantParser$VECTOR2::toUnsafeKotlin@7 (line 176)
                      ; - godot.core.VariantParser$VECTOR2::toUnsafeKotlin@2 (line 175)
                      ; - godot.core.VariantParser::toKotlin@21 (line 479)
                      ; - godot.internal.memory.TransferContext::readReturnValue@20 (line 75)
                      ; - godot.api.Node2D::getScale@41 (line 414)
                      ; - game.entity.Player::isFacingRight@4 (line 261)
                      ; - game.items.weapons.Weapon::getIdleRotation@9 (line 139)
                      ; - game.items.weapons.Weapon::getRotationToTarget@20 (line 156)
                      ; - game.items.weapons.Weapon::rotateToTarget@21 (line 177)
                      ; - game.items.weapons.Weapon::_process@32 (line 192)
                      ; - godot.entry.WeaponRegistrar$register$1$1$2::invoke@8 (line 41)
                      ; - godot.entry.WeaponRegistrar$register$1$1$2::invoke@12 (line 41)
  0x000001d12bae7fa0: 5cc6 85ff 

  0x000001d12bae7fa4: ;   {other}
  0x000001d12bae7fa4: 0f1f 8400 | 141f 003f | baec ffff | ffc5 fb11 | 4424 384c | 894c 2448 

  0x000001d12bae7fbc: ;   {runtime_call UncommonTrapBlob}
  0x000001d12bae7fbc: 6666 90e8 

  0x000001d12bae7fc0: ; ImmutableOopMap {rbp=NarrowOop [40]=Oop [48]=Oop }
                      ;*ifnull {reexecute=1 rethrow=0 return_oop=0}
                      ; - (reexecute) java.nio.Buffer::session@4 (line 792)
                      ; - java.nio.DirectByteBuffer::getFloat@4 (line 944)
                      ; - java.nio.DirectByteBuffer::getFloat@10 (line 953)
                      ; - godot.core.VariantKt::getVector2@14 (line 19)
                      ; - godot.core.VariantKt::access$getVector2@1 (line 1)
                      ; - godot.core.VariantParser$VECTOR2::toUnsafeKotlin@7 (line 176)
                      ; - godot.core.VariantParser$VECTOR2::toUnsafeKotlin@2 (line 175)
                      ; - godot.core.VariantParser::toKotlin@21 (line 479)
                      ; - godot.internal.memory.TransferContext::readReturnValue@20 (line 75)
                      ; - godot.api.Node2D::getScale@41 (line 414)
                      ; - game.entity.Player::isFacingRight@4 (line 261)
                      ; - game.items.weapons.Weapon::getIdleRotation@9 (line 139)
                      ; - game.items.weapons.Weapon::getRotationToTarget@20 (line 156)
                      ; - game.items.weapons.Weapon::rotateToTarget@21 (line 177)
                      ; - game.items.weapons.Weapon::_process@32 (line 192)
                      ; - godot.entry.WeaponRegistrar$register$1$1$2::invoke@8 (line 41)
                      ; - godot.entry.WeaponRegistrar$register$1$1$2::invoke@12 (line 41)
  0x000001d12bae7fc0: 3cc6 85ff 

  0x000001d12bae7fc4: ;   {other}
  0x000001d12bae7fc4: 0f1f 8400 | 341f 0040 | baf6 ffff | ff49 8bea 

  0x000001d12bae7fd4: ;   {runtime_call UncommonTrapBlob}
  0x000001d12bae7fd4: 6666 90e8 

  0x000001d12bae7fd8: ; ImmutableOopMap {rbp=Oop }
                      ;*invokevirtual setScale {reexecute=0 rethrow=0 return_oop=0}
                      ; - game.items.weapons.Weapon::updateVisuals@84 (line 246)
                      ; - game.items.weapons.Weapon::_process@47 (line 196)
                      ; - godot.entry.WeaponRegistrar$register$1$1$2::invoke@8 (line 41)
                      ; - godot.entry.WeaponRegistrar$register$1$1$2::invoke@12 (line 41)
  0x000001d12bae7fd8: 24c6 85ff 

  0x000001d12bae7fdc: ;   {other}
  0x000001d12bae7fdc: 0f1f 8400 | 4c1f 0041 | bade ffff | ff41 8be9 | 894c 2420 | 4c89 5424 

  0x000001d12bae7ff4: ;   {runtime_call UncommonTrapBlob}
  0x000001d12bae7ff4: 2866 90e8 

  0x000001d12bae7ff8: ; ImmutableOopMap {rbp=NarrowOop [32]=NarrowOop [40]=Oop }
                      ;*invokevirtual get {reexecute=0 rethrow=0 return_oop=0}
                      ; - godot.common.util.ThreadLocalDelegate::getValue@10 (line 7)
                      ; - godot.internal.memory.TransferContext::getBuffer@9 (line 28)
                      ; - godot.internal.memory.TransferContext::writeArguments@7 (line 34)
                      ; - godot.api.Node2D::setScale@25 (line 383)
                      ; - game.items.weapons.Weapon::updateVisuals@84 (line 246)
                      ; - game.items.weapons.Weapon::_process@47 (line 196)
                      ; - godot.entry.WeaponRegistrar$register$1$1$2::invoke@8 (line 41)
                      ; - godot.entry.WeaponRegistrar$register$1$1$2::invoke@12 (line 41)
  0x000001d12bae7ff8: 04c6 85ff 

  0x000001d12bae7ffc: ;   {other}
  0x000001d12bae7ffc: 0f1f 8400 | 6c1f 0042 | bae4 ffff | ff41 8be9 | 4c89 4424 | 2844 895c | 2430 4889 | 7424 3889 
  0x000001d12bae801c: 5c24 4089 | 7c24 444c | 8954 2448 

  0x000001d12bae8028: ;   {runtime_call UncommonTrapBlob}
  0x000001d12bae8028: 6666 90e8 

  0x000001d12bae802c: ; ImmutableOopMap {rbp=NarrowOop [40]=Oop [48]=NarrowOop [56]=Oop [64]=NarrowOop [72]=Oop }
                      ;*aaload {reexecute=0 rethrow=0 return_oop=0}
                      ; - java.lang.ThreadLocal$ThreadLocalMap::getEntry@18 (line 500)
                      ; - java.lang.ThreadLocal::get@12 (line 187)
                      ; - java.lang.ThreadLocal::get@4 (line 172)
                      ; - godot.common.util.ThreadLocalDelegate::getValue@10 (line 7)
                      ; - godot.internal.memory.TransferContext::getBuffer@9 (line 28)
                      ; - godot.internal.memory.TransferContext::writeArguments@7 (line 34)
                      ; - godot.api.Node2D::setScale@25 (line 383)
                      ; - game.items.weapons.Weapon::updateVisuals@84 (line 246)
                      ; - game.items.weapons.Weapon::_process@47 (line 196)
                      ; - godot.entry.WeaponRegistrar$register$1$1$2::invoke@8 (line 41)
                      ; - godot.entry.WeaponRegistrar$register$1$1$2::invoke@12 (line 41)
  0x000001d12bae802c: d0c5 85ff 

  0x000001d12bae8030: ;   {other}
  0x000001d12bae8030: 0f1f 8400 | a01f 0043 | ba45 ffff | ff44 894c | 2420 4c89 | 4424 3044 | 895c 2424 | 4889 7424 
  0x000001d12bae8050: 3889 7c24 | 404c 8954 

  0x000001d12bae8058: ;   {runtime_call UncommonTrapBlob}
  0x000001d12bae8058: 2448 90e8 

  0x000001d12bae805c: ; ImmutableOopMap {rbp=NarrowOop [32]=NarrowOop [36]=NarrowOop [48]=Oop [56]=Oop [72]=Oop }
                      ;*ifeq {reexecute=1 rethrow=0 return_oop=0}
                      ; - (reexecute) java.lang.ThreadLocal$ThreadLocalMap::getEntry@29 (line 501)
                      ; - java.lang.ThreadLocal::get@12 (line 187)
                      ; - java.lang.ThreadLocal::get@4 (line 172)
                      ; - godot.common.util.ThreadLocalDelegate::getValue@10 (line 7)
                      ; - godot.internal.memory.TransferContext::getBuffer@9 (line 28)
                      ; - godot.internal.memory.TransferContext::writeArguments@7 (line 34)
                      ; - godot.api.Node2D::setScale@25 (line 383)
                      ; - game.items.weapons.Weapon::updateVisuals@84 (line 246)
                      ; - game.items.weapons.Weapon::_process@47 (line 196)
                      ; - godot.entry.WeaponRegistrar$register$1$1$2::invoke@8 (line 41)
                      ; - godot.entry.WeaponRegistrar$register$1$1$2::invoke@12 (line 41)
  0x000001d12bae805c: a0c5 85ff 

  0x000001d12bae8060: ;   {other}
  0x000001d12bae8060: 0f1f 8400 | d01f 0044 | baec ffff | ff41 8be9 | 4c89 4424 | 284c 8944 | 2430 4889 | 4c24 3844 
  0x000001d12bae8080: 895c 2448 | 4c89 5424 

  0x000001d12bae8088: ;   {runtime_call UncommonTrapBlob}
  0x000001d12bae8088: 5066 90e8 

  0x000001d12bae808c: ; ImmutableOopMap {rbp=NarrowOop [40]=Oop [48]=Oop [72]=NarrowOop [80]=Oop }
                      ;*ifnull {reexecute=1 rethrow=0 return_oop=0}
                      ; - (reexecute) java.nio.Buffer::session@4 (line 792)
                      ; - java.nio.DirectByteBuffer::putInt@7 (line 773)
                      ; - java.nio.DirectByteBuffer::putInt@11 (line 785)
                      ; - godot.internal.memory.TransferContext::writeArguments@21 (line 36)
                      ; - godot.api.Node2D::setScale@25 (line 383)
                      ; - game.items.weapons.Weapon::updateVisuals@84 (line 246)
                      ; - game.items.weapons.Weapon::_process@47 (line 196)
                      ; - godot.entry.WeaponRegistrar$register$1$1$2::invoke@8 (line 41)
                      ; - godot.entry.WeaponRegistrar$register$1$1$2::invoke@12 (line 41)
  0x000001d12bae808c: 70c5 85ff 

  0x000001d12bae8090: ;   {other}
  0x000001d12bae8090: 0f1f 8400 | 0020 0045 | ba45 ffff | ff44 8944 | 2430 4c89 | 5424 404c | 8954 2448 | 4c89 4c24 
  0x000001d12bae80b0: ;   {runtime_call UncommonTrapBlob}
  0x000001d12bae80b0: 5066 90e8 

  0x000001d12bae80b4: ; ImmutableOopMap {[32]=Oop [48]=NarrowOop [64]=Oop [72]=Oop }
                      ;*if_icmpne {reexecute=1 rethrow=0 return_oop=0}
                      ; - (reexecute) jdk.internal.misc.Unsafe::convEndian@4 (line 3818)
                      ; - jdk.internal.misc.Unsafe::putIntUnaligned@7 (line 3698)
                      ; - jdk.internal.misc.ScopedMemoryAccess::putIntUnalignedInternal@17 (line 1930)
                      ; - jdk.internal.misc.ScopedMemoryAccess::putIntUnaligned@8 (line 1918)
                      ; - java.nio.DirectByteBuffer::putInt@18 (line 773)
                      ; - java.nio.DirectByteBuffer::putInt@11 (line 785)
                      ; - godot.internal.memory.TransferContext::writeArguments@21 (line 36)
                      ; - godot.api.Timer::isStopped@7 (line 232)
                      ; - game.items.weapons.Weapon::canUseWeapon@4 (line 82)
                      ; - game.items.weapons.Weapon::_process@36 (line 194)
                      ; - godot.entry.WeaponRegistrar$register$1$1$2::invoke@8 (line 41)
                      ; - godot.entry.WeaponRegistrar$register$1$1$2::invoke@12 (line 41)
  0x000001d12bae80b4: 48c5 85ff 

  0x000001d12bae80b8: ;   {other}
  0x000001d12bae80b8: 0f1f 8400 | 2820 0046 | ba45 ffff | ff48 8b6c | 2420 4889 | 4c24 3048 | 894c 2438 | 4489 4424 
  0x000001d12bae80d8: 4044 8954 

  0x000001d12bae80dc: ;   {runtime_call UncommonTrapBlob}
  0x000001d12bae80dc: 2444 90e8 

  0x000001d12bae80e0: ; ImmutableOopMap {rbp=Oop [48]=Oop [56]=Oop }
                      ;*if_icmpne {reexecute=1 rethrow=0 return_oop=0}
                      ; - (reexecute) jdk.internal.misc.Unsafe::convEndian@4 (line 3818)
                      ; - jdk.internal.misc.Unsafe::getIntUnaligned@8 (line 3575)
                      ; - jdk.internal.misc.ScopedMemoryAccess::getIntUnalignedInternal@15 (line 1909)
                      ; - jdk.internal.misc.ScopedMemoryAccess::getIntUnaligned@6 (line 1897)
                      ; - java.nio.DirectByteBuffer::getInt@13 (line 744)
                      ; - java.nio.DirectByteBuffer::getInt@10 (line 753)
                      ; - godot.core.VariantKt::getVariantType@1 (line 104)
                      ; - godot.core.VariantKt::access$getVariantType@1 (line 1)
                      ; - godot.core.VariantParser::toKotlin@7 (line 477)
                      ; - godot.internal.memory.TransferContext::readReturnValue@20 (line 75)
                      ; - godot.api.Timer::isStopped@41 (line 234)
                      ; - game.items.weapons.Weapon::canUseWeapon@4 (line 82)
                      ; - game.items.weapons.Weapon::_process@36 (line 194)
                      ; - godot.entry.WeaponRegistrar$register$1$1$2::invoke@8 (line 41)
                      ; - godot.entry.WeaponRegistrar$register$1$1$2::invoke@12 (line 41)
  0x000001d12bae80e0: 1cc5 85ff 

  0x000001d12bae80e4: ;   {other}
  0x000001d12bae80e4: 0f1f 8400 | 5420 0047 | ba45 ffff | ff44 8944 

  0x000001d12bae80f4: ;   {runtime_call UncommonTrapBlob}
  0x000001d12bae80f4: 2434 90e8 

  0x000001d12bae80f8: ; ImmutableOopMap {[32]=Oop }
                      ;*if_icmpne {reexecute=1 rethrow=0 return_oop=0}
                      ; - (reexecute) godot.core.VariantParser::toKotlin@16 (line 478)
                      ; - godot.internal.memory.TransferContext::readReturnValue@20 (line 75)
                      ; - godot.api.Timer::isStopped@41 (line 234)
                      ; - game.items.weapons.Weapon::canUseWeapon@4 (line 82)
                      ; - game.items.weapons.Weapon::_process@36 (line 194)
                      ; - godot.entry.WeaponRegistrar$register$1$1$2::invoke@8 (line 41)
                      ; - godot.entry.WeaponRegistrar$register$1$1$2::invoke@12 (line 41)
  0x000001d12bae80f8: 04c5 85ff 

  0x000001d12bae80fc: ;   {other}
  0x000001d12bae80fc: 0f1f 8400 | 6c20 0048 | ba45 ffff | ff4c 895c | 2438 4c89 | 5c24 404c | 894c 2448 

  0x000001d12bae8118: ;   {runtime_call UncommonTrapBlob}
  0x000001d12bae8118: 6666 90e8 

  0x000001d12bae811c: ; ImmutableOopMap {[32]=Oop [56]=Oop [64]=Oop }
                      ;*if_icmpne {reexecute=1 rethrow=0 return_oop=0}
                      ; - (reexecute) jdk.internal.misc.Unsafe::convEndian@4 (line 3818)
                      ; - jdk.internal.misc.Unsafe::putIntUnaligned@7 (line 3698)
                      ; - jdk.internal.misc.ScopedMemoryAccess::putIntUnalignedInternal@17 (line 1930)
                      ; - jdk.internal.misc.ScopedMemoryAccess::putIntUnaligned@8 (line 1918)
                      ; - java.nio.DirectByteBuffer::putInt@18 (line 773)
                      ; - java.nio.DirectByteBuffer::putInt@11 (line 785)
                      ; - godot.internal.memory.TransferContext::writeArguments@21 (line 36)
                      ; - godot.api.Node2D::getRotation@7 (line 394)
                      ; - game.items.weapons.Weapon::updateVisuals@9 (line 235)
                      ; - game.items.weapons.Weapon::_process@47 (line 196)
                      ; - godot.entry.WeaponRegistrar$register$1$1$2::invoke@8 (line 41)
                      ; - godot.entry.WeaponRegistrar$register$1$1$2::invoke@12 (line 41)
  0x000001d12bae811c: e0c4 85ff 

  0x000001d12bae8120: ;   {other}
  0x000001d12bae8120: 0f1f 8400 | 9020 0049 | ba45 ffff | ff48 8b6c | 2420 4c89 | 5424 284c | 8954 2430 | 894c 2438 
  0x000001d12bae8140: 4489 5c24 

  0x000001d12bae8144: ;   {runtime_call UncommonTrapBlob}
  0x000001d12bae8144: 3c66 90e8 

  0x000001d12bae8148: ; ImmutableOopMap {rbp=Oop [40]=Oop [48]=Oop }
                      ;*if_icmpne {reexecute=1 rethrow=0 return_oop=0}
                      ; - (reexecute) jdk.internal.misc.Unsafe::convEndian@4 (line 3818)
                      ; - jdk.internal.misc.Unsafe::getIntUnaligned@8 (line 3575)
                      ; - jdk.internal.misc.ScopedMemoryAccess::getIntUnalignedInternal@15 (line 1909)
                      ; - jdk.internal.misc.ScopedMemoryAccess::getIntUnaligned@6 (line 1897)
                      ; - java.nio.DirectByteBuffer::getInt@13 (line 744)
                      ; - java.nio.DirectByteBuffer::getInt@10 (line 753)
                      ; - godot.core.VariantKt::getVariantType@1 (line 104)
                      ; - godot.core.VariantKt::access$getVariantType@1 (line 1)
                      ; - godot.core.VariantParser::toKotlin@7 (line 477)
                      ; - godot.internal.memory.TransferContext::readReturnValue@20 (line 75)
                      ; - godot.api.Node2D::getRotation@41 (line 396)
                      ; - game.items.weapons.Weapon::updateVisuals@9 (line 235)
                      ; - game.items.weapons.Weapon::_process@47 (line 196)
                      ; - godot.entry.WeaponRegistrar$register$1$1$2::invoke@8 (line 41)
                      ; - godot.entry.WeaponRegistrar$register$1$1$2::invoke@12 (line 41)
  0x000001d12bae8148: b4c4 85ff 

  0x000001d12bae814c: ;   {other}
  0x000001d12bae814c: 0f1f 8400 | bc20 004a | ba45 ffff | ff89 4c24 

  0x000001d12bae815c: ;   {runtime_call UncommonTrapBlob}
  0x000001d12bae815c: 2c66 90e8 

  0x000001d12bae8160: ; ImmutableOopMap {[32]=Oop }
                      ;*if_icmpne {reexecute=1 rethrow=0 return_oop=0}
                      ; - (reexecute) godot.core.VariantParser::toKotlin@16 (line 478)
                      ; - godot.internal.memory.TransferContext::readReturnValue@20 (line 75)
                      ; - godot.api.Node2D::getRotation@41 (line 396)
                      ; - game.items.weapons.Weapon::updateVisuals@9 (line 235)
                      ; - game.items.weapons.Weapon::_process@47 (line 196)
                      ; - godot.entry.WeaponRegistrar$register$1$1$2::invoke@8 (line 41)
                      ; - godot.entry.WeaponRegistrar$register$1$1$2::invoke@12 (line 41)
  0x000001d12bae8160: 9cc4 85ff 

  0x000001d12bae8164: ;   {other}
  0x000001d12bae8164: 0f1f 8400 | d420 004b | ba45 ffff | ffc5 fb11 | 4424 2844 | 8944 2430 | 4889 4c24 | 4048 894c 
  0x000001d12bae8184: 2448 4c89 

  0x000001d12bae8188: ;   {runtime_call UncommonTrapBlob}
  0x000001d12bae8188: 4c24 50e8 

  0x000001d12bae818c: ; ImmutableOopMap {[32]=Oop [48]=NarrowOop [64]=Oop [72]=Oop }
                      ;*if_icmpne {reexecute=1 rethrow=0 return_oop=0}
                      ; - (reexecute) jdk.internal.misc.Unsafe::convEndian@4 (line 3818)
                      ; - jdk.internal.misc.Unsafe::putIntUnaligned@7 (line 3698)
                      ; - jdk.internal.misc.ScopedMemoryAccess::putIntUnalignedInternal@17 (line 1930)
                      ; - jdk.internal.misc.ScopedMemoryAccess::putIntUnaligned@8 (line 1918)
                      ; - java.nio.DirectByteBuffer::putInt@18 (line 773)
                      ; - java.nio.DirectByteBuffer::putInt@11 (line 785)
                      ; - godot.internal.memory.TransferContext::writeArguments@21 (line 36)
                      ; - godot.api.Node2D::getScale@7 (line 412)
                      ; - game.items.weapons.Weapon::updateVisuals@18 (line 238)
                      ; - game.items.weapons.Weapon::_process@47 (line 196)
                      ; - godot.entry.WeaponRegistrar$register$1$1$2::invoke@8 (line 41)
                      ; - godot.entry.WeaponRegistrar$register$1$1$2::invoke@12 (line 41)
  0x000001d12bae818c: 70c4 85ff 

  0x000001d12bae8190: ;   {other}
  0x000001d12bae8190: 0f1f 8400 | 0021 004c | ba45 ffff | ff48 8b6c | 2420 c5fb | 1044 2430 | c5fb 1144 | 2420 4c89 
  0x000001d12bae81b0: 4c24 304c | 894c 2438 | 4489 5c24 | 4044 8954 

  0x000001d12bae81c0: ;   {runtime_call UncommonTrapBlob}
  0x000001d12bae81c0: 2444 90e8 

  0x000001d12bae81c4: ; ImmutableOopMap {rbp=Oop [48]=Oop [56]=Oop }
                      ;*if_icmpne {reexecute=1 rethrow=0 return_oop=0}
                      ; - (reexecute) jdk.internal.misc.Unsafe::convEndian@4 (line 3818)
                      ; - jdk.internal.misc.Unsafe::getIntUnaligned@8 (line 3575)
                      ; - jdk.internal.misc.ScopedMemoryAccess::getIntUnalignedInternal@15 (line 1909)
                      ; - jdk.internal.misc.ScopedMemoryAccess::getIntUnaligned@6 (line 1897)
                      ; - java.nio.DirectByteBuffer::getInt@13 (line 744)
                      ; - java.nio.DirectByteBuffer::getInt@10 (line 753)
                      ; - godot.core.VariantKt::getVariantType@1 (line 104)
                      ; - godot.core.VariantKt::access$getVariantType@1 (line 1)
                      ; - godot.core.VariantParser::toKotlin@7 (line 477)
                      ; - godot.internal.memory.TransferContext::readReturnValue@20 (line 75)
                      ; - godot.api.Node2D::getScale@41 (line 414)
                      ; - game.items.weapons.Weapon::updateVisuals@18 (line 238)
                      ; - game.items.weapons.Weapon::_process@47 (line 196)
                      ; - godot.entry.WeaponRegistrar$register$1$1$2::invoke@8 (line 41)
                      ; - godot.entry.WeaponRegistrar$register$1$1$2::invoke@12 (line 41)
  0x000001d12bae81c4: 38c4 85ff 

  0x000001d12bae81c8: ;   {other}
  0x000001d12bae81c8: 0f1f 8400 | 3821 004d | ba45 ffff | ffc5 fb10 | 4424 30c5 | fb11 4424 | 2844 895c 

  0x000001d12bae81e4: ;   {runtime_call UncommonTrapBlob}
  0x000001d12bae81e4: 2434 90e8 

  0x000001d12bae81e8: ; ImmutableOopMap {[32]=Oop }
                      ;*if_icmpne {reexecute=1 rethrow=0 return_oop=0}
                      ; - (reexecute) godot.core.VariantParser::toKotlin@16 (line 478)
                      ; - godot.internal.memory.TransferContext::readReturnValue@20 (line 75)
                      ; - godot.api.Node2D::getScale@41 (line 414)
                      ; - game.items.weapons.Weapon::updateVisuals@18 (line 238)
                      ; - game.items.weapons.Weapon::_process@47 (line 196)
                      ; - godot.entry.WeaponRegistrar$register$1$1$2::invoke@8 (line 41)
                      ; - godot.entry.WeaponRegistrar$register$1$1$2::invoke@12 (line 41)
  0x000001d12bae81e8: 14c4 85ff 

  0x000001d12bae81ec: ;   {other}
  0x000001d12bae81ec: 0f1f 8400 | 5c21 004e | ba45 ffff | ff48 894c | 2440 4889 | 4c24 484c | 8954 2450 

  0x000001d12bae8208: ;   {runtime_call UncommonTrapBlob}
  0x000001d12bae8208: 6666 90e8 

  0x000001d12bae820c: ; ImmutableOopMap {[40]=Oop [48]=Oop [64]=Oop [72]=Oop }
                      ;*if_icmpne {reexecute=1 rethrow=0 return_oop=0}
                      ; - (reexecute) jdk.internal.misc.Unsafe::convEndian@4 (line 3818)
                      ; - jdk.internal.misc.Unsafe::putIntUnaligned@7 (line 3698)
                      ; - jdk.internal.misc.ScopedMemoryAccess::putIntUnalignedInternal@17 (line 1930)
                      ; - jdk.internal.misc.ScopedMemoryAccess::putIntUnaligned@8 (line 1918)
                      ; - java.nio.DirectByteBuffer::putInt@18 (line 773)
                      ; - java.nio.DirectByteBuffer::putInt@11 (line 785)
                      ; - godot.internal.memory.TransferContext::writeArguments@21 (line 36)
                      ; - godot.api.Node2D::setRotation@23 (line 368)
                      ; - game.items.weapons.Weapon::rotateToTarget@25 (line 177)
                      ; - game.items.weapons.Weapon::_process@32 (line 192)
                      ; - godot.entry.WeaponRegistrar$register$1$1$2::invoke@8 (line 41)
                      ; - godot.entry.WeaponRegistrar$register$1$1$2::invoke@12 (line 41)
  0x000001d12bae820c: f0c3 85ff 

  0x000001d12bae8210: ;   {other}
  0x000001d12bae8210: 0f1f 8400 | 8021 004f | ba45 ffff | ff4c 8b54 | 2430 4c89 | 5424 2844 | 894c 2430 | 4889 4c24 
  0x000001d12bae8230: 4048 894c | 2448 4c89 

  0x000001d12bae8238: ;   {runtime_call UncommonTrapBlob}
  0x000001d12bae8238: 5c24 50e8 

  0x000001d12bae823c: ; ImmutableOopMap {[40]=Oop [48]=NarrowOop [64]=Oop [72]=Oop }
                      ;*if_icmpne {reexecute=1 rethrow=0 return_oop=0}
                      ; - (reexecute) jdk.internal.misc.Unsafe::convEndian@4 (line 3818)
                      ; - jdk.internal.misc.Unsafe::putIntUnaligned@7 (line 3698)
                      ; - jdk.internal.misc.ScopedMemoryAccess::putIntUnalignedInternal@17 (line 1930)
                      ; - jdk.internal.misc.ScopedMemoryAccess::putIntUnaligned@8 (line 1918)
                      ; - java.nio.DirectByteBuffer::putInt@18 (line 773)
                      ; - java.nio.DirectByteBuffer::putInt@11 (line 785)
                      ; - godot.internal.memory.TransferContext::writeArguments@21 (line 36)
                      ; - godot.api.Node2D::getScale@7 (line 412)
                      ; - game.entity.Player::isFacingRight@4 (line 261)
                      ; - game.items.weapons.Weapon::getIdleRotation@9 (line 139)
                      ; - game.items.weapons.Weapon::getRotationToTarget@20 (line 156)
                      ; - game.items.weapons.Weapon::rotateToTarget@21 (line 177)
                      ; - game.items.weapons.Weapon::_process@32 (line 192)
                      ; - godot.entry.WeaponRegistrar$register$1$1$2::invoke@8 (line 41)
                      ; - godot.entry.WeaponRegistrar$register$1$1$2::invoke@12 (line 41)
  0x000001d12bae823c: c0c3 85ff 

  0x000001d12bae8240: ;   {other}
  0x000001d12bae8240: 0f1f 8400 | b021 0050 | ba45 ffff | ff4c 8b54 | 2430 4c89 | 5424 2889 

  0x000001d12bae8258: ;   {runtime_call UncommonTrapBlob}
  0x000001d12bae8258: 4424 34e8 

  0x000001d12bae825c: ; ImmutableOopMap {[40]=Oop }
                      ;*if_icmpne {reexecute=1 rethrow=0 return_oop=0}
                      ; - (reexecute) godot.core.VariantParser::toKotlin@16 (line 478)
                      ; - godot.internal.memory.TransferContext::readReturnValue@20 (line 75)
                      ; - godot.api.Node2D::getScale@41 (line 414)
                      ; - game.entity.Player::isFacingRight@4 (line 261)
                      ; - game.items.weapons.Weapon::getIdleRotation@9 (line 139)
                      ; - game.items.weapons.Weapon::getRotationToTarget@20 (line 156)
                      ; - game.items.weapons.Weapon::rotateToTarget@21 (line 177)
                      ; - game.items.weapons.Weapon::_process@32 (line 192)
                      ; - godot.entry.WeaponRegistrar$register$1$1$2::invoke@8 (line 41)
                      ; - godot.entry.WeaponRegistrar$register$1$1$2::invoke@12 (line 41)
  0x000001d12bae825c: a0c3 85ff 

  0x000001d12bae8260: ;   {other}
  0x000001d12bae8260: 0f1f 8400 | d021 0051 | 498b da49 | 8bd7 49ba | d001 fed2 | fe7f 0000 

  0x000001d12bae8278: ;   {other}
  0x000001d12bae8278: 41ff d20f | 1f84 0000 | 0000 004c | 8bd3 e91f | e5ff ffba | 45ff ffff | 4c89 5424 | 2844 8944 
  0x000001d12bae8298: ;   {runtime_call UncommonTrapBlob}
  0x000001d12bae8298: 2430 90e8 

  0x000001d12bae829c: ; ImmutableOopMap {rbp=NarrowOop [40]=Oop [48]=NarrowOop }
                      ;*ifnonnull {reexecute=1 rethrow=0 return_oop=0}
                      ; - (reexecute) kotlin.jvm.internal.Intrinsics::checkNotNullParameter@1 (line 130)
                      ; - godot.common.util.ThreadLocalDelegate::getValue@3
                      ; - godot.internal.memory.TransferContext::getBuffer@9 (line 28)
                      ; - godot.internal.memory.TransferContext::writeArguments@7 (line 34)
                      ; - godot.api.Timer::isStopped@7 (line 232)
                      ; - game.items.weapons.Weapon::canUseWeapon@4 (line 82)
                      ; - game.items.weapons.Weapon::_process@36 (line 194)
                      ; - godot.entry.WeaponRegistrar$register$1$1$2::invoke@8 (line 41)
                      ; - godot.entry.WeaponRegistrar$register$1$1$2::invoke@12 (line 41)
  0x000001d12bae829c: 60c3 85ff 

  0x000001d12bae82a0: ;   {other}
  0x000001d12bae82a0: 0f1f 8400 | 1022 0052 | ba45 ffff | ff44 8944 | 2430 4c89 | 5424 404c | 8954 2448 

  0x000001d12bae82bc: ;   {runtime_call UncommonTrapBlob}
  0x000001d12bae82bc: 6666 90e8 

  0x000001d12bae82c0: ; ImmutableOopMap {[32]=Oop [48]=NarrowOop [64]=Oop [72]=Oop }
                      ;*if_icmpge {reexecute=1 rethrow=0 return_oop=0}
                      ; - (reexecute) java.nio.Buffer::nextPutIndex@12 (line 743)
                      ; - java.nio.DirectByteBuffer::putInt@4 (line 785)
                      ; - godot.internal.memory.TransferContext::writeArguments@21 (line 36)
                      ; - godot.api.Timer::isStopped@7 (line 232)
                      ; - game.items.weapons.Weapon::canUseWeapon@4 (line 82)
                      ; - game.items.weapons.Weapon::_process@36 (line 194)
                      ; - godot.entry.WeaponRegistrar$register$1$1$2::invoke@8 (line 41)
                      ; - godot.entry.WeaponRegistrar$register$1$1$2::invoke@12 (line 41)
  0x000001d12bae82c0: 3cc3 85ff 

  0x000001d12bae82c4: ;   {other}
  0x000001d12bae82c4: 0f1f 8400 | 3422 0053 | ba45 ffff 

  0x000001d12bae82d0: ;   {runtime_call UncommonTrapBlob}
  0x000001d12bae82d0: ff66 90e8 

  0x000001d12bae82d4: ; ImmutableOopMap {rbp=NarrowOop [32]=Oop }
                      ;*ifnonnull {reexecute=1 rethrow=0 return_oop=0}
                      ; - (reexecute) kotlin.jvm.internal.Intrinsics::checkNotNullParameter@1 (line 130)
                      ; - godot.common.util.ThreadLocalDelegate::getValue@3
                      ; - godot.internal.memory.TransferContext::getBuffer@9 (line 28)
                      ; - godot.internal.memory.TransferContext::readReturnValue@7 (line 73)
                      ; - godot.api.Timer::isStopped@41 (line 234)
                      ; - game.items.weapons.Weapon::canUseWeapon@4 (line 82)
                      ; - game.items.weapons.Weapon::_process@36 (line 194)
                      ; - godot.entry.WeaponRegistrar$register$1$1$2::invoke@8 (line 41)
                      ; - godot.entry.WeaponRegistrar$register$1$1$2::invoke@12 (line 41)
  0x000001d12bae82d4: 28c3 85ff 

  0x000001d12bae82d8: ;   {other}
  0x000001d12bae82d8: 0f1f 8400 | 4822 0054 | ba45 ffff | ff48 8b6c | 2420 4889 | 4c24 3048 | 894c 2438 | 4489 5424 
  0x000001d12bae82f8: ;   {runtime_call UncommonTrapBlob}
  0x000001d12bae82f8: 4866 90e8 

  0x000001d12bae82fc: ; ImmutableOopMap {rbp=Oop [48]=Oop [56]=Oop }
                      ;*if_icmpge {reexecute=1 rethrow=0 return_oop=0}
                      ; - (reexecute) java.nio.Buffer::nextGetIndex@12 (line 720)
                      ; - java.nio.DirectByteBuffer::getInt@4 (line 753)
                      ; - godot.core.VariantKt::getVariantType@1 (line 104)
                      ; - godot.core.VariantKt::access$getVariantType@1 (line 1)
                      ; - godot.core.VariantParser::toKotlin@7 (line 477)
                      ; - godot.internal.memory.TransferContext::readReturnValue@20 (line 75)
                      ; - godot.api.Timer::isStopped@41 (line 234)
                      ; - game.items.weapons.Weapon::canUseWeapon@4 (line 82)
                      ; - game.items.weapons.Weapon::_process@36 (line 194)
                      ; - godot.entry.WeaponRegistrar$register$1$1$2::invoke@8 (line 41)
                      ; - godot.entry.WeaponRegistrar$register$1$1$2::invoke@12 (line 41)
  0x000001d12bae82fc: 00c3 85ff 

  0x000001d12bae8300: ;   {other}
  0x000001d12bae8300: 0f1f 8400 | 7022 0055 | ba45 ffff | ff48 8b6c | 2420 4889 | 4c24 3048 | 894c 2438 | 4489 5424 
  0x000001d12bae8320: ;   {runtime_call UncommonTrapBlob}
  0x000001d12bae8320: 4066 90e8 

  0x000001d12bae8324: ; ImmutableOopMap {rbp=Oop [48]=Oop [56]=Oop }
                      ;*if_icmpge {reexecute=1 rethrow=0 return_oop=0}
                      ; - (reexecute) java.nio.Buffer::nextGetIndex@12 (line 720)
                      ; - java.nio.DirectByteBuffer::getInt@4 (line 753)
                      ; - godot.core.VariantKt::getBool@1 (line 13)
                      ; - godot.core.VariantKt::access$getBool@1 (line 1)
                      ; - godot.core.VariantParser$BOOL::toUnsafeKotlin@7 (line 117)
                      ; - godot.core.VariantParser$BOOL::toUnsafeKotlin@2 (line 116)
                      ; - godot.core.VariantParser::toKotlin@21 (line 479)
                      ; - godot.internal.memory.TransferContext::readReturnValue@20 (line 75)
                      ; - godot.api.Timer::isStopped@41 (line 234)
                      ; - game.items.weapons.Weapon::canUseWeapon@4 (line 82)
                      ; - game.items.weapons.Weapon::_process@36 (line 194)
                      ; - godot.entry.WeaponRegistrar$register$1$1$2::invoke@8 (line 41)
                      ; - godot.entry.WeaponRegistrar$register$1$1$2::invoke@12 (line 41)
  0x000001d12bae8324: d8c2 85ff 

  0x000001d12bae8328: ;   {other}
  0x000001d12bae8328: 0f1f 8400 | 9822 0056 | ba45 ffff 

  0x000001d12bae8334: ;   {runtime_call UncommonTrapBlob}
  0x000001d12bae8334: ff66 90e8 

  0x000001d12bae8338: ; ImmutableOopMap {rbp=NarrowOop }
                      ;*ifnonnull {reexecute=1 rethrow=0 return_oop=0}
                      ; - (reexecute) game.items.weapons.Weapon::updateVisuals@4 (line 232)
                      ; - game.items.weapons.Weapon::_process@47 (line 196)
                      ; - godot.entry.WeaponRegistrar$register$1$1$2::invoke@8 (line 41)
                      ; - godot.entry.WeaponRegistrar$register$1$1$2::invoke@12 (line 41)
  0x000001d12bae8338: c4c2 85ff 

  0x000001d12bae833c: ;   {other}
  0x000001d12bae833c: 0f1f 8400 | ac22 0057 | ba45 ffff | ff4c 894c 

  0x000001d12bae834c: ;   {runtime_call UncommonTrapBlob}
  0x000001d12bae834c: 2428 90e8 

  0x000001d12bae8350: ; ImmutableOopMap {rbp=NarrowOop [40]=Oop }
                      ;*ifnonnull {reexecute=1 rethrow=0 return_oop=0}
                      ; - (reexecute) kotlin.jvm.internal.Intrinsics::checkNotNullParameter@1 (line 130)
                      ; - godot.common.util.ThreadLocalDelegate::getValue@3
                      ; - godot.internal.memory.TransferContext::getBuffer@9 (line 28)
                      ; - godot.internal.memory.TransferContext::writeArguments@7 (line 34)
                      ; - godot.api.Node2D::getRotation@7 (line 394)
                      ; - game.items.weapons.Weapon::updateVisuals@9 (line 235)
                      ; - game.items.weapons.Weapon::_process@47 (line 196)
                      ; - godot.entry.WeaponRegistrar$register$1$1$2::invoke@8 (line 41)
                      ; - godot.entry.WeaponRegistrar$register$1$1$2::invoke@12 (line 41)
  0x000001d12bae8350: acc2 85ff 

  0x000001d12bae8354: ;   {other}
  0x000001d12bae8354: 0f1f 8400 | c422 0058 | ba45 ffff | ff4c 895c | 2438 4c89 

  0x000001d12bae8368: ;   {runtime_call UncommonTrapBlob}
  0x000001d12bae8368: 5c24 40e8 

  0x000001d12bae836c: ; ImmutableOopMap {[32]=Oop [56]=Oop [64]=Oop }
                      ;*if_icmpge {reexecute=1 rethrow=0 return_oop=0}
                      ; - (reexecute) java.nio.Buffer::nextPutIndex@12 (line 743)
                      ; - java.nio.DirectByteBuffer::putInt@4 (line 785)
                      ; - godot.internal.memory.TransferContext::writeArguments@21 (line 36)
                      ; - godot.api.Node2D::getRotation@7 (line 394)
                      ; - game.items.weapons.Weapon::updateVisuals@9 (line 235)
                      ; - game.items.weapons.Weapon::_process@47 (line 196)
                      ; - godot.entry.WeaponRegistrar$register$1$1$2::invoke@8 (line 41)
                      ; - godot.entry.WeaponRegistrar$register$1$1$2::invoke@12 (line 41)
  0x000001d12bae836c: 90c2 85ff 

  0x000001d12bae8370: ;   {other}
  0x000001d12bae8370: 0f1f 8400 | e022 0059 | ba45 ffff 

  0x000001d12bae837c: ;   {runtime_call UncommonTrapBlob}
  0x000001d12bae837c: ff66 90e8 

  0x000001d12bae8380: ; ImmutableOopMap {rbp=NarrowOop [32]=Oop }
                      ;*ifnonnull {reexecute=1 rethrow=0 return_oop=0}
                      ; - (reexecute) kotlin.jvm.internal.Intrinsics::checkNotNullParameter@1 (line 130)
                      ; - godot.common.util.ThreadLocalDelegate::getValue@3
                      ; - godot.internal.memory.TransferContext::getBuffer@9 (line 28)
                      ; - godot.internal.memory.TransferContext::readReturnValue@7 (line 73)
                      ; - godot.api.Node2D::getRotation@41 (line 396)
                      ; - game.items.weapons.Weapon::updateVisuals@9 (line 235)
                      ; - game.items.weapons.Weapon::_process@47 (line 196)
                      ; - godot.entry.WeaponRegistrar$register$1$1$2::invoke@8 (line 41)
                      ; - godot.entry.WeaponRegistrar$register$1$1$2::invoke@12 (line 41)
  0x000001d12bae8380: 7cc2 85ff 

  0x000001d12bae8384: ;   {other}
  0x000001d12bae8384: 0f1f 8400 | f422 005a | ba45 ffff | ff48 8b6c | 2420 4c89 | 4424 284c | 8944 2430 | 4489 5424 
  0x000001d12bae83a4: ;   {runtime_call UncommonTrapBlob}
  0x000001d12bae83a4: 4066 90e8 

  0x000001d12bae83a8: ; ImmutableOopMap {rbp=Oop [40]=Oop [48]=Oop }
                      ;*if_icmpge {reexecute=1 rethrow=0 return_oop=0}
                      ; - (reexecute) java.nio.Buffer::nextGetIndex@12 (line 720)
                      ; - java.nio.DirectByteBuffer::getInt@4 (line 753)
                      ; - godot.core.VariantKt::getVariantType@1 (line 104)
                      ; - godot.core.VariantKt::access$getVariantType@1 (line 1)
                      ; - godot.core.VariantParser::toKotlin@7 (line 477)
                      ; - godot.internal.memory.TransferContext::readReturnValue@20 (line 75)
                      ; - godot.api.Node2D::getRotation@41 (line 396)
                      ; - game.items.weapons.Weapon::updateVisuals@9 (line 235)
                      ; - game.items.weapons.Weapon::_process@47 (line 196)
                      ; - godot.entry.WeaponRegistrar$register$1$1$2::invoke@8 (line 41)
                      ; - godot.entry.WeaponRegistrar$register$1$1$2::invoke@12 (line 41)
  0x000001d12bae83a8: 54c2 85ff 

  0x000001d12bae83ac: ;   {other}
  0x000001d12bae83ac: 0f1f 8400 | 1c23 005b | ba45 ffff | ff48 8b6c | 2420 4c89 | 5424 284c | 8954 2430 | 897c 2438 
  0x000001d12bae83cc: ;   {runtime_call UncommonTrapBlob}
  0x000001d12bae83cc: 6666 90e8 

  0x000001d12bae83d0: ; ImmutableOopMap {rbp=Oop [40]=Oop [48]=Oop }
                      ;*if_icmpge {reexecute=1 rethrow=0 return_oop=0}
                      ; - (reexecute) java.nio.Buffer::nextGetIndex@12 (line 720)
                      ; - java.nio.DirectByteBuffer::getDouble@5 (line 1053)
                      ; - godot.core.VariantParser$DOUBLE::toUnsafeKotlin@7 (line 131)
                      ; - godot.core.VariantParser$DOUBLE::toUnsafeKotlin@2 (line 130)
                      ; - godot.core.VariantParser::toKotlin@21 (line 479)
                      ; - godot.internal.memory.TransferContext::readReturnValue@20 (line 75)
                      ; - godot.api.Node2D::getRotation@41 (line 396)
                      ; - game.items.weapons.Weapon::updateVisuals@9 (line 235)
                      ; - game.items.weapons.Weapon::_process@47 (line 196)
                      ; - godot.entry.WeaponRegistrar$register$1$1$2::invoke@8 (line 41)
                      ; - godot.entry.WeaponRegistrar$register$1$1$2::invoke@12 (line 41)
  0x000001d12bae83d0: 2cc2 85ff 

  0x000001d12bae83d4: ;   {other}
  0x000001d12bae83d4: 0f1f 8400 | 4423 005c | ba45 ffff | ffc5 fb11 | 4424 2844 | 8954 2430 

  0x000001d12bae83ec: ;   {runtime_call UncommonTrapBlob}
  0x000001d12bae83ec: 6666 90e8 

  0x000001d12bae83f0: ; ImmutableOopMap {rbp=NarrowOop [32]=Oop [48]=NarrowOop }
                      ;*ifnonnull {reexecute=1 rethrow=0 return_oop=0}
                      ; - (reexecute) kotlin.jvm.internal.Intrinsics::checkNotNullParameter@1 (line 130)
                      ; - godot.common.util.ThreadLocalDelegate::getValue@3
                      ; - godot.internal.memory.TransferContext::getBuffer@9 (line 28)
                      ; - godot.internal.memory.TransferContext::writeArguments@7 (line 34)
                      ; - godot.api.Node2D::getScale@7 (line 412)
                      ; - game.items.weapons.Weapon::updateVisuals@18 (line 238)
                      ; - game.items.weapons.Weapon::_process@47 (line 196)
                      ; - godot.entry.WeaponRegistrar$register$1$1$2::invoke@8 (line 41)
                      ; - godot.entry.WeaponRegistrar$register$1$1$2::invoke@12 (line 41)
  0x000001d12bae83f0: 0cc2 85ff 

  0x000001d12bae83f4: ;   {other}
  0x000001d12bae83f4: 0f1f 8400 | 6423 005d | ba45 ffff | ffc5 fb11 | 4424 2844 | 8944 2430 | 4889 4c24 | 4048 894c 
  0x000001d12bae8414: ;   {runtime_call UncommonTrapBlob}
  0x000001d12bae8414: 2448 90e8 

  0x000001d12bae8418: ; ImmutableOopMap {[32]=Oop [48]=NarrowOop [64]=Oop [72]=Oop }
                      ;*if_icmpge {reexecute=1 rethrow=0 return_oop=0}
                      ; - (reexecute) java.nio.Buffer::nextPutIndex@12 (line 743)
                      ; - java.nio.DirectByteBuffer::putInt@4 (line 785)
                      ; - godot.internal.memory.TransferContext::writeArguments@21 (line 36)
                      ; - godot.api.Node2D::getScale@7 (line 412)
                      ; - game.items.weapons.Weapon::updateVisuals@18 (line 238)
                      ; - game.items.weapons.Weapon::_process@47 (line 196)
                      ; - godot.entry.WeaponRegistrar$register$1$1$2::invoke@8 (line 41)
                      ; - godot.entry.WeaponRegistrar$register$1$1$2::invoke@12 (line 41)
  0x000001d12bae8418: e4c1 85ff 

  0x000001d12bae841c: ;   {other}
  0x000001d12bae841c: 0f1f 8400 | 8c23 005e | ba45 ffff 

  0x000001d12bae8428: ;   {runtime_call UncommonTrapBlob}
  0x000001d12bae8428: ff66 90e8 

  0x000001d12bae842c: ; ImmutableOopMap {rbp=NarrowOop [32]=Oop }
                      ;*ifnonnull {reexecute=1 rethrow=0 return_oop=0}
                      ; - (reexecute) kotlin.jvm.internal.Intrinsics::checkNotNullParameter@1 (line 130)
                      ; - godot.common.util.ThreadLocalDelegate::getValue@3
                      ; - godot.internal.memory.TransferContext::getBuffer@9 (line 28)
                      ; - godot.internal.memory.TransferContext::readReturnValue@7 (line 73)
                      ; - godot.api.Node2D::getScale@41 (line 414)
                      ; - game.items.weapons.Weapon::updateVisuals@18 (line 238)
                      ; - game.items.weapons.Weapon::_process@47 (line 196)
                      ; - godot.entry.WeaponRegistrar$register$1$1$2::invoke@8 (line 41)
                      ; - godot.entry.WeaponRegistrar$register$1$1$2::invoke@12 (line 41)
  0x000001d12bae842c: d0c1 85ff 

  0x000001d12bae8430: ;   {other}
  0x000001d12bae8430: 0f1f 8400 | a023 005f | ba45 ffff | ff48 8b6c | 2420 c5fb | 1044 2430 | c5fb 1144 | 2420 4c89 
  0x000001d12bae8450: 4c24 304c | 894c 2438 | 895c 2448 

  0x000001d12bae845c: ;   {runtime_call UncommonTrapBlob}
  0x000001d12bae845c: 6666 90e8 

  0x000001d12bae8460: ; ImmutableOopMap {rbp=Oop [48]=Oop [56]=Oop }
                      ;*if_icmpge {reexecute=1 rethrow=0 return_oop=0}
                      ; - (reexecute) java.nio.Buffer::nextGetIndex@12 (line 720)
                      ; - java.nio.DirectByteBuffer::getInt@4 (line 753)
                      ; - godot.core.VariantKt::getVariantType@1 (line 104)
                      ; - godot.core.VariantKt::access$getVariantType@1 (line 1)
                      ; - godot.core.VariantParser::toKotlin@7 (line 477)
                      ; - godot.internal.memory.TransferContext::readReturnValue@20 (line 75)
                      ; - godot.api.Node2D::getScale@41 (line 414)
                      ; - game.items.weapons.Weapon::updateVisuals@18 (line 238)
                      ; - game.items.weapons.Weapon::_process@47 (line 196)
                      ; - godot.entry.WeaponRegistrar$register$1$1$2::invoke@8 (line 41)
                      ; - godot.entry.WeaponRegistrar$register$1$1$2::invoke@12 (line 41)
  0x000001d12bae8460: 9cc1 85ff 

  0x000001d12bae8464: ;   {other}
  0x000001d12bae8464: 0f1f 8400 | d423 0060 | ba45 ffff | ffc5 fb10 | 4424 30c5 | fb11 4424 | 284c 894c | 2438 4c89 
  0x000001d12bae8484: ;   {runtime_call UncommonTrapBlob}
  0x000001d12bae8484: 4c24 40e8 

  0x000001d12bae8488: ; ImmutableOopMap {[32]=Oop [56]=Oop [64]=Oop }
                      ;*if_icmpge {reexecute=1 rethrow=0 return_oop=0}
                      ; - (reexecute) java.nio.Buffer::nextGetIndex@12 (line 720)
                      ; - java.nio.DirectByteBuffer::getFloat@4 (line 953)
                      ; - godot.core.VariantKt::getVector2@5 (line 19)
                      ; - godot.core.VariantKt::access$getVector2@1 (line 1)
                      ; - godot.core.VariantParser$VECTOR2::toUnsafeKotlin@7 (line 176)
                      ; - godot.core.VariantParser$VECTOR2::toUnsafeKotlin@2 (line 175)
                      ; - godot.core.VariantParser::toKotlin@21 (line 479)
                      ; - godot.internal.memory.TransferContext::readReturnValue@20 (line 75)
                      ; - godot.api.Node2D::getScale@41 (line 414)
                      ; - game.items.weapons.Weapon::updateVisuals@18 (line 238)
                      ; - game.items.weapons.Weapon::_process@47 (line 196)
                      ; - godot.entry.WeaponRegistrar$register$1$1$2::invoke@8 (line 41)
                      ; - godot.entry.WeaponRegistrar$register$1$1$2::invoke@12 (line 41)
  0x000001d12bae8488: 74c1 85ff 

  0x000001d12bae848c: ;   {other}
  0x000001d12bae848c: 0f1f 8400 | fc23 0061 | ba45 ffff | ff48 8b6c | 2420 c5fb | 1044 2430 | c5fb 1144 | 2420 c5fb 
  0x000001d12bae84ac: 114c 2428 | 4c89 4c24 | 384c 894c | 2440 895c 

  0x000001d12bae84bc: ;   {runtime_call UncommonTrapBlob}
  0x000001d12bae84bc: 2448 90e8 

  0x000001d12bae84c0: ; ImmutableOopMap {rbp=Oop [56]=Oop [64]=Oop }
                      ;*if_icmpge {reexecute=1 rethrow=0 return_oop=0}
                      ; - (reexecute) java.nio.Buffer::nextGetIndex@12 (line 720)
                      ; - java.nio.DirectByteBuffer::getFloat@4 (line 953)
                      ; - godot.core.VariantKt::getVector2@14 (line 19)
                      ; - godot.core.VariantKt::access$getVector2@1 (line 1)
                      ; - godot.core.VariantParser$VECTOR2::toUnsafeKotlin@7 (line 176)
                      ; - godot.core.VariantParser$VECTOR2::toUnsafeKotlin@2 (line 175)
                      ; - godot.core.VariantParser::toKotlin@21 (line 479)
                      ; - godot.internal.memory.TransferContext::readReturnValue@20 (line 75)
                      ; - godot.api.Node2D::getScale@41 (line 414)
                      ; - game.items.weapons.Weapon::updateVisuals@18 (line 238)
                      ; - game.items.weapons.Weapon::_process@47 (line 196)
                      ; - godot.entry.WeaponRegistrar$register$1$1$2::invoke@8 (line 41)
                      ; - godot.entry.WeaponRegistrar$register$1$1$2::invoke@12 (line 41)
  0x000001d12bae84c0: 3cc1 85ff 

  0x000001d12bae84c4: ;   {other}
  0x000001d12bae84c4: 0f1f 8400 | 3424 0062 | ba45 ffff | ff4c 8b54 | 2430 4c89 | 5424 2848 | 8944 2430 

  0x000001d12bae84e0: ;   {runtime_call UncommonTrapBlob}
  0x000001d12bae84e0: 6666 90e8 

  0x000001d12bae84e4: ; ImmutableOopMap {rbp=NarrowOop [40]=Oop [48]=Oop }
                      ;*ifnonnull {reexecute=1 rethrow=0 return_oop=0}
                      ; - (reexecute) kotlin.jvm.internal.Intrinsics::checkNotNullParameter@1 (line 130)
                      ; - godot.common.util.ThreadLocalDelegate::getValue@3
                      ; - godot.internal.memory.TransferContext::getBuffer@9 (line 28)
                      ; - godot.internal.memory.TransferContext::writeArguments@7 (line 34)
                      ; - godot.api.Node2D::setRotation@23 (line 368)
                      ; - game.items.weapons.Weapon::rotateToTarget@25 (line 177)
                      ; - game.items.weapons.Weapon::_process@32 (line 192)
                      ; - godot.entry.WeaponRegistrar$register$1$1$2::invoke@8 (line 41)
                      ; - godot.entry.WeaponRegistrar$register$1$1$2::invoke@12 (line 41)
  0x000001d12bae84e4: 18c1 85ff 

  0x000001d12bae84e8: ;   {other}
  0x000001d12bae84e8: 0f1f 8400 | 5824 0063 | ba45 ffff | ff48 894c | 2440 4889 

  0x000001d12bae84fc: ;   {runtime_call UncommonTrapBlob}
  0x000001d12bae84fc: 4c24 48e8 

  0x000001d12bae8500: ; ImmutableOopMap {[40]=Oop [48]=Oop [64]=Oop [72]=Oop }
                      ;*if_icmpge {reexecute=1 rethrow=0 return_oop=0}
                      ; - (reexecute) java.nio.Buffer::nextPutIndex@12 (line 743)
                      ; - java.nio.DirectByteBuffer::putInt@4 (line 785)
                      ; - godot.internal.memory.TransferContext::writeArguments@21 (line 36)
                      ; - godot.api.Node2D::setRotation@23 (line 368)
                      ; - game.items.weapons.Weapon::rotateToTarget@25 (line 177)
                      ; - game.items.weapons.Weapon::_process@32 (line 192)
                      ; - godot.entry.WeaponRegistrar$register$1$1$2::invoke@8 (line 41)
                      ; - godot.entry.WeaponRegistrar$register$1$1$2::invoke@12 (line 41)
  0x000001d12bae8500: fcc0 85ff 

  0x000001d12bae8504: ;   {other}
  0x000001d12bae8504: 0f1f 8400 | 7424 0064 | ba45 ffff | ff4c 8954 | 2428 4489 

  0x000001d12bae8518: ;   {runtime_call UncommonTrapBlob}
  0x000001d12bae8518: 5c24 30e8 

  0x000001d12bae851c: ; ImmutableOopMap {rbp=NarrowOop [40]=Oop [48]=NarrowOop }
                      ;*ifnonnull {reexecute=1 rethrow=0 return_oop=0}
                      ; - (reexecute) kotlin.jvm.internal.Intrinsics::checkNotNullParameter@1 (line 130)
                      ; - godot.common.util.ThreadLocalDelegate::getValue@3
                      ; - godot.internal.memory.TransferContext::getBuffer@9 (line 28)
                      ; - godot.internal.memory.TransferContext::writeArguments@7 (line 34)
                      ; - godot.api.Node2D::getScale@7 (line 412)
                      ; - game.entity.Player::isFacingRight@4 (line 261)
                      ; - game.items.weapons.Weapon::getIdleRotation@9 (line 139)
                      ; - game.items.weapons.Weapon::getRotationToTarget@20 (line 156)
                      ; - game.items.weapons.Weapon::rotateToTarget@21 (line 177)
                      ; - game.items.weapons.Weapon::_process@32 (line 192)
                      ; - godot.entry.WeaponRegistrar$register$1$1$2::invoke@8 (line 41)
                      ; - godot.entry.WeaponRegistrar$register$1$1$2::invoke@12 (line 41)
  0x000001d12bae851c: e0c0 85ff 

  0x000001d12bae8520: ;   {other}
  0x000001d12bae8520: 0f1f 8400 | 9024 0065 | ba45 ffff | ff4c 8b54 | 2430 4c89 | 5424 2844 | 894c 2430 | 4889 4c24 
  0x000001d12bae8540: 4048 894c 

  0x000001d12bae8544: ;   {runtime_call UncommonTrapBlob}
  0x000001d12bae8544: 2448 90e8 

  0x000001d12bae8548: ; ImmutableOopMap {[40]=Oop [48]=NarrowOop [64]=Oop [72]=Oop }
                      ;*if_icmpge {reexecute=1 rethrow=0 return_oop=0}
                      ; - (reexecute) java.nio.Buffer::nextPutIndex@12 (line 743)
                      ; - java.nio.DirectByteBuffer::putInt@4 (line 785)
                      ; - godot.internal.memory.TransferContext::writeArguments@21 (line 36)
                      ; - godot.api.Node2D::getScale@7 (line 412)
                      ; - game.entity.Player::isFacingRight@4 (line 261)
                      ; - game.items.weapons.Weapon::getIdleRotation@9 (line 139)
                      ; - game.items.weapons.Weapon::getRotationToTarget@20 (line 156)
                      ; - game.items.weapons.Weapon::rotateToTarget@21 (line 177)
                      ; - game.items.weapons.Weapon::_process@32 (line 192)
                      ; - godot.entry.WeaponRegistrar$register$1$1$2::invoke@8 (line 41)
                      ; - godot.entry.WeaponRegistrar$register$1$1$2::invoke@12 (line 41)
  0x000001d12bae8548: b4c0 85ff 

  0x000001d12bae854c: ;   {other}
  0x000001d12bae854c: 0f1f 8400 | bc24 0066 | ba45 ffff | ff4c 8b54 | 2430 4c89 

  0x000001d12bae8560: ;   {runtime_call UncommonTrapBlob}
  0x000001d12bae8560: 5424 28e8 

  0x000001d12bae8564: ; ImmutableOopMap {rbp=NarrowOop [40]=Oop [48]=Oop }
                      ;*ifnonnull {reexecute=1 rethrow=0 return_oop=0}
                      ; - (reexecute) kotlin.jvm.internal.Intrinsics::checkNotNullParameter@1 (line 130)
                      ; - godot.common.util.ThreadLocalDelegate::getValue@3
                      ; - godot.internal.memory.TransferContext::getBuffer@9 (line 28)
                      ; - godot.internal.memory.TransferContext::readReturnValue@7 (line 73)
                      ; - godot.api.Node2D::getScale@41 (line 414)
                      ; - game.entity.Player::isFacingRight@4 (line 261)
                      ; - game.items.weapons.Weapon::getIdleRotation@9 (line 139)
                      ; - game.items.weapons.Weapon::getRotationToTarget@20 (line 156)
                      ; - game.items.weapons.Weapon::rotateToTarget@21 (line 177)
                      ; - game.items.weapons.Weapon::_process@32 (line 192)
                      ; - godot.entry.WeaponRegistrar$register$1$1$2::invoke@8 (line 41)
                      ; - godot.entry.WeaponRegistrar$register$1$1$2::invoke@12 (line 41)
  0x000001d12bae8564: 98c0 85ff 

  0x000001d12bae8568: ;   {other}
  0x000001d12bae8568: 0f1f 8400 | d824 0067 | ba45 ffff | ff4c 8b5c | 2430 4c89 | 5c24 284c | 8954 2438 | 4c89 5424 
  0x000001d12bae8588: ;   {runtime_call UncommonTrapBlob}
  0x000001d12bae8588: 4066 90e8 

  0x000001d12bae858c: ; ImmutableOopMap {[40]=Oop [56]=Oop [64]=Oop }
                      ;*if_icmpge {reexecute=1 rethrow=0 return_oop=0}
                      ; - (reexecute) java.nio.Buffer::nextGetIndex@12 (line 720)
                      ; - java.nio.DirectByteBuffer::getInt@4 (line 753)
                      ; - godot.core.VariantKt::getVariantType@1 (line 104)
                      ; - godot.core.VariantKt::access$getVariantType@1 (line 1)
                      ; - godot.core.VariantParser::toKotlin@7 (line 477)
                      ; - godot.internal.memory.TransferContext::readReturnValue@20 (line 75)
                      ; - godot.api.Node2D::getScale@41 (line 414)
                      ; - game.entity.Player::isFacingRight@4 (line 261)
                      ; - game.items.weapons.Weapon::getIdleRotation@9 (line 139)
                      ; - game.items.weapons.Weapon::getRotationToTarget@20 (line 156)
                      ; - game.items.weapons.Weapon::rotateToTarget@21 (line 177)
                      ; - game.items.weapons.Weapon::_process@32 (line 192)
                      ; - godot.entry.WeaponRegistrar$register$1$1$2::invoke@8 (line 41)
                      ; - godot.entry.WeaponRegistrar$register$1$1$2::invoke@12 (line 41)
  0x000001d12bae858c: 70c0 85ff 

  0x000001d12bae8590: ;   {other}
  0x000001d12bae8590: 0f1f 8400 | 0025 0068 | ba45 ffff | ff4c 8b54 | 2430 4c89 | 5424 284c | 8944 2438 | 4c89 4424 
  0x000001d12bae85b0: ;   {runtime_call UncommonTrapBlob}
  0x000001d12bae85b0: 4066 90e8 

  0x000001d12bae85b4: ; ImmutableOopMap {[40]=Oop [56]=Oop [64]=Oop }
                      ;*if_icmpge {reexecute=1 rethrow=0 return_oop=0}
                      ; - (reexecute) java.nio.Buffer::nextGetIndex@12 (line 720)
                      ; - java.nio.DirectByteBuffer::getFloat@4 (line 953)
                      ; - godot.core.VariantKt::getVector2@5 (line 19)
                      ; - godot.core.VariantKt::access$getVector2@1 (line 1)
                      ; - godot.core.VariantParser$VECTOR2::toUnsafeKotlin@7 (line 176)
                      ; - godot.core.VariantParser$VECTOR2::toUnsafeKotlin@2 (line 175)
                      ; - godot.core.VariantParser::toKotlin@21 (line 479)
                      ; - godot.internal.memory.TransferContext::readReturnValue@20 (line 75)
                      ; - godot.api.Node2D::getScale@41 (line 414)
                      ; - game.entity.Player::isFacingRight@4 (line 261)
                      ; - game.items.weapons.Weapon::getIdleRotation@9 (line 139)
                      ; - game.items.weapons.Weapon::getRotationToTarget@20 (line 156)
                      ; - game.items.weapons.Weapon::rotateToTarget@21 (line 177)
                      ; - game.items.weapons.Weapon::_process@32 (line 192)
                      ; - godot.entry.WeaponRegistrar$register$1$1$2::invoke@8 (line 41)
                      ; - godot.entry.WeaponRegistrar$register$1$1$2::invoke@12 (line 41)
  0x000001d12bae85b4: 48c0 85ff 

  0x000001d12bae85b8: ;   {other}
  0x000001d12bae85b8: 0f1f 8400 | 2825 0069 | ba45 ffff | ffc5 fb11 

  0x000001d12bae85c8: ;   {runtime_call UncommonTrapBlob}
  0x000001d12bae85c8: 4424 38e8 

  0x000001d12bae85cc: ; ImmutableOopMap {[40]=Oop [48]=Oop }
                      ;*if_icmpge {reexecute=1 rethrow=0 return_oop=0}
                      ; - (reexecute) java.nio.Buffer::nextGetIndex@12 (line 720)
                      ; - java.nio.DirectByteBuffer::getFloat@4 (line 953)
                      ; - godot.core.VariantKt::getVector2@14 (line 19)
                      ; - godot.core.VariantKt::access$getVector2@1 (line 1)
                      ; - godot.core.VariantParser$VECTOR2::toUnsafeKotlin@7 (line 176)
                      ; - godot.core.VariantParser$VECTOR2::toUnsafeKotlin@2 (line 175)
                      ; - godot.core.VariantParser::toKotlin@21 (line 479)
                      ; - godot.internal.memory.TransferContext::readReturnValue@20 (line 75)
                      ; - godot.api.Node2D::getScale@41 (line 414)
                      ; - game.entity.Player::isFacingRight@4 (line 261)
                      ; - game.items.weapons.Weapon::getIdleRotation@9 (line 139)
                      ; - game.items.weapons.Weapon::getRotationToTarget@20 (line 156)
                      ; - game.items.weapons.Weapon::rotateToTarget@21 (line 177)
                      ; - game.items.weapons.Weapon::_process@32 (line 192)
                      ; - godot.entry.WeaponRegistrar$register$1$1$2::invoke@8 (line 41)
                      ; - godot.entry.WeaponRegistrar$register$1$1$2::invoke@12 (line 41)
  0x000001d12bae85cc: 30c0 85ff 

  0x000001d12bae85d0: ;   {other}
  0x000001d12bae85d0: 0f1f 8400 | 4025 006a | baf6 ffff | ff49 8bea 

  0x000001d12bae85e0: ;   {runtime_call UncommonTrapBlob}
  0x000001d12bae85e0: 6666 90e8 

  0x000001d12bae85e4: ; ImmutableOopMap {rbp=Oop }
                      ;*invokevirtual setScale {reexecute=0 rethrow=0 return_oop=0}
                      ; - game.items.weapons.Weapon::updateVisuals@56 (line 243)
                      ; - game.items.weapons.Weapon::_process@47 (line 196)
                      ; - godot.entry.WeaponRegistrar$register$1$1$2::invoke@8 (line 41)
                      ; - godot.entry.WeaponRegistrar$register$1$1$2::invoke@12 (line 41)
  0x000001d12bae85e4: 18c0 85ff 

  0x000001d12bae85e8: ;   {other}
  0x000001d12bae85e8: 0f1f 8400 | 5825 006b | bade ffff | ff41 8be9 | 894c 2420 | 4c89 5424 

  0x000001d12bae8600: ;   {runtime_call UncommonTrapBlob}
  0x000001d12bae8600: 2866 90e8 

  0x000001d12bae8604: ; ImmutableOopMap {rbp=NarrowOop [32]=NarrowOop [40]=Oop }
                      ;*invokevirtual get {reexecute=0 rethrow=0 return_oop=0}
                      ; - godot.common.util.ThreadLocalDelegate::getValue@10 (line 7)
                      ; - godot.internal.memory.TransferContext::getBuffer@9 (line 28)
                      ; - godot.internal.memory.TransferContext::writeArguments@7 (line 34)
                      ; - godot.api.Node2D::setScale@25 (line 383)
                      ; - game.items.weapons.Weapon::updateVisuals@56 (line 243)
                      ; - game.items.weapons.Weapon::_process@47 (line 196)
                      ; - godot.entry.WeaponRegistrar$register$1$1$2::invoke@8 (line 41)
                      ; - godot.entry.WeaponRegistrar$register$1$1$2::invoke@12 (line 41)
  0x000001d12bae8604: f8bf 85ff 

  0x000001d12bae8608: ;   {other}
  0x000001d12bae8608: 0f1f 8400 | 7825 006c | bae4 ffff | ff41 8be9 | 4c89 4424 | 2844 895c | 2430 4889 | 5c24 3889 
  0x000001d12bae8628: 4c24 4089 | 7424 444c | 8954 2448 

  0x000001d12bae8634: ;   {runtime_call UncommonTrapBlob}
  0x000001d12bae8634: 6666 90e8 

  0x000001d12bae8638: ; ImmutableOopMap {rbp=NarrowOop [40]=Oop [48]=NarrowOop [56]=Oop [64]=NarrowOop [72]=Oop }
                      ;*aaload {reexecute=0 rethrow=0 return_oop=0}
                      ; - java.lang.ThreadLocal$ThreadLocalMap::getEntry@18 (line 500)
                      ; - java.lang.ThreadLocal::get@12 (line 187)
                      ; - java.lang.ThreadLocal::get@4 (line 172)
                      ; - godot.common.util.ThreadLocalDelegate::getValue@10 (line 7)
                      ; - godot.internal.memory.TransferContext::getBuffer@9 (line 28)
                      ; - godot.internal.memory.TransferContext::writeArguments@7 (line 34)
                      ; - godot.api.Node2D::setScale@25 (line 383)
                      ; - game.items.weapons.Weapon::updateVisuals@56 (line 243)
                      ; - game.items.weapons.Weapon::_process@47 (line 196)
                      ; - godot.entry.WeaponRegistrar$register$1$1$2::invoke@8 (line 41)
                      ; - godot.entry.WeaponRegistrar$register$1$1$2::invoke@12 (line 41)
  0x000001d12bae8638: c4bf 85ff 

  0x000001d12bae863c: ;   {other}
  0x000001d12bae863c: 0f1f 8400 | ac25 006d | ba45 ffff | ff44 894c | 2420 4c89 | 4424 3044 | 895c 2424 | 4889 5c24 
  0x000001d12bae865c: 3889 7424 | 404c 8954 

  0x000001d12bae8664: ;   {runtime_call UncommonTrapBlob}
  0x000001d12bae8664: 2448 90e8 

  0x000001d12bae8668: ; ImmutableOopMap {rbp=NarrowOop [32]=NarrowOop [36]=NarrowOop [48]=Oop [56]=Oop [72]=Oop }
                      ;*ifeq {reexecute=1 rethrow=0 return_oop=0}
                      ; - (reexecute) java.lang.ThreadLocal$ThreadLocalMap::getEntry@29 (line 501)
                      ; - java.lang.ThreadLocal::get@12 (line 187)
                      ; - java.lang.ThreadLocal::get@4 (line 172)
                      ; - godot.common.util.ThreadLocalDelegate::getValue@10 (line 7)
                      ; - godot.internal.memory.TransferContext::getBuffer@9 (line 28)
                      ; - godot.internal.memory.TransferContext::writeArguments@7 (line 34)
                      ; - godot.api.Node2D::setScale@25 (line 383)
                      ; - game.items.weapons.Weapon::updateVisuals@56 (line 243)
                      ; - game.items.weapons.Weapon::_process@47 (line 196)
                      ; - godot.entry.WeaponRegistrar$register$1$1$2::invoke@8 (line 41)
                      ; - godot.entry.WeaponRegistrar$register$1$1$2::invoke@12 (line 41)
  0x000001d12bae8668: 94bf 85ff 

  0x000001d12bae866c: ;   {other}
  0x000001d12bae866c: 0f1f 8400 | dc25 006e | baec ffff | ff41 8be9 | 4c89 5c24 | 284c 895c | 2430 4889 | 4c24 3844 
  0x000001d12bae868c: 8944 2448 | 4c89 5424 

  0x000001d12bae8694: ;   {runtime_call UncommonTrapBlob}
  0x000001d12bae8694: 5066 90e8 

  0x000001d12bae8698: ; ImmutableOopMap {rbp=NarrowOop [40]=Oop [48]=Oop [72]=NarrowOop [80]=Oop }
                      ;*ifnull {reexecute=1 rethrow=0 return_oop=0}
                      ; - (reexecute) java.nio.Buffer::session@4 (line 792)
                      ; - java.nio.DirectByteBuffer::putInt@7 (line 773)
                      ; - java.nio.DirectByteBuffer::putInt@11 (line 785)
                      ; - godot.internal.memory.TransferContext::writeArguments@21 (line 36)
                      ; - godot.api.Node2D::setScale@25 (line 383)
                      ; - game.items.weapons.Weapon::updateVisuals@56 (line 243)
                      ; - game.items.weapons.Weapon::_process@47 (line 196)
                      ; - godot.entry.WeaponRegistrar$register$1$1$2::invoke@8 (line 41)
                      ; - godot.entry.WeaponRegistrar$register$1$1$2::invoke@12 (line 41)
  0x000001d12bae8698: 64bf 85ff 

  0x000001d12bae869c: ;   {other}
  0x000001d12bae869c: 0f1f 8400 | 0c26 006f | ba45 ffff | ff44 894c | 2420 4c89 | 4424 304c | 8944 2438 | 4889 4c24 
  0x000001d12bae86bc: 404c 8954 

  0x000001d12bae86c0: ;   {runtime_call UncommonTrapBlob}
  0x000001d12bae86c0: 2448 90e8 

  0x000001d12bae86c4: ; ImmutableOopMap {[32]=NarrowOop [48]=Oop [56]=Oop [72]=Oop }
                      ;*if_icmpne {reexecute=1 rethrow=0 return_oop=0}
                      ; - (reexecute) jdk.internal.misc.Unsafe::convEndian@4 (line 3818)
                      ; - jdk.internal.misc.Unsafe::putIntUnaligned@7 (line 3698)
                      ; - jdk.internal.misc.ScopedMemoryAccess::putIntUnalignedInternal@17 (line 1930)
                      ; - jdk.internal.misc.ScopedMemoryAccess::putIntUnaligned@8 (line 1918)
                      ; - java.nio.DirectByteBuffer::putInt@18 (line 773)
                      ; - java.nio.DirectByteBuffer::putInt@11 (line 785)
                      ; - godot.internal.memory.TransferContext::writeArguments@21 (line 36)
                      ; - godot.api.Node2D::setScale@25 (line 383)
                      ; - game.items.weapons.Weapon::updateVisuals@84 (line 246)
                      ; - game.items.weapons.Weapon::_process@47 (line 196)
                      ; - godot.entry.WeaponRegistrar$register$1$1$2::invoke@8 (line 41)
                      ; - godot.entry.WeaponRegistrar$register$1$1$2::invoke@12 (line 41)
  0x000001d12bae86c4: 38bf 85ff 

  0x000001d12bae86c8: ;   {other}
  0x000001d12bae86c8: 0f1f 8400 | 3826 0070 | ba45 ffff | ff41 8be9 | 897c 2420 | 4c89 5424 

  0x000001d12bae86e0: ;   {runtime_call UncommonTrapBlob}
  0x000001d12bae86e0: 2866 90e8 

  0x000001d12bae86e4: ; ImmutableOopMap {rbp=NarrowOop [32]=NarrowOop [40]=Oop }
                      ;*ifnonnull {reexecute=1 rethrow=0 return_oop=0}
                      ; - (reexecute) kotlin.jvm.internal.Intrinsics::checkNotNullParameter@1 (line 130)
                      ; - godot.common.util.ThreadLocalDelegate::getValue@3
                      ; - godot.internal.memory.TransferContext::getBuffer@9 (line 28)
                      ; - godot.internal.memory.TransferContext::writeArguments@7 (line 34)
                      ; - godot.api.Node2D::setScale@25 (line 383)
                      ; - game.items.weapons.Weapon::updateVisuals@84 (line 246)
                      ; - game.items.weapons.Weapon::_process@47 (line 196)
                      ; - godot.entry.WeaponRegistrar$register$1$1$2::invoke@8 (line 41)
                      ; - godot.entry.WeaponRegistrar$register$1$1$2::invoke@12 (line 41)
  0x000001d12bae86e4: 18bf 85ff 

  0x000001d12bae86e8: ;   {other}
  0x000001d12bae86e8: 0f1f 8400 | 5826 0071 | ba45 ffff | ff44 894c | 2420 4c89 | 4424 304c | 8944 2438 | 4c89 5424 
  0x000001d12bae8708: ;   {runtime_call UncommonTrapBlob}
  0x000001d12bae8708: 4866 90e8 

  0x000001d12bae870c: ; ImmutableOopMap {[32]=NarrowOop [48]=Oop [56]=Oop [72]=Oop }
                      ;*if_icmpge {reexecute=1 rethrow=0 return_oop=0}
                      ; - (reexecute) java.nio.Buffer::nextPutIndex@12 (line 743)
                      ; - java.nio.DirectByteBuffer::putInt@4 (line 785)
                      ; - godot.internal.memory.TransferContext::writeArguments@21 (line 36)
                      ; - godot.api.Node2D::setScale@25 (line 383)
                      ; - game.items.weapons.Weapon::updateVisuals@84 (line 246)
                      ; - game.items.weapons.Weapon::_process@47 (line 196)
                      ; - godot.entry.WeaponRegistrar$register$1$1$2::invoke@8 (line 41)
                      ; - godot.entry.WeaponRegistrar$register$1$1$2::invoke@12 (line 41)
  0x000001d12bae870c: f0be 85ff 

  0x000001d12bae8710: ;   {other}
  0x000001d12bae8710: 0f1f 8400 | 8026 0072 | ba45 ffff | ff44 894c | 2420 4c89 | 5c24 304c | 895c 2438 | 4889 4c24 
  0x000001d12bae8730: 404c 8954 

  0x000001d12bae8734: ;   {runtime_call UncommonTrapBlob}
  0x000001d12bae8734: 2448 90e8 

  0x000001d12bae8738: ; ImmutableOopMap {[32]=NarrowOop [48]=Oop [56]=Oop [72]=Oop }
                      ;*if_icmpne {reexecute=1 rethrow=0 return_oop=0}
                      ; - (reexecute) jdk.internal.misc.Unsafe::convEndian@4 (line 3818)
                      ; - jdk.internal.misc.Unsafe::putIntUnaligned@7 (line 3698)
                      ; - jdk.internal.misc.ScopedMemoryAccess::putIntUnalignedInternal@17 (line 1930)
                      ; - jdk.internal.misc.ScopedMemoryAccess::putIntUnaligned@8 (line 1918)
                      ; - java.nio.DirectByteBuffer::putInt@18 (line 773)
                      ; - java.nio.DirectByteBuffer::putInt@11 (line 785)
                      ; - godot.internal.memory.TransferContext::writeArguments@21 (line 36)
                      ; - godot.api.Node2D::setScale@25 (line 383)
                      ; - game.items.weapons.Weapon::updateVisuals@56 (line 243)
                      ; - game.items.weapons.Weapon::_process@47 (line 196)
                      ; - godot.entry.WeaponRegistrar$register$1$1$2::invoke@8 (line 41)
                      ; - godot.entry.WeaponRegistrar$register$1$1$2::invoke@12 (line 41)
  0x000001d12bae8738: c4be 85ff 

  0x000001d12bae873c: ;   {other}
  0x000001d12bae873c: 0f1f 8400 | ac26 0073 | ba45 ffff | ff41 8be9 | 897c 2420 | 4c89 5424 

  0x000001d12bae8754: ;   {runtime_call UncommonTrapBlob}
  0x000001d12bae8754: 2866 90e8 

  0x000001d12bae8758: ; ImmutableOopMap {rbp=NarrowOop [32]=NarrowOop [40]=Oop }
                      ;*ifnonnull {reexecute=1 rethrow=0 return_oop=0}
                      ; - (reexecute) kotlin.jvm.internal.Intrinsics::checkNotNullParameter@1 (line 130)
                      ; - godot.common.util.ThreadLocalDelegate::getValue@3
                      ; - godot.internal.memory.TransferContext::getBuffer@9 (line 28)
                      ; - godot.internal.memory.TransferContext::writeArguments@7 (line 34)
                      ; - godot.api.Node2D::setScale@25 (line 383)
                      ; - game.items.weapons.Weapon::updateVisuals@56 (line 243)
                      ; - game.items.weapons.Weapon::_process@47 (line 196)
                      ; - godot.entry.WeaponRegistrar$register$1$1$2::invoke@8 (line 41)
                      ; - godot.entry.WeaponRegistrar$register$1$1$2::invoke@12 (line 41)
  0x000001d12bae8758: a4be 85ff 

  0x000001d12bae875c: ;   {other}
  0x000001d12bae875c: 0f1f 8400 | cc26 0074 | ba45 ffff | ff44 894c | 2420 4c89 | 5c24 304c | 895c 2438 | 4c89 5424 
  0x000001d12bae877c: ;   {runtime_call UncommonTrapBlob}
  0x000001d12bae877c: 4866 90e8 

  0x000001d12bae8780: ; ImmutableOopMap {[32]=NarrowOop [48]=Oop [56]=Oop [72]=Oop }
                      ;*if_icmpge {reexecute=1 rethrow=0 return_oop=0}
                      ; - (reexecute) java.nio.Buffer::nextPutIndex@12 (line 743)
                      ; - java.nio.DirectByteBuffer::putInt@4 (line 785)
                      ; - godot.internal.memory.TransferContext::writeArguments@21 (line 36)
                      ; - godot.api.Node2D::setScale@25 (line 383)
                      ; - game.items.weapons.Weapon::updateVisuals@56 (line 243)
                      ; - game.items.weapons.Weapon::_process@47 (line 196)
                      ; - godot.entry.WeaponRegistrar$register$1$1$2::invoke@8 (line 41)
                      ; - godot.entry.WeaponRegistrar$register$1$1$2::invoke@12 (line 41)
  0x000001d12bae8780: 7cbe 85ff 

  0x000001d12bae8784: ;   {other}
  0x000001d12bae8784: 0f1f 8400 | f426 0075 | baf6 ffff 

  0x000001d12bae8790: ;   {runtime_call UncommonTrapBlob}
  0x000001d12bae8790: ff66 90e8 

  0x000001d12bae8794: ; ImmutableOopMap {}
                      ;*invokeinterface isEmpty {reexecute=0 rethrow=0 return_oop=0}
                      ; - game.items.weapons.Weapon::getRotationToTarget@4 (line 155)
                      ; - game.items.weapons.Weapon::rotateToTarget@21 (line 177)
                      ; - game.items.weapons.Weapon::_process@32 (line 192)
                      ; - godot.entry.WeaponRegistrar$register$1$1$2::invoke@8 (line 41)
                      ; - godot.entry.WeaponRegistrar$register$1$1$2::invoke@12 (line 41)
  0x000001d12bae8794: 68be 85ff 

  0x000001d12bae8798: ;   {other}
  0x000001d12bae8798: 0f1f 8400 | 0827 0076 | baf6 ffff | ff48 8be8 

  0x000001d12bae87a8: ;   {runtime_call UncommonTrapBlob}
  0x000001d12bae87a8: 6666 90e8 

  0x000001d12bae87ac: ; ImmutableOopMap {rbp=Oop }
                      ;*invokevirtual directionTo {reexecute=0 rethrow=0 return_oop=0}
                      ; - game.items.weapons.Weapon::getRotationToTarget@38 (line 159)
                      ; - game.items.weapons.Weapon::rotateToTarget@21 (line 177)
                      ; - game.items.weapons.Weapon::_process@32 (line 192)
                      ; - godot.entry.WeaponRegistrar$register$1$1$2::invoke@8 (line 41)
                      ; - godot.entry.WeaponRegistrar$register$1$1$2::invoke@12 (line 41)
  0x000001d12bae87ac: 50be 85ff 

  0x000001d12bae87b0: ;   {other}
  0x000001d12bae87b0: 0f1f 8400 | 2027 0077 | baf6 ffff 

  0x000001d12bae87bc: ;   {runtime_call UncommonTrapBlob}
  0x000001d12bae87bc: ff66 90e8 

  0x000001d12bae87c0: ; ImmutableOopMap {}
                      ;*invokevirtual angle {reexecute=0 rethrow=0 return_oop=0}
                      ; - game.items.weapons.Weapon::getRotationToTarget@41 (line 159)
                      ; - game.items.weapons.Weapon::rotateToTarget@21 (line 177)
                      ; - game.items.weapons.Weapon::_process@32 (line 192)
                      ; - godot.entry.WeaponRegistrar$register$1$1$2::invoke@8 (line 41)
                      ; - godot.entry.WeaponRegistrar$register$1$1$2::invoke@12 (line 41)
  0x000001d12bae87c0: 3cbe 85ff 

  0x000001d12bae87c4: ;   {other}
  0x000001d12bae87c4: 0f1f 8400 | 3427 0078 | ba45 ffff | ff4c 8954 

  0x000001d12bae87d4: ;   {runtime_call UncommonTrapBlob}
  0x000001d12bae87d4: 2428 90e8 

  0x000001d12bae87d8: ; ImmutableOopMap {[40]=Oop }
                      ;*ifeq {reexecute=1 rethrow=0 return_oop=0}
                      ; - (reexecute) game.items.weapons.Weapon::rotateToTarget@4 (line 174)
                      ; - game.items.weapons.Weapon::_process@32 (line 192)
                      ; - godot.entry.WeaponRegistrar$register$1$1$2::invoke@8 (line 41)
                      ; - godot.entry.WeaponRegistrar$register$1$1$2::invoke@12 (line 41)
  0x000001d12bae87d8: 24be 85ff 

  0x000001d12bae87dc: ;   {other}
  0x000001d12bae87dc: 0f1f 8400 | 4c27 0079 | bade ffff | ff49 8be9 | 4c89 5c24 | 204c 8944 

  0x000001d12bae87f4: ;   {runtime_call UncommonTrapBlob}
  0x000001d12bae87f4: 2428 90e8 

  0x000001d12bae87f8: ; ImmutableOopMap {rbp=Oop [32]=Oop [40]=Oop }
                      ;*checkcast {reexecute=0 rethrow=0 return_oop=0}
                      ; - godot.entry.WeaponRegistrar$register$1$1$2::invoke@2 (line 41)
  0x000001d12bae87f8: 04be 85ff 

  0x000001d12bae87fc: ;   {other}
  0x000001d12bae87fc: 0f1f 8400 | 6c27 007a | bade ffff | ff49 8beb | 4c89 4c24 | 204c 8954 

  0x000001d12bae8814: ;   {runtime_call UncommonTrapBlob}
  0x000001d12bae8814: 2428 90e8 

  0x000001d12bae8818: ; ImmutableOopMap {rbp=Oop [32]=Oop [40]=Oop }
                      ;*checkcast {reexecute=0 rethrow=0 return_oop=0}
                      ; - godot.entry.WeaponRegistrar$register$1$1$2::invoke@6 (line 41)
  0x000001d12bae8818: e4bd 85ff 

  0x000001d12bae881c: ;   {other}
  0x000001d12bae881c: 0f1f 8400 | 8c27 007b | bade ffff | ff44 8944 

  0x000001d12bae882c: ;   {runtime_call UncommonTrapBlob}
  0x000001d12bae882c: 2430 90e8 

  0x000001d12bae8830: ; ImmutableOopMap {rbp=NarrowOop [32]=Oop [48]=NarrowOop }
                      ;*checkcast {reexecute=0 rethrow=0 return_oop=0}
                      ; - godot.internal.memory.TransferContext::getBuffer@12 (line 28)
                      ; - godot.internal.memory.TransferContext::writeArguments@7 (line 34)
                      ; - godot.api.Timer::isStopped@7 (line 232)
                      ; - game.items.weapons.Weapon::canUseWeapon@4 (line 82)
                      ; - game.items.weapons.Weapon::_process@36 (line 194)
                      ; - godot.entry.WeaponRegistrar$register$1$1$2::invoke@8 (line 41)
                      ; - godot.entry.WeaponRegistrar$register$1$1$2::invoke@12 (line 41)
  0x000001d12bae8830: ccbd 85ff 

  0x000001d12bae8834: ;   {other}
  0x000001d12bae8834: 0f1f 8400 | a427 007c | bade ffff 

  0x000001d12bae8840: ;   {runtime_call UncommonTrapBlob}
  0x000001d12bae8840: ff66 90e8 

  0x000001d12bae8844: ; ImmutableOopMap {rbp=NarrowOop [32]=Oop }
                      ;*checkcast {reexecute=0 rethrow=0 return_oop=0}
                      ; - godot.internal.memory.TransferContext::getBuffer@12 (line 28)
                      ; - godot.internal.memory.TransferContext::readReturnValue@7 (line 73)
                      ; - godot.api.Timer::isStopped@41 (line 234)
                      ; - game.items.weapons.Weapon::canUseWeapon@4 (line 82)
                      ; - game.items.weapons.Weapon::_process@36 (line 194)
                      ; - godot.entry.WeaponRegistrar$register$1$1$2::invoke@8 (line 41)
                      ; - godot.entry.WeaponRegistrar$register$1$1$2::invoke@12 (line 41)
  0x000001d12bae8844: b8bd 85ff 

  0x000001d12bae8848: ;   {other}
  0x000001d12bae8848: 0f1f 8400 | b827 007d | bade ffff 

  0x000001d12bae8854: ;   {runtime_call UncommonTrapBlob}
  0x000001d12bae8854: ff66 90e8 

  0x000001d12bae8858: ; ImmutableOopMap {rbp=NarrowOop [32]=Oop }
                      ;*checkcast {reexecute=0 rethrow=0 return_oop=0}
                      ; - godot.internal.memory.TransferContext::getBuffer@12 (line 28)
                      ; - godot.internal.memory.TransferContext::writeArguments@7 (line 34)
                      ; - godot.api.Node2D::getRotation@7 (line 394)
                      ; - game.items.weapons.Weapon::updateVisuals@9 (line 235)
                      ; - game.items.weapons.Weapon::_process@47 (line 196)
                      ; - godot.entry.WeaponRegistrar$register$1$1$2::invoke@8 (line 41)
                      ; - godot.entry.WeaponRegistrar$register$1$1$2::invoke@12 (line 41)
  0x000001d12bae8858: a4bd 85ff 

  0x000001d12bae885c: ;   {other}
  0x000001d12bae885c: 0f1f 8400 | cc27 007e | bade ffff 

  0x000001d12bae8868: ;   {runtime_call UncommonTrapBlob}
  0x000001d12bae8868: ff66 90e8 

  0x000001d12bae886c: ; ImmutableOopMap {rbp=NarrowOop [32]=Oop }
                      ;*checkcast {reexecute=0 rethrow=0 return_oop=0}
                      ; - godot.internal.memory.TransferContext::getBuffer@12 (line 28)
                      ; - godot.internal.memory.TransferContext::readReturnValue@7 (line 73)
                      ; - godot.api.Node2D::getRotation@41 (line 396)
                      ; - game.items.weapons.Weapon::updateVisuals@9 (line 235)
                      ; - game.items.weapons.Weapon::_process@47 (line 196)
                      ; - godot.entry.WeaponRegistrar$register$1$1$2::invoke@8 (line 41)
                      ; - godot.entry.WeaponRegistrar$register$1$1$2::invoke@12 (line 41)
  0x000001d12bae886c: 90bd 85ff 

  0x000001d12bae8870: ;   {other}
  0x000001d12bae8870: 0f1f 8400 | e027 007f | bade ffff | ffc5 fb11 | 4424 2844 | 8944 2430 

  0x000001d12bae8888: ;   {runtime_call UncommonTrapBlob}
  0x000001d12bae8888: 6666 90e8 

  0x000001d12bae888c: ; ImmutableOopMap {rbp=NarrowOop [32]=Oop [48]=NarrowOop }
                      ;*checkcast {reexecute=0 rethrow=0 return_oop=0}
                      ; - godot.internal.memory.TransferContext::getBuffer@12 (line 28)
                      ; - godot.internal.memory.TransferContext::writeArguments@7 (line 34)
                      ; - godot.api.Node2D::getScale@7 (line 412)
                      ; - game.items.weapons.Weapon::updateVisuals@18 (line 238)
                      ; - game.items.weapons.Weapon::_process@47 (line 196)
                      ; - godot.entry.WeaponRegistrar$register$1$1$2::invoke@8 (line 41)
                      ; - godot.entry.WeaponRegistrar$register$1$1$2::invoke@12 (line 41)
  0x000001d12bae888c: 70bd 85ff 

  0x000001d12bae8890: ;   {other}
  0x000001d12bae8890: 0f1f 8400 | 0028 0080 | bade ffff | ff4c 8b54 | 2430 4c89 | 5424 2844 | 894c 2430 

  0x000001d12bae88ac: ;   {runtime_call UncommonTrapBlob}
  0x000001d12bae88ac: 6666 90e8 

  0x000001d12bae88b0: ; ImmutableOopMap {rbp=NarrowOop [40]=Oop [48]=NarrowOop }
                      ;*checkcast {reexecute=0 rethrow=0 return_oop=0}
                      ; - godot.internal.memory.TransferContext::getBuffer@12 (line 28)
                      ; - godot.internal.memory.TransferContext::writeArguments@7 (line 34)
                      ; - godot.api.Node2D::getScale@7 (line 412)
                      ; - game.entity.Player::isFacingRight@4 (line 261)
                      ; - game.items.weapons.Weapon::getIdleRotation@9 (line 139)
                      ; - game.items.weapons.Weapon::getRotationToTarget@20 (line 156)
                      ; - game.items.weapons.Weapon::rotateToTarget@21 (line 177)
                      ; - game.items.weapons.Weapon::_process@32 (line 192)
                      ; - godot.entry.WeaponRegistrar$register$1$1$2::invoke@8 (line 41)
                      ; - godot.entry.WeaponRegistrar$register$1$1$2::invoke@12 (line 41)
  0x000001d12bae88b0: 4cbd 85ff 

  0x000001d12bae88b4: ;   {other}
  0x000001d12bae88b4: 0f1f 8400 | 2428 0081 | bade ffff 

  0x000001d12bae88c0: ;   {runtime_call UncommonTrapBlob}
  0x000001d12bae88c0: ff66 90e8 

  0x000001d12bae88c4: ; ImmutableOopMap {rbp=NarrowOop [32]=Oop }
                      ;*checkcast {reexecute=0 rethrow=0 return_oop=0}
                      ; - godot.internal.memory.TransferContext::getBuffer@12 (line 28)
                      ; - godot.internal.memory.TransferContext::readReturnValue@7 (line 73)
                      ; - godot.api.Node2D::getScale@41 (line 414)
                      ; - game.items.weapons.Weapon::updateVisuals@18 (line 238)
                      ; - game.items.weapons.Weapon::_process@47 (line 196)
                      ; - godot.entry.WeaponRegistrar$register$1$1$2::invoke@8 (line 41)
                      ; - godot.entry.WeaponRegistrar$register$1$1$2::invoke@12 (line 41)
  0x000001d12bae88c4: 38bd 85ff 

  0x000001d12bae88c8: ;   {other}
  0x000001d12bae88c8: 0f1f 8400 | 3828 0082 | bade ffff | ff4c 8b54 | 2430 4c89 

  0x000001d12bae88dc: ;   {runtime_call UncommonTrapBlob}
  0x000001d12bae88dc: 5424 28e8 

  0x000001d12bae88e0: ; ImmutableOopMap {rbp=NarrowOop [40]=Oop [48]=Oop }
                      ;*checkcast {reexecute=0 rethrow=0 return_oop=0}
                      ; - godot.internal.memory.TransferContext::getBuffer@12 (line 28)
                      ; - godot.internal.memory.TransferContext::readReturnValue@7 (line 73)
                      ; - godot.api.Node2D::getScale@41 (line 414)
                      ; - game.entity.Player::isFacingRight@4 (line 261)
                      ; - game.items.weapons.Weapon::getIdleRotation@9 (line 139)
                      ; - game.items.weapons.Weapon::getRotationToTarget@20 (line 156)
                      ; - game.items.weapons.Weapon::rotateToTarget@21 (line 177)
                      ; - game.items.weapons.Weapon::_process@32 (line 192)
                      ; - godot.entry.WeaponRegistrar$register$1$1$2::invoke@8 (line 41)
                      ; - godot.entry.WeaponRegistrar$register$1$1$2::invoke@12 (line 41)
  0x000001d12bae88e0: 1cbd 85ff 

  0x000001d12bae88e4: ;   {other}
  0x000001d12bae88e4: 0f1f 8400 | 5428 0083 | bade ffff | ff44 894c | 2420 4c89 

  0x000001d12bae88f8: ;   {runtime_call UncommonTrapBlob}
  0x000001d12bae88f8: 5424 28e8 

  0x000001d12bae88fc: ; ImmutableOopMap {rbp=NarrowOop [32]=NarrowOop [40]=Oop }
                      ;*checkcast {reexecute=0 rethrow=0 return_oop=0}
                      ; - godot.internal.memory.TransferContext::getBuffer@12 (line 28)
                      ; - godot.internal.memory.TransferContext::writeArguments@7 (line 34)
                      ; - godot.api.Node2D::setScale@25 (line 383)
                      ; - game.items.weapons.Weapon::updateVisuals@56 (line 243)
                      ; - game.items.weapons.Weapon::_process@47 (line 196)
                      ; - godot.entry.WeaponRegistrar$register$1$1$2::invoke@8 (line 41)
                      ; - godot.entry.WeaponRegistrar$register$1$1$2::invoke@12 (line 41)
  0x000001d12bae88fc: 00bd 85ff 

  0x000001d12bae8900: ;   {other}
  0x000001d12bae8900: 0f1f 8400 | 7028 0084 | bade ffff 

  0x000001d12bae890c: ;   {runtime_call UncommonTrapBlob}
  0x000001d12bae890c: ff66 90e8 

  0x000001d12bae8910: ; ImmutableOopMap {rbp=NarrowOop [40]=Oop [48]=Oop }
                      ;*checkcast {reexecute=0 rethrow=0 return_oop=0}
                      ; - godot.internal.memory.TransferContext::getBuffer@12 (line 28)
                      ; - godot.internal.memory.TransferContext::writeArguments@7 (line 34)
                      ; - godot.api.Node2D::setRotation@23 (line 368)
                      ; - game.items.weapons.Weapon::rotateToTarget@25 (line 177)
                      ; - game.items.weapons.Weapon::_process@32 (line 192)
                      ; - godot.entry.WeaponRegistrar$register$1$1$2::invoke@8 (line 41)
                      ; - godot.entry.WeaponRegistrar$register$1$1$2::invoke@12 (line 41)
  0x000001d12bae8910: ecbc 85ff 

  0x000001d12bae8914: ;   {other}
  0x000001d12bae8914: 0f1f 8400 | 8428 0085 | bade ffff | ff4c 895c 

  0x000001d12bae8924: ;   {runtime_call UncommonTrapBlob}
  0x000001d12bae8924: 2430 90e8 

  0x000001d12bae8928: ; ImmutableOopMap {rbp=NarrowOop [40]=Oop [48]=Oop }
                      ;*checkcast {reexecute=0 rethrow=0 return_oop=0}
                      ; - game.items.weapons.Weapon::getRotationToTarget@32 (line 159)
                      ; - game.items.weapons.Weapon::rotateToTarget@21 (line 177)
                      ; - game.items.weapons.Weapon::_process@32 (line 192)
                      ; - godot.entry.WeaponRegistrar$register$1$1$2::invoke@8 (line 41)
                      ; - godot.entry.WeaponRegistrar$register$1$1$2::invoke@12 (line 41)
  0x000001d12bae8928: d4bc 85ff 

  0x000001d12bae892c: ;   {other}
  0x000001d12bae892c: 0f1f 8400 | 9c28 0086 | bade ffff | ff44 894c | 2420 4c89 

  0x000001d12bae8940: ;   {runtime_call UncommonTrapBlob}
  0x000001d12bae8940: 5424 28e8 

  0x000001d12bae8944: ; ImmutableOopMap {rbp=NarrowOop [32]=NarrowOop [40]=Oop }
                      ;*checkcast {reexecute=0 rethrow=0 return_oop=0}
                      ; - godot.internal.memory.TransferContext::getBuffer@12 (line 28)
                      ; - godot.internal.memory.TransferContext::writeArguments@7 (line 34)
                      ; - godot.api.Node2D::setScale@25 (line 383)
                      ; - game.items.weapons.Weapon::updateVisuals@84 (line 246)
                      ; - game.items.weapons.Weapon::_process@47 (line 196)
                      ; - godot.entry.WeaponRegistrar$register$1$1$2::invoke@8 (line 41)
                      ; - godot.entry.WeaponRegistrar$register$1$1$2::invoke@12 (line 41)
  0x000001d12bae8944: b8bc 85ff 

  0x000001d12bae8948: ;   {other}
  0x000001d12bae8948: 0f1f 8400 | b828 0087 | 488b d048 | 8b6c 2430 

  0x000001d12bae8958: ;   {runtime_call _rethrow_Java}
  0x000001d12bae8958: 6666 90e8 

  0x000001d12bae895c: ; ImmutableOopMap {rbp=Oop [40]=Oop }
                      ;*invokevirtual getIntUnalignedInternal {reexecute=0 rethrow=0 return_oop=1}
                      ; - jdk.internal.misc.ScopedMemoryAccess::getIntUnaligned@6 (line 1897)
                      ; - java.nio.DirectByteBuffer::getInt@13 (line 744)
                      ; - java.nio.DirectByteBuffer::getInt@10 (line 753)
                      ; - godot.core.VariantKt::getVariantType@1 (line 104)
                      ; - godot.core.VariantKt::access$getVariantType@1 (line 1)
                      ; - godot.core.VariantParser::toKotlin@7 (line 477)
                      ; - godot.internal.memory.TransferContext::readReturnValue@20 (line 75)
                      ; - godot.api.Node2D::getScale@41 (line 414)
                      ; - game.entity.Player::isFacingRight@4 (line 261)
                      ; - game.items.weapons.Weapon::getIdleRotation@9 (line 139)
                      ; - game.items.weapons.Weapon::getRotationToTarget@20 (line 156)
                      ; - game.items.weapons.Weapon::rotateToTarget@21 (line 177)
                      ; - game.items.weapons.Weapon::_process@32 (line 192)
                      ; - godot.entry.WeaponRegistrar$register$1$1$2::invoke@8 (line 41)
                      ; - godot.entry.WeaponRegistrar$register$1$1$2::invoke@12 (line 41)
  0x000001d12bae895c: a080 92ff 

  0x000001d12bae8960: ;   {other}
  0x000001d12bae8960: 0f1f 8400 | d028 0088 | 488b d048 | 8b6c 2430 

  0x000001d12bae8970: ;   {runtime_call _rethrow_Java}
  0x000001d12bae8970: 6666 90e8 

  0x000001d12bae8974: ; ImmutableOopMap {rbp=Oop [40]=Oop }
                      ;*invokevirtual getIntUnalignedInternal {reexecute=0 rethrow=0 return_oop=1}
                      ; - jdk.internal.misc.ScopedMemoryAccess::getIntUnaligned@6 (line 1897)
                      ; - java.nio.DirectByteBuffer::getFloat@13 (line 944)
                      ; - java.nio.DirectByteBuffer::getFloat@10 (line 953)
                      ; - godot.core.VariantKt::getVector2@5 (line 19)
                      ; - godot.core.VariantKt::access$getVector2@1 (line 1)
                      ; - godot.core.VariantParser$VECTOR2::toUnsafeKotlin@7 (line 176)
                      ; - godot.core.VariantParser$VECTOR2::toUnsafeKotlin@2 (line 175)
                      ; - godot.core.VariantParser::toKotlin@21 (line 479)
                      ; - godot.internal.memory.TransferContext::readReturnValue@20 (line 75)
                      ; - godot.api.Node2D::getScale@41 (line 414)
                      ; - game.entity.Player::isFacingRight@4 (line 261)
                      ; - game.items.weapons.Weapon::getIdleRotation@9 (line 139)
                      ; - game.items.weapons.Weapon::getRotationToTarget@20 (line 156)
                      ; - game.items.weapons.Weapon::rotateToTarget@21 (line 177)
                      ; - game.items.weapons.Weapon::_process@32 (line 192)
                      ; - godot.entry.WeaponRegistrar$register$1$1$2::invoke@8 (line 41)
                      ; - godot.entry.WeaponRegistrar$register$1$1$2::invoke@12 (line 41)
  0x000001d12bae8974: 8880 92ff 

  0x000001d12bae8978: ;   {other}
  0x000001d12bae8978: 0f1f 8400 | e828 0089 | 488b d04c | 8b54 2430 | 4c89 5424 

  0x000001d12bae898c: ;   {runtime_call _rethrow_Java}
  0x000001d12bae898c: 2066 90e8 

  0x000001d12bae8990: ; ImmutableOopMap {[32]=Oop [40]=Oop [48]=Oop }
                      ;*invokevirtual getIntUnalignedInternal {reexecute=0 rethrow=0 return_oop=1}
                      ; - jdk.internal.misc.ScopedMemoryAccess::getIntUnaligned@6 (line 1897)
                      ; - java.nio.DirectByteBuffer::getFloat@13 (line 944)
                      ; - java.nio.DirectByteBuffer::getFloat@10 (line 953)
                      ; - godot.core.VariantKt::getVector2@14 (line 19)
                      ; - godot.core.VariantKt::access$getVector2@1 (line 1)
                      ; - godot.core.VariantParser$VECTOR2::toUnsafeKotlin@7 (line 176)
                      ; - godot.core.VariantParser$VECTOR2::toUnsafeKotlin@2 (line 175)
                      ; - godot.core.VariantParser::toKotlin@21 (line 479)
                      ; - godot.internal.memory.TransferContext::readReturnValue@20 (line 75)
                      ; - godot.api.Node2D::getScale@41 (line 414)
                      ; - game.entity.Player::isFacingRight@4 (line 261)
                      ; - game.items.weapons.Weapon::getIdleRotation@9 (line 139)
                      ; - game.items.weapons.Weapon::getRotationToTarget@20 (line 156)
                      ; - game.items.weapons.Weapon::rotateToTarget@21 (line 177)
                      ; - game.items.weapons.Weapon::_process@32 (line 192)
                      ; - godot.entry.WeaponRegistrar$register$1$1$2::invoke@8 (line 41)
                      ; - godot.entry.WeaponRegistrar$register$1$1$2::invoke@12 (line 41)
  0x000001d12bae8990: 6c80 92ff 

  0x000001d12bae8994: ;   {other}
  0x000001d12bae8994: 0f1f 8400 | 0429 008a | baf4 ffff | ff49 8be9 | 4c89 5c24 

  0x000001d12bae89a8: ;   {runtime_call UncommonTrapBlob}
  0x000001d12bae89a8: 2066 90e8 

  0x000001d12bae89ac: ; ImmutableOopMap {rbp=Oop [32]=Oop }
                      ;*checkcast {reexecute=0 rethrow=0 return_oop=0}
                      ; - godot.entry.WeaponRegistrar$register$1$1$2::invoke@2 (line 41)
  0x000001d12bae89ac: 50bc 85ff 

  0x000001d12bae89b0: ;   {other}
  0x000001d12bae89b0: 0f1f 8400 | 2029 008b | baf4 ffff | ff49 8beb | 4c89 5424 

  0x000001d12bae89c4: ;   {runtime_call UncommonTrapBlob}
  0x000001d12bae89c4: 2066 90e8 

  0x000001d12bae89c8: ; ImmutableOopMap {rbp=Oop [32]=Oop }
                      ;*checkcast {reexecute=0 rethrow=0 return_oop=0}
                      ; - godot.entry.WeaponRegistrar$register$1$1$2::invoke@6 (line 41)
  0x000001d12bae89c8: 34bc 85ff 

  0x000001d12bae89cc: ;   {other}
  0x000001d12bae89cc: 0f1f 8400 | 3c29 008c | baf6 ffff 

  0x000001d12bae89d8: ;   {runtime_call UncommonTrapBlob}
  0x000001d12bae89d8: ff66 90e8 

  0x000001d12bae89dc: ; ImmutableOopMap {}
                      ;*invokevirtual get {reexecute=0 rethrow=0 return_oop=0}
                      ; - godot.common.util.ThreadLocalDelegate::getValue@10 (line 7)
                      ; - godot.internal.memory.TransferContext::getBuffer@9 (line 28)
                      ; - godot.internal.memory.TransferContext::writeArguments@7 (line 34)
                      ; - godot.api.Timer::isStopped@7 (line 232)
                      ; - game.items.weapons.Weapon::canUseWeapon@4 (line 82)
                      ; - game.items.weapons.Weapon::_process@36 (line 194)
                      ; - godot.entry.WeaponRegistrar$register$1$1$2::invoke@8 (line 41)
                      ; - godot.entry.WeaponRegistrar$register$1$1$2::invoke@12 (line 41)
  0x000001d12bae89dc: 20bc 85ff 

  0x000001d12bae89e0: ;   {other}
  0x000001d12bae89e0: 0f1f 8400 | 5029 008d | baf6 ffff 

  0x000001d12bae89ec: ;   {runtime_call UncommonTrapBlob}
  0x000001d12bae89ec: ff66 90e8 

  0x000001d12bae89f0: ; ImmutableOopMap {}
                      ;*arraylength {reexecute=0 rethrow=0 return_oop=0}
                      ; - java.lang.ThreadLocal$ThreadLocalMap::getEntry@8 (line 499)
                      ; - java.lang.ThreadLocal::get@12 (line 187)
                      ; - java.lang.ThreadLocal::get@4 (line 172)
                      ; - godot.common.util.ThreadLocalDelegate::getValue@10 (line 7)
                      ; - godot.internal.memory.TransferContext::getBuffer@9 (line 28)
                      ; - godot.internal.memory.TransferContext::writeArguments@7 (line 34)
                      ; - godot.api.Timer::isStopped@7 (line 232)
                      ; - game.items.weapons.Weapon::canUseWeapon@4 (line 82)
                      ; - game.items.weapons.Weapon::_process@36 (line 194)
                      ; - godot.entry.WeaponRegistrar$register$1$1$2::invoke@8 (line 41)
                      ; - godot.entry.WeaponRegistrar$register$1$1$2::invoke@12 (line 41)
  0x000001d12bae89f0: 0cbc 85ff 

  0x000001d12bae89f4: ;   {other}
  0x000001d12bae89f4: 0f1f 8400 | 6429 008e | baf4 ffff | ff48 8b6c | 2420 4489 

  0x000001d12bae8a08: ;   {runtime_call UncommonTrapBlob}
  0x000001d12bae8a08: 4424 28e8 

  0x000001d12bae8a0c: ; ImmutableOopMap {rbp=Oop [40]=NarrowOop }
                      ;*checkcast {reexecute=0 rethrow=0 return_oop=0}
                      ; - godot.internal.memory.TransferContext::getBuffer@12 (line 28)
                      ; - godot.internal.memory.TransferContext::writeArguments@7 (line 34)
                      ; - godot.api.Timer::isStopped@7 (line 232)
                      ; - game.items.weapons.Weapon::canUseWeapon@4 (line 82)
                      ; - game.items.weapons.Weapon::_process@36 (line 194)
                      ; - godot.entry.WeaponRegistrar$register$1$1$2::invoke@8 (line 41)
                      ; - godot.entry.WeaponRegistrar$register$1$1$2::invoke@12 (line 41)
  0x000001d12bae8a0c: f0bb 85ff 

  0x000001d12bae8a10: ;   {other}
  0x000001d12bae8a10: 0f1f 8400 | 8029 008f | baf6 ffff 

  0x000001d12bae8a1c: ;   {runtime_call UncommonTrapBlob}
  0x000001d12bae8a1c: ff66 90e8 

  0x000001d12bae8a20: ; ImmutableOopMap {}
                      ;*invokevirtual get {reexecute=0 rethrow=0 return_oop=0}
                      ; - godot.common.util.ThreadLocalDelegate::getValue@10 (line 7)
                      ; - godot.internal.memory.TransferContext::getBuffer@9 (line 28)
                      ; - godot.internal.memory.TransferContext::readReturnValue@7 (line 73)
                      ; - godot.api.Timer::isStopped@41 (line 234)
                      ; - game.items.weapons.Weapon::canUseWeapon@4 (line 82)
                      ; - game.items.weapons.Weapon::_process@36 (line 194)
                      ; - godot.entry.WeaponRegistrar$register$1$1$2::invoke@8 (line 41)
                      ; - godot.entry.WeaponRegistrar$register$1$1$2::invoke@12 (line 41)
  0x000001d12bae8a20: dcbb 85ff 

  0x000001d12bae8a24: ;   {other}
  0x000001d12bae8a24: 0f1f 8400 | 9429 0090 | baf6 ffff 

  0x000001d12bae8a30: ;   {runtime_call UncommonTrapBlob}
  0x000001d12bae8a30: ff66 90e8 

  0x000001d12bae8a34: ; ImmutableOopMap {}
                      ;*arraylength {reexecute=0 rethrow=0 return_oop=0}
                      ; - java.lang.ThreadLocal$ThreadLocalMap::getEntry@8 (line 499)
                      ; - java.lang.ThreadLocal::get@12 (line 187)
                      ; - java.lang.ThreadLocal::get@4 (line 172)
                      ; - godot.common.util.ThreadLocalDelegate::getValue@10 (line 7)
                      ; - godot.internal.memory.TransferContext::getBuffer@9 (line 28)
                      ; - godot.internal.memory.TransferContext::readReturnValue@7 (line 73)
                      ; - godot.api.Timer::isStopped@41 (line 234)
                      ; - game.items.weapons.Weapon::canUseWeapon@4 (line 82)
                      ; - game.items.weapons.Weapon::_process@36 (line 194)
                      ; - godot.entry.WeaponRegistrar$register$1$1$2::invoke@8 (line 41)
                      ; - godot.entry.WeaponRegistrar$register$1$1$2::invoke@12 (line 41)
  0x000001d12bae8a34: c8bb 85ff 

  0x000001d12bae8a38: ;   {other}
  0x000001d12bae8a38: 0f1f 8400 | a829 0091 | baf4 ffff | ff48 8b6c 

  0x000001d12bae8a48: ;   {runtime_call UncommonTrapBlob}
  0x000001d12bae8a48: 2420 90e8 

  0x000001d12bae8a4c: ; ImmutableOopMap {rbp=Oop }
                      ;*checkcast {reexecute=0 rethrow=0 return_oop=0}
                      ; - godot.internal.memory.TransferContext::getBuffer@12 (line 28)
                      ; - godot.internal.memory.TransferContext::readReturnValue@7 (line 73)
                      ; - godot.api.Timer::isStopped@41 (line 234)
                      ; - game.items.weapons.Weapon::canUseWeapon@4 (line 82)
                      ; - game.items.weapons.Weapon::_process@36 (line 194)
                      ; - godot.entry.WeaponRegistrar$register$1$1$2::invoke@8 (line 41)
                      ; - godot.entry.WeaponRegistrar$register$1$1$2::invoke@12 (line 41)
  0x000001d12bae8a4c: b0bb 85ff 

  0x000001d12bae8a50: ;   {other}
  0x000001d12bae8a50: 0f1f 8400 | c029 0092 | baf6 ffff 

  0x000001d12bae8a5c: ;   {runtime_call UncommonTrapBlob}
  0x000001d12bae8a5c: ff66 90e8 

  0x000001d12bae8a60: ; ImmutableOopMap {}
                      ;*invokevirtual get {reexecute=0 rethrow=0 return_oop=0}
                      ; - godot.common.util.ThreadLocalDelegate::getValue@10 (line 7)
                      ; - godot.internal.memory.TransferContext::getBuffer@9 (line 28)
                      ; - godot.internal.memory.TransferContext::writeArguments@7 (line 34)
                      ; - godot.api.Node2D::getRotation@7 (line 394)
                      ; - game.items.weapons.Weapon::updateVisuals@9 (line 235)
                      ; - game.items.weapons.Weapon::_process@47 (line 196)
                      ; - godot.entry.WeaponRegistrar$register$1$1$2::invoke@8 (line 41)
                      ; - godot.entry.WeaponRegistrar$register$1$1$2::invoke@12 (line 41)
  0x000001d12bae8a60: 9cbb 85ff 

  0x000001d12bae8a64: ;   {other}
  0x000001d12bae8a64: 0f1f 8400 | d429 0093 | baf6 ffff 

  0x000001d12bae8a70: ;   {runtime_call UncommonTrapBlob}
  0x000001d12bae8a70: ff66 90e8 

  0x000001d12bae8a74: ; ImmutableOopMap {}
                      ;*arraylength {reexecute=0 rethrow=0 return_oop=0}
                      ; - java.lang.ThreadLocal$ThreadLocalMap::getEntry@8 (line 499)
                      ; - java.lang.ThreadLocal::get@12 (line 187)
                      ; - java.lang.ThreadLocal::get@4 (line 172)
                      ; - godot.common.util.ThreadLocalDelegate::getValue@10 (line 7)
                      ; - godot.internal.memory.TransferContext::getBuffer@9 (line 28)
                      ; - godot.internal.memory.TransferContext::writeArguments@7 (line 34)
                      ; - godot.api.Node2D::getRotation@7 (line 394)
                      ; - game.items.weapons.Weapon::updateVisuals@9 (line 235)
                      ; - game.items.weapons.Weapon::_process@47 (line 196)
                      ; - godot.entry.WeaponRegistrar$register$1$1$2::invoke@8 (line 41)
                      ; - godot.entry.WeaponRegistrar$register$1$1$2::invoke@12 (line 41)
  0x000001d12bae8a74: 88bb 85ff 

  0x000001d12bae8a78: ;   {other}
  0x000001d12bae8a78: 0f1f 8400 | e829 0094 | baf4 ffff | ff48 8b6c 

  0x000001d12bae8a88: ;   {runtime_call UncommonTrapBlob}
  0x000001d12bae8a88: 2420 90e8 

  0x000001d12bae8a8c: ; ImmutableOopMap {rbp=Oop }
                      ;*checkcast {reexecute=0 rethrow=0 return_oop=0}
                      ; - godot.internal.memory.TransferContext::getBuffer@12 (line 28)
                      ; - godot.internal.memory.TransferContext::writeArguments@7 (line 34)
                      ; - godot.api.Node2D::getRotation@7 (line 394)
                      ; - game.items.weapons.Weapon::updateVisuals@9 (line 235)
                      ; - game.items.weapons.Weapon::_process@47 (line 196)
                      ; - godot.entry.WeaponRegistrar$register$1$1$2::invoke@8 (line 41)
                      ; - godot.entry.WeaponRegistrar$register$1$1$2::invoke@12 (line 41)
  0x000001d12bae8a8c: 70bb 85ff 

  0x000001d12bae8a90: ;   {other}
  0x000001d12bae8a90: 0f1f 8400 | 002a 0095 | baf6 ffff 

  0x000001d12bae8a9c: ;   {runtime_call UncommonTrapBlob}
  0x000001d12bae8a9c: ff66 90e8 

  0x000001d12bae8aa0: ; ImmutableOopMap {}
                      ;*invokevirtual get {reexecute=0 rethrow=0 return_oop=0}
                      ; - godot.common.util.ThreadLocalDelegate::getValue@10 (line 7)
                      ; - godot.internal.memory.TransferContext::getBuffer@9 (line 28)
                      ; - godot.internal.memory.TransferContext::readReturnValue@7 (line 73)
                      ; - godot.api.Node2D::getRotation@41 (line 396)
                      ; - game.items.weapons.Weapon::updateVisuals@9 (line 235)
                      ; - game.items.weapons.Weapon::_process@47 (line 196)
                      ; - godot.entry.WeaponRegistrar$register$1$1$2::invoke@8 (line 41)
                      ; - godot.entry.WeaponRegistrar$register$1$1$2::invoke@12 (line 41)
  0x000001d12bae8aa0: 5cbb 85ff 

  0x000001d12bae8aa4: ;   {other}
  0x000001d12bae8aa4: 0f1f 8400 | 142a 0096 | baf6 ffff 

  0x000001d12bae8ab0: ;   {runtime_call UncommonTrapBlob}
  0x000001d12bae8ab0: ff66 90e8 

  0x000001d12bae8ab4: ; ImmutableOopMap {}
                      ;*arraylength {reexecute=0 rethrow=0 return_oop=0}
                      ; - java.lang.ThreadLocal$ThreadLocalMap::getEntry@8 (line 499)
                      ; - java.lang.ThreadLocal::get@12 (line 187)
                      ; - java.lang.ThreadLocal::get@4 (line 172)
                      ; - godot.common.util.ThreadLocalDelegate::getValue@10 (line 7)
                      ; - godot.internal.memory.TransferContext::getBuffer@9 (line 28)
                      ; - godot.internal.memory.TransferContext::readReturnValue@7 (line 73)
                      ; - godot.api.Node2D::getRotation@41 (line 396)
                      ; - game.items.weapons.Weapon::updateVisuals@9 (line 235)
                      ; - game.items.weapons.Weapon::_process@47 (line 196)
                      ; - godot.entry.WeaponRegistrar$register$1$1$2::invoke@8 (line 41)
                      ; - godot.entry.WeaponRegistrar$register$1$1$2::invoke@12 (line 41)
  0x000001d12bae8ab4: 48bb 85ff 

  0x000001d12bae8ab8: ;   {other}
  0x000001d12bae8ab8: 0f1f 8400 | 282a 0097 | baf4 ffff | ff48 8b6c 

  0x000001d12bae8ac8: ;   {runtime_call UncommonTrapBlob}
  0x000001d12bae8ac8: 2420 90e8 

  0x000001d12bae8acc: ; ImmutableOopMap {rbp=Oop }
                      ;*checkcast {reexecute=0 rethrow=0 return_oop=0}
                      ; - godot.internal.memory.TransferContext::getBuffer@12 (line 28)
                      ; - godot.internal.memory.TransferContext::readReturnValue@7 (line 73)
                      ; - godot.api.Node2D::getRotation@41 (line 396)
                      ; - game.items.weapons.Weapon::updateVisuals@9 (line 235)
                      ; - game.items.weapons.Weapon::_process@47 (line 196)
                      ; - godot.entry.WeaponRegistrar$register$1$1$2::invoke@8 (line 41)
                      ; - godot.entry.WeaponRegistrar$register$1$1$2::invoke@12 (line 41)
  0x000001d12bae8acc: 30bb 85ff 

  0x000001d12bae8ad0: ;   {other}
  0x000001d12bae8ad0: 0f1f 8400 | 402a 0098 | baf6 ffff 

  0x000001d12bae8adc: ;   {runtime_call UncommonTrapBlob}
  0x000001d12bae8adc: ff66 90e8 

  0x000001d12bae8ae0: ; ImmutableOopMap {}
                      ;*invokevirtual get {reexecute=0 rethrow=0 return_oop=0}
                      ; - godot.common.util.ThreadLocalDelegate::getValue@10 (line 7)
                      ; - godot.internal.memory.TransferContext::getBuffer@9 (line 28)
                      ; - godot.internal.memory.TransferContext::writeArguments@7 (line 34)
                      ; - godot.api.Node2D::getScale@7 (line 412)
                      ; - game.items.weapons.Weapon::updateVisuals@18 (line 238)
                      ; - game.items.weapons.Weapon::_process@47 (line 196)
                      ; - godot.entry.WeaponRegistrar$register$1$1$2::invoke@8 (line 41)
                      ; - godot.entry.WeaponRegistrar$register$1$1$2::invoke@12 (line 41)
  0x000001d12bae8ae0: 1cbb 85ff 

  0x000001d12bae8ae4: ;   {other}
  0x000001d12bae8ae4: 0f1f 8400 | 542a 0099 | baf6 ffff 

  0x000001d12bae8af0: ;   {runtime_call UncommonTrapBlob}
  0x000001d12bae8af0: ff66 90e8 

  0x000001d12bae8af4: ; ImmutableOopMap {}
                      ;*arraylength {reexecute=0 rethrow=0 return_oop=0}
                      ; - java.lang.ThreadLocal$ThreadLocalMap::getEntry@8 (line 499)
                      ; - java.lang.ThreadLocal::get@12 (line 187)
                      ; - java.lang.ThreadLocal::get@4 (line 172)
                      ; - godot.common.util.ThreadLocalDelegate::getValue@10 (line 7)
                      ; - godot.internal.memory.TransferContext::getBuffer@9 (line 28)
                      ; - godot.internal.memory.TransferContext::writeArguments@7 (line 34)
                      ; - godot.api.Node2D::getScale@7 (line 412)
                      ; - game.items.weapons.Weapon::updateVisuals@18 (line 238)
                      ; - game.items.weapons.Weapon::_process@47 (line 196)
                      ; - godot.entry.WeaponRegistrar$register$1$1$2::invoke@8 (line 41)
                      ; - godot.entry.WeaponRegistrar$register$1$1$2::invoke@12 (line 41)
  0x000001d12bae8af4: 08bb 85ff 

  0x000001d12bae8af8: ;   {other}
  0x000001d12bae8af8: 0f1f 8400 | 682a 009a | baf4 ffff | ff48 8b6c | 2420 c5fb | 1144 2420 | 4489 4424 

  0x000001d12bae8b14: ;   {runtime_call UncommonTrapBlob}
  0x000001d12bae8b14: 2866 90e8 

  0x000001d12bae8b18: ; ImmutableOopMap {rbp=Oop [40]=NarrowOop }
                      ;*checkcast {reexecute=0 rethrow=0 return_oop=0}
                      ; - godot.internal.memory.TransferContext::getBuffer@12 (line 28)
                      ; - godot.internal.memory.TransferContext::writeArguments@7 (line 34)
                      ; - godot.api.Node2D::getScale@7 (line 412)
                      ; - game.items.weapons.Weapon::updateVisuals@18 (line 238)
                      ; - game.items.weapons.Weapon::_process@47 (line 196)
                      ; - godot.entry.WeaponRegistrar$register$1$1$2::invoke@8 (line 41)
                      ; - godot.entry.WeaponRegistrar$register$1$1$2::invoke@12 (line 41)
  0x000001d12bae8b18: e4ba 85ff 

  0x000001d12bae8b1c: ;   {other}
  0x000001d12bae8b1c: 0f1f 8400 | 8c2a 009b | baf6 ffff 

  0x000001d12bae8b28: ;   {runtime_call UncommonTrapBlob}
  0x000001d12bae8b28: ff66 90e8 

  0x000001d12bae8b2c: ; ImmutableOopMap {}
                      ;*invokevirtual get {reexecute=0 rethrow=0 return_oop=0}
                      ; - godot.common.util.ThreadLocalDelegate::getValue@10 (line 7)
                      ; - godot.internal.memory.TransferContext::getBuffer@9 (line 28)
                      ; - godot.internal.memory.TransferContext::readReturnValue@7 (line 73)
                      ; - godot.api.Node2D::getScale@41 (line 414)
                      ; - game.items.weapons.Weapon::updateVisuals@18 (line 238)
                      ; - game.items.weapons.Weapon::_process@47 (line 196)
                      ; - godot.entry.WeaponRegistrar$register$1$1$2::invoke@8 (line 41)
                      ; - godot.entry.WeaponRegistrar$register$1$1$2::invoke@12 (line 41)
  0x000001d12bae8b2c: d0ba 85ff 

  0x000001d12bae8b30: ;   {other}
  0x000001d12bae8b30: 0f1f 8400 | a02a 009c | baf6 ffff 

  0x000001d12bae8b3c: ;   {runtime_call UncommonTrapBlob}
  0x000001d12bae8b3c: ff66 90e8 

  0x000001d12bae8b40: ; ImmutableOopMap {}
                      ;*arraylength {reexecute=0 rethrow=0 return_oop=0}
                      ; - java.lang.ThreadLocal$ThreadLocalMap::getEntry@8 (line 499)
                      ; - java.lang.ThreadLocal::get@12 (line 187)
                      ; - java.lang.ThreadLocal::get@4 (line 172)
                      ; - godot.common.util.ThreadLocalDelegate::getValue@10 (line 7)
                      ; - godot.internal.memory.TransferContext::getBuffer@9 (line 28)
                      ; - godot.internal.memory.TransferContext::readReturnValue@7 (line 73)
                      ; - godot.api.Node2D::getScale@41 (line 414)
                      ; - game.items.weapons.Weapon::updateVisuals@18 (line 238)
                      ; - game.items.weapons.Weapon::_process@47 (line 196)
                      ; - godot.entry.WeaponRegistrar$register$1$1$2::invoke@8 (line 41)
                      ; - godot.entry.WeaponRegistrar$register$1$1$2::invoke@12 (line 41)
  0x000001d12bae8b40: bcba 85ff 

  0x000001d12bae8b44: ;   {other}
  0x000001d12bae8b44: 0f1f 8400 | b42a 009d | baf4 ffff | ff48 8b6c 

  0x000001d12bae8b54: ;   {runtime_call UncommonTrapBlob}
  0x000001d12bae8b54: 2420 90e8 

  0x000001d12bae8b58: ; ImmutableOopMap {rbp=Oop }
                      ;*checkcast {reexecute=0 rethrow=0 return_oop=0}
                      ; - godot.internal.memory.TransferContext::getBuffer@12 (line 28)
                      ; - godot.internal.memory.TransferContext::readReturnValue@7 (line 73)
                      ; - godot.api.Node2D::getScale@41 (line 414)
                      ; - game.items.weapons.Weapon::updateVisuals@18 (line 238)
                      ; - game.items.weapons.Weapon::_process@47 (line 196)
                      ; - godot.entry.WeaponRegistrar$register$1$1$2::invoke@8 (line 41)
                      ; - godot.entry.WeaponRegistrar$register$1$1$2::invoke@12 (line 41)
  0x000001d12bae8b58: a4ba 85ff 

  0x000001d12bae8b5c: ;   {other}
  0x000001d12bae8b5c: 0f1f 8400 | cc2a 009e | baf6 ffff 

  0x000001d12bae8b68: ;   {runtime_call UncommonTrapBlob}
  0x000001d12bae8b68: ff66 90e8 

  0x000001d12bae8b6c: ; ImmutableOopMap {}
                      ;*invokeinterface isEmpty {reexecute=0 rethrow=0 return_oop=0}
                      ; - game.items.weapons.Weapon::_process@11 (line 187)
                      ; - godot.entry.WeaponRegistrar$register$1$1$2::invoke@8 (line 41)
                      ; - godot.entry.WeaponRegistrar$register$1$1$2::invoke@12 (line 41)
  0x000001d12bae8b6c: 90ba 85ff 

  0x000001d12bae8b70: ;   {other}
  0x000001d12bae8b70: 0f1f 8400 | e02a 009f | baf6 ffff 

  0x000001d12bae8b7c: ;   {runtime_call UncommonTrapBlob}
  0x000001d12bae8b7c: ff66 90e8 

  0x000001d12bae8b80: ; ImmutableOopMap {}
                      ;*invokevirtual get {reexecute=0 rethrow=0 return_oop=0}
                      ; - godot.common.util.ThreadLocalDelegate::getValue@10 (line 7)
                      ; - godot.internal.memory.TransferContext::getBuffer@9 (line 28)
                      ; - godot.internal.memory.TransferContext::writeArguments@7 (line 34)
                      ; - godot.api.Node2D::setRotation@23 (line 368)
                      ; - game.items.weapons.Weapon::rotateToTarget@25 (line 177)
                      ; - game.items.weapons.Weapon::_process@32 (line 192)
                      ; - godot.entry.WeaponRegistrar$register$1$1$2::invoke@8 (line 41)
                      ; - godot.entry.WeaponRegistrar$register$1$1$2::invoke@12 (line 41)
  0x000001d12bae8b80: 7cba 85ff 

  0x000001d12bae8b84: ;   {other}
  0x000001d12bae8b84: 0f1f 8400 | f42a 00a0 | baf6 ffff 

  0x000001d12bae8b90: ;   {runtime_call UncommonTrapBlob}
  0x000001d12bae8b90: ff66 90e8 

  0x000001d12bae8b94: ; ImmutableOopMap {}
                      ;*arraylength {reexecute=0 rethrow=0 return_oop=0}
                      ; - java.lang.ThreadLocal$ThreadLocalMap::getEntry@8 (line 499)
                      ; - java.lang.ThreadLocal::get@12 (line 187)
                      ; - java.lang.ThreadLocal::get@4 (line 172)
                      ; - godot.common.util.ThreadLocalDelegate::getValue@10 (line 7)
                      ; - godot.internal.memory.TransferContext::getBuffer@9 (line 28)
                      ; - godot.internal.memory.TransferContext::writeArguments@7 (line 34)
                      ; - godot.api.Node2D::setRotation@23 (line 368)
                      ; - game.items.weapons.Weapon::rotateToTarget@25 (line 177)
                      ; - game.items.weapons.Weapon::_process@32 (line 192)
                      ; - godot.entry.WeaponRegistrar$register$1$1$2::invoke@8 (line 41)
                      ; - godot.entry.WeaponRegistrar$register$1$1$2::invoke@12 (line 41)
  0x000001d12bae8b94: 68ba 85ff 

  0x000001d12bae8b98: ;   {other}
  0x000001d12bae8b98: 0f1f 8400 | 082b 00a1 | baf4 ffff 

  0x000001d12bae8ba4: ;   {runtime_call UncommonTrapBlob}
  0x000001d12bae8ba4: ff66 90e8 

  0x000001d12bae8ba8: ; ImmutableOopMap {[40]=Oop [48]=Oop }
                      ;*checkcast {reexecute=0 rethrow=0 return_oop=0}
                      ; - godot.internal.memory.TransferContext::getBuffer@12 (line 28)
                      ; - godot.internal.memory.TransferContext::writeArguments@7 (line 34)
                      ; - godot.api.Node2D::setRotation@23 (line 368)
                      ; - game.items.weapons.Weapon::rotateToTarget@25 (line 177)
                      ; - game.items.weapons.Weapon::_process@32 (line 192)
                      ; - godot.entry.WeaponRegistrar$register$1$1$2::invoke@8 (line 41)
                      ; - godot.entry.WeaponRegistrar$register$1$1$2::invoke@12 (line 41)
  0x000001d12bae8ba8: 54ba 85ff 

  0x000001d12bae8bac: ;   {other}
  0x000001d12bae8bac: 0f1f 8400 | 1c2b 00a2 | baf6 ffff 

  0x000001d12bae8bb8: ;   {runtime_call UncommonTrapBlob}
  0x000001d12bae8bb8: ff66 90e8 

  0x000001d12bae8bbc: ; ImmutableOopMap {}
                      ;*invokevirtual get {reexecute=0 rethrow=0 return_oop=0}
                      ; - godot.common.util.ThreadLocalDelegate::getValue@10 (line 7)
                      ; - godot.internal.memory.TransferContext::getBuffer@9 (line 28)
                      ; - godot.internal.memory.TransferContext::writeArguments@7 (line 34)
                      ; - godot.api.Node2D::getScale@7 (line 412)
                      ; - game.entity.Player::isFacingRight@4 (line 261)
                      ; - game.items.weapons.Weapon::getIdleRotation@9 (line 139)
                      ; - game.items.weapons.Weapon::getRotationToTarget@20 (line 156)
                      ; - game.items.weapons.Weapon::rotateToTarget@21 (line 177)
                      ; - game.items.weapons.Weapon::_process@32 (line 192)
                      ; - godot.entry.WeaponRegistrar$register$1$1$2::invoke@8 (line 41)
                      ; - godot.entry.WeaponRegistrar$register$1$1$2::invoke@12 (line 41)
  0x000001d12bae8bbc: 40ba 85ff 

  0x000001d12bae8bc0: ;   {other}
  0x000001d12bae8bc0: 0f1f 8400 | 302b 00a3 | baf6 ffff 

  0x000001d12bae8bcc: ;   {runtime_call UncommonTrapBlob}
  0x000001d12bae8bcc: ff66 90e8 

  0x000001d12bae8bd0: ; ImmutableOopMap {}
                      ;*arraylength {reexecute=0 rethrow=0 return_oop=0}
                      ; - java.lang.ThreadLocal$ThreadLocalMap::getEntry@8 (line 499)
                      ; - java.lang.ThreadLocal::get@12 (line 187)
                      ; - java.lang.ThreadLocal::get@4 (line 172)
                      ; - godot.common.util.ThreadLocalDelegate::getValue@10 (line 7)
                      ; - godot.internal.memory.TransferContext::getBuffer@9 (line 28)
                      ; - godot.internal.memory.TransferContext::writeArguments@7 (line 34)
                      ; - godot.api.Node2D::getScale@7 (line 412)
                      ; - game.entity.Player::isFacingRight@4 (line 261)
                      ; - game.items.weapons.Weapon::getIdleRotation@9 (line 139)
                      ; - game.items.weapons.Weapon::getRotationToTarget@20 (line 156)
                      ; - game.items.weapons.Weapon::rotateToTarget@21 (line 177)
                      ; - game.items.weapons.Weapon::_process@32 (line 192)
                      ; - godot.entry.WeaponRegistrar$register$1$1$2::invoke@8 (line 41)
                      ; - godot.entry.WeaponRegistrar$register$1$1$2::invoke@12 (line 41)
  0x000001d12bae8bd0: 2cba 85ff 

  0x000001d12bae8bd4: ;   {other}
  0x000001d12bae8bd4: 0f1f 8400 | 442b 00a4 | baf4 ffff | ff48 8b6c | 2430 4489 

  0x000001d12bae8be8: ;   {runtime_call UncommonTrapBlob}
  0x000001d12bae8be8: 4c24 28e8 

  0x000001d12bae8bec: ; ImmutableOopMap {rbp=Oop [40]=NarrowOop }
                      ;*checkcast {reexecute=0 rethrow=0 return_oop=0}
                      ; - godot.internal.memory.TransferContext::getBuffer@12 (line 28)
                      ; - godot.internal.memory.TransferContext::writeArguments@7 (line 34)
                      ; - godot.api.Node2D::getScale@7 (line 412)
                      ; - game.entity.Player::isFacingRight@4 (line 261)
                      ; - game.items.weapons.Weapon::getIdleRotation@9 (line 139)
                      ; - game.items.weapons.Weapon::getRotationToTarget@20 (line 156)
                      ; - game.items.weapons.Weapon::rotateToTarget@21 (line 177)
                      ; - game.items.weapons.Weapon::_process@32 (line 192)
                      ; - godot.entry.WeaponRegistrar$register$1$1$2::invoke@8 (line 41)
                      ; - godot.entry.WeaponRegistrar$register$1$1$2::invoke@12 (line 41)
  0x000001d12bae8bec: 10ba 85ff 

  0x000001d12bae8bf0: ;   {other}
  0x000001d12bae8bf0: 0f1f 8400 | 602b 00a5 | baf6 ffff 

  0x000001d12bae8bfc: ;   {runtime_call UncommonTrapBlob}
  0x000001d12bae8bfc: ff66 90e8 

  0x000001d12bae8c00: ; ImmutableOopMap {}
                      ;*invokevirtual get {reexecute=0 rethrow=0 return_oop=0}
                      ; - godot.common.util.ThreadLocalDelegate::getValue@10 (line 7)
                      ; - godot.internal.memory.TransferContext::getBuffer@9 (line 28)
                      ; - godot.internal.memory.TransferContext::readReturnValue@7 (line 73)
                      ; - godot.api.Node2D::getScale@41 (line 414)
                      ; - game.entity.Player::isFacingRight@4 (line 261)
                      ; - game.items.weapons.Weapon::getIdleRotation@9 (line 139)
                      ; - game.items.weapons.Weapon::getRotationToTarget@20 (line 156)
                      ; - game.items.weapons.Weapon::rotateToTarget@21 (line 177)
                      ; - game.items.weapons.Weapon::_process@32 (line 192)
                      ; - godot.entry.WeaponRegistrar$register$1$1$2::invoke@8 (line 41)
                      ; - godot.entry.WeaponRegistrar$register$1$1$2::invoke@12 (line 41)
  0x000001d12bae8c00: fcb9 85ff 

  0x000001d12bae8c04: ;   {other}
  0x000001d12bae8c04: 0f1f 8400 | 742b 00a6 | baf6 ffff 

  0x000001d12bae8c10: ;   {runtime_call UncommonTrapBlob}
  0x000001d12bae8c10: ff66 90e8 

  0x000001d12bae8c14: ; ImmutableOopMap {}
                      ;*arraylength {reexecute=0 rethrow=0 return_oop=0}
                      ; - java.lang.ThreadLocal$ThreadLocalMap::getEntry@8 (line 499)
                      ; - java.lang.ThreadLocal::get@12 (line 187)
                      ; - java.lang.ThreadLocal::get@4 (line 172)
                      ; - godot.common.util.ThreadLocalDelegate::getValue@10 (line 7)
                      ; - godot.internal.memory.TransferContext::getBuffer@9 (line 28)
                      ; - godot.internal.memory.TransferContext::readReturnValue@7 (line 73)
                      ; - godot.api.Node2D::getScale@41 (line 414)
                      ; - game.entity.Player::isFacingRight@4 (line 261)
                      ; - game.items.weapons.Weapon::getIdleRotation@9 (line 139)
                      ; - game.items.weapons.Weapon::getRotationToTarget@20 (line 156)
                      ; - game.items.weapons.Weapon::rotateToTarget@21 (line 177)
                      ; - game.items.weapons.Weapon::_process@32 (line 192)
                      ; - godot.entry.WeaponRegistrar$register$1$1$2::invoke@8 (line 41)
                      ; - godot.entry.WeaponRegistrar$register$1$1$2::invoke@12 (line 41)
  0x000001d12bae8c14: e8b9 85ff 

  0x000001d12bae8c18: ;   {other}
  0x000001d12bae8c18: 0f1f 8400 | 882b 00a7 | baf4 ffff | ff48 8b6c 

  0x000001d12bae8c28: ;   {runtime_call UncommonTrapBlob}
  0x000001d12bae8c28: 2430 90e8 

  0x000001d12bae8c2c: ; ImmutableOopMap {rbp=Oop }
                      ;*checkcast {reexecute=0 rethrow=0 return_oop=0}
                      ; - godot.internal.memory.TransferContext::getBuffer@12 (line 28)
                      ; - godot.internal.memory.TransferContext::readReturnValue@7 (line 73)
                      ; - godot.api.Node2D::getScale@41 (line 414)
                      ; - game.entity.Player::isFacingRight@4 (line 261)
                      ; - game.items.weapons.Weapon::getIdleRotation@9 (line 139)
                      ; - game.items.weapons.Weapon::getRotationToTarget@20 (line 156)
                      ; - game.items.weapons.Weapon::rotateToTarget@21 (line 177)
                      ; - game.items.weapons.Weapon::_process@32 (line 192)
                      ; - godot.entry.WeaponRegistrar$register$1$1$2::invoke@8 (line 41)
                      ; - godot.entry.WeaponRegistrar$register$1$1$2::invoke@12 (line 41)
  0x000001d12bae8c2c: d0b9 85ff 

  0x000001d12bae8c30: ;   {other}
  0x000001d12bae8c30: 0f1f 8400 | a02b 00a8 | baf6 ffff 

  0x000001d12bae8c3c: ;   {runtime_call UncommonTrapBlob}
  0x000001d12bae8c3c: ff66 90e8 

  0x000001d12bae8c40: ; ImmutableOopMap {}
                      ;*invokevirtual get {reexecute=0 rethrow=0 return_oop=0}
                      ; - godot.common.util.ThreadLocalDelegate::getValue@10 (line 7)
                      ; - godot.internal.memory.TransferContext::getBuffer@9 (line 28)
                      ; - godot.internal.memory.TransferContext::writeArguments@7 (line 34)
                      ; - godot.api.Node2D::setScale@25 (line 383)
                      ; - game.items.weapons.Weapon::updateVisuals@84 (line 246)
                      ; - game.items.weapons.Weapon::_process@47 (line 196)
                      ; - godot.entry.WeaponRegistrar$register$1$1$2::invoke@8 (line 41)
                      ; - godot.entry.WeaponRegistrar$register$1$1$2::invoke@12 (line 41)
  0x000001d12bae8c40: bcb9 85ff 

  0x000001d12bae8c44: ;   {other}
  0x000001d12bae8c44: 0f1f 8400 | b42b 00a9 | baf6 ffff 

  0x000001d12bae8c50: ;   {runtime_call UncommonTrapBlob}
  0x000001d12bae8c50: ff66 90e8 

  0x000001d12bae8c54: ; ImmutableOopMap {}
                      ;*arraylength {reexecute=0 rethrow=0 return_oop=0}
                      ; - java.lang.ThreadLocal$ThreadLocalMap::getEntry@8 (line 499)
                      ; - java.lang.ThreadLocal::get@12 (line 187)
                      ; - java.lang.ThreadLocal::get@4 (line 172)
                      ; - godot.common.util.ThreadLocalDelegate::getValue@10 (line 7)
                      ; - godot.internal.memory.TransferContext::getBuffer@9 (line 28)
                      ; - godot.internal.memory.TransferContext::writeArguments@7 (line 34)
                      ; - godot.api.Node2D::setScale@25 (line 383)
                      ; - game.items.weapons.Weapon::updateVisuals@84 (line 246)
                      ; - game.items.weapons.Weapon::_process@47 (line 196)
                      ; - godot.entry.WeaponRegistrar$register$1$1$2::invoke@8 (line 41)
                      ; - godot.entry.WeaponRegistrar$register$1$1$2::invoke@12 (line 41)
  0x000001d12bae8c54: a8b9 85ff 

  0x000001d12bae8c58: ;   {other}
  0x000001d12bae8c58: 0f1f 8400 | c82b 00aa | baf4 ffff | ff41 8be9 | 4c89 5424 

  0x000001d12bae8c6c: ;   {runtime_call UncommonTrapBlob}
  0x000001d12bae8c6c: 2066 90e8 

  0x000001d12bae8c70: ; ImmutableOopMap {rbp=NarrowOop [32]=Oop }
                      ;*checkcast {reexecute=0 rethrow=0 return_oop=0}
                      ; - godot.internal.memory.TransferContext::getBuffer@12 (line 28)
                      ; - godot.internal.memory.TransferContext::writeArguments@7 (line 34)
                      ; - godot.api.Node2D::setScale@25 (line 383)
                      ; - game.items.weapons.Weapon::updateVisuals@84 (line 246)
                      ; - game.items.weapons.Weapon::_process@47 (line 196)
                      ; - godot.entry.WeaponRegistrar$register$1$1$2::invoke@8 (line 41)
                      ; - godot.entry.WeaponRegistrar$register$1$1$2::invoke@12 (line 41)
  0x000001d12bae8c70: 8cb9 85ff 

  0x000001d12bae8c74: ;   {other}
  0x000001d12bae8c74: 0f1f 8400 | e42b 00ab | ba45 ffff | ff4c 8954 | 2420 4489 | 4424 284c | 894c 2430 | 4889 7c24 
  0x000001d12bae8c94: 3844 895c 

  0x000001d12bae8c98: ;   {runtime_call UncommonTrapBlob}
  0x000001d12bae8c98: 2440 90e8 

  0x000001d12bae8c9c: ; ImmutableOopMap {[32]=Oop [40]=NarrowOop [48]=Oop [56]=Oop [64]=NarrowOop }
                      ;*ifnull {reexecute=1 rethrow=0 return_oop=0}
                      ; - (reexecute) java.lang.ThreadLocal::get@7 (line 186)
                      ; - java.lang.ThreadLocal::get@4 (line 172)
                      ; - godot.common.util.ThreadLocalDelegate::getValue@10 (line 7)
                      ; - godot.internal.memory.TransferContext::getBuffer@9 (line 28)
                      ; - godot.internal.memory.TransferContext::writeArguments@7 (line 34)
                      ; - godot.api.Timer::isStopped@7 (line 232)
                      ; - game.items.weapons.Weapon::canUseWeapon@4 (line 82)
                      ; - game.items.weapons.Weapon::_process@36 (line 194)
                      ; - godot.entry.WeaponRegistrar$register$1$1$2::invoke@8 (line 41)
                      ; - godot.entry.WeaponRegistrar$register$1$1$2::invoke@12 (line 41)
  0x000001d12bae8c9c: 60b9 85ff 

  0x000001d12bae8ca0: ;   {other}
  0x000001d12bae8ca0: 0f1f 8400 | 102c 00ac | ba45 ffff | ff44 8944 | 2438 894c | 243c 4c89 | 4c24 4844 | 8954 2450 
  0x000001d12bae8cc0: ;   {runtime_call UncommonTrapBlob}
  0x000001d12bae8cc0: 6666 90e8 

  0x000001d12bae8cc4: ; ImmutableOopMap {rbp=NarrowOop [32]=Oop [40]=Oop [56]=NarrowOop [60]=NarrowOop [72]=Oop }
                      ;*ifnull {reexecute=1 rethrow=0 return_oop=0}
                      ; - (reexecute) java.lang.ThreadLocal$ThreadLocalMap::getEntry@21 (line 501)
                      ; - java.lang.ThreadLocal::get@12 (line 187)
                      ; - java.lang.ThreadLocal::get@4 (line 172)
                      ; - godot.common.util.ThreadLocalDelegate::getValue@10 (line 7)
                      ; - godot.internal.memory.TransferContext::getBuffer@9 (line 28)
                      ; - godot.internal.memory.TransferContext::writeArguments@7 (line 34)
                      ; - godot.api.Timer::isStopped@7 (line 232)
                      ; - game.items.weapons.Weapon::canUseWeapon@4 (line 82)
                      ; - game.items.weapons.Weapon::_process@36 (line 194)
                      ; - godot.entry.WeaponRegistrar$register$1$1$2::invoke@8 (line 41)
                      ; - godot.entry.WeaponRegistrar$register$1$1$2::invoke@12 (line 41)
  0x000001d12bae8cc4: 38b9 85ff 

  0x000001d12bae8cc8: ;   {other}
  0x000001d12bae8cc8: 0f1f 8400 | 382c 00ad | ba45 ffff | ff48 8b6c | 2420 4c89 | 4424 284c | 894c 2430 | 4489 5424 
  0x000001d12bae8ce8: ;   {runtime_call UncommonTrapBlob}
  0x000001d12bae8ce8: 3c66 90e8 

  0x000001d12bae8cec: ; ImmutableOopMap {rbp=Oop [40]=Oop [48]=Oop [60]=NarrowOop }
                      ;*ifnull {reexecute=1 rethrow=0 return_oop=0}
                      ; - (reexecute) java.lang.ThreadLocal::get@7 (line 186)
                      ; - java.lang.ThreadLocal::get@4 (line 172)
                      ; - godot.common.util.ThreadLocalDelegate::getValue@10 (line 7)
                      ; - godot.internal.memory.TransferContext::getBuffer@9 (line 28)
                      ; - godot.internal.memory.TransferContext::readReturnValue@7 (line 73)
                      ; - godot.api.Timer::isStopped@41 (line 234)
                      ; - game.items.weapons.Weapon::canUseWeapon@4 (line 82)
                      ; - game.items.weapons.Weapon::_process@36 (line 194)
                      ; - godot.entry.WeaponRegistrar$register$1$1$2::invoke@8 (line 41)
                      ; - godot.entry.WeaponRegistrar$register$1$1$2::invoke@12 (line 41)
  0x000001d12bae8cec: 10b9 85ff 

  0x000001d12bae8cf0: ;   {other}
  0x000001d12bae8cf0: 0f1f 8400 | 602c 00ae | ba45 ffff | ff44 8954 | 2440 4c89 | 4424 4844 | 894c 2444 

  0x000001d12bae8d0c: ;   {runtime_call UncommonTrapBlob}
  0x000001d12bae8d0c: 6666 90e8 

  0x000001d12bae8d10: ; ImmutableOopMap {rbp=NarrowOop [32]=Oop [40]=Oop [64]=NarrowOop [72]=Oop }
                      ;*ifnull {reexecute=1 rethrow=0 return_oop=0}
                      ; - (reexecute) java.lang.ThreadLocal$ThreadLocalMap::getEntry@21 (line 501)
                      ; - java.lang.ThreadLocal::get@12 (line 187)
                      ; - java.lang.ThreadLocal::get@4 (line 172)
                      ; - godot.common.util.ThreadLocalDelegate::getValue@10 (line 7)
                      ; - godot.internal.memory.TransferContext::getBuffer@9 (line 28)
                      ; - godot.internal.memory.TransferContext::readReturnValue@7 (line 73)
                      ; - godot.api.Timer::isStopped@41 (line 234)
                      ; - game.items.weapons.Weapon::canUseWeapon@4 (line 82)
                      ; - game.items.weapons.Weapon::_process@36 (line 194)
                      ; - godot.entry.WeaponRegistrar$register$1$1$2::invoke@8 (line 41)
                      ; - godot.entry.WeaponRegistrar$register$1$1$2::invoke@12 (line 41)
  0x000001d12bae8d10: ecb8 85ff 

  0x000001d12bae8d14: ;   {other}
  0x000001d12bae8d14: 0f1f 8400 | 842c 00af | ba45 ffff | ff4c 894c | 2420 4c89 | 4424 2848 | 894c 2430 | 4489 5c24 
  0x000001d12bae8d34: ;   {runtime_call UncommonTrapBlob}
  0x000001d12bae8d34: 3c66 90e8 

  0x000001d12bae8d38: ; ImmutableOopMap {[32]=Oop [40]=Oop [48]=Oop [60]=NarrowOop }
                      ;*ifnull {reexecute=1 rethrow=0 return_oop=0}
                      ; - (reexecute) java.lang.ThreadLocal::get@7 (line 186)
                      ; - java.lang.ThreadLocal::get@4 (line 172)
                      ; - godot.common.util.ThreadLocalDelegate::getValue@10 (line 7)
                      ; - godot.internal.memory.TransferContext::getBuffer@9 (line 28)
                      ; - godot.internal.memory.TransferContext::writeArguments@7 (line 34)
                      ; - godot.api.Node2D::getRotation@7 (line 394)
                      ; - game.items.weapons.Weapon::updateVisuals@9 (line 235)
                      ; - game.items.weapons.Weapon::_process@47 (line 196)
                      ; - godot.entry.WeaponRegistrar$register$1$1$2::invoke@8 (line 41)
                      ; - godot.entry.WeaponRegistrar$register$1$1$2::invoke@12 (line 41)
  0x000001d12bae8d38: c4b8 85ff 

  0x000001d12bae8d3c: ;   {other}
  0x000001d12bae8d3c: 0f1f 8400 | ac2c 00b0 | ba45 ffff | ff44 895c | 2440 4c89 | 4424 4844 | 894c 2444 

  0x000001d12bae8d58: ;   {runtime_call UncommonTrapBlob}
  0x000001d12bae8d58: 6666 90e8 

  0x000001d12bae8d5c: ; ImmutableOopMap {rbp=NarrowOop [32]=Oop [40]=Oop [64]=NarrowOop [72]=Oop }
                      ;*ifnull {reexecute=1 rethrow=0 return_oop=0}
                      ; - (reexecute) java.lang.ThreadLocal$ThreadLocalMap::getEntry@21 (line 501)
                      ; - java.lang.ThreadLocal::get@12 (line 187)
                      ; - java.lang.ThreadLocal::get@4 (line 172)
                      ; - godot.common.util.ThreadLocalDelegate::getValue@10 (line 7)
                      ; - godot.internal.memory.TransferContext::getBuffer@9 (line 28)
                      ; - godot.internal.memory.TransferContext::writeArguments@7 (line 34)
                      ; - godot.api.Node2D::getRotation@7 (line 394)
                      ; - game.items.weapons.Weapon::updateVisuals@9 (line 235)
                      ; - game.items.weapons.Weapon::_process@47 (line 196)
                      ; - godot.entry.WeaponRegistrar$register$1$1$2::invoke@8 (line 41)
                      ; - godot.entry.WeaponRegistrar$register$1$1$2::invoke@12 (line 41)
  0x000001d12bae8d5c: a0b8 85ff 

  0x000001d12bae8d60: ;   {other}
  0x000001d12bae8d60: 0f1f 8400 | d02c 00b1 | ba45 ffff | ff48 8b6c | 2420 4889 | 4c24 2044 | 8944 2434 

  0x000001d12bae8d7c: ;   {runtime_call UncommonTrapBlob}
  0x000001d12bae8d7c: 6666 90e8 

  0x000001d12bae8d80: ; ImmutableOopMap {rbp=Oop [32]=Oop [40]=Oop [52]=NarrowOop }
                      ;*ifnull {reexecute=1 rethrow=0 return_oop=0}
                      ; - (reexecute) java.lang.ThreadLocal::get@7 (line 186)
                      ; - java.lang.ThreadLocal::get@4 (line 172)
                      ; - godot.common.util.ThreadLocalDelegate::getValue@10 (line 7)
                      ; - godot.internal.memory.TransferContext::getBuffer@9 (line 28)
                      ; - godot.internal.memory.TransferContext::readReturnValue@7 (line 73)
                      ; - godot.api.Node2D::getRotation@41 (line 396)
                      ; - game.items.weapons.Weapon::updateVisuals@9 (line 235)
                      ; - game.items.weapons.Weapon::_process@47 (line 196)
                      ; - godot.entry.WeaponRegistrar$register$1$1$2::invoke@8 (line 41)
                      ; - godot.entry.WeaponRegistrar$register$1$1$2::invoke@12 (line 41)
  0x000001d12bae8d80: 7cb8 85ff 

  0x000001d12bae8d84: ;   {other}
  0x000001d12bae8d84: 0f1f 8400 | f42c 00b2 | ba45 ffff | ff4c 894c | 2430 4489 | 4424 3848 | 894c 2440 | 895c 243c 
  0x000001d12bae8da4: ;   {runtime_call UncommonTrapBlob}
  0x000001d12bae8da4: 6666 90e8 

  0x000001d12bae8da8: ; ImmutableOopMap {rbp=NarrowOop [32]=Oop [48]=Oop [56]=NarrowOop [64]=Oop }
                      ;*ifnull {reexecute=1 rethrow=0 return_oop=0}
                      ; - (reexecute) java.lang.ThreadLocal$ThreadLocalMap::getEntry@21 (line 501)
                      ; - java.lang.ThreadLocal::get@12 (line 187)
                      ; - java.lang.ThreadLocal::get@4 (line 172)
                      ; - godot.common.util.ThreadLocalDelegate::getValue@10 (line 7)
                      ; - godot.internal.memory.TransferContext::getBuffer@9 (line 28)
                      ; - godot.internal.memory.TransferContext::readReturnValue@7 (line 73)
                      ; - godot.api.Node2D::getRotation@41 (line 396)
                      ; - game.items.weapons.Weapon::updateVisuals@9 (line 235)
                      ; - game.items.weapons.Weapon::_process@47 (line 196)
                      ; - godot.entry.WeaponRegistrar$register$1$1$2::invoke@8 (line 41)
                      ; - godot.entry.WeaponRegistrar$register$1$1$2::invoke@12 (line 41)
  0x000001d12bae8da8: 54b8 85ff 

  0x000001d12bae8dac: ;   {other}
  0x000001d12bae8dac: 0f1f 8400 | 1c2d 00b3 | ba45 ffff | ff48 8be9 | c5fb 1144 | 2420 4489 | 5424 284c | 894c 2430 
  0x000001d12bae8dcc: 4889 7424 | 3844 895c 

  0x000001d12bae8dd4: ;   {runtime_call UncommonTrapBlob}
  0x000001d12bae8dd4: 2440 90e8 

  0x000001d12bae8dd8: ; ImmutableOopMap {rbp=Oop [40]=NarrowOop [48]=Oop [56]=Oop [64]=NarrowOop }
                      ;*ifnull {reexecute=1 rethrow=0 return_oop=0}
                      ; - (reexecute) java.lang.ThreadLocal::get@7 (line 186)
                      ; - java.lang.ThreadLocal::get@4 (line 172)
                      ; - godot.common.util.ThreadLocalDelegate::getValue@10 (line 7)
                      ; - godot.internal.memory.TransferContext::getBuffer@9 (line 28)
                      ; - godot.internal.memory.TransferContext::writeArguments@7 (line 34)
                      ; - godot.api.Node2D::getScale@7 (line 412)
                      ; - game.items.weapons.Weapon::updateVisuals@18 (line 238)
                      ; - game.items.weapons.Weapon::_process@47 (line 196)
                      ; - godot.entry.WeaponRegistrar$register$1$1$2::invoke@8 (line 41)
                      ; - godot.entry.WeaponRegistrar$register$1$1$2::invoke@12 (line 41)
  0x000001d12bae8dd8: 24b8 85ff 

  0x000001d12bae8ddc: ;   {other}
  0x000001d12bae8ddc: 0f1f 8400 | 4c2d 00b4 | ba45 ffff | ff48 8b6c | 2420 c5fb | 1144 2420 | 4489 4424 | 3044 895c 
  0x000001d12bae8dfc: 2434 4c89 | 4c24 4089 | 4c24 4844 | 8954 2450 

  0x000001d12bae8e0c: ;   {runtime_call UncommonTrapBlob}
  0x000001d12bae8e0c: 6666 90e8 

  0x000001d12bae8e10: ; ImmutableOopMap {rbp=Oop [40]=Oop [48]=NarrowOop [52]=NarrowOop [64]=Oop [80]=NarrowOop }
                      ;*ifnull {reexecute=1 rethrow=0 return_oop=0}
                      ; - (reexecute) java.lang.ThreadLocal$ThreadLocalMap::getEntry@21 (line 501)
                      ; - java.lang.ThreadLocal::get@12 (line 187)
                      ; - java.lang.ThreadLocal::get@4 (line 172)
                      ; - godot.common.util.ThreadLocalDelegate::getValue@10 (line 7)
                      ; - godot.internal.memory.TransferContext::getBuffer@9 (line 28)
                      ; - godot.internal.memory.TransferContext::writeArguments@7 (line 34)
                      ; - godot.api.Node2D::getScale@7 (line 412)
                      ; - game.items.weapons.Weapon::updateVisuals@18 (line 238)
                      ; - game.items.weapons.Weapon::_process@47 (line 196)
                      ; - godot.entry.WeaponRegistrar$register$1$1$2::invoke@8 (line 41)
                      ; - godot.entry.WeaponRegistrar$register$1$1$2::invoke@12 (line 41)
  0x000001d12bae8e10: ecb7 85ff 

  0x000001d12bae8e14: ;   {other}
  0x000001d12bae8e14: 0f1f 8400 | 842d 00b5 | ba45 ffff | ff48 8b6c | 2420 c5fb | 1044 2430 | c5fb 1144 | 2420 4889 
  0x000001d12bae8e34: 4c24 284c | 8944 2430 | 4489 4c24 

  0x000001d12bae8e40: ;   {runtime_call UncommonTrapBlob}
  0x000001d12bae8e40: 3c66 90e8 

  0x000001d12bae8e44: ; ImmutableOopMap {rbp=Oop [40]=Oop [48]=Oop [60]=NarrowOop }
                      ;*ifnull {reexecute=1 rethrow=0 return_oop=0}
                      ; - (reexecute) java.lang.ThreadLocal::get@7 (line 186)
                      ; - java.lang.ThreadLocal::get@4 (line 172)
                      ; - godot.common.util.ThreadLocalDelegate::getValue@10 (line 7)
                      ; - godot.internal.memory.TransferContext::getBuffer@9 (line 28)
                      ; - godot.internal.memory.TransferContext::readReturnValue@7 (line 73)
                      ; - godot.api.Node2D::getScale@41 (line 414)
                      ; - game.items.weapons.Weapon::updateVisuals@18 (line 238)
                      ; - game.items.weapons.Weapon::_process@47 (line 196)
                      ; - godot.entry.WeaponRegistrar$register$1$1$2::invoke@8 (line 41)
                      ; - godot.entry.WeaponRegistrar$register$1$1$2::invoke@12 (line 41)
  0x000001d12bae8e44: b8b7 85ff 

  0x000001d12bae8e48: ;   {other}
  0x000001d12bae8e48: 0f1f 8400 | b82d 00b6 | ba45 ffff | ffc5 fb10 | 4424 30c5 | fb11 4424 | 284c 8944 | 2438 4489 
  0x000001d12bae8e68: 4c24 4048 | 894c 2448 | 895c 2444 

  0x000001d12bae8e74: ;   {runtime_call UncommonTrapBlob}
  0x000001d12bae8e74: 6666 90e8 

  0x000001d12bae8e78: ; ImmutableOopMap {rbp=NarrowOop [32]=Oop [56]=Oop [64]=NarrowOop [72]=Oop }
                      ;*ifnull {reexecute=1 rethrow=0 return_oop=0}
                      ; - (reexecute) java.lang.ThreadLocal$ThreadLocalMap::getEntry@21 (line 501)
                      ; - java.lang.ThreadLocal::get@12 (line 187)
                      ; - java.lang.ThreadLocal::get@4 (line 172)
                      ; - godot.common.util.ThreadLocalDelegate::getValue@10 (line 7)
                      ; - godot.internal.memory.TransferContext::getBuffer@9 (line 28)
                      ; - godot.internal.memory.TransferContext::readReturnValue@7 (line 73)
                      ; - godot.api.Node2D::getScale@41 (line 414)
                      ; - game.items.weapons.Weapon::updateVisuals@18 (line 238)
                      ; - game.items.weapons.Weapon::_process@47 (line 196)
                      ; - godot.entry.WeaponRegistrar$register$1$1$2::invoke@8 (line 41)
                      ; - godot.entry.WeaponRegistrar$register$1$1$2::invoke@12 (line 41)
  0x000001d12bae8e78: 84b7 85ff 

  0x000001d12bae8e7c: ;   {other}
  0x000001d12bae8e7c: 0f1f 8400 | ec2d 00b7 | ba45 ffff | ff48 8b6c | 2430 4c89 | 5424 284c | 8944 2430 | 4489 5c24 
  0x000001d12bae8e9c: 3c48 8944 

  0x000001d12bae8ea0: ;   {runtime_call UncommonTrapBlob}
  0x000001d12bae8ea0: 2440 90e8 

  0x000001d12bae8ea4: ; ImmutableOopMap {rbp=Oop [40]=Oop [48]=Oop [60]=NarrowOop [64]=Oop }
                      ;*ifnull {reexecute=1 rethrow=0 return_oop=0}
                      ; - (reexecute) java.lang.ThreadLocal::get@7 (line 186)
                      ; - java.lang.ThreadLocal::get@4 (line 172)
                      ; - godot.common.util.ThreadLocalDelegate::getValue@10 (line 7)
                      ; - godot.internal.memory.TransferContext::getBuffer@9 (line 28)
                      ; - godot.internal.memory.TransferContext::writeArguments@7 (line 34)
                      ; - godot.api.Node2D::setRotation@23 (line 368)
                      ; - game.items.weapons.Weapon::rotateToTarget@25 (line 177)
                      ; - game.items.weapons.Weapon::_process@32 (line 192)
                      ; - godot.entry.WeaponRegistrar$register$1$1$2::invoke@8 (line 41)
                      ; - godot.entry.WeaponRegistrar$register$1$1$2::invoke@12 (line 41)
  0x000001d12bae8ea4: 58b7 85ff 

  0x000001d12bae8ea8: ;   {other}
  0x000001d12bae8ea8: 0f1f 8400 | 182e 00b8 | ba45 ffff | ff44 895c | 2448 4c89 | 5424 5044 | 8944 244c 

  0x000001d12bae8ec4: ;   {runtime_call UncommonTrapBlob}
  0x000001d12bae8ec4: 6666 90e8 

  0x000001d12bae8ec8: ; ImmutableOopMap {rbp=NarrowOop [32]=Oop [40]=Oop [48]=Oop [72]=NarrowOop [80]=Oop }
                      ;*ifnull {reexecute=1 rethrow=0 return_oop=0}
                      ; - (reexecute) java.lang.ThreadLocal$ThreadLocalMap::getEntry@21 (line 501)
                      ; - java.lang.ThreadLocal::get@12 (line 187)
                      ; - java.lang.ThreadLocal::get@4 (line 172)
                      ; - godot.common.util.ThreadLocalDelegate::getValue@10 (line 7)
                      ; - godot.internal.memory.TransferContext::getBuffer@9 (line 28)
                      ; - godot.internal.memory.TransferContext::writeArguments@7 (line 34)
                      ; - godot.api.Node2D::setRotation@23 (line 368)
                      ; - game.items.weapons.Weapon::rotateToTarget@25 (line 177)
                      ; - game.items.weapons.Weapon::_process@32 (line 192)
                      ; - godot.entry.WeaponRegistrar$register$1$1$2::invoke@8 (line 41)
                      ; - godot.entry.WeaponRegistrar$register$1$1$2::invoke@12 (line 41)
  0x000001d12bae8ec8: 34b7 85ff 

  0x000001d12bae8ecc: ;   {other}
  0x000001d12bae8ecc: 0f1f 8400 | 3c2e 00b9 | ba45 ffff | ff4c 8954 | 2420 4489 

  0x000001d12bae8ee0: ;   {runtime_call UncommonTrapBlob}
  0x000001d12bae8ee0: 4424 28e8 

  0x000001d12bae8ee4: ; ImmutableOopMap {[32]=Oop [40]=NarrowOop }
                      ;*ifnull {reexecute=1 rethrow=0 return_oop=0}
                      ; - (reexecute) game.items.weapons.Weapon::getIdleRotation@3 (line 139)
                      ; - game.items.weapons.Weapon::getRotationToTarget@20 (line 156)
                      ; - game.items.weapons.Weapon::rotateToTarget@21 (line 177)
                      ; - game.items.weapons.Weapon::_process@32 (line 192)
                      ; - godot.entry.WeaponRegistrar$register$1$1$2::invoke@8 (line 41)
                      ; - godot.entry.WeaponRegistrar$register$1$1$2::invoke@12 (line 41)
  0x000001d12bae8ee4: 18b7 85ff 

  0x000001d12bae8ee8: ;   {other}
  0x000001d12bae8ee8: 0f1f 8400 | 582e 00ba | ba45 ffff | ff4c 8954 | 2420 4489 | 5c24 2848 | 894c 2430 | 4889 7c24 
  0x000001d12bae8f08: 3844 8944 

  0x000001d12bae8f0c: ;   {runtime_call UncommonTrapBlob}
  0x000001d12bae8f0c: 2440 90e8 

  0x000001d12bae8f10: ; ImmutableOopMap {[32]=Oop [40]=NarrowOop [48]=Oop [56]=Oop [64]=NarrowOop }
                      ;*ifnull {reexecute=1 rethrow=0 return_oop=0}
                      ; - (reexecute) java.lang.ThreadLocal::get@7 (line 186)
                      ; - java.lang.ThreadLocal::get@4 (line 172)
                      ; - godot.common.util.ThreadLocalDelegate::getValue@10 (line 7)
                      ; - godot.internal.memory.TransferContext::getBuffer@9 (line 28)
                      ; - godot.internal.memory.TransferContext::writeArguments@7 (line 34)
                      ; - godot.api.Node2D::getScale@7 (line 412)
                      ; - game.entity.Player::isFacingRight@4 (line 261)
                      ; - game.items.weapons.Weapon::getIdleRotation@9 (line 139)
                      ; - game.items.weapons.Weapon::getRotationToTarget@20 (line 156)
                      ; - game.items.weapons.Weapon::rotateToTarget@21 (line 177)
                      ; - game.items.weapons.Weapon::_process@32 (line 192)
                      ; - godot.entry.WeaponRegistrar$register$1$1$2::invoke@8 (line 41)
                      ; - godot.entry.WeaponRegistrar$register$1$1$2::invoke@12 (line 41)
  0x000001d12bae8f10: ecb6 85ff 

  0x000001d12bae8f14: ;   {other}
  0x000001d12bae8f14: 0f1f 8400 | 842e 00bb | ba45 ffff | ff48 8b6c | 2430 4489 | 4c24 3044 | 8944 2434 | 4889 4c24 
  0x000001d12bae8f34: 4089 7c24 | 4844 895c 

  0x000001d12bae8f3c: ;   {runtime_call UncommonTrapBlob}
  0x000001d12bae8f3c: 2450 90e8 

  0x000001d12bae8f40: ; ImmutableOopMap {rbp=Oop [32]=Oop [48]=NarrowOop [52]=NarrowOop [64]=Oop [80]=NarrowOop }
                      ;*ifnull {reexecute=1 rethrow=0 return_oop=0}
                      ; - (reexecute) java.lang.ThreadLocal$ThreadLocalMap::getEntry@21 (line 501)
                      ; - java.lang.ThreadLocal::get@12 (line 187)
                      ; - java.lang.ThreadLocal::get@4 (line 172)
                      ; - godot.common.util.ThreadLocalDelegate::getValue@10 (line 7)
                      ; - godot.internal.memory.TransferContext::getBuffer@9 (line 28)
                      ; - godot.internal.memory.TransferContext::writeArguments@7 (line 34)
                      ; - godot.api.Node2D::getScale@7 (line 412)
                      ; - game.entity.Player::isFacingRight@4 (line 261)
                      ; - game.items.weapons.Weapon::getIdleRotation@9 (line 139)
                      ; - game.items.weapons.Weapon::getRotationToTarget@20 (line 156)
                      ; - game.items.weapons.Weapon::rotateToTarget@21 (line 177)
                      ; - game.items.weapons.Weapon::_process@32 (line 192)
                      ; - godot.entry.WeaponRegistrar$register$1$1$2::invoke@8 (line 41)
                      ; - godot.entry.WeaponRegistrar$register$1$1$2::invoke@12 (line 41)
  0x000001d12bae8f40: bcb6 85ff 

  0x000001d12bae8f44: ;   {other}
  0x000001d12bae8f44: 0f1f 8400 | b42e 00bc | ba45 ffff | ff48 8b6c | 2430 4889 | 4c24 284c | 894c 2430 | 4489 5c24 
  0x000001d12bae8f64: ;   {runtime_call UncommonTrapBlob}
  0x000001d12bae8f64: 3c66 90e8 

  0x000001d12bae8f68: ; ImmutableOopMap {rbp=Oop [40]=Oop [48]=Oop [60]=NarrowOop }
                      ;*ifnull {reexecute=1 rethrow=0 return_oop=0}
                      ; - (reexecute) java.lang.ThreadLocal::get@7 (line 186)
                      ; - java.lang.ThreadLocal::get@4 (line 172)
                      ; - godot.common.util.ThreadLocalDelegate::getValue@10 (line 7)
                      ; - godot.internal.memory.TransferContext::getBuffer@9 (line 28)
                      ; - godot.internal.memory.TransferContext::readReturnValue@7 (line 73)
                      ; - godot.api.Node2D::getScale@41 (line 414)
                      ; - game.entity.Player::isFacingRight@4 (line 261)
                      ; - game.items.weapons.Weapon::getIdleRotation@9 (line 139)
                      ; - game.items.weapons.Weapon::getRotationToTarget@20 (line 156)
                      ; - game.items.weapons.Weapon::rotateToTarget@21 (line 177)
                      ; - game.items.weapons.Weapon::_process@32 (line 192)
                      ; - godot.entry.WeaponRegistrar$register$1$1$2::invoke@8 (line 41)
                      ; - godot.entry.WeaponRegistrar$register$1$1$2::invoke@12 (line 41)
  0x000001d12bae8f68: 94b6 85ff 

  0x000001d12bae8f6c: ;   {other}
  0x000001d12bae8f6c: 0f1f 8400 | dc2e 00bd | ba45 ffff | ff48 8b6c | 2430 4489 | 5c24 3848 | 894c 2440 | 4489 4c24 
  0x000001d12bae8f8c: 3c44 8954 

  0x000001d12bae8f90: ;   {runtime_call UncommonTrapBlob}
  0x000001d12bae8f90: 244c 90e8 

  0x000001d12bae8f94: ; ImmutableOopMap {rbp=Oop [32]=Oop [56]=NarrowOop [64]=Oop [76]=NarrowOop }
                      ;*ifnull {reexecute=1 rethrow=0 return_oop=0}
                      ; - (reexecute) java.lang.ThreadLocal$ThreadLocalMap::getEntry@21 (line 501)
                      ; - java.lang.ThreadLocal::get@12 (line 187)
                      ; - java.lang.ThreadLocal::get@4 (line 172)
                      ; - godot.common.util.ThreadLocalDelegate::getValue@10 (line 7)
                      ; - godot.internal.memory.TransferContext::getBuffer@9 (line 28)
                      ; - godot.internal.memory.TransferContext::readReturnValue@7 (line 73)
                      ; - godot.api.Node2D::getScale@41 (line 414)
                      ; - game.entity.Player::isFacingRight@4 (line 261)
                      ; - game.items.weapons.Weapon::getIdleRotation@9 (line 139)
                      ; - game.items.weapons.Weapon::getRotationToTarget@20 (line 156)
                      ; - game.items.weapons.Weapon::rotateToTarget@21 (line 177)
                      ; - game.items.weapons.Weapon::_process@32 (line 192)
                      ; - godot.entry.WeaponRegistrar$register$1$1$2::invoke@8 (line 41)
                      ; - godot.entry.WeaponRegistrar$register$1$1$2::invoke@12 (line 41)
  0x000001d12bae8f94: 68b6 85ff 

  0x000001d12bae8f98: ;   {other}
  0x000001d12bae8f98: 0f1f 8400 | 082f 00be | baf6 ffff 

  0x000001d12bae8fa4: ;   {runtime_call UncommonTrapBlob}
  0x000001d12bae8fa4: ff66 90e8 

  0x000001d12bae8fa8: ; ImmutableOopMap {}
                      ;*invokevirtual get {reexecute=0 rethrow=0 return_oop=0}
                      ; - godot.common.util.ThreadLocalDelegate::getValue@10 (line 7)
                      ; - godot.internal.memory.TransferContext::getBuffer@9 (line 28)
                      ; - godot.internal.memory.TransferContext::writeArguments@7 (line 34)
                      ; - godot.api.Node2D::setScale@25 (line 383)
                      ; - game.items.weapons.Weapon::updateVisuals@56 (line 243)
                      ; - game.items.weapons.Weapon::_process@47 (line 196)
                      ; - godot.entry.WeaponRegistrar$register$1$1$2::invoke@8 (line 41)
                      ; - godot.entry.WeaponRegistrar$register$1$1$2::invoke@12 (line 41)
  0x000001d12bae8fa8: 54b6 85ff 

  0x000001d12bae8fac: ;   {other}
  0x000001d12bae8fac: 0f1f 8400 | 1c2f 00bf | baf6 ffff 

  0x000001d12bae8fb8: ;   {runtime_call UncommonTrapBlob}
  0x000001d12bae8fb8: ff66 90e8 

  0x000001d12bae8fbc: ; ImmutableOopMap {}
                      ;*arraylength {reexecute=0 rethrow=0 return_oop=0}
                      ; - java.lang.ThreadLocal$ThreadLocalMap::getEntry@8 (line 499)
                      ; - java.lang.ThreadLocal::get@12 (line 187)
                      ; - java.lang.ThreadLocal::get@4 (line 172)
                      ; - godot.common.util.ThreadLocalDelegate::getValue@10 (line 7)
                      ; - godot.internal.memory.TransferContext::getBuffer@9 (line 28)
                      ; - godot.internal.memory.TransferContext::writeArguments@7 (line 34)
                      ; - godot.api.Node2D::setScale@25 (line 383)
                      ; - game.items.weapons.Weapon::updateVisuals@56 (line 243)
                      ; - game.items.weapons.Weapon::_process@47 (line 196)
                      ; - godot.entry.WeaponRegistrar$register$1$1$2::invoke@8 (line 41)
                      ; - godot.entry.WeaponRegistrar$register$1$1$2::invoke@12 (line 41)
  0x000001d12bae8fbc: 40b6 85ff 

  0x000001d12bae8fc0: ;   {other}
  0x000001d12bae8fc0: 0f1f 8400 | 302f 00c0 | baf4 ffff | ff41 8be9 | 4c89 5424 

  0x000001d12bae8fd4: ;   {runtime_call UncommonTrapBlob}
  0x000001d12bae8fd4: 2066 90e8 

  0x000001d12bae8fd8: ; ImmutableOopMap {rbp=NarrowOop [32]=Oop }
                      ;*checkcast {reexecute=0 rethrow=0 return_oop=0}
                      ; - godot.internal.memory.TransferContext::getBuffer@12 (line 28)
                      ; - godot.internal.memory.TransferContext::writeArguments@7 (line 34)
                      ; - godot.api.Node2D::setScale@25 (line 383)
                      ; - game.items.weapons.Weapon::updateVisuals@56 (line 243)
                      ; - game.items.weapons.Weapon::_process@47 (line 196)
                      ; - godot.entry.WeaponRegistrar$register$1$1$2::invoke@8 (line 41)
                      ; - godot.entry.WeaponRegistrar$register$1$1$2::invoke@12 (line 41)
  0x000001d12bae8fd8: 24b6 85ff 

  0x000001d12bae8fdc: ;   {other}
  0x000001d12bae8fdc: 0f1f 8400 | 4c2f 00c1 | ba45 ffff | ff41 8be9 | 4889 7424 | 204c 8944 | 2428 4489 | 5c24 344c 
  0x000001d12bae8ffc: 8954 2438 

  0x000001d12bae9000: ;   {runtime_call UncommonTrapBlob}
  0x000001d12bae9000: 6666 90e8 

  0x000001d12bae9004: ; ImmutableOopMap {rbp=NarrowOop [32]=Oop [40]=Oop [52]=NarrowOop [56]=Oop }
                      ;*ifnull {reexecute=1 rethrow=0 return_oop=0}
                      ; - (reexecute) java.lang.ThreadLocal::get@7 (line 186)
                      ; - java.lang.ThreadLocal::get@4 (line 172)
                      ; - godot.common.util.ThreadLocalDelegate::getValue@10 (line 7)
                      ; - godot.internal.memory.TransferContext::getBuffer@9 (line 28)
                      ; - godot.internal.memory.TransferContext::writeArguments@7 (line 34)
                      ; - godot.api.Node2D::setScale@25 (line 383)
                      ; - game.items.weapons.Weapon::updateVisuals@84 (line 246)
                      ; - game.items.weapons.Weapon::_process@47 (line 196)
                      ; - godot.entry.WeaponRegistrar$register$1$1$2::invoke@8 (line 41)
                      ; - godot.entry.WeaponRegistrar$register$1$1$2::invoke@12 (line 41)
  0x000001d12bae9004: f8b5 85ff 

  0x000001d12bae9008: ;   {other}
  0x000001d12bae9008: 0f1f 8400 | 782f 00c2 | ba45 ffff | ff44 894c | 2420 4c89 | 4424 3044 | 895c 2424 | 4889 7424 
  0x000001d12bae9028: 3889 7c24 | 404c 8954 

  0x000001d12bae9030: ;   {runtime_call UncommonTrapBlob}
  0x000001d12bae9030: 2448 90e8 

  0x000001d12bae9034: ; ImmutableOopMap {rbp=NarrowOop [32]=NarrowOop [36]=NarrowOop [48]=Oop [56]=Oop [72]=Oop }
                      ;*ifnull {reexecute=1 rethrow=0 return_oop=0}
                      ; - (reexecute) java.lang.ThreadLocal$ThreadLocalMap::getEntry@21 (line 501)
                      ; - java.lang.ThreadLocal::get@12 (line 187)
                      ; - java.lang.ThreadLocal::get@4 (line 172)
                      ; - godot.common.util.ThreadLocalDelegate::getValue@10 (line 7)
                      ; - godot.internal.memory.TransferContext::getBuffer@9 (line 28)
                      ; - godot.internal.memory.TransferContext::writeArguments@7 (line 34)
                      ; - godot.api.Node2D::setScale@25 (line 383)
                      ; - game.items.weapons.Weapon::updateVisuals@84 (line 246)
                      ; - game.items.weapons.Weapon::_process@47 (line 196)
                      ; - godot.entry.WeaponRegistrar$register$1$1$2::invoke@8 (line 41)
                      ; - godot.entry.WeaponRegistrar$register$1$1$2::invoke@12 (line 41)
  0x000001d12bae9034: c8b5 85ff 

  0x000001d12bae9038: ;   {other}
  0x000001d12bae9038: 0f1f 8400 | a82f 00c3 | ba45 ffff | ff41 8be9 | 4889 5c24 | 204c 8944 | 2428 4489 | 5c24 344c 
  0x000001d12bae9058: 8954 2438 

  0x000001d12bae905c: ;   {runtime_call UncommonTrapBlob}
  0x000001d12bae905c: 6666 90e8 

  0x000001d12bae9060: ; ImmutableOopMap {rbp=NarrowOop [32]=Oop [40]=Oop [52]=NarrowOop [56]=Oop }
                      ;*ifnull {reexecute=1 rethrow=0 return_oop=0}
                      ; - (reexecute) java.lang.ThreadLocal::get@7 (line 186)
                      ; - java.lang.ThreadLocal::get@4 (line 172)
                      ; - godot.common.util.ThreadLocalDelegate::getValue@10 (line 7)
                      ; - godot.internal.memory.TransferContext::getBuffer@9 (line 28)
                      ; - godot.internal.memory.TransferContext::writeArguments@7 (line 34)
                      ; - godot.api.Node2D::setScale@25 (line 383)
                      ; - game.items.weapons.Weapon::updateVisuals@56 (line 243)
                      ; - game.items.weapons.Weapon::_process@47 (line 196)
                      ; - godot.entry.WeaponRegistrar$register$1$1$2::invoke@8 (line 41)
                      ; - godot.entry.WeaponRegistrar$register$1$1$2::invoke@12 (line 41)
  0x000001d12bae9060: 9cb5 85ff 

  0x000001d12bae9064: ;   {other}
  0x000001d12bae9064: 0f1f 8400 | d42f 00c4 | ba45 ffff | ff44 894c | 2420 4c89 | 4424 3044 | 895c 2424 | 4889 5c24 
  0x000001d12bae9084: 3889 7424 | 404c 8954 

  0x000001d12bae908c: ;   {runtime_call UncommonTrapBlob}
  0x000001d12bae908c: 2448 90e8 

  0x000001d12bae9090: ; ImmutableOopMap {rbp=NarrowOop [32]=NarrowOop [36]=NarrowOop [48]=Oop [56]=Oop [72]=Oop }
                      ;*ifnull {reexecute=1 rethrow=0 return_oop=0}
                      ; - (reexecute) java.lang.ThreadLocal$ThreadLocalMap::getEntry@21 (line 501)
                      ; - java.lang.ThreadLocal::get@12 (line 187)
                      ; - java.lang.ThreadLocal::get@4 (line 172)
                      ; - godot.common.util.ThreadLocalDelegate::getValue@10 (line 7)
                      ; - godot.internal.memory.TransferContext::getBuffer@9 (line 28)
                      ; - godot.internal.memory.TransferContext::writeArguments@7 (line 34)
                      ; - godot.api.Node2D::setScale@25 (line 383)
                      ; - game.items.weapons.Weapon::updateVisuals@56 (line 243)
                      ; - game.items.weapons.Weapon::_process@47 (line 196)
                      ; - godot.entry.WeaponRegistrar$register$1$1$2::invoke@8 (line 41)
                      ; - godot.entry.WeaponRegistrar$register$1$1$2::invoke@12 (line 41)
  0x000001d12bae9090: 6cb5 85ff 

  0x000001d12bae9094: ;   {other}
  0x000001d12bae9094: 0f1f 8400 | 0430 00c5 | baf4 ffff | ff4c 895c 

  0x000001d12bae90a4: ;   {runtime_call UncommonTrapBlob}
  0x000001d12bae90a4: 2420 90e8 

  0x000001d12bae90a8: ; ImmutableOopMap {[32]=Oop [40]=Oop }
                      ;*checkcast {reexecute=0 rethrow=0 return_oop=0}
                      ; - game.items.weapons.Weapon::getRotationToTarget@32 (line 159)
                      ; - game.items.weapons.Weapon::rotateToTarget@21 (line 177)
                      ; - game.items.weapons.Weapon::_process@32 (line 192)
                      ; - godot.entry.WeaponRegistrar$register$1$1$2::invoke@8 (line 41)
                      ; - godot.entry.WeaponRegistrar$register$1$1$2::invoke@12 (line 41)
  0x000001d12bae90a8: 54b5 85ff 

  0x000001d12bae90ac: ;   {other}
  0x000001d12bae90ac: 0f1f 8400 | 1c30 00c6 | bab5 ffff | ff48 8944 

  0x000001d12bae90bc: ;   {runtime_call UncommonTrapBlob}
  0x000001d12bae90bc: 2440 90e8 

  0x000001d12bae90c0: ; ImmutableOopMap {rbp=Oop [40]=Oop [64]=Oop }
                      ;*astore {reexecute=0 rethrow=0 return_oop=0}
                      ; - jdk.internal.misc.ScopedMemoryAccess::getIntUnaligned@10 (line 1898)
                      ; - java.nio.DirectByteBuffer::getInt@13 (line 744)
                      ; - java.nio.DirectByteBuffer::getInt@10 (line 753)
                      ; - godot.core.VariantKt::getVariantType@1 (line 104)
                      ; - godot.core.VariantKt::access$getVariantType@1 (line 1)
                      ; - godot.core.VariantParser::toKotlin@7 (line 477)
                      ; - godot.internal.memory.TransferContext::readReturnValue@20 (line 75)
                      ; - godot.api.Node2D::getScale@41 (line 414)
                      ; - game.entity.Player::isFacingRight@4 (line 261)
                      ; - game.items.weapons.Weapon::getIdleRotation@9 (line 139)
                      ; - game.items.weapons.Weapon::getRotationToTarget@20 (line 156)
                      ; - game.items.weapons.Weapon::rotateToTarget@21 (line 177)
                      ; - game.items.weapons.Weapon::_process@32 (line 192)
                      ; - godot.entry.WeaponRegistrar$register$1$1$2::invoke@8 (line 41)
                      ; - godot.entry.WeaponRegistrar$register$1$1$2::invoke@12 (line 41)
  0x000001d12bae90c0: 3cb5 85ff 

  0x000001d12bae90c4: ;   {other}
  0x000001d12bae90c4: 0f1f 8400 | 3430 00c7 | bab5 ffff | ff48 8944 

  0x000001d12bae90d4: ;   {runtime_call UncommonTrapBlob}
  0x000001d12bae90d4: 2440 90e8 

  0x000001d12bae90d8: ; ImmutableOopMap {rbp=Oop [40]=Oop [64]=Oop }
                      ;*astore {reexecute=0 rethrow=0 return_oop=0}
                      ; - jdk.internal.misc.ScopedMemoryAccess::getIntUnaligned@10 (line 1898)
                      ; - java.nio.DirectByteBuffer::getFloat@13 (line 944)
                      ; - java.nio.DirectByteBuffer::getFloat@10 (line 953)
                      ; - godot.core.VariantKt::getVector2@5 (line 19)
                      ; - godot.core.VariantKt::access$getVector2@1 (line 1)
                      ; - godot.core.VariantParser$VECTOR2::toUnsafeKotlin@7 (line 176)
                      ; - godot.core.VariantParser$VECTOR2::toUnsafeKotlin@2 (line 175)
                      ; - godot.core.VariantParser::toKotlin@21 (line 479)
                      ; - godot.internal.memory.TransferContext::readReturnValue@20 (line 75)
                      ; - godot.api.Node2D::getScale@41 (line 414)
                      ; - game.entity.Player::isFacingRight@4 (line 261)
                      ; - game.items.weapons.Weapon::getIdleRotation@9 (line 139)
                      ; - game.items.weapons.Weapon::getRotationToTarget@20 (line 156)
                      ; - game.items.weapons.Weapon::rotateToTarget@21 (line 177)
                      ; - game.items.weapons.Weapon::_process@32 (line 192)
                      ; - godot.entry.WeaponRegistrar$register$1$1$2::invoke@8 (line 41)
                      ; - godot.entry.WeaponRegistrar$register$1$1$2::invoke@12 (line 41)
  0x000001d12bae90d8: 24b5 85ff 

  0x000001d12bae90dc: ;   {other}
  0x000001d12bae90dc: 0f1f 8400 | 4c30 00c8 | bab5 ffff | ff4c 8b5c | 2420 498b | ebc5 fb10 | 4424 38c5 | fb11 4424 
  0x000001d12bae90fc: 3048 8944 

  0x000001d12bae9100: ;   {runtime_call UncommonTrapBlob}
  0x000001d12bae9100: 2440 90e8 

  0x000001d12bae9104: ; ImmutableOopMap {rbp=Oop [40]=Oop [64]=Oop }
                      ;*astore {reexecute=0 rethrow=0 return_oop=0}
                      ; - jdk.internal.misc.ScopedMemoryAccess::getIntUnaligned@10 (line 1898)
                      ; - java.nio.DirectByteBuffer::getFloat@13 (line 944)
                      ; - java.nio.DirectByteBuffer::getFloat@10 (line 953)
                      ; - godot.core.VariantKt::getVector2@14 (line 19)
                      ; - godot.core.VariantKt::access$getVector2@1 (line 1)
                      ; - godot.core.VariantParser$VECTOR2::toUnsafeKotlin@7 (line 176)
                      ; - godot.core.VariantParser$VECTOR2::toUnsafeKotlin@2 (line 175)
                      ; - godot.core.VariantParser::toKotlin@21 (line 479)
                      ; - godot.internal.memory.TransferContext::readReturnValue@20 (line 75)
                      ; - godot.api.Node2D::getScale@41 (line 414)
                      ; - game.entity.Player::isFacingRight@4 (line 261)
                      ; - game.items.weapons.Weapon::getIdleRotation@9 (line 139)
                      ; - game.items.weapons.Weapon::getRotationToTarget@20 (line 156)
                      ; - game.items.weapons.Weapon::rotateToTarget@21 (line 177)
                      ; - game.items.weapons.Weapon::_process@32 (line 192)
                      ; - godot.entry.WeaponRegistrar$register$1$1$2::invoke@8 (line 41)
                      ; - godot.entry.WeaponRegistrar$register$1$1$2::invoke@12 (line 41)
  0x000001d12bae9104: f8b4 85ff 

  0x000001d12bae9108: ;   {other}
  0x000001d12bae9108: 0f1f 8400 | 7830 00c9 | eb31 eb2f | eb2d eb37 | eb35 488b | d0eb 33eb | 22eb 20eb | 1eeb 1c48 
  0x000001d12bae9128: 8bd0 eb26 | 488b d0eb | 21eb 1ceb | 1aeb 18eb | 1648 8bd0 | eb14 488b | d0eb 0f48 | 8bd0 eb0a 
  0x000001d12bae9148: 488b d0eb | 05eb 0048 | 8bd0 4883 

  0x000001d12bae9154: ;   {runtime_call _rethrow_Java}
  0x000001d12bae9154: c470 5de9 | a478 92ff 

  0x000001d12bae915c: ;   {internal_word}
  0x000001d12bae915c: 49ba c376 | ae2b d101 | 0000 4d89 | 9768 0400 

  0x000001d12bae916c: ;   {runtime_call SafepointBlob}
  0x000001d12bae916c: 00e9 8ec5 

  0x000001d12bae9170: ;   {runtime_call StubRoutines (final stubs)}
  0x000001d12bae9170: 85ff e8e9 | bb83 ffe9 | bed5 ffff | f4f4 f4f4 
[Stub Code]
  0x000001d12bae9180: ;   {no_reloc}
  0x000001d12bae9180: 48bb 0000 | 0000 0000 

  0x000001d12bae9188: ;   {runtime_call}
  0x000001d12bae9188: 0000 e9fb 

  0x000001d12bae918c: ;   {static_stub}
  0x000001d12bae918c: ffff ff48 | bb00 0000 | 0000 0000 

  0x000001d12bae9198: ;   {runtime_call}
  0x000001d12bae9198: 00e9 fbff 

  0x000001d12bae919c: ;   {static_stub}
  0x000001d12bae919c: ffff 48bb | 0000 0000 | 0000 0000 

  0x000001d12bae91a8: ;   {runtime_call}
  0x000001d12bae91a8: e9fb ffff 

  0x000001d12bae91ac: ;   {static_stub}
  0x000001d12bae91ac: ff48 bb00 | 2571 3dd1 

  0x000001d12bae91b4: ;   {runtime_call I2C/C2I adapters}
  0x000001d12bae91b4: 0100 00e9 | a7a2 85ff 

  0x000001d12bae91bc: ;   {static_stub}
  0x000001d12bae91bc: 48bb f02d | 713d d101 

  0x000001d12bae91c4: ;   {runtime_call I2C/C2I adapters}
  0x000001d12bae91c4: 0000 e998 

  0x000001d12bae91c8: ;   {static_stub}
  0x000001d12bae91c8: a285 ff48 | bb00 0000 | 0000 0000 

  0x000001d12bae91d4: ;   {runtime_call}
  0x000001d12bae91d4: 00e9 fbff 

  0x000001d12bae91d8: ;   {static_stub}
  0x000001d12bae91d8: ffff 48bb | 0000 0000 | 0000 0000 

  0x000001d12bae91e4: ;   {runtime_call}
  0x000001d12bae91e4: e9fb ffff 

  0x000001d12bae91e8: ;   {static_stub}
  0x000001d12bae91e8: ff48 bb00 | 0000 0000 

  0x000001d12bae91f0: ;   {runtime_call}
  0x000001d12bae91f0: 0000 00e9 | fbff ffff 

  0x000001d12bae91f8: ;   {static_stub}
  0x000001d12bae91f8: 48bb 0000 | 0000 0000 

  0x000001d12bae9200: ;   {runtime_call}
  0x000001d12bae9200: 0000 e9fb 

  0x000001d12bae9204: ;   {static_stub}
  0x000001d12bae9204: ffff ff48 | bb60 6d61 | 3cd1 0100 

  0x000001d12bae9210: ;   {runtime_call I2C/C2I adapters}
  0x000001d12bae9210: 00e9 d1af 

  0x000001d12bae9214: ;   {static_stub}
  0x000001d12bae9214: 85ff 48bb | 7060 613c | d101 0000 

  0x000001d12bae9220: ;   {runtime_call I2C/C2I adapters}
  0x000001d12bae9220: e93e a285 

  0x000001d12bae9224: ;   {runtime_call ExceptionBlob}
  0x000001d12bae9224: ffe9 5635 | 92ff e800 | 0000 0048 | 832c 2405 

  0x000001d12bae9234: ;   {runtime_call DeoptimizationBlob}
  0x000001d12bae9234: e967 b785 | fff4 f4f4 | f4f4 f4f4 
[/MachCode]


---------------  P R O C E S S  ---------------

Threads class SMR info:
_java_thread_list=0x000001d141f820f0, length=27, elements={
0x000001d11a04e170, 0x000001d11b09dc50, 0x000001d11b0a9830, 0x000001d113c90450,
0x000001d113c8f0a0, 0x000001d113c92bb0, 0x000001d113c8f730, 0x000001d11b21e530,
0x000001d11b2de520, 0x000001d113c938d0, 0x000001d113c96030, 0x000001d113c93f60,
0x000001d113c95310, 0x000001d113c959a0, 0x000001d140dc8f60, 0x000001d140dcbd50,
0x000001d140dcc3e0, 0x000001d140dc95f0, 0x000001d140dcb6c0, 0x000001d140dcca70,
0x000001d140dcd100, 0x000001d140dc9c80, 0x000001d140dcd790, 0x000001d140dcb030,
0x000001d140dca310, 0x000001d140dcde20, 0x000001d140dca9a0
}

Java Threads: ( => current thread )
=>0x000001d11a04e170 JavaThread "main"                              [_thread_in_native, id=21080, stack(0x000000757b000000,0x000000757b800000) (8192K)]
  0x000001d11b09dc50 JavaThread "Reference Handler"          daemon [_thread_blocked, id=26248, stack(0x0000007517890000,0x0000007518090000) (8192K)]
  0x000001d11b0a9830 JavaThread "Finalizer"                  daemon [_thread_blocked, id=5492, stack(0x0000007518090000,0x0000007518890000) (8192K)]
  0x000001d113c90450 JavaThread "Signal Dispatcher"          daemon [_thread_blocked, id=22756, stack(0x0000007518890000,0x0000007519090000) (8192K)]
  0x000001d113c8f0a0 JavaThread "Attach Listener"            daemon [_thread_blocked, id=25520, stack(0x0000007519090000,0x0000007519890000) (8192K)]
  0x000001d113c92bb0 JavaThread "Service Thread"             daemon [_thread_blocked, id=7636, stack(0x0000007519890000,0x000000751a090000) (8192K)]
  0x000001d113c8f730 JavaThread "Monitor Deflation Thread"   daemon [_thread_blocked, id=8672, stack(0x000000751a090000,0x000000751a890000) (8192K)]
  0x000001d11b21e530 JavaThread "C2 CompilerThread0"         daemon [_thread_blocked, id=17344, stack(0x000000751a890000,0x000000751b090000) (8192K)]
  0x000001d11b2de520 JavaThread "C1 CompilerThread0"         daemon [_thread_blocked, id=22780, stack(0x000000751b090000,0x000000751b890000) (8192K)]
  0x000001d113c938d0 JavaThread "Notification Thread"        daemon [_thread_blocked, id=21532, stack(0x000000751d090000,0x000000751d890000) (8192K)]
  0x000001d113c96030 JavaThread "Common-Cleaner"             daemon [_thread_blocked, id=24192, stack(0x000000751d890000,0x000000751e090000) (8192K)]
  0x000001d113c93f60 JavaThread "Thread-0"                          [_thread_in_native, id=12492, stack(0x000000757d800000,0x000000757e000000) (8192K)]
  0x000001d113c95310 JavaThread "Thread-1"                          [_thread_in_native, id=16472, stack(0x000000757e800000,0x000000757f000000) (8192K)]
  0x000001d113c959a0 JavaThread "Thread-2"                          [_thread_in_native, id=22724, stack(0x000000757f000000,0x000000757f800000) (8192K)]
  0x000001d140dc8f60 JavaThread "Thread-3"                          [_thread_in_native, id=21192, stack(0x000000757f800000,0x0000007580000000) (8192K)]
  0x000001d140dcbd50 JavaThread "Thread-4"                          [_thread_in_native, id=20088, stack(0x0000007500000000,0x0000007500800000) (8192K)]
  0x000001d140dcc3e0 JavaThread "Thread-5"                          [_thread_in_native, id=17440, stack(0x0000007500800000,0x0000007501000000) (8192K)]
  0x000001d140dc95f0 JavaThread "Thread-6"                          [_thread_in_native, id=17376, stack(0x0000007501000000,0x0000007501800000) (8192K)]
  0x000001d140dcb6c0 JavaThread "Thread-7"                          [_thread_in_native, id=1408, stack(0x0000007501800000,0x0000007502000000) (8192K)]
  0x000001d140dcca70 JavaThread "Thread-8"                          [_thread_in_native, id=2716, stack(0x0000007502000000,0x0000007502800000) (8192K)]
  0x000001d140dcd100 JavaThread "Thread-9"                          [_thread_in_native, id=8392, stack(0x0000007502800000,0x0000007503000000) (8192K)]
  0x000001d140dc9c80 JavaThread "Thread-10"                         [_thread_in_native, id=24424, stack(0x0000007503000000,0x0000007503800000) (8192K)]
  0x000001d140dcd790 JavaThread "Thread-11"                         [_thread_in_native, id=5968, stack(0x0000007503800000,0x0000007504000000) (8192K)]
  0x000001d140dcb030 JavaThread "Thread-12"                         [_thread_in_native, id=2592, stack(0x0000007504000000,0x0000007504800000) (8192K)]
  0x000001d140dca310 JavaThread "Thread-13"                         [_thread_in_native, id=4364, stack(0x0000007504800000,0x0000007505000000) (8192K)]
  0x000001d140dcde20 JavaThread "Thread-14"                         [_thread_in_native, id=2248, stack(0x0000007505000000,0x0000007505800000) (8192K)]
  0x000001d140dca9a0 JavaThread "Thread-15"                         [_thread_in_native, id=23468, stack(0x000000757e000000,0x000000757e800000) (8192K)]
Total: 27

Other Threads:
  0x000001d11b02dfe0 VMThread "VM Thread"                           [id=4628, stack(0x0000007517090000,0x0000007517890000) (8192K)]
  0x000001d108414790 WatcherThread "VM Periodic Task Thread"        [id=16468, stack(0x0000007516890000,0x0000007517090000) (8192K)]
  0x000001d11ac3c990 WorkerThread "GC Thread#0"                     [id=24108, stack(0x0000007514090000,0x0000007514890000) (8192K)]
  0x000001d1404ff000 WorkerThread "GC Thread#1"                     [id=24880, stack(0x000000751e090000,0x000000751e890000) (8192K)]
  0x000001d1404ff3b0 WorkerThread "GC Thread#2"                     [id=12956, stack(0x000000751e890000,0x000000751f090000) (8192K)]
  0x000001d1404ff760 WorkerThread "GC Thread#3"                     [id=26168, stack(0x000000751f090000,0x000000751f890000) (8192K)]
  0x000001d140565010 WorkerThread "GC Thread#4"                     [id=7092, stack(0x000000751f890000,0x0000007520090000) (8192K)]
  0x000001d1405653c0 WorkerThread "GC Thread#5"                     [id=24328, stack(0x0000007520090000,0x0000007520890000) (8192K)]
  0x000001d1407fd770 WorkerThread "GC Thread#6"                     [id=23952, stack(0x0000007520890000,0x0000007521090000) (8192K)]
  0x000001d1407fc150 WorkerThread "GC Thread#7"                     [id=23188, stack(0x0000007521090000,0x0000007521890000) (8192K)]
  0x000001d1407fc500 WorkerThread "GC Thread#8"                     [id=24608, stack(0x0000007521890000,0x0000007522090000) (8192K)]
  0x000001d140c02cc0 WorkerThread "GC Thread#9"                     [id=20708, stack(0x0000007522090000,0x0000007522890000) (8192K)]
  0x000001d140c05cb0 WorkerThread "GC Thread#10"                    [id=24128, stack(0x0000007522890000,0x0000007523090000) (8192K)]
  0x000001d140c03070 WorkerThread "GC Thread#11"                    [id=15824, stack(0x0000007523090000,0x0000007523890000) (8192K)]
  0x000001d140c03f30 WorkerThread "GC Thread#12"                    [id=7128, stack(0x0000007523890000,0x0000007524090000) (8192K)]
  0x000001d113a78c10 ConcurrentGCThread "G1 Main Marker"            [id=21712, stack(0x0000007514890000,0x0000007515090000) (8192K)]
  0x000001d11ac8c280 WorkerThread "G1 Conc#0"                       [id=13712, stack(0x0000007515090000,0x0000007515890000) (8192K)]
  0x000001d140c05550 WorkerThread "G1 Conc#1"                       [id=15888, stack(0x0000007524090000,0x0000007524890000) (8192K)]
  0x000001d140c037d0 WorkerThread "G1 Conc#2"                       [id=23284, stack(0x0000007524890000,0x0000007525090000) (8192K)]
  0x000001d113c6fee0 ConcurrentGCThread "G1 Refine#0"               [id=15932, stack(0x0000007515890000,0x0000007516090000) (8192K)]
  0x000001d113cbb120 ConcurrentGCThread "G1 Service"                [id=8696, stack(0x0000007516090000,0x0000007516890000) (8192K)]
Total: 21

Threads with active compile tasks:
Total: 0

VM state: not at safepoint (normal execution)

VM Mutex/Monitor currently owned by a thread: None

Heap address: 0x0000000704a00000, size: 4022 MB, Compressed Oops mode: Zero based, Oop shift amount: 3

CDS archive(s) mapped at: [0x000001d180000000-0x000001d180c90000-0x000001d180c90000), size 13172736, SharedBaseAddress: 0x000001d180000000, ArchiveRelocationMode: 1.
Compressed class space mapped at: 0x000001d181000000-0x000001d1c1000000, reserved size: 1073741824
Narrow klass base: 0x000001d180000000, Narrow klass shift: 0, Narrow klass range: 0x100000000

GC Precious Log:
 CardTable entry size: 512
 Card Set container configuration: InlinePtr #cards 4 size 8 Array Of Cards #cards 16 size 48 Howl #buckets 8 coarsen threshold 3686 Howl Bitmap #cards 512 size 80 coarsen threshold 460 Card regions per heap region 1 cards per card region 4096
 CPUs: 16 total, 16 available
 Memory: 16087M
 Large Page Support: Disabled
 NUMA Support: Disabled
 Compressed Oops: Enabled (Zero based)
 Heap Region Size: 2M
 Heap Min Capacity: 8M
 Heap Initial Capacity: 252M
 Heap Max Capacity: 4022M
 Pre-touch: Disabled
 Parallel Workers: 13
 Concurrent Workers: 3
 Concurrent Refinement Workers: 13
 Periodic GC: Disabled

Heap:
 garbage-first heap   total 34816K, used 14672K [0x0000000704a00000, 0x0000000800000000)
  region size 2048K, 7 young (14336K), 2 survivors (4096K)
 Metaspace       used 25925K, committed 26176K, reserved 1114112K
  class space    used 2640K, committed 2752K, reserved 1048576K

Heap Regions: E=young(eden), S=young(survivor), O=old, HS=humongous(starts), HC=humongous(continues), CS=collection set, F=free, TAMS=top-at-mark-start, PB=parsable bottom
|   0|0x0000000704a00000, 0x0000000704c00000, 0x0000000704c00000|100%| O|  |TAMS 0x0000000704a00000| PB 0x0000000704a00000| Untracked 
|   1|0x0000000704c00000, 0x0000000704e00000, 0x0000000704e00000|100%| O|  |TAMS 0x0000000704c00000| PB 0x0000000704c00000| Untracked 
|   2|0x0000000704e00000, 0x0000000704e26118, 0x0000000705000000|  7%| O|  |TAMS 0x0000000704e00000| PB 0x0000000704e00000| Untracked 
|   3|0x0000000705000000, 0x0000000705000000, 0x0000000705200000|  0%| F|  |TAMS 0x0000000705000000| PB 0x0000000705000000| Untracked 
|   4|0x0000000705200000, 0x0000000705200000, 0x0000000705400000|  0%| F|  |TAMS 0x0000000705200000| PB 0x0000000705200000| Untracked 
|   5|0x0000000705400000, 0x000000070542e1a0, 0x0000000705600000|  9%| S|CS|TAMS 0x0000000705400000| PB 0x0000000705400000| Complete 
|   6|0x0000000705600000, 0x0000000705800000, 0x0000000705800000|100%| S|CS|TAMS 0x0000000705600000| PB 0x0000000705600000| Complete 
|   7|0x0000000705800000, 0x0000000705800000, 0x0000000705a00000|  0%| F|  |TAMS 0x0000000705800000| PB 0x0000000705800000| Untracked 
|   8|0x0000000705a00000, 0x0000000705a00000, 0x0000000705c00000|  0%| F|  |TAMS 0x0000000705a00000| PB 0x0000000705a00000| Untracked 
|   9|0x0000000705c00000, 0x0000000705c00000, 0x0000000705e00000|  0%| F|  |TAMS 0x0000000705c00000| PB 0x0000000705c00000| Untracked 
|  10|0x0000000705e00000, 0x0000000705e00000, 0x0000000706000000|  0%| F|  |TAMS 0x0000000705e00000| PB 0x0000000705e00000| Untracked 
|  11|0x0000000706000000, 0x0000000706000000, 0x0000000706200000|  0%| F|  |TAMS 0x0000000706000000| PB 0x0000000706000000| Untracked 
|  12|0x0000000706200000, 0x000000070631e980, 0x0000000706400000| 55%| E|  |TAMS 0x0000000706200000| PB 0x0000000706200000| Complete 
| 121|0x0000000713c00000, 0x0000000713e00000, 0x0000000713e00000|100%| E|CS|TAMS 0x0000000713c00000| PB 0x0000000713c00000| Complete 
| 122|0x0000000713e00000, 0x0000000714000000, 0x0000000714000000|100%| E|CS|TAMS 0x0000000713e00000| PB 0x0000000713e00000| Complete 
| 123|0x0000000714000000, 0x0000000714200000, 0x0000000714200000|100%| E|CS|TAMS 0x0000000714000000| PB 0x0000000714000000| Complete 
| 125|0x0000000714400000, 0x0000000714600000, 0x0000000714600000|100%| E|CS|TAMS 0x0000000714400000| PB 0x0000000714400000| Complete 

Card table byte_map: [0x000001d133df0000,0x000001d1345d0000] _byte_map_base: 0x000001d1305cb000

Marking Bits: (CMBitMap*) 0x000001d11ac3cd50
 Bits: [0x000001d1345d0000, 0x000001d1384a8000)

Polling page: 0x000001d1145b0000

Metaspace:

Usage:
  Non-class:     22.74 MB used.
      Class:      2.58 MB used.
       Both:     25.32 MB used.

Virtual space:
  Non-class space:       64.00 MB reserved,      22.88 MB ( 36%) committed,  1 nodes.
      Class space:        1.00 GB reserved,       2.69 MB ( <1%) committed,  1 nodes.
             Both:        1.06 GB reserved,      25.56 MB (  2%) committed. 

Chunk freelists:
   Non-Class:  6.53 MB
       Class:  13.18 MB
        Both:  19.71 MB

MaxMetaspaceSize: unlimited
CompressedClassSpaceSize: 1.00 GB
Initial GC threshold: 21.00 MB
Current GC threshold: 35.12 MB
CDS: on
 - commit_granule_bytes: 65536.
 - commit_granule_words: 8192.
 - virtual_space_node_default_size: 8388608.
 - enlarge_chunks_in_place: 1.
 - use_allocation_guard: 0.


Internal statistics:

num_allocs_failed_limit: 3.
num_arena_births: 166.
num_arena_deaths: 0.
num_vsnodes_births: 2.
num_vsnodes_deaths: 0.
num_space_committed: 408.
num_space_uncommitted: 0.
num_chunks_returned_to_freelist: 3.
num_chunks_taken_from_freelist: 1029.
num_chunk_merges: 3.
num_chunk_splits: 880.
num_chunks_enlarged: 749.
num_inconsistent_stats: 0.

CodeHeap 'non-profiled nmethods': size=119168Kb used=888Kb max_used=888Kb free=118279Kb
 bounds [0x000001d12ba40000, 0x000001d12bcb0000, 0x000001d132ea0000]
CodeHeap 'profiled nmethods': size=119104Kb used=3249Kb max_used=3249Kb free=115854Kb
 bounds [0x000001d123ea0000, 0x000001d1241d0000, 0x000001d12b2f0000]
CodeHeap 'non-nmethods': size=7488Kb used=1601Kb max_used=3237Kb free=5886Kb
 bounds [0x000001d12b2f0000, 0x000001d12b620000, 0x000001d12ba40000]
 total_blobs=2347 nmethods=1692 adapters=560
 compilation: enabled
              stopped_count=0, restarted_count=0
 full_count=0

Compilation events (20 events):
Event: 17.593 Thread 0x000001d11b2de520 nmethod 1680 0x000001d1241c9710 code [0x000001d1241c98a0, 0x000001d1241c99b0]
Event: 17.791 Thread 0x000001d11b2de520 1681       3       java.lang.StackTraceElement::length (13 bytes)
Event: 17.792 Thread 0x000001d11b2de520 nmethod 1681 0x000001d1241c9a90 code [0x000001d1241c9c40, 0x000001d1241c9ea0]
Event: 17.825 Thread 0x000001d11b21e530 1682       4       java.lang.String::toString (2 bytes)
Event: 17.826 Thread 0x000001d11b21e530 nmethod 1682 0x000001d12bb19810 code [0x000001d12bb199a0, 0x000001d12bb19a28]
Event: 17.826 Thread 0x000001d11b2de520 1683       3       java.lang.invoke.DirectMethodHandle$Holder::invokeStatic (17 bytes)
Event: 17.826 Thread 0x000001d11b2de520 nmethod 1683 0x000001d1241c9f90 code [0x000001d1241ca160, 0x000001d1241ca548]
Event: 17.826 Thread 0x000001d11b2de520 1684       3       java.lang.invoke.LambdaForm$MH/0x000001d1812bd000::invoke (32 bytes)
Event: 17.826 Thread 0x000001d11b2de520 nmethod 1684 0x000001d1241ca690 code [0x000001d1241ca860, 0x000001d1241cacb0]
Event: 17.826 Thread 0x000001d11b2de520 1685       3       java.lang.invoke.DirectMethodHandle$Holder::invokeStatic (21 bytes)
Event: 17.826 Thread 0x000001d11b2de520 nmethod 1685 0x000001d1241cae10 code [0x000001d1241cafe0, 0x000001d1241cb3f0]
Event: 17.826 Thread 0x000001d11b2de520 1686       3       java.lang.StringConcatHelper::prepend (22 bytes)
Event: 17.827 Thread 0x000001d11b2de520 nmethod 1686 0x000001d1241cb510 code [0x000001d1241cb6c0, 0x000001d1241cb850]
Event: 17.827 Thread 0x000001d11b2de520 1687       3       java.lang.FdLibm::__LO (8 bytes)
Event: 17.827 Thread 0x000001d11b2de520 nmethod 1687 0x000001d1241cb910 code [0x000001d1241cbaa0, 0x000001d1241cbba8]
Event: 17.827 Thread 0x000001d11b2de520 1688       3       java.lang.Double::isNaN (12 bytes)
Event: 17.827 Thread 0x000001d11b2de520 nmethod 1688 0x000001d1241cbc10 code [0x000001d1241cbda0, 0x000001d1241cbf08]
Event: 17.844 Thread 0x000001d11b21e530 1689   !   4       godot.core.KtFunction::invoke (79 bytes)
Event: 17.849 Thread 0x000001d11b2de520 1690       3       java.io.PrintWriter::ensureOpen (18 bytes)
Event: 17.849 Thread 0x000001d11b2de520 nmethod 1690 0x000001d1241cbf90 code [0x000001d1241cc140, 0x000001d1241cc370]

GC Heap History (10 events):
Event: 0.576 GC heap before
{Heap before GC invocations=0 (full 0):
 garbage-first heap   total 258048K, used 20480K [0x0000000704a00000, 0x0000000800000000)
  region size 2048K, 11 young (22528K), 0 survivors (0K)
 Metaspace       used 6496K, committed 6592K, reserved 1114112K
  class space    used 372K, committed 448K, reserved 1048576K
}
Event: 0.580 GC heap after
{Heap after GC invocations=1 (full 0):
 garbage-first heap   total 258048K, used 2255K [0x0000000704a00000, 0x0000000800000000)
  region size 2048K, 2 young (4096K), 2 survivors (4096K)
 Metaspace       used 6496K, committed 6592K, reserved 1114112K
  class space    used 372K, committed 448K, reserved 1048576K
}
Event: 1.370 GC heap before
{Heap before GC invocations=1 (full 0):
 garbage-first heap   total 258048K, used 41167K [0x0000000704a00000, 0x0000000800000000)
  region size 2048K, 22 young (45056K), 2 survivors (4096K)
 Metaspace       used 20197K, committed 20352K, reserved 1114112K
  class space    used 1919K, committed 1984K, reserved 1048576K
}
Event: 1.375 GC heap after
{Heap after GC invocations=2 (full 0):
 garbage-first heap   total 258048K, used 4479K [0x0000000704a00000, 0x0000000800000000)
  region size 2048K, 3 young (6144K), 3 survivors (6144K)
 Metaspace       used 20197K, committed 20352K, reserved 1114112K
  class space    used 1919K, committed 1984K, reserved 1048576K
}
Event: 1.473 GC heap before
{Heap before GC invocations=2 (full 0):
 garbage-first heap   total 258048K, used 6527K [0x0000000704a00000, 0x0000000800000000)
  region size 2048K, 5 young (10240K), 3 survivors (6144K)
 Metaspace       used 21388K, committed 21504K, reserved 1114112K
  class space    used 1990K, committed 2048K, reserved 1048576K
}
Event: 1.479 GC heap after
{Heap after GC invocations=3 (full 0):
 garbage-first heap   total 258048K, used 5093K [0x0000000704a00000, 0x0000000800000000)
  region size 2048K, 3 young (6144K), 3 survivors (6144K)
 Metaspace       used 21388K, committed 21504K, reserved 1114112K
  class space    used 1990K, committed 2048K, reserved 1048576K
}
Event: 2.090 GC heap before
{Heap before GC invocations=4 (full 0):
 garbage-first heap   total 28672K, used 27621K [0x0000000704a00000, 0x0000000800000000)
  region size 2048K, 14 young (28672K), 3 survivors (6144K)
 Metaspace       used 24738K, committed 24896K, reserved 1114112K
  class space    used 2549K, committed 2624K, reserved 1048576K
}
Event: 2.098 GC heap after
{Heap after GC invocations=5 (full 0):
 garbage-first heap   total 34816K, used 5971K [0x0000000704a00000, 0x0000000800000000)
  region size 2048K, 3 young (6144K), 3 survivors (6144K)
 Metaspace       used 24738K, committed 24896K, reserved 1114112K
  class space    used 2549K, committed 2624K, reserved 1048576K
}
Event: 13.124 GC heap before
{Heap before GC invocations=5 (full 0):
 garbage-first heap   total 34816K, used 20307K [0x0000000704a00000, 0x0000000800000000)
  region size 2048K, 10 young (20480K), 3 survivors (6144K)
 Metaspace       used 25900K, committed 26176K, reserved 1114112K
  class space    used 2640K, committed 2752K, reserved 1048576K
}
Event: 13.133 GC heap after
{Heap after GC invocations=6 (full 0):
 garbage-first heap   total 34816K, used 6480K [0x0000000704a00000, 0x0000000800000000)
  region size 2048K, 2 young (4096K), 2 survivors (4096K)
 Metaspace       used 25900K, committed 26176K, reserved 1114112K
  class space    used 2640K, committed 2752K, reserved 1048576K
}

Dll operation events (6 events):
Event: 0.007 Loaded shared library C:\Program Files\Java\jdk-21\bin\java.dll
Event: 0.044 Loaded shared library C:\Program Files\Java\jdk-21\bin\jsvml.dll
Event: 0.074 Loaded shared library C:\Program Files\Java\jdk-21\bin\net.dll
Event: 0.075 Loaded shared library C:\Program Files\Java\jdk-21\bin\nio.dll
Event: 0.089 Loaded shared library C:\Program Files\Java\jdk-21\bin\zip.dll
Event: 0.278 Loaded shared library C:\Program Files\Java\jdk-21\bin\jimage.dll

Deoptimization events (20 events):
Event: 13.136 Thread 0x000001d11a04e170 Uncommon trap: trap_request=0xffffff45 fr.pc=0x000001d12ba6ac8c relative=0x000000000000006c
Event: 13.136 Thread 0x000001d11a04e170 Uncommon trap: reason=unstable_if action=reinterpret pc=0x000001d12ba6ac8c method=java.lang.ref.ReferenceQueue.headIsNull()Z @ 4 c2
Event: 13.136 Thread 0x000001d11a04e170 DEOPT PACKING pc=0x000001d12ba6ac8c sp=0x000000757b7fee60
Event: 13.136 Thread 0x000001d11a04e170 DEOPT UNPACKING pc=0x000001d12b3446a2 sp=0x000000757b7fed88 mode 2
Event: 13.137 Thread 0x000001d11a04e170 Uncommon trap: trap_request=0xffffff45 fr.pc=0x000001d12baf0b24 relative=0x0000000000000104
Event: 13.137 Thread 0x000001d11a04e170 Uncommon trap: reason=unstable_if action=reinterpret pc=0x000001d12baf0b24 method=java.lang.Long.valueOf(J)Ljava/lang/Long; @ 9 c2
Event: 13.137 Thread 0x000001d11a04e170 DEOPT PACKING pc=0x000001d12baf0b24 sp=0x000000757b7fee00
Event: 13.137 Thread 0x000001d11a04e170 DEOPT UNPACKING pc=0x000001d12b3446a2 sp=0x000000757b7fed88 mode 2
Event: 14.561 Thread 0x000001d11a04e170 Uncommon trap: trap_request=0xffffff45 fr.pc=0x000001d12bb026a8 relative=0x0000000000000088
Event: 14.561 Thread 0x000001d11a04e170 Uncommon trap: reason=unstable_if action=reinterpret pc=0x000001d12bb026a8 method=godot.common.interop.ObjectID.equals-impl(JLjava/lang/Object;)Z @ 20 c2
Event: 14.561 Thread 0x000001d11a04e170 DEOPT PACKING pc=0x000001d12bb026a8 sp=0x000000757b7fbd10
Event: 14.561 Thread 0x000001d11a04e170 DEOPT UNPACKING pc=0x000001d12b3446a2 sp=0x000000757b7fbc20 mode 2
Event: 14.562 Thread 0x000001d11a04e170 Uncommon trap: trap_request=0xffffff45 fr.pc=0x000001d12bafc320 relative=0x0000000000001a00
Event: 14.562 Thread 0x000001d11a04e170 Uncommon trap: reason=unstable_if action=reinterpret pc=0x000001d12bafc320 method=java.util.HashMap.getNode(Ljava/lang/Object;)Ljava/util/HashMap$Node; @ 66 c2
Event: 14.562 Thread 0x000001d11a04e170 DEOPT PACKING pc=0x000001d12bafc320 sp=0x000000757b7fd0c0
Event: 14.562 Thread 0x000001d11a04e170 DEOPT UNPACKING pc=0x000001d12b3446a2 sp=0x000000757b7fcd30 mode 2
Event: 17.044 Thread 0x000001d11a04e170 Uncommon trap: trap_request=0xffffffad fr.pc=0x000001d12bad3d58 relative=0x00000000000012d8
Event: 17.044 Thread 0x000001d11a04e170 Uncommon trap: reason=uninitialized action=reinterpret pc=0x000001d12bad3d58 method=godot.core.KtFunction.invoke(Lgodot/core/KtObject;)V @ 63 c2
Event: 17.044 Thread 0x000001d11a04e170 DEOPT PACKING pc=0x000001d12bad3d58 sp=0x000000757b7feb60
Event: 17.044 Thread 0x000001d11a04e170 DEOPT UNPACKING pc=0x000001d12b3446a2 sp=0x000000757b7feb30 mode 2

Classes loaded (20 events):
Event: 5.396 Loading class java/io/PrintWriter
Event: 5.396 Loading class java/io/PrintWriter done
Event: 5.396 Loading class java/io/PrintWriter$1
Event: 5.396 Loading class jdk/internal/access/JavaIOPrintWriterAccess
Event: 5.396 Loading class jdk/internal/access/JavaIOPrintWriterAccess done
Event: 5.396 Loading class java/io/PrintWriter$1 done
Event: 5.396 Loading class java/lang/Throwable$WrappedPrintWriter
Event: 5.396 Loading class java/lang/Throwable$PrintStreamOrWriter
Event: 5.396 Loading class java/lang/Throwable$PrintStreamOrWriter done
Event: 5.396 Loading class java/lang/Throwable$WrappedPrintWriter done
Event: 6.979 Loading class java/lang/FdLibm$Atan2
Event: 6.979 Loading class java/lang/FdLibm$Atan2 done
Event: 6.979 Loading class java/lang/FdLibm
Event: 6.979 Loading class java/lang/FdLibm done
Event: 6.979 Loading class java/lang/FdLibm$Atan
Event: 6.979 Loading class java/lang/FdLibm$Atan done
Event: 7.451 Loading class java/util/LinkedList$Node
Event: 7.451 Loading class java/util/LinkedList$Node done
Event: 7.453 Loading class java/util/LinkedList$ListItr
Event: 7.453 Loading class java/util/LinkedList$ListItr done

Classes unloaded (0 events):
No events

Classes redefined (0 events):
No events

Internal exceptions (3 events):
Event: 1.945 Thread 0x000001d11a04e170 Exception <a 'java/lang/NoSuchMethodError'{0x0000000705552cf0}: 'java.lang.Object java.lang.invoke.DirectMethodHandle$Holder.invokeStaticInit(java.lang.Object, java.lang.Object, java.lang.Object)'> (0x0000000705552cf0) 
thrown [s\open\src\hotspot\share\interpreter\linkResolver.cpp, line 773]
Event: 2.224 Thread 0x000001d11a04e170 Exception <a 'java/lang/NoSuchMethodError'{0x0000000714513690}: 'java.lang.Object java.lang.invoke.DirectMethodHandle$Holder.newInvokeSpecial(java.lang.Object, long, long, int)'> (0x0000000714513690) 
thrown [s\open\src\hotspot\share\interpreter\linkResolver.cpp, line 773]
Event: 5.394 Thread 0x000001d11a04e170 Exception <a 'java/lang/ClassCastException'{0x00000007145af180}: class godot.api.Resource cannot be cast to class godot.api.PackedScene (godot.api.Resource and godot.api.PackedScene are in unnamed module of loader java.net.URLClassLoader @36baf30c)> (0x00000007145af180) 
thrown [s\open\src\hotspot\share\interpreter\interpreterRuntime.cpp, line 455]

ZGC Phase Switch (0 events):
No events

VM Operations (20 events):
Event: 7.399 Executing VM operation: Cleanup
Event: 7.399 Executing VM operation: Cleanup done
Event: 8.399 Executing VM operation: Cleanup
Event: 8.399 Executing VM operation: Cleanup done
Event: 9.400 Executing VM operation: Cleanup
Event: 9.400 Executing VM operation: Cleanup done
Event: 10.400 Executing VM operation: Cleanup
Event: 10.400 Executing VM operation: Cleanup done
Event: 11.401 Executing VM operation: Cleanup
Event: 11.401 Executing VM operation: Cleanup done
Event: 13.124 Executing VM operation: G1CollectForAllocation (G1 Evacuation Pause)
Event: 13.133 Executing VM operation: G1CollectForAllocation (G1 Evacuation Pause) done
Event: 14.133 Executing VM operation: Cleanup
Event: 14.133 Executing VM operation: Cleanup done
Event: 15.134 Executing VM operation: Cleanup
Event: 15.134 Executing VM operation: Cleanup done
Event: 16.135 Executing VM operation: Cleanup
Event: 16.135 Executing VM operation: Cleanup done
Event: 17.136 Executing VM operation: Cleanup
Event: 17.136 Executing VM operation: Cleanup done

Events (20 events):
Event: 2.085 Thread 0x000001d140dc8f60 Thread added: 0x000001d140dc8f60
Event: 2.088 Thread 0x000001d140dcbd50 Thread added: 0x000001d140dcbd50
Event: 2.088 Thread 0x000001d140dcc3e0 Thread added: 0x000001d140dcc3e0
Event: 2.089 Thread 0x000001d140dc95f0 Thread added: 0x000001d140dc95f0
Event: 2.089 Thread 0x000001d140dcb6c0 Thread added: 0x000001d140dcb6c0
Event: 2.089 Thread 0x000001d140dcca70 Thread added: 0x000001d140dcca70
Event: 2.089 Thread 0x000001d140dcd100 Thread added: 0x000001d140dcd100
Event: 2.089 Thread 0x000001d140dc9c80 Thread added: 0x000001d140dc9c80
Event: 2.089 Thread 0x000001d140dcd790 Thread added: 0x000001d140dcd790
Event: 2.089 Thread 0x000001d140dcb030 Thread added: 0x000001d140dcb030
Event: 2.090 Thread 0x000001d140dca310 Thread added: 0x000001d140dca310
Event: 2.099 Thread 0x000001d140dcde20 Thread added: 0x000001d140dcde20
Event: 2.099 Thread 0x000001d140dca9a0 Thread added: 0x000001d140dca9a0
Event: 2.217 Thread 0x000001d141f88570 Thread exited: 0x000001d141f88570
Event: 2.217 Thread 0x000001d107573790 Thread exited: 0x000001d107573790
Event: 3.099 Thread 0x000001d11b5397f0 Thread exited: 0x000001d11b5397f0
Event: 10.755 Thread 0x000001d11b441010 Thread exited: 0x000001d11b441010
Event: 10.755 Thread 0x000001d11b3ff010 Thread exited: 0x000001d11b3ff010
Event: 13.134 Thread 0x000001d107573790 Thread added: 0x000001d107573790
Event: 14.145 Thread 0x000001d107573790 Thread exited: 0x000001d107573790


Dynamic libraries:
0x00007ff728ca0000 - 0x00007ff7322aa000 	D:\Godot\godot.windows.editor.x86_64.jvm.0.14.3.exe
0x00007fffb2780000 - 0x00007fffb29e6000 	C:\WINDOWS\SYSTEM32\ntdll.dll
0x00007fffb1130000 - 0x00007fffb11f9000 	C:\WINDOWS\System32\KERNEL32.DLL
0x00007fffafb50000 - 0x00007fffaff50000 	C:\WINDOWS\System32\KERNELBASE.dll
0x00007fffb13e0000 - 0x00007fffb157a000 	C:\WINDOWS\System32\ole32.dll
0x00007fffb02c0000 - 0x00007fffb0363000 	C:\WINDOWS\System32\msvcp_win.dll
0x00007fffa0ca0000 - 0x00007fffa0cd6000 	C:\WINDOWS\SYSTEM32\WINMM.dll
0x00007fffb0170000 - 0x00007fffb02bc000 	C:\WINDOWS\System32\ucrtbase.dll
0x00007fffb2560000 - 0x00007fffb258b000 	C:\WINDOWS\System32\GDI32.dll
0x00007fffaf9f0000 - 0x00007fffafa17000 	C:\WINDOWS\System32\win32u.dll
0x00007fffafa20000 - 0x00007fffafb4a000 	C:\WINDOWS\System32\gdi32full.dll
0x00007fffb1f00000 - 0x00007fffb20c7000 	C:\WINDOWS\System32\USER32.dll
0x00007fffb0640000 - 0x00007fffb09c3000 	C:\WINDOWS\System32\combase.dll
0x00007fffb1580000 - 0x00007fffb1698000 	C:\WINDOWS\System32\RPCRT4.dll
0x00007fffb1300000 - 0x00007fffb13d9000 	C:\WINDOWS\System32\OLEAUT32.dll
0x00007fffb10c0000 - 0x00007fffb1127000 	C:\WINDOWS\System32\SHLWAPI.dll
0x00007fffb0530000 - 0x00007fffb062a000 	C:\WINDOWS\System32\shcore.dll
0x00007fffb1760000 - 0x00007fffb1ef2000 	C:\WINDOWS\System32\SHELL32.dll
0x00007fffb2590000 - 0x00007fffb2647000 	C:\WINDOWS\System32\ADVAPI32.dll
0x00007fffb2650000 - 0x00007fffb26f9000 	C:\WINDOWS\System32\msvcrt.dll
0x00007fffb0a30000 - 0x00007fffb0ada000 	C:\WINDOWS\System32\sechost.dll
0x00007fffb0d90000 - 0x00007fffb0dc2000 	C:\WINDOWS\System32\IMM32.dll
0x00007fffaff60000 - 0x00007fffb00d8000 	C:\WINDOWS\System32\CRYPT32.dll
0x00007fffb16d0000 - 0x00007fffb1751000 	C:\WINDOWS\System32\WS2_32.dll
0x00007fffa9440000 - 0x00007fffa944b000 	C:\WINDOWS\SYSTEM32\AVRT.dll
0x00007fffabd30000 - 0x00007fffabd5f000 	C:\WINDOWS\SYSTEM32\dwmapi.dll
0x00007fffaf8e0000 - 0x00007fffaf90a000 	C:\WINDOWS\SYSTEM32\bcrypt.dll
0x00007fffa7dc0000 - 0x00007fffa8028000 	C:\WINDOWS\SYSTEM32\DWrite.dll
0x00007fffaf2a0000 - 0x00007fffaf4e2000 	C:\WINDOWS\SYSTEM32\dbghelp.dll
0x00007fffad8e0000 - 0x00007fffad913000 	C:\WINDOWS\SYSTEM32\IPHLPAPI.DLL
0x00007fff00ea0000 - 0x00007fff00eaa000 	C:\WINDOWS\SYSTEM32\WSOCK32.dll
0x00007fffb0430000 - 0x00007fffb04dc000 	C:\WINDOWS\System32\bcryptPrimitives.dll
0x00007fffade90000 - 0x00007fffadeab000 	C:\WINDOWS\SYSTEM32\kernel.appcore.dll
0x00007fffab990000 - 0x00007fffaba39000 	C:\WINDOWS\system32\uxtheme.dll
0x00007fffae440000 - 0x00007fffae4ac000 	C:\WINDOWS\system32\mswsock.dll
0x00007fff215f0000 - 0x00007fff21774000 	C:\WINDOWS\SYSTEM32\vulkan-1.dll
0x00007fffaf670000 - 0x00007fffaf6c1000 	C:\WINDOWS\SYSTEM32\CFGMGR32.dll
0x00007fffabae0000 - 0x00007fffabc1a000 	C:\WINDOWS\system32\dxgi.dll
0x00007fffaf230000 - 0x00007fffaf28e000 	C:\WINDOWS\SYSTEM32\powrprof.dll
0x00007fffaf100000 - 0x00007fffaf114000 	C:\WINDOWS\SYSTEM32\UMPDC.dll
0x00007fff8b470000 - 0x00007fff8b48d000 	C:\WINDOWS\SYSTEM32\windows.staterepositorycore.dll
0x00007fffabfd0000 - 0x00007fffac014000 	C:\WINDOWS\SYSTEM32\dxcore.dll
0x00007fffa3a80000 - 0x00007fffa3adf000 	C:\WINDOWS\SYSTEM32\directxdatabasehelper.dll
0x00007fff1e7e0000 - 0x00007fff1f337000 	C:\Program Files\WindowsApps\Microsoft.D3DMappingLayers_1.2605.1.0_x64__8wekyb3d8bbwe\x64\vulkan_dzn.dll
0x00007fffa3a40000 - 0x00007fffa3a4b000 	C:\WINDOWS\SYSTEM32\VERSION.dll
0x00007fff23ee0000 - 0x00007fff26acb000 	C:\WINDOWS\System32\DriverStore\FileRepository\nvacegpu.inf_amd64_0af8f5d55a9e9293\nvoglv64.dll
0x00007fffb20d0000 - 0x00007fffb2557000 	C:\WINDOWS\System32\SETUPAPI.dll
0x00007fffac690000 - 0x00007fffac6ba000 	C:\WINDOWS\SYSTEM32\WTSAPI32.dll
0x00007fffae130000 - 0x00007fffae17a000 	C:\WINDOWS\SYSTEM32\SspiCli.dll
0x00007fffae9e0000 - 0x00007fffae9f3000 	C:\WINDOWS\SYSTEM32\msasn1.dll
0x00007fffabd70000 - 0x00007fffabdad000 	C:\WINDOWS\SYSTEM32\cryptnet.dll
0x00007fffae730000 - 0x00007fffae8a8000 	C:\WINDOWS\SYSTEM32\drvstore.dll
0x00007fffaf630000 - 0x00007fffaf65f000 	C:\WINDOWS\SYSTEM32\devobj.dll
0x00007fffae8b0000 - 0x00007fffae91a000 	C:\WINDOWS\SYSTEM32\wldp.dll
0x00007fffae940000 - 0x00007fffae94c000 	C:\WINDOWS\SYSTEM32\cryptbase.dll
0x00007fffb00e0000 - 0x00007fffb0163000 	C:\WINDOWS\System32\wintrust.dll
0x00007fffb2700000 - 0x00007fffb2720000 	C:\WINDOWS\System32\imagehlp.dll
0x00007fffaf610000 - 0x00007fffaf62b000 	C:\WINDOWS\SYSTEM32\CRYPTSP.dll
0x00007fffadfb0000 - 0x00007fffadfe9000 	C:\WINDOWS\system32\rsaenh.dll
0x00007fffae4b0000 - 0x00007fffae4e0000 	C:\WINDOWS\SYSTEM32\gpapi.dll
0x00007fffaf910000 - 0x00007fffaf939000 	C:\WINDOWS\SYSTEM32\profapi.dll
0x00007fff15e50000 - 0x00007fff1803b000 	C:\WINDOWS\System32\DriverStore\FileRepository\nvacegpu.inf_amd64_0af8f5d55a9e9293\nvgpucomp64.dll
0x00007fffaf1f0000 - 0x00007fffaf226000 	C:\WINDOWS\SYSTEM32\ntmarta.dll
0x00007ffed4140000 - 0x00007ffed5970000 	C:\WINDOWS\System32\DriverStore\FileRepository\iigd_dch.inf_amd64_438afae43f7267c8\igvk64.dll
0x00007fff9caf0000 - 0x00007fff9d09a000 	C:\WINDOWS\System32\DriverStore\FileRepository\iigd_dch.inf_amd64_438afae43f7267c8\igdgmm64.dll
0x00007fff97810000 - 0x00007fff9c9b7000 	C:\WINDOWS\System32\DriverStore\FileRepository\iigd_dch.inf_amd64_438afae43f7267c8\igc64.dll
0x00007fffb0cd0000 - 0x00007fffb0d7e000 	C:\WINDOWS\System32\clbcatq.dll
0x00007fffaa5c0000 - 0x00007fffaa72a000 	C:\Windows\System32\WinTypes.dll
0x00007fff8ad00000 - 0x00007fff8ad39000 	C:\WINDOWS\SYSTEM32\rometadata.dll
0x00007fff20930000 - 0x00007fff20a9a000 	C:\Program Files\WindowsApps\Microsoft.D3DMappingLayers_1.2605.1.0_x64__8wekyb3d8bbwe\x64\DXIL.dll
0x00007fff74de0000 - 0x00007fff74e03000 	C:\WINDOWS\SYSTEM32\d3d12.dll
0x00007fff1c380000 - 0x00007fff1c6d7000 	C:\WINDOWS\SYSTEM32\D3D12Core.dll
0x00007fffacae0000 - 0x00007fffad366000 	C:\WINDOWS\SYSTEM32\windows.storage.dll
0x00007fff0ab80000 - 0x00007fff0ae51000 	C:\WINDOWS\system32\nvspcap64.dll
0x00007ffeff720000 - 0x00007ffeff76d000 	C:\WINDOWS\SYSTEM32\ControlLib.dll
0x00007fff68670000 - 0x00007fff6871c000 	C:\WINDOWS\System32\DriverStore\FileRepository\iigd_dch.inf_amd64_438afae43f7267c8\IntelControlLib.dll
0x00007fff204b0000 - 0x00007fff20611000 	C:\WINDOWS\System32\DriverStore\FileRepository\iigd_dch.inf_amd64_438afae43f7267c8\igvkMedia64.dll
0x00007fff7ea00000 - 0x00007fff7ff76000 	C:\WINDOWS\System32\DriverStore\FileRepository\iigd_dch.inf_amd64_438afae43f7267c8\igddxvacommon64.dll
0x00007fff7c7c0000 - 0x00007fff7e840000 	C:\WINDOWS\System32\DriverStore\FileRepository\iigd_dch.inf_amd64_438afae43f7267c8\media_bin_64.dll
0x00007fff270f0000 - 0x00007fff271ac000 	C:\WINDOWS\System32\DriverStore\FileRepository\nvacegpu.inf_amd64_0af8f5d55a9e9293\nvldumdx.dll
0x00007ffea50d0000 - 0x00007ffeaa4e0000 	C:\WINDOWS\System32\DriverStore\FileRepository\nvacegpu.inf_amd64_0af8f5d55a9e9293\nvwgf2umx.dll
0x00007fff8eb50000 - 0x00007fff8f287000 	C:\WINDOWS\System32\DriverStore\FileRepository\nvacegpu.inf_amd64_0af8f5d55a9e9293\Display.NvContainer\MessageBus.dll
0x00007fffb0630000 - 0x00007fffb063a000 	C:\WINDOWS\System32\NSI.dll
0x00007fffa69e0000 - 0x00007fffa6a05000 	C:\WINDOWS\SYSTEM32\dhcpcsvc.DLL
0x00007fff1e580000 - 0x00007fff1e660000 	C:\WINDOWS\SYSTEM32\D3DSCache.dll
0x00007fffae4f0000 - 0x00007fffae523000 	C:\WINDOWS\SYSTEM32\USERENV.dll
0x00007fffa90b0000 - 0x00007fffa92d2000 	C:\WINDOWS\SYSTEM32\DComp.DLL
0x00007fffa7cb0000 - 0x00007fffa7cc9000 	C:\WINDOWS\SYSTEM32\Microsoft.Internal.WarpPal.dll
0x00007fff77630000 - 0x00007fff7768c000 	C:\WINDOWS\System32\DriverStore\FileRepository\iigd_dch.inf_amd64_438afae43f7267c8\igd12umd64.dll
0x00007ffeaabe0000 - 0x00007ffeaccc1000 	C:\WINDOWS\System32\DriverStore\FileRepository\iigd_dch.inf_amd64_438afae43f7267c8\igd12um64xel.dll
0x00007fff6a000000 - 0x00007fff6a083000 	C:\WINDOWS\System32\DriverStore\FileRepository\iigd_dch.inf_amd64_438afae43f7267c8\igdext64.dll
0x00007fff1c020000 - 0x00007fff1c375000 	C:\WINDOWS\System32\DriverStore\FileRepository\iigd_dch.inf_amd64_438afae43f7267c8\igd12dxva64.dll
0x00007fff7c100000 - 0x00007fff7c128000 	C:\WINDOWS\System32\DriverStore\FileRepository\iigd_dch.inf_amd64_438afae43f7267c8\igdinfo64.dll
0x00007fff5c300000 - 0x00007fff5c8ae000 	C:\WINDOWS\SYSTEM32\d3d10warp.dll
0x00007fffb0b70000 - 0x00007fffb0ccd000 	C:\WINDOWS\System32\MSCTF.dll
0x00007fffab290000 - 0x00007fffab396000 	C:\WINDOWS\SYSTEM32\PROPSYS.dll
0x00007fffad390000 - 0x00007fffad39f000 	C:\WINDOWS\SYSTEM32\hid.dll
0x00007fff974f0000 - 0x00007fff9750b000 	C:\WINDOWS\SYSTEM32\XInput1_4.dll
0x00007fff81100000 - 0x00007fff812e4000 	C:\WINDOWS\SYSTEM32\inputhost.dll
0x00007fffa9490000 - 0x00007fffa95b6000 	C:\WINDOWS\SYSTEM32\CoreMessaging.dll
0x00007fff78540000 - 0x00007fff7858b000 	C:\Windows\System32\dinput8.dll
0x00007fff84280000 - 0x00007fff843c7000 	C:\WINDOWS\SYSTEM32\textinputframework.dll
0x00007fff77aa0000 - 0x00007fff77b47000 	C:\WINDOWS\System32\DriverStore\FileRepository\nvacegpu.inf_amd64_0af8f5d55a9e9293\NvCamera\NvCameraAllowlisting64.dll
0x00007fff8a380000 - 0x00007fff8a40f000 	C:\Windows\System32\DispBroker.dll
0x00007fff9d770000 - 0x00007fff9df12000 	C:\WINDOWS\SYSTEM32\nvapi64.dll
0x00007fffa6a10000 - 0x00007fffa6ab4000 	C:\WINDOWS\System32\MMDevApi.dll
0x00007fff8a150000 - 0x00007fff8a307000 	C:\WINDOWS\SYSTEM32\AUDIOSES.DLL
0x00007fffac950000 - 0x00007fffac964000 	C:\WINDOWS\SYSTEM32\resourcepolicyclient.dll
0x00007fff1e6d0000 - 0x00007fff1e7dc000 	C:\WINDOWS\SYSTEM32\opengl32.dll
0x00007fff79060000 - 0x00007fff7908d000 	C:\WINDOWS\SYSTEM32\GLU32.dll
0x00007ffed39e0000 - 0x00007ffed4135000 	C:\WINDOWS\System32\DriverStore\FileRepository\nvacegpu.inf_amd64_0af8f5d55a9e9293\nvppex.dll
0x00007fffad7c0000 - 0x00007fffad822000 	C:\WINDOWS\SYSTEM32\WINSTA.dll
0x00007fffa8030000 - 0x00007fffa8290000 	C:\WINDOWS\system32\d3d11.dll
0x00007fff9f430000 - 0x00007fff9f6c3000 	C:\WINDOWS\System32\DriverStore\FileRepository\iigd_dch.inf_amd64_438afae43f7267c8\igd10iumd64.dll
0x00007fffab440000 - 0x00007fffab4e0000 	C:\WINDOWS\SYSTEM32\apphelp.dll
0x00007fff9e310000 - 0x00007fff9f423000 	C:\WINDOWS\System32\DriverStore\FileRepository\iigd_dch.inf_amd64_438afae43f7267c8\igd10um64xe.DLL
0x00007ffed2cc0000 - 0x00007ffed39dd000 	C:\Program Files\Java\jdk-21\bin\server\jvm.dll
0x00007fff95020000 - 0x00007fff9503e000 	C:\WINDOWS\SYSTEM32\VCRUNTIME140.dll
0x00007fff94e80000 - 0x00007fff94e8c000 	C:\WINDOWS\SYSTEM32\VCRUNTIME140_1.dll
0x00007fff8d670000 - 0x00007fff8d67a000 	C:\Program Files\Java\jdk-21\bin\jimage.dll
0x00007fffaf120000 - 0x00007fffaf15b000 	C:\WINDOWS\SYSTEM32\dbgcore.DLL
0x00007fff78bf0000 - 0x00007fff78c0f000 	C:\Program Files\Java\jdk-21\bin\java.dll
0x00007ffefb4d0000 - 0x00007ffefb5a7000 	C:\Program Files\Java\jdk-21\bin\jsvml.dll
0x00007fff79050000 - 0x00007fff79060000 	C:\Program Files\Java\jdk-21\bin\net.dll
0x00007fffa6810000 - 0x00007fffa6939000 	C:\WINDOWS\SYSTEM32\WINHTTP.dll
0x00007fff78bd0000 - 0x00007fff78be6000 	C:\Program Files\Java\jdk-21\bin\nio.dll
0x00007fff78a80000 - 0x00007fff78a98000 	C:\Program Files\Java\jdk-21\bin\zip.dll
0x00007fff68c10000 - 0x00007fff68c6c000 	C:\WINDOWS\system32\dataexchange.dll

dbghelp: loaded successfully - version: 4.0.5 - missing functions: none
symbol engine: initialized successfully - sym options: 0x614 - pdb path: .;D:\Godot;C:\WINDOWS\SYSTEM32;C:\Program Files\WindowsApps\Microsoft.D3DMappingLayers_1.2605.1.0_x64__8wekyb3d8bbwe\x64;C:\WINDOWS\System32\DriverStore\FileRepository\nvacegpu.inf_amd64_0af8f5d55a9e9293;C:\WINDOWS\System32\DriverStore\FileRepository\iigd_dch.inf_amd64_438afae43f7267c8;C:\WINDOWS\System32\DriverStore\FileRepository\nvacegpu.inf_amd64_0af8f5d55a9e9293\Display.NvContainer;C:\WINDOWS\System32\DriverStore\FileRepository\nvacegpu.inf_amd64_0af8f5d55a9e9293\NvCamera;C:\Program Files\Java\jdk-21\bin\server;C:\Program Files\Java\jdk-21\bin

VM Arguments:
java_command: <unknown>
java_class_path (initial): <not set>
Launcher Type: generic

[Global flags]
     intx CICompilerCount                          = 12                                        {product} {ergonomic}
     uint ConcGCThreads                            = 3                                         {product} {ergonomic}
     uint G1ConcRefinementThreads                  = 13                                        {product} {ergonomic}
   size_t G1HeapRegionSize                         = 2097152                                   {product} {ergonomic}
    uintx GCDrainStackTargetSize                   = 64                                        {product} {ergonomic}
   size_t InitialHeapSize                          = 264241152                                 {product} {ergonomic}
   size_t MarkStackSize                            = 4194304                                   {product} {ergonomic}
   size_t MaxHeapSize                              = 4217372672                                {product} {ergonomic}
   size_t MaxNewSize                               = 2529165312                                {product} {ergonomic}
   size_t MinHeapDeltaBytes                        = 2097152                                   {product} {ergonomic}
   size_t MinHeapSize                              = 8388608                                   {product} {ergonomic}
    uintx NonNMethodCodeHeapSize                   = 7602480                                {pd product} {ergonomic}
    uintx NonProfiledCodeHeapSize                  = 122027880                              {pd product} {ergonomic}
    uintx ProfiledCodeHeapSize                     = 122027880                              {pd product} {ergonomic}
    uintx ReservedCodeCacheSize                    = 251658240                              {pd product} {ergonomic}
     bool SegmentedCodeCache                       = true                                      {product} {ergonomic}
   size_t SoftMaxHeapSize                          = 4217372672                             {manageable} {ergonomic}
     bool UseCompressedOops                        = true                           {product lp64_product} {ergonomic}
     bool UseG1GC                                  = true                                      {product} {ergonomic}
     bool UseLargePagesIndividualAllocation        = false                                  {pd product} {ergonomic}

Logging:
Log output configuration:
 #0: stdout all=warning uptime,level,tags foldmultilines=false
 #1: stderr all=off uptime,level,tags foldmultilines=false

Environment Variables:
JAVA_HOME=C:\Program Files\Java\jdk-21
PATH=C:\Program Files\Eclipse Adoptium\jdk-25.0.2.10-hotspot\bin;C:\Program Files\Common Files\Oracle\Java\javapath;C:\MinGW\bin;C:\Windows;C:\Windows\System32\Wbem;C:\Windows\System32\WindowsPowerShell\v1.0\;C:\Windows\System32\OpenSSH\;C:\Program Files (x86)\NVIDIA Corporation\PhysX\Common;C:\Program Files\NVIDIA Corporation\NVIDIA NvDLISR;C:\Program Files\Microsoft SQL Server\150\Tools\Binn\;C:\Program Files\Microsoft SQL Server\Client SDK\ODBC\170\Tools\Binn\;C:\Program Files\dotnet\;C:\Program Files (x86)\Windows Kits\10\Windows Performance Toolkit\;C:\Users\ADMIN\Downloads\winlibs-x86_64-posix-seh-gcc-12.1.0-mingw-w64msvcrt-10.0.0-r3.zip\mingw64\bin;C:\Program Files\nodejs\;C:\ProgramData\chocolatey\bin;C:\WINDOWS\system32;C:\WINDOWS;C:\WINDOWS\System32\Wbem;C:\WINDOWS\System32\WindowsPowerShell\v1.0\;C:\WINDOWS\System32\OpenSSH\;D:\Git\cmd;C:\Program Files\Java\jdk-21\bin;C:\Program Files (x86)\Microsoft SQL Server\170\Tools\Binn\;C:\Program Files\Microsoft SQL Server\170\Tools\Binn\;C:\Program Files\Microsoft SQL Server\Client SDK\ODBC\180\Tools\Binn\;C:\Program Files\Microsoft SQL Server\170\DTS\Binn\;C:\Program Files (x86)\Microsoft SQL Server\160\DTS\Binn\;C:\Users\ADMIN\AppData\Local\Microsoft\WindowsApps;C:\Users\ADMIN\.dotnet\tools;C:\TDM-GCC-64\bin;C:\Microsoft VS Code\bin;C:\Users\ADMIN\AppData\Roaming\npm;C:\Git\bin;C:\Users\ADMIN\anaconda3\Lib\site-packages\pyarrow\src\arrow\python;C:\Users\ADMIN\AppData\Local\Programs\Microsoft VS Code\bin;D:\Antigravity\bin;C:\Users\ADMIN\AppData\Local\Programs\Antigravity IDE\bin;D:\Antigravity IDE\bin
USERNAME=ADMIN
OS=Windows_NT
PROCESSOR_IDENTIFIER=Intel64 Family 6 Model 186 Stepping 2, GenuineIntel
TMP=C:\Users\ADMIN\AppData\Local\Temp
TEMP=C:\Users\ADMIN\AppData\Local\Temp




Periodic native trim disabled

---------------  S Y S T E M  ---------------

OS:
 Windows 11 , 64 bit Build 26100 (10.0.26100.8553)
OS uptime: 0 days 13:14 hours
Hyper-V role detected

CPU: total 16 (initial active 16) (8 cores per cpu, 2 threads per core) family 6 model 186 stepping 2 microcode 0x5105, cx8, cmov, fxsr, ht, mmx, 3dnowpref, sse, sse2, sse3, ssse3, sse4.1, sse4.2, popcnt, lzcnt, tsc, tscinvbit, avx, avx2, aes, erms, clmul, bmi1, bmi2, adx, sha, fma, vzeroupper, clflush, clflushopt, clwb, hv, serialize, rdtscp, rdpid, fsrm, f16c, cet_ibt, cet_ss
Processor Information for processor 0
  Max Mhz: 2400, Current Mhz: 1520, Mhz Limit: 2400
Processor Information for processor 1
  Max Mhz: 2400, Current Mhz: 1520, Mhz Limit: 2400
Processor Information for processor 2
  Max Mhz: 2400, Current Mhz: 1520, Mhz Limit: 2400
Processor Information for processor 3
  Max Mhz: 2400, Current Mhz: 1520, Mhz Limit: 2400
Processor Information for processor 4
  Max Mhz: 2400, Current Mhz: 2400, Mhz Limit: 2400
Processor Information for processor 5
  Max Mhz: 2400, Current Mhz: 2400, Mhz Limit: 2400
Processor Information for processor 6
  Max Mhz: 2400, Current Mhz: 2400, Mhz Limit: 2400
Processor Information for processor 7
  Max Mhz: 2400, Current Mhz: 1520, Mhz Limit: 2400
Processor Information for processor 8
  Max Mhz: 2400, Current Mhz: 1520, Mhz Limit: 2400
Processor Information for processor 9
  Max Mhz: 2400, Current Mhz: 1520, Mhz Limit: 2400
Processor Information for processor 10
  Max Mhz: 2400, Current Mhz: 1520, Mhz Limit: 2400
Processor Information for processor 11
  Max Mhz: 2400, Current Mhz: 1520, Mhz Limit: 2400
Processor Information for processor 12
  Max Mhz: 2400, Current Mhz: 1466, Mhz Limit: 2400
Processor Information for processor 13
  Max Mhz: 2400, Current Mhz: 1466, Mhz Limit: 2400
Processor Information for processor 14
  Max Mhz: 2400, Current Mhz: 1466, Mhz Limit: 2400
Processor Information for processor 15
  Max Mhz: 2400, Current Mhz: 1466, Mhz Limit: 2400

Memory: 4k page, system-wide physical 16087M (2749M free)
TotalPageFile size 21228M (AvailPageFile size 1358M)
current process WorkingSet (physical memory assigned to process): 667M, peak: 667M
current process commit charge ("private bytes"): 1033M, peak: 1033M

vm_info: Java HotSpot(TM) 64-Bit Server VM (21.0.9+7-LTS-338) for windows-amd64 JRE (21.0.9+7-LTS-338), built on 2025-09-26T06:33:49Z by "mach5run" with MS VC++ 17.6 (VS2022)

END.
