#
# A fatal error has been detected by the Java Runtime Environment:
#
#  EXCEPTION_ACCESS_VIOLATION (0xc0000005) at pc=0x000000002e747069, pid=29132, tid=37032
#
# JRE version: OpenJDK Runtime Environment Temurin-21.0.10+7 (21.0.10+7) (build 21.0.10+7-LTS)
# Java VM: OpenJDK 64-Bit Server VM Temurin-21.0.10+7 (21.0.10+7-LTS, mixed mode, sharing, tiered, compressed oops, compressed class ptrs, g1 gc, windows-amd64)
# Problematic frame:
# C  [godot.windows.editor.x86_64.jvm.0.14.3.exe+0x3420607]  Node2D::get_global_position+0x187
#
# No core dump will be written. Minidumps are not enabled by default on client versions of Windows
#
# If you would like to submit a bug report, please visit:
#   https://github.com/adoptium/adoptium-support/issues
# The crash happened outside the Java Virtual Machine in native code.
# See problematic frame for where to report the bug.
#

---------------  S U M M A R Y ------------

Command Line: 

Host: Intel(R) Core(TM) Ultra 5 225H, 14 cores, 31G,  Windows 11 , 64 bit Build 26100 (10.0.26100.8328)
Time: Wed May 20 11:58:06 2026 SE Asia Standard Time elapsed time: 15.547181 seconds (0d 0h 0m 15s)

---------------  T H R E A D  ---------------

Current thread (0x0000021782fe3170):  JavaThread "main"             [_thread_in_native, id=37032, stack(0x0000009c2ee00000,0x0000009c2f600000) (8192K)]

Stack: [0x0000009c2ee00000,0x0000009c2f600000],  sp=0x0000009c2f5fe5c0,  free space=8185k
Native frames: (J=compiled Java code, j=interpreted, Vv=VM code, C=native code)
C  0x000000002e747069

Java frames: (J=compiled Java code, j=interpreted, Vv=VM code)
J 958  godot.internal.memory.TransferContext.icall(JJI)V (0 bytes) @ 0x00000217935471f8 [0x00000217935471a0+0x0000000000000058]
J 1347 c2 godot.api.Node2D.getGlobalPosition()Lgodot/core/Vector2; (54 bytes) @ 0x0000021793563744 [0x00000217935635e0+0x0000000000000164]
j  game.items.weapons.Weapon.getClosestTarget()Lgodot/api/Node2D;+40
J 1489 c1 game.items.weapons.Weapon._process(D)V (58 bytes) @ 0x000002178bcbc6b4 [0x000002178bcbc480+0x0000000000000234]
J 1487 c1 godot.entry.WeaponRegistrar$register$1$1$2.invoke(Ljava/lang/Object;Ljava/lang/Object;)Ljava/lang/Object; (19 bytes) @ 0x000002178bcbb084 [0x000002178bcbaa80+0x0000000000000604]
J 1400 c2 godot.core.KtFunction.invoke(Lgodot/core/KtObject;)V (79 bytes) @ 0x0000021793569974 [0x00000217935694a0+0x00000000000004d4]
v  ~StubRoutines::call_stub 0x0000021792f3100d

siginfo: EXCEPTION_ACCESS_VIOLATION (0xc0000005), data execution prevention violation at address 0x000000002e747069


Registers:
RAX=0x00007ff650cce758, RBX=0x0000021804664f60, RCX=0x0000021804664f60, RDX=0x0000009c2f5fe618
RSP=0x0000009c2f5fe5b8, RBP=0x0000009c2f5fe6c9, RSI=0x00000217eb829630, RDI=0x0000009c2f5fe6a0
R8 =0x0000000000000000, R9 =0x00007ff64bb90480, R10=0x00007ff878995cc6, R11=0x0000009c2f5fea48
R12=0x0000021804664f60, R13=0x00000217ff6a3840, R14=0x0000000000000000, R15=0x0000009c2f5fe788
RIP=0x000000002e747069, EFLAGS=0x0000000000010202

XMM[0]=0x0000000000000000 0x0000000000000000
XMM[1]=0x0000000000000000 0x0000000042a5cbf8
XMM[2]=0x0000000000000000 0x000000003dd47e90
XMM[3]=0x0000000000000000 0x00000000bdd47e90
XMM[4]=0x0000000000000000 0x00000000bf174933
XMM[5]=0x0000000000000000 0x0000000000000000
XMM[6]=0x0000000000000000 0x3f81111111111111
XMM[7]=0x0000000000000000 0x0000000000000000
XMM[8]=0x0000000000000000 0x3f91111111111111
XMM[9]=0x0000000000000000 0x3ff0000000000000
XMM[10]=0x0000000000000000 0x3f81111111111111
XMM[11]=0x0000000000000000 0x0000000000000000
XMM[12]=0x0000000000000000 0x0000000000000000
XMM[13]=0x0000000000000000 0x0000000000000000
XMM[14]=0x0000000000000000 0x0000000000000000
XMM[15]=0x0000000000000000 0x0000000000000000
  MXCSR=0x00001fa5


Register to memory mapping:

RAX=0x00007ff650cce758 godot.windows.editor.x86_64.jvm.0.14.3.exe::Object::`vftable' + 0x0
RBX=0x0000021804664f60 points into unknown readable memory: 0x000028600000794d | 4d 79 00 00 60 28 00 00
RCX=0x0000021804664f60 points into unknown readable memory: 0x000028600000794d | 4d 79 00 00 60 28 00 00
RDX=0x0000009c2f5fe618 is pointing into the stack for thread: 0x0000021782fe3170
RSP=0x0000009c2f5fe5b8 is pointing into the stack for thread: 0x0000021782fe3170
RBP=0x0000009c2f5fe6c9 is pointing into the stack for thread: 0x0000021782fe3170
RSI=0x00000217eb829630 points into unknown readable memory: 0x0000000000000000 | 00 00 00 00 00 00 00 00
RDI=0x0000009c2f5fe6a0 is pointing into the stack for thread: 0x0000021782fe3170
R8 =0x0 is null
R9 =0x00007ff64bb90480 godot.windows.editor.x86_64.jvm.0.14.3.exe::Node2D::get_global_position + 0x0
R10=0x00007ff878995cc6 jvm.dll
R11=0x0000009c2f5fea48 is pointing into the stack for thread: 0x0000021782fe3170
R12=0x0000021804664f60 points into unknown readable memory: 0x000028600000794d | 4d 79 00 00 60 28 00 00
R13=0x00000217ff6a3840 points into unknown readable memory: 0x00007ff65076f998 | 98 f9 76 50 f6 7f 00 00
R14=0x0 is null
R15=0x0000009c2f5fe788 is pointing into the stack for thread: 0x0000021782fe3170

Top of Stack: (sp=0x0000009c2f5fe5b8)
0x0000009c2f5fe5b8:   00007ff64bb90607 0000021782c94220
0x0000009c2f5fe5c8:   0000000000000000 00000218048a8b90
0x0000009c2f5fe5d8:   0000021782fe3530 0000021700000000
0x0000009c2f5fe5e8:   0000000000000000 0000000000000000
0x0000009c2f5fe5f8:   0000009c00000000 0000000000000000
0x0000009c2f5fe608:   0000000000000000 0000021700000000
0x0000009c2f5fe618:   bdd47e90bf174933 bf1749333dd47e90
0x0000009c2f5fe628:   42a5cbf84409dd37 00007f35cbbc412d
0x0000009c2f5fe638:   00007ff648770000 0000009c2f5fe7a0
0x0000009c2f5fe648:   00007ff64bb8ff02 00000217ff6a14c0
0x0000009c2f5fe658:   00000217eb82a800 00007ff64e144498
0x0000009c2f5fe668:   0000000000000000 42b7cbf84409dd37
0x0000009c2f5fe678:   00000217eb829c00 0000000000000002
0x0000009c2f5fe688:   00000217eb829c00 00007ff600000000
0x0000009c2f5fe698:   0000000000000000 42a5cbf84409dd37
0x0000009c2f5fe6a8:   00000217ff6a0ac0 0000009c2f5fe7c0
0x0000009c2f5fe6b8:   00007ff600000000 0000009c2f5fe7a0
0x0000009c2f5fe6c8:   00007ff6495bdc77 00007f35cbbc42bd
0x0000009c2f5fe6d8:   0000000000000000 00000000000001c0
0x0000009c2f5fe6e8:   00007ff648770000 0000000000000000
0x0000009c2f5fe6f8:   0000000000000000 00000217ff6a3840
0x0000009c2f5fe708:   00000217eb82a800 0000009c2f5fe820
0x0000009c2f5fe718:   00007ff6495c0a38 00000006086f76d0
0x0000009c2f5fe728:   0000000000002554 0000000000000000
0x0000009c2f5fe738:   00000217eb829c00 0000021800000000
0x0000009c2f5fe748:   0000009c2f5fe788 0000000000000000
0x0000009c2f5fe758:   0000021700000000 0000000000000000
0x0000009c2f5fe768:   0000000000000000 0000000000000000
0x0000009c2f5fe778:   00000217ff6a3840 0000021804664f60
0x0000009c2f5fe788:   0000000000000000 0000009c00000000
0x0000009c2f5fe798:   0000021782fe3530 0000000000000000
0x0000009c2f5fe7a8:   0000000000000000 0000000000000000 

Instructions: (pc=0x00007ff64bb90607)
0x00007ff64bb90507:   44 24 60 80 00 00 00 48 8d 05 0b 53 ac 04 33 f6
0x00007ff64bb90517:   48 8d 54 24 58 48 89 44 24 58 48 8d 4c 24 40 48
0x00007ff64bb90527:   89 74 24 40 e8 70 a5 a4 01 4c 8b c3 48 8d 54 24
0x00007ff64bb90537:   40 48 8d 4c 24 48 e8 3e 99 bf fc 89 74 24 30 4c
0x00007ff64bb90547:   8d 0d 03 2b b5 04 40 88 74 24 28 48 8d 15 2f ee
0x00007ff64bb90557:   bd 04 41 b8 22 01 00 00 48 89 44 24 20 48 8d 0d
0x00007ff64bb90567:   fd ef bd 04 e8 80 33 a4 01 48 8d 4c 24 48 e8 86
0x00007ff64bb90577:   8e bf fc 48 8b 44 24 40 48 85 c0 74 6d 48 8d 48
0x00007ff64bb90587:   f0 8b d6 48 0f 45 d1 48 c7 c0 ff ff ff ff f0 48
0x00007ff64bb90597:   0f c1 02 48 83 f8 01 75 51 48 8b 4c 24 40 33 d2
0x00007ff64bb905a7:   48 83 c1 f0 48 89 74 24 40 e8 7b 43 a4 01 48 39
0x00007ff64bb905b7:   74 24 40 74 35 89 74 24 30 48 8d 05 09 30 5b 02
0x00007ff64bb905c7:   40 88 74 24 28 4c 8d 0d 45 30 5b 02 41 b8 0e 01
0x00007ff64bb905d7:   00 00 48 89 44 24 20 48 8d 15 eb 2e 5b 02 48 8d
0x00007ff64bb905e7:   0d 54 30 5b 02 e8 3f 30 a4 01 48 89 37 eb 18 48
0x00007ff64bb905f7:   8b 03 48 8d 54 24 58 48 8b cb ff 90 b8 02 00 00
0x00007ff64bb90607:   48 8b 40 10 48 89 07 48 8b c7 48 8b 4c 24 70 48
0x00007ff64bb90617:   33 cc e8 c2 f2 50 02 4c 8d 9c 24 80 00 00 00 49
0x00007ff64bb90627:   8b 5b 20 49 8b 73 28 49 8b e3 5f c3 cc cc cc cc
0x00007ff64bb90637:   cc cc cc cc cc cc cc cc cc 48 89 5c 24 10 57 48
0x00007ff64bb90647:   81 ec 80 00 00 00 48 8b 05 ac 8e a7 05 48 33 c4
0x00007ff64bb90657:   48 89 44 24 70 65 48 8b 04 25 58 00 00 00 48 8b
0x00007ff64bb90667:   d9 8b 0d 5a 24 e1 05 48 8b 3c c8 b8 1c 19 00 00
0x00007ff64bb90677:   80 3c 38 00 75 05 e8 4e f3 50 02 b8 f0 12 00 00
0x00007ff64bb90687:   48 83 3c 38 00 0f 85 1c 01 00 00 e8 f9 15 cc 01
0x00007ff64bb90697:   84 c0 0f 85 0f 01 00 00 48 83 bb 48 02 00 00 00
0x00007ff64bb906a7:   0f 84 01 01 00 00 48 8d 54 24 50 48 8b cb e8 b6
0x00007ff64bb906b7:   e2 55 ff 48 8b d8 48 c7 44 24 60 80 00 00 00 48
0x00007ff64bb906c7:   8d 05 53 51 ac 04 33 ff 48 8d 54 24 58 48 89 44
0x00007ff64bb906d7:   24 58 48 8d 4c 24 40 48 89 7c 24 40 e8 b8 a3 a4
0x00007ff64bb906e7:   01 4c 8b c3 48 8d 54 24 40 48 8d 4c 24 48 e8 86
0x00007ff64bb906f7:   97 bf fc 89 7c 24 30 4c 8d 0d 3b df ac 04 40 88 


Stack slot to memory mapping:

stack at sp + 0 slots: 0x0000021782c94220 points into unknown readable memory: 0x00007ff6506acea8 | a8 ce 6a 50 f6 7f 00 00
stack at sp + 1 slots: 0x0 is null
stack at sp + 2 slots: 0x00000218048a8b90 points into unknown readable memory: 0x00007ff64ec0adf8 | f8 ad c0 4e f6 7f 00 00
stack at sp + 3 slots: 0x0000021782fe3530 points into unknown readable memory: 0x00007ff87892b840 | 40 b8 92 78 f8 7f 00 00
stack at sp + 4 slots: 0x0000021700000000 is an unknown value
stack at sp + 5 slots: 0x0 is null
stack at sp + 6 slots: 0x0 is null
stack at sp + 7 slots: 0x0000009c00000000 is an unknown value


Compiled method (n/a) 15625  958     n 0       godot.internal.memory.TransferContext::icall (native)
 total in heap  [0x0000021793547010,0x00000217935473c0] = 944
 relocation     [0x0000021793547170,0x00000217935471a0] = 48
 main code      [0x00000217935471a0,0x00000217935473b7] = 535
 stub code      [0x00000217935473b7,0x00000217935473b8] = 1
 oops           [0x00000217935473b8,0x00000217935473c0] = 8

[Constant Pool (empty)]

[MachCode]
[Entry Point]
  # {method} {0x000002180046c930} 'icall' '(JJI)V' in 'godot/internal/memory/TransferContext'
  # this:     rdx:rdx   = 'godot/internal/memory/TransferContext'
  # parm0:    r8:r8     = long
  # parm1:    r9:r9     = long
  # parm2:    rdi       = int
  #           [sp+0x70]  (sp of caller)
  0x00000217935471a0: 448b 5208 | 49bb 0000 | 00a9 1702 | 0000 4d03 | d349 3bc2 | 0f84 0600 

  0x00000217935471b8: ;   {runtime_call ic_miss_stub}
  0x00000217935471b8: 0000 e9c1 | 75a3 ff90 
[Verified Entry Point]
  0x00000217935471c0: 8984 2400 | 80ff ff55 | 488b ec48 | 83ec 6090 | 4181 7f20 | 0300 0000 

  0x00000217935471d8: ;   {runtime_call StubRoutines (final stubs)}
  0x00000217935471d8: 7405 e801 | f3a1 ff48 | 897c 2420 | 4889 5424 | 2848 83fa | 0048 8d54 | 2428 480f | 4454 2428 
  0x00000217935471f8: ;   {internal_word}
  0x00000217935471f8: c5f8 7749 | baf8 7154 | 9317 0200 | 004d 8997 | a803 0000 | 4989 a7a0 

  0x0000021793547210: ;   {external_word}
  0x0000021793547210: 0300 0049 | bac6 5c99 | 78f8 7f00 | 0041 803a | 000f 844e | 0000 0052 | 4150 4151 

  0x000002179354722c: ;   {metadata({method} {0x000002180046c930} 'icall' '(JJI)V' in 'godot/internal/memory/TransferContext')}
  0x000002179354722c: 48ba 28c9 | 4600 1802 | 0000 498b | cf48 83ec | 2040 f6c4 | 0f0f 8419 | 0000 0048 

  0x0000021793547248: ;   {runtime_call}
  0x0000021793547248: 83ec 0848 | b850 e142 | 78f8 7f00 | 00ff d048 | 83c4 08e9 | 0c00 0000 

  0x0000021793547260: ;   {runtime_call}
  0x0000021793547260: 48b8 50e1 | 4278 f87f | 0000 ffd0 | 4883 c420 | 4159 4158 | 5a49 8d8f | c003 0000 | 41c7 874c 
  0x0000021793547280: 0400 0004 

  0x0000021793547284: ;   {runtime_call TransferContext::icall}
  0x0000021793547284: 0000 0048 | b870 045c | 49f6 7f00 | 00ff d0c5 | f877 41c7 | 874c 0400 | 0005 0000 | 00f0 8344 
  0x00000217935472a4: 24c0 0049 | 3baf 5004 | 0000 0f87 | 0e00 0000 | 4183 bf48 | 0400 0000 | 0f84 2300 | 0000 c5f8 
  0x00000217935472c4: 7749 8bcf | 4c8b e448 | 83ec 2048 

  0x00000217935472d0: ;   {runtime_call}
  0x00000217935472d0: 83e4 f048 | b8d0 520e | 78f8 7f00 | 00ff d049 | 8be4 4d33 | e441 c787 | 4c04 0000 | 0800 0000 
  0x00000217935472f0: 4183 bfc8 | 0400 0002 | 0f84 9400 

  0x00000217935472fc: ;   {external_word}
  0x00000217935472fc: 0000 49ba | c65c 9978 | f87f 0000 | 4180 3a00 | 0f84 4400 

  0x0000021793547310: ;   {metadata({method} {0x000002180046c930} 'icall' '(JJI)V' in 'godot/internal/memory/TransferContext')}
  0x0000021793547310: 0000 48ba | 28c9 4600 | 1802 0000 | 498b cf48 | 83ec 2040 | f6c4 0f0f | 8419 0000 | 0048 83ec 
  0x0000021793547330: ;   {runtime_call}
  0x0000021793547330: 0848 b850 | e142 78f8 | 7f00 00ff | d048 83c4 | 08e9 0c00 

  0x0000021793547344: ;   {runtime_call}
  0x0000021793547344: 0000 48b8 | 50e1 4278 | f87f 0000 | ffd0 4883 | c420 49c7 | 87a0 0300 | 0000 0000 | 0049 c787 
  0x0000021793547364: a803 0000 | 0000 0000 | c5f8 7749 | 8b8f 3004 | 0000 c781 | 0001 0000 | 0000 0000 | c949 837f 
  0x0000021793547384: 0800 0f85 | 0100 0000 

  0x000002179354738c: ;   {runtime_call StubRoutines (initial stubs)}
  0x000002179354738c: c3e9 6e9b | 9eff c5f8 | 774c 8be4 | 4883 ec20 | 4883 e4f0 

  0x00000217935473a0: ;   {runtime_call}
  0x00000217935473a0: 48b8 a018 | 4378 f87f | 0000 ffd0 | 498b e44d | 33e4 e947 | ffff fff4 
[/MachCode]


Compiled method (c2) 15658 1347       4       godot.api.Node2D::getGlobalPosition (54 bytes)
 total in heap  [0x0000021793563390,0x0000021793564908] = 5496
 relocation     [0x00000217935634f0,0x00000217935635d8] = 232
 main code      [0x00000217935635e0,0x0000021793563d30] = 1872
 stub code      [0x0000021793563d30,0x0000021793563d78] = 72
 oops           [0x0000021793563d78,0x0000021793563db0] = 56
 metadata       [0x0000021793563db0,0x0000021793563f70] = 448
 scopes data    [0x0000021793563f70,0x00000217935645c8] = 1624
 scopes pcs     [0x00000217935645c8,0x00000217935647f8] = 560
 dependencies   [0x00000217935647f8,0x0000021793564830] = 56
 handler table  [0x0000021793564830,0x00000217935648c0] = 144
 nul chk table  [0x00000217935648c0,0x0000021793564908] = 72

[Constant Pool (empty)]

[MachCode]
[Entry Point]
  # {method} {0x0000021800719d30} 'getGlobalPosition' '()Lgodot/core/Vector2;' in 'godot/api/Node2D'
  #           [sp+0x50]  (sp of caller)
  0x00000217935635e0: 448b 5208 | 49bb 0000 | 00a9 1702 | 0000 4d03 | d349 3bc2 

  0x00000217935635f4: ;   {runtime_call ic_miss_stub}
  0x00000217935635f4: 0f85 86b1 | a1ff 6690 | 0f1f 4000 
[Verified Entry Point]
  0x0000021793563600: 8984 2400 | 80ff ff55 | 4883 ec40 | 4181 7f20 | 0300 0000 | 0f85 0c07 | 0000 4889 

  0x000002179356361c: ;   {oop(a 'kotlin/reflect/KProperty'[1] {0x0000000608400d48})}
  0x000002179356361c: 1424 49ba | 480d 4008 | 0600 0000 | 458b 5210 | 4585 d20f | 84e7 0400 

  0x0000021793563634: ;   {oop(a 'godot/common/util/ThreadLocalDelegate'{0x0000000608400d60})}
  0x0000021793563634: 0049 ba60 | 0d40 0806 | 0000 0041 | 8b6a 1045 | 8b54 ec08 

  0x0000021793563648: ;   {metadata('java/lang/ThreadLocal$SuppliedThreadLocal')}
  0x0000021793563648: 4181 fa70 | 4404 010f | 8554 0300 | 0049 8d1c | ec4d 8b97 | 8803 0000 | 4d8b 0a41 | 8b49 4c41 
  0x0000021793563668: 8b6c cc14 

  0x000002179356366c: ; implicit exception: dispatches to 0x0000021793563c44
  0x000002179356366c: 458b 44ec | 0c45 8d50 | ff44 2353 | 0c45 85c0 | 0f86 3a03 | 0000 4d8d | 1cec 478b | 5c93 1045 
  0x000002179356368c: 85db 0f84 | 7502 0000 | 438b 7cdc | 0c4c 8bc7 | 49c1 e003 | 4c3b c30f | 85bf 0300 | 004b 8d04 
  0x00000217935636ac: dc44 8b58 | 1c4d 8bd3 | 49c1 e203 

  0x00000217935636b8: ; implicit exception: dispatches to 0x0000021793563c58
  0x00000217935636b8: 458b 5a08 

  0x00000217935636bc: ;   {metadata('java/nio/DirectByteBuffer')}
  0x00000217935636bc: 4181 fb78 | e01b 000f | 8534 0500 | 0041 8b6a | 1c41 c742 | 0cff ffff | ff45 8962 | 1883 fd04 
  0x00000217935636dc: 0f8c 5604 | 0000 41c7 | 4218 0400 | 0000 458b | 5a24 498b | 4a10 4585 | db0f 85e9 | 0200 0041 
  0x00000217935636fc: 0fb6 6a2d | 85ed 0f85 | b403 0000 | 4c89 4c24 | 084c 8b14 | 244d 8b42 | 104c 8bd1 

  0x0000021793563718: ;   {oop(a 'godot/core/VariantParser$VECTOR2'{0x0000000608699f10})}
  0x0000021793563718: 4589 2249 | ba10 9f69 | 0806 0000 | 0041 8b7a | 1849 b940 | 386a ff17 

  0x0000021793563730: ;   {oop(a 'godot/internal/memory/TransferContext'{0x0000000608400ca0})}
  0x0000021793563730: 0200 0048 | baa0 0c40 | 0806 0000 

  0x000002179356373c: ;   {optimized virtual_call}
  0x000002179356373c: 0066 90e8 

  0x0000021793563740: ; ImmutableOopMap {[8]=Oop }
                      ;*invokespecial icall {reexecute=0 rethrow=0 return_oop=0}
                      ; - godot.internal.memory.TransferContext::callMethod@17 (line 79)
                      ; - godot.api.Node2D::getGlobalPosition@29 (line 476)
  0x0000021793563740: 7c3a feff 

  0x0000021793563744: ;   {other}
  0x0000021793563744: 0f1f 8400 | b403 0000 

  0x000002179356374c: ;   {oop(a 'kotlin/reflect/KProperty'[1] {0x0000000608400d48})}
  0x000002179356374c: 49ba 480d | 4008 0600 | 0000 418b | 6a10 85ed | 0f84 f203 

  0x0000021793563760: ;   {oop(a 'godot/common/util/ThreadLocalDelegate'{0x0000000608400d60})}
  0x0000021793563760: 0000 49ba | 600d 4008 | 0600 0000 | 458b 4210 

  0x0000021793563770: ; implicit exception: dispatches to 0x0000021793563c70
  0x0000021793563770: 478b 5cc4 

  0x0000021793563774: ;   {metadata('java/lang/ThreadLocal$SuppliedThreadLocal')}
  0x0000021793563774: 0841 81fb | 7044 0401 | 0f85 8e02 | 0000 4c8b | 5424 0841 | 8b4a 4c49 | c1e0 0341 | 8b6c cc14 
  0x0000021793563794: ; implicit exception: dispatches to 0x0000021793563c84
  0x0000021793563794: 458b 54ec | 0c45 8d5a | ff45 2358 | 0c45 85d2 | 0f86 7e02 | 0000 4d8d | 14ec 438b | 6c9a 1085 
  0x00000217935637b4: ed0f 8484 | 0100 0045 | 8b54 ec0c | 49c1 e203 | 4d3b d00f | 85cf 0200 | 0049 8d04 | ec44 8b50 
  0x00000217935637d4: 1c4d 8bc2 | 49c1 e003 

  0x00000217935637dc: ; implicit exception: dispatches to 0x0000021793563c98
  0x00000217935637dc: 458b 5008 

  0x00000217935637e0: ;   {metadata('java/nio/DirectByteBuffer')}
  0x00000217935637e0: 4181 fa78 | e01b 000f | 852b 0400 | 0045 8b50 | 1c44 8954 | 2418 41c7 | 400c ffff | ffff 4589 
  0x0000021793563800: 6018 4183 | fa04 0f8c | 5c03 0000 | 41c7 4018 | 0400 0000 | 458b 5824 | 4d8b 5010 | 4c89 5424 
  0x0000021793563820: 1045 85db | 0f85 1e02 | 0000 450f | b658 2d41 | 8b0a 4585 | db0f 85a5 

  0x0000021793563838: ;   {oop(a 'godot/core/VariantParser$VECTOR2'{0x0000000608699f10})}
  0x0000021793563838: 0200 0049 | ba10 9f69 | 0806 0000 | 0041 8b6a | 183b cd0f | 85b3 0200 | 0049 8b87 | b801 0000 
  0x0000021793563858: 4c8b d049 | 83c2 204d | 3b97 c801 | 0000 0f83 | 1801 0000 | 4d89 97b8 | 0100 0041 | 0f0d 8a00 
  0x0000021793563878: 0100 0048 | c700 0100 

  0x0000021793563880: ;   {metadata('godot/core/Vector2')}
  0x0000021793563880: 0000 c740 | 0808 9402 | 0144 8960 | 0c4c 8960 | 104c 8960 | 188b 6c24 | 1883 c5fc | 83fd 040f 
  0x00000217935638a0: 8cdf 0200 | 004c 8b54 | 2410 458b | 5204 41c7 | 4018 0800 | 0000 448b | 5c24 1841 | 83c3 f8c4 
  0x00000217935638c0: c179 6ec2 | c5fa 5ac0 | 4183 fb04 | 0f8c d602 | 0000 c5fb | 1140 1041 | c740 180c | 0000 004c 
  0x00000217935638e0: 8b54 2410 | 458b 5208 | c4c1 796e | cac5 fa5a | c1c5 fb11 | 4018 4883 

  0x00000217935638f8: ;   {poll_return}
  0x00000217935638f8: c440 5d49 | 3ba7 5004 | 0000 0f87 | 0804 0000 | c34c 894c | 2408 488b | eb49 8d14 | cc4c 8bc3 
  0x0000021793563918: 458b ca33 

  0x000002179356391c: ;   {optimized virtual_call}
  0x000002179356391c: ff66 90e8 

  0x0000021793563920: ; ImmutableOopMap {rbp=Oop [0]=Oop [8]=Oop }
                      ;*invokevirtual getEntryAfterMiss {reexecute=0 rethrow=0 return_oop=1}
                      ; - java.lang.ThreadLocal$ThreadLocalMap::getEntry@38 (line 504)
                      ; - java.lang.ThreadLocal::get@12 (line 187)
                      ; - java.lang.ThreadLocal::get@4 (line 172)
                      ; - godot.common.util.ThreadLocalDelegate::getValue@10 (line 7)
                      ; - godot.internal.memory.TransferContext::getBuffer@9 (line 28)
                      ; - godot.internal.memory.TransferContext::writeArguments@7 (line 34)
                      ; - godot.api.Node2D::getGlobalPosition@7 (line 475)
  0x0000021793563920: 5cb1 a1ff 

  0x0000021793563924: ;   {other}
  0x0000021793563924: 0f1f 8400 | 9405 0001 | 4885 c00f | 849f 0200 | 004c 8b4c | 2408 e96e | fdff ff49 | 8d14 cc45 
  0x0000021793563944: 8bcb 33ff | 4c89 4424 

  0x000002179356394c: ;   {optimized virtual_call}
  0x000002179356394c: 1066 90e8 

  0x0000021793563950: ; ImmutableOopMap {[8]=Oop [16]=Oop }
                      ;*invokevirtual getEntryAfterMiss {reexecute=0 rethrow=0 return_oop=1}
                      ; - java.lang.ThreadLocal$ThreadLocalMap::getEntry@38 (line 504)
                      ; - java.lang.ThreadLocal::get@12 (line 187)
                      ; - java.lang.ThreadLocal::get@4 (line 172)
                      ; - godot.common.util.ThreadLocalDelegate::getValue@10 (line 7)
                      ; - godot.internal.memory.TransferContext::getBuffer@9 (line 28)
                      ; - godot.internal.memory.TransferContext::readReturnValue@7 (line 73)
                      ; - godot.api.Node2D::getGlobalPosition@41 (line 477)
  0x0000021793563950: 2cb1 a1ff 

  0x0000021793563954: ;   {other}
  0x0000021793563954: 0f1f 8400 | c405 0002 | 4885 c00f | 856c feff | ff48 8b54 | 2410 4c8b 

  0x000002179356396c: ;   {optimized virtual_call}
  0x000002179356396c: 4424 08e8 

  0x0000021793563970: ; ImmutableOopMap {}
                      ;*invokevirtual setInitialValue {reexecute=0 rethrow=0 return_oop=1}
                      ; - java.lang.ThreadLocal::get@31 (line 194)
                      ; - java.lang.ThreadLocal::get@4 (line 172)
                      ; - godot.common.util.ThreadLocalDelegate::getValue@10 (line 7)
                      ; - godot.internal.memory.TransferContext::getBuffer@9 (line 28)
                      ; - godot.internal.memory.TransferContext::readReturnValue@7 (line 73)
                      ; - godot.api.Node2D::getGlobalPosition@41 (line 477)
  0x0000021793563970: 0cb1 a1ff 

  0x0000021793563974: ;   {other}
  0x0000021793563974: 0f1f 8400 | e405 0003 | 4c8b c0e9 | 58fe ffff 

  0x0000021793563984: ;   {metadata('godot/core/Vector2')}
  0x0000021793563984: 48ba 0894 | 02aa 1702 | 0000 4c89 

  0x0000021793563990: ;   {runtime_call _new_instance_Java}
  0x0000021793563990: 0424 90e8 

  0x0000021793563994: ; ImmutableOopMap {[0]=Oop }
                      ;*new {reexecute=0 rethrow=0 return_oop=1}
                      ; - godot.core.VariantKt::getVector2@0 (line 19)
                      ; - godot.core.VariantKt::access$getVector2@1 (line 1)
                      ; - godot.core.VariantParser$VECTOR2::toUnsafeKotlin@7 (line 176)
                      ; - godot.core.VariantParser$VECTOR2::toUnsafeKotlin@2 (line 175)
                      ; - godot.core.VariantParser::toKotlin@21 (line 479)
                      ; - godot.internal.memory.TransferContext::readReturnValue@20 (line 75)
                      ; - godot.api.Node2D::getGlobalPosition@41 (line 477)
  0x0000021793563994: 6801 aeff 

  0x0000021793563998: ;   {other}
  0x0000021793563998: 0f1f 8400 | 0806 0004 | 4c8b 0424 | e9ec feff | ffba deff 

  0x00000217935639ac: ;   {runtime_call UncommonTrapBlob}
  0x00000217935639ac: ffff 90e8 

  0x00000217935639b0: ; ImmutableOopMap {rbp=NarrowOop [0]=Oop }
                      ;*invokevirtual get {reexecute=0 rethrow=0 return_oop=0}
                      ; - godot.common.util.ThreadLocalDelegate::getValue@10 (line 7)
                      ; - godot.internal.memory.TransferContext::getBuffer@9 (line 28)
                      ; - godot.internal.memory.TransferContext::writeArguments@7 (line 34)
                      ; - godot.api.Node2D::getGlobalPosition@7 (line 475)
  0x00000217935639b0: cc09 a2ff 

  0x00000217935639b4: ;   {other}
  0x00000217935639b4: 0f1f 8400 | 2406 0005 | bae4 ffff | ff4c 894c | 2410 894c | 2418 4889 | 5c24 2044 | 8954 2428 
  0x00000217935639d4: ;   {runtime_call UncommonTrapBlob}
  0x00000217935639d4: 6666 90e8 

  0x00000217935639d8: ; ImmutableOopMap {rbp=NarrowOop [0]=Oop [16]=Oop [24]=NarrowOop [32]=Oop }
                      ;*aaload {reexecute=0 rethrow=0 return_oop=0}
                      ; - java.lang.ThreadLocal$ThreadLocalMap::getEntry@18 (line 500)
                      ; - java.lang.ThreadLocal::get@12 (line 187)
                      ; - java.lang.ThreadLocal::get@4 (line 172)
                      ; - godot.common.util.ThreadLocalDelegate::getValue@10 (line 7)
                      ; - godot.internal.memory.TransferContext::getBuffer@9 (line 28)
                      ; - godot.internal.memory.TransferContext::writeArguments@7 (line 34)
                      ; - godot.api.Node2D::getGlobalPosition@7 (line 475)
  0x00000217935639d8: a409 a2ff 

  0x00000217935639dc: ;   {other}
  0x00000217935639dc: 0f1f 8400 | 4c06 0006 | baec ffff | ff48 8b2c | 244c 8954 | 2408 4c89 | 5424 1048 | 894c 2418 
  0x00000217935639fc: 4489 5c24 

  0x0000021793563a00: ;   {runtime_call UncommonTrapBlob}
  0x0000021793563a00: 2866 90e8 

  0x0000021793563a04: ; ImmutableOopMap {rbp=Oop [8]=Oop [16]=Oop [40]=NarrowOop }
                      ;*ifnull {reexecute=1 rethrow=0 return_oop=0}
                      ; - (reexecute) java.nio.Buffer::session@4 (line 792)
                      ; - java.nio.DirectByteBuffer::putInt@7 (line 773)
                      ; - java.nio.DirectByteBuffer::putInt@11 (line 785)
                      ; - godot.internal.memory.TransferContext::writeArguments@21 (line 36)
                      ; - godot.api.Node2D::getGlobalPosition@7 (line 475)
  0x0000021793563a04: 7809 a2ff 

  0x0000021793563a08: ;   {other}
  0x0000021793563a08: 0f1f 8400 | 7806 0007 | bade ffff | ff41 8be8 

  0x0000021793563a18: ;   {runtime_call UncommonTrapBlob}
  0x0000021793563a18: 6666 90e8 

  0x0000021793563a1c: ; ImmutableOopMap {rbp=NarrowOop }
                      ;*invokevirtual get {reexecute=0 rethrow=0 return_oop=0}
                      ; - godot.common.util.ThreadLocalDelegate::getValue@10 (line 7)
                      ; - godot.internal.memory.TransferContext::getBuffer@9 (line 28)
                      ; - godot.internal.memory.TransferContext::readReturnValue@7 (line 73)
                      ; - godot.api.Node2D::getGlobalPosition@41 (line 477)
  0x0000021793563a1c: 6009 a2ff 

  0x0000021793563a20: ;   {other}
  0x0000021793563a20: 0f1f 8400 | 9006 0008 | bae4 ffff | ff89 4c24 | 104c 8944 | 2418 4489 

  0x0000021793563a38: ;   {runtime_call UncommonTrapBlob}
  0x0000021793563a38: 5c24 20e8 

  0x0000021793563a3c: ; ImmutableOopMap {rbp=NarrowOop [8]=Oop [16]=NarrowOop [24]=Oop }
                      ;*aaload {reexecute=0 rethrow=0 return_oop=0}
                      ; - java.lang.ThreadLocal$ThreadLocalMap::getEntry@18 (line 500)
                      ; - java.lang.ThreadLocal::get@12 (line 187)
                      ; - java.lang.ThreadLocal::get@4 (line 172)
                      ; - godot.common.util.ThreadLocalDelegate::getValue@10 (line 7)
                      ; - godot.internal.memory.TransferContext::getBuffer@9 (line 28)
                      ; - godot.internal.memory.TransferContext::readReturnValue@7 (line 73)
                      ; - godot.api.Node2D::getGlobalPosition@41 (line 477)
  0x0000021793563a3c: 4009 a2ff 

  0x0000021793563a40: ;   {other}
  0x0000021793563a40: 0f1f 8400 | b006 0009 | baec ffff | ff4c 8904 | 244c 8944 | 2408 4489 

  0x0000021793563a58: ;   {runtime_call UncommonTrapBlob}
  0x0000021793563a58: 5c24 20e8 

  0x0000021793563a5c: ; ImmutableOopMap {[0]=Oop [8]=Oop [32]=NarrowOop }
                      ;*ifnull {reexecute=1 rethrow=0 return_oop=0}
                      ; - (reexecute) java.nio.Buffer::session@4 (line 792)
                      ; - java.nio.DirectByteBuffer::getInt@4 (line 744)
                      ; - java.nio.DirectByteBuffer::getInt@10 (line 753)
                      ; - godot.core.VariantKt::getVariantType@1 (line 104)
                      ; - godot.core.VariantKt::access$getVariantType@1 (line 1)
                      ; - godot.core.VariantParser::toKotlin@7 (line 477)
                      ; - godot.internal.memory.TransferContext::readReturnValue@20 (line 75)
                      ; - godot.api.Node2D::getGlobalPosition@41 (line 477)
  0x0000021793563a5c: 2009 a2ff 

  0x0000021793563a60: ;   {other}
  0x0000021793563a60: 0f1f 8400 | d006 000a | ba45 ffff | ff33 ed4c | 3bc3 400f | 94c5 4c89 | 4c24 1089 | 4c24 1848 
  0x0000021793563a80: 895c 2420 | 4489 5424 | 1c44 895c 

  0x0000021793563a8c: ;   {runtime_call UncommonTrapBlob}
  0x0000021793563a8c: 2428 90e8 

  0x0000021793563a90: ; ImmutableOopMap {[0]=Oop [16]=Oop [24]=NarrowOop [32]=Oop [40]=NarrowOop }
                      ;*ifeq {reexecute=1 rethrow=0 return_oop=0}
                      ; - (reexecute) java.lang.ThreadLocal$ThreadLocalMap::getEntry@29 (line 501)
                      ; - java.lang.ThreadLocal::get@12 (line 187)
                      ; - java.lang.ThreadLocal::get@4 (line 172)
                      ; - godot.common.util.ThreadLocalDelegate::getValue@10 (line 7)
                      ; - godot.internal.memory.TransferContext::getBuffer@9 (line 28)
                      ; - godot.internal.memory.TransferContext::writeArguments@7 (line 34)
                      ; - godot.api.Node2D::getGlobalPosition@7 (line 475)
  0x0000021793563a90: ec08 a2ff 

  0x0000021793563a94: ;   {other}
  0x0000021793563a94: 0f1f 8400 | 0407 000b | ba45 ffff | ff89 4c24 | 104c 8944 | 2418 4489 

  0x0000021793563aac: ;   {runtime_call UncommonTrapBlob}
  0x0000021793563aac: 5c24 14e8 

  0x0000021793563ab0: ; ImmutableOopMap {rbp=NarrowOop [8]=Oop [16]=NarrowOop [24]=Oop }
                      ;*ifeq {reexecute=1 rethrow=0 return_oop=0}
                      ; - (reexecute) java.lang.ThreadLocal$ThreadLocalMap::getEntry@29 (line 501)
                      ; - java.lang.ThreadLocal::get@12 (line 187)
                      ; - java.lang.ThreadLocal::get@4 (line 172)
                      ; - godot.common.util.ThreadLocalDelegate::getValue@10 (line 7)
                      ; - godot.internal.memory.TransferContext::getBuffer@9 (line 28)
                      ; - godot.internal.memory.TransferContext::readReturnValue@7 (line 73)
                      ; - godot.api.Node2D::getGlobalPosition@41 (line 477)
  0x0000021793563ab0: cc08 a2ff 

  0x0000021793563ab4: ;   {other}
  0x0000021793563ab4: 0f1f 8400 | 2407 000c | ba45 ffff | ff4c 8954 | 2410 4c89 | 5424 1848 | 894c 2420 

  0x0000021793563ad0: ;   {runtime_call UncommonTrapBlob}
  0x0000021793563ad0: 6666 90e8 

  0x0000021793563ad4: ; ImmutableOopMap {[0]=Oop [16]=Oop [24]=Oop }
                      ;*if_icmpne {reexecute=1 rethrow=0 return_oop=0}
                      ; - (reexecute) jdk.internal.misc.Unsafe::convEndian@4 (line 3818)
                      ; - jdk.internal.misc.Unsafe::putIntUnaligned@7 (line 3698)
                      ; - jdk.internal.misc.ScopedMemoryAccess::putIntUnalignedInternal@17 (line 1930)
                      ; - jdk.internal.misc.ScopedMemoryAccess::putIntUnaligned@8 (line 1918)
                      ; - java.nio.DirectByteBuffer::putInt@18 (line 773)
                      ; - java.nio.DirectByteBuffer::putInt@11 (line 785)
                      ; - godot.internal.memory.TransferContext::writeArguments@21 (line 36)
                      ; - godot.api.Node2D::getGlobalPosition@7 (line 475)
  0x0000021793563ad4: a808 a2ff 

  0x0000021793563ad8: ;   {other}
  0x0000021793563ad8: 0f1f 8400 | 4807 000d | ba45 ffff | ff4c 8904 | 244c 8944 | 2408 894c | 2410 4489 

  0x0000021793563af4: ;   {runtime_call UncommonTrapBlob}
  0x0000021793563af4: 5c24 14e8 

  0x0000021793563af8: ; ImmutableOopMap {[0]=Oop [8]=Oop }
                      ;*if_icmpne {reexecute=1 rethrow=0 return_oop=0}
                      ; - (reexecute) jdk.internal.misc.Unsafe::convEndian@4 (line 3818)
                      ; - jdk.internal.misc.Unsafe::getIntUnaligned@8 (line 3575)
                      ; - jdk.internal.misc.ScopedMemoryAccess::getIntUnalignedInternal@15 (line 1909)
                      ; - jdk.internal.misc.ScopedMemoryAccess::getIntUnaligned@6 (line 1897)
                      ; - java.nio.DirectByteBuffer::getInt@13 (line 744)
                      ; - java.nio.DirectByteBuffer::getInt@10 (line 753)
                      ; - godot.core.VariantKt::getVariantType@1 (line 104)
                      ; - godot.core.VariantKt::access$getVariantType@1 (line 1)
                      ; - godot.core.VariantParser::toKotlin@7 (line 477)
                      ; - godot.internal.memory.TransferContext::readReturnValue@20 (line 75)
                      ; - godot.api.Node2D::getGlobalPosition@41 (line 477)
  0x0000021793563af8: 8408 a2ff 

  0x0000021793563afc: ;   {other}
  0x0000021793563afc: 0f1f 8400 | 6c07 000e | ba45 ffff | ff89 4c24 

  0x0000021793563b0c: ;   {runtime_call UncommonTrapBlob}
  0x0000021793563b0c: 0466 90e8 

  0x0000021793563b10: ; ImmutableOopMap {}
                      ;*if_icmpne {reexecute=1 rethrow=0 return_oop=0}
                      ; - (reexecute) godot.core.VariantParser::toKotlin@16 (line 478)
                      ; - godot.internal.memory.TransferContext::readReturnValue@20 (line 75)
                      ; - godot.api.Node2D::getGlobalPosition@41 (line 477)
  0x0000021793563b10: 6c08 a2ff 

  0x0000021793563b14: ;   {other}
  0x0000021793563b14: 0f1f 8400 | 8407 000f | ba45 ffff | ff48 8b2c | 2444 8914 

  0x0000021793563b28: ;   {runtime_call UncommonTrapBlob}
  0x0000021793563b28: 2466 90e8 

  0x0000021793563b2c: ; ImmutableOopMap {rbp=Oop [0]=NarrowOop }
                      ;*ifnonnull {reexecute=1 rethrow=0 return_oop=0}
                      ; - (reexecute) kotlin.jvm.internal.Intrinsics::checkNotNullParameter@1 (line 130)
                      ; - godot.common.util.ThreadLocalDelegate::getValue@3
                      ; - godot.internal.memory.TransferContext::getBuffer@9 (line 28)
                      ; - godot.internal.memory.TransferContext::writeArguments@7 (line 34)
                      ; - godot.api.Node2D::getGlobalPosition@7 (line 475)
  0x0000021793563b2c: 5008 a2ff 

  0x0000021793563b30: ;   {other}
  0x0000021793563b30: 0f1f 8400 | a007 0010 | ba45 ffff | ff4c 8954 | 2410 4c89 

  0x0000021793563b44: ;   {runtime_call UncommonTrapBlob}
  0x0000021793563b44: 5424 18e8 

  0x0000021793563b48: ; ImmutableOopMap {[0]=Oop [16]=Oop [24]=Oop }
                      ;*if_icmpge {reexecute=1 rethrow=0 return_oop=0}
                      ; - (reexecute) java.nio.Buffer::nextPutIndex@12 (line 743)
                      ; - java.nio.DirectByteBuffer::putInt@4 (line 785)
                      ; - godot.internal.memory.TransferContext::writeArguments@21 (line 36)
                      ; - godot.api.Node2D::getGlobalPosition@7 (line 475)
  0x0000021793563b48: 3408 a2ff 

  0x0000021793563b4c: ;   {other}
  0x0000021793563b4c: 0f1f 8400 | bc07 0011 | ba45 ffff 

  0x0000021793563b58: ;   {runtime_call UncommonTrapBlob}
  0x0000021793563b58: ff66 90e8 

  0x0000021793563b5c: ; ImmutableOopMap {rbp=NarrowOop }
                      ;*ifnonnull {reexecute=1 rethrow=0 return_oop=0}
                      ; - (reexecute) kotlin.jvm.internal.Intrinsics::checkNotNullParameter@1 (line 130)
                      ; - godot.common.util.ThreadLocalDelegate::getValue@3
                      ; - godot.internal.memory.TransferContext::getBuffer@9 (line 28)
                      ; - godot.internal.memory.TransferContext::readReturnValue@7 (line 73)
                      ; - godot.api.Node2D::getGlobalPosition@41 (line 477)
  0x0000021793563b5c: 2008 a2ff 

  0x0000021793563b60: ;   {other}
  0x0000021793563b60: 0f1f 8400 | d007 0012 | ba45 ffff | ff4c 8904 | 244c 8944 

  0x0000021793563b74: ;   {runtime_call UncommonTrapBlob}
  0x0000021793563b74: 2408 90e8 

  0x0000021793563b78: ; ImmutableOopMap {[0]=Oop [8]=Oop }
                      ;*if_icmpge {reexecute=1 rethrow=0 return_oop=0}
                      ; - (reexecute) java.nio.Buffer::nextGetIndex@12 (line 720)
                      ; - java.nio.DirectByteBuffer::getInt@4 (line 753)
                      ; - godot.core.VariantKt::getVariantType@1 (line 104)
                      ; - godot.core.VariantKt::access$getVariantType@1 (line 1)
                      ; - godot.core.VariantParser::toKotlin@7 (line 477)
                      ; - godot.internal.memory.TransferContext::readReturnValue@20 (line 75)
                      ; - godot.api.Node2D::getGlobalPosition@41 (line 477)
  0x0000021793563b78: 0408 a2ff 

  0x0000021793563b7c: ;   {other}
  0x0000021793563b7c: 0f1f 8400 | ec07 0013 | ba45 ffff | ff48 8944 | 2410 4c89 | 4424 184c | 8944 2420 

  0x0000021793563b98: ;   {runtime_call UncommonTrapBlob}
  0x0000021793563b98: 6666 90e8 

  0x0000021793563b9c: ; ImmutableOopMap {[16]=Oop [24]=Oop [32]=Oop }
                      ;*if_icmpge {reexecute=1 rethrow=0 return_oop=0}
                      ; - (reexecute) java.nio.Buffer::nextGetIndex@12 (line 720)
                      ; - java.nio.DirectByteBuffer::getFloat@4 (line 953)
                      ; - godot.core.VariantKt::getVector2@5 (line 19)
                      ; - godot.core.VariantKt::access$getVector2@1 (line 1)
                      ; - godot.core.VariantParser$VECTOR2::toUnsafeKotlin@7 (line 176)
                      ; - godot.core.VariantParser$VECTOR2::toUnsafeKotlin@2 (line 175)
                      ; - godot.core.VariantParser::toKotlin@21 (line 479)
                      ; - godot.internal.memory.TransferContext::readReturnValue@20 (line 75)
                      ; - godot.api.Node2D::getGlobalPosition@41 (line 477)
  0x0000021793563b9c: e007 a2ff 

  0x0000021793563ba0: ;   {other}
  0x0000021793563ba0: 0f1f 8400 | 1008 0014 | ba45 ffff | ff48 8904 | 24c5 fb11 | 4424 084c | 8944 2418 | 4c89 4424 
  0x0000021793563bc0: 2044 895c 

  0x0000021793563bc4: ;   {runtime_call UncommonTrapBlob}
  0x0000021793563bc4: 2428 90e8 

  0x0000021793563bc8: ; ImmutableOopMap {[0]=Oop [24]=Oop [32]=Oop }
                      ;*if_icmpge {reexecute=1 rethrow=0 return_oop=0}
                      ; - (reexecute) java.nio.Buffer::nextGetIndex@12 (line 720)
                      ; - java.nio.DirectByteBuffer::getFloat@4 (line 953)
                      ; - godot.core.VariantKt::getVector2@14 (line 19)
                      ; - godot.core.VariantKt::access$getVector2@1 (line 1)
                      ; - godot.core.VariantParser$VECTOR2::toUnsafeKotlin@7 (line 176)
                      ; - godot.core.VariantParser$VECTOR2::toUnsafeKotlin@2 (line 175)
                      ; - godot.core.VariantParser::toKotlin@21 (line 479)
                      ; - godot.internal.memory.TransferContext::readReturnValue@20 (line 75)
                      ; - godot.api.Node2D::getGlobalPosition@41 (line 477)
  0x0000021793563bc8: b407 a2ff 

  0x0000021793563bcc: ;   {other}
  0x0000021793563bcc: 0f1f 8400 | 3c08 0015 | 488b d54c | 8b44 2408 | 488b 2c24 

  0x0000021793563be0: ;   {optimized virtual_call}
  0x0000021793563be0: 6666 90e8 

  0x0000021793563be4: ; ImmutableOopMap {rbp=Oop [0]=Oop [8]=Oop }
                      ;*invokevirtual setInitialValue {reexecute=0 rethrow=0 return_oop=1}
                      ; - java.lang.ThreadLocal::get@31 (line 194)
                      ; - java.lang.ThreadLocal::get@4 (line 172)
                      ; - godot.common.util.ThreadLocalDelegate::getValue@10 (line 7)
                      ; - godot.internal.memory.TransferContext::getBuffer@9 (line 28)
                      ; - godot.internal.memory.TransferContext::writeArguments@7 (line 34)
                      ; - godot.api.Node2D::getGlobalPosition@7 (line 475)
  0x0000021793563be4: 98ae a1ff 

  0x0000021793563be8: ;   {other}
  0x0000021793563be8: 0f1f 8400 | 5808 0016 | 4c8b 4c24 | 084c 8bd0 | e9bb faff | ffba deff | ffff 488b | 2c24 4c89 
  0x0000021793563c08: ;   {runtime_call UncommonTrapBlob}
  0x0000021793563c08: 1424 90e8 

  0x0000021793563c0c: ; ImmutableOopMap {rbp=Oop [0]=Oop }
                      ;*checkcast {reexecute=0 rethrow=0 return_oop=0}
                      ; - godot.internal.memory.TransferContext::getBuffer@12 (line 28)
                      ; - godot.internal.memory.TransferContext::writeArguments@7 (line 34)
                      ; - godot.api.Node2D::getGlobalPosition@7 (line 475)
  0x0000021793563c0c: 7007 a2ff 

  0x0000021793563c10: ;   {other}
  0x0000021793563c10: 0f1f 8400 | 8008 0017 | bade ffff | ff49 8be8 

  0x0000021793563c20: ;   {runtime_call UncommonTrapBlob}
  0x0000021793563c20: 6666 90e8 

  0x0000021793563c24: ; ImmutableOopMap {rbp=Oop }
                      ;*checkcast {reexecute=0 rethrow=0 return_oop=0}
                      ; - godot.internal.memory.TransferContext::getBuffer@12 (line 28)
                      ; - godot.internal.memory.TransferContext::readReturnValue@7 (line 73)
                      ; - godot.api.Node2D::getGlobalPosition@41 (line 477)
  0x0000021793563c24: 5807 a2ff 

  0x0000021793563c28: ;   {other}
  0x0000021793563c28: 0f1f 8400 | 9808 0018 | baf6 ffff 

  0x0000021793563c34: ;   {runtime_call UncommonTrapBlob}
  0x0000021793563c34: ff66 90e8 

  0x0000021793563c38: ; ImmutableOopMap {}
                      ;*invokevirtual get {reexecute=0 rethrow=0 return_oop=0}
                      ; - godot.common.util.ThreadLocalDelegate::getValue@10 (line 7)
                      ; - godot.internal.memory.TransferContext::getBuffer@9 (line 28)
                      ; - godot.internal.memory.TransferContext::writeArguments@7 (line 34)
                      ; - godot.api.Node2D::getGlobalPosition@7 (line 475)
  0x0000021793563c38: 4407 a2ff 

  0x0000021793563c3c: ;   {other}
  0x0000021793563c3c: 0f1f 8400 | ac08 0019 | baf6 ffff 

  0x0000021793563c48: ;   {runtime_call UncommonTrapBlob}
  0x0000021793563c48: ff66 90e8 

  0x0000021793563c4c: ; ImmutableOopMap {}
                      ;*arraylength {reexecute=0 rethrow=0 return_oop=0}
                      ; - java.lang.ThreadLocal$ThreadLocalMap::getEntry@8 (line 499)
                      ; - java.lang.ThreadLocal::get@12 (line 187)
                      ; - java.lang.ThreadLocal::get@4 (line 172)
                      ; - godot.common.util.ThreadLocalDelegate::getValue@10 (line 7)
                      ; - godot.internal.memory.TransferContext::getBuffer@9 (line 28)
                      ; - godot.internal.memory.TransferContext::writeArguments@7 (line 34)
                      ; - godot.api.Node2D::getGlobalPosition@7 (line 475)
  0x0000021793563c4c: 3007 a2ff 

  0x0000021793563c50: ;   {other}
  0x0000021793563c50: 0f1f 8400 | c008 001a | baf4 ffff | ff48 8b2c 

  0x0000021793563c60: ;   {runtime_call UncommonTrapBlob}
  0x0000021793563c60: 2466 90e8 

  0x0000021793563c64: ; ImmutableOopMap {rbp=Oop }
                      ;*checkcast {reexecute=0 rethrow=0 return_oop=0}
                      ; - godot.internal.memory.TransferContext::getBuffer@12 (line 28)
                      ; - godot.internal.memory.TransferContext::writeArguments@7 (line 34)
                      ; - godot.api.Node2D::getGlobalPosition@7 (line 475)
  0x0000021793563c64: 1807 a2ff 

  0x0000021793563c68: ;   {other}
  0x0000021793563c68: 0f1f 8400 | d808 001b | baf6 ffff 

  0x0000021793563c74: ;   {runtime_call UncommonTrapBlob}
  0x0000021793563c74: ff66 90e8 

  0x0000021793563c78: ; ImmutableOopMap {}
                      ;*invokevirtual get {reexecute=0 rethrow=0 return_oop=0}
                      ; - godot.common.util.ThreadLocalDelegate::getValue@10 (line 7)
                      ; - godot.internal.memory.TransferContext::getBuffer@9 (line 28)
                      ; - godot.internal.memory.TransferContext::readReturnValue@7 (line 73)
                      ; - godot.api.Node2D::getGlobalPosition@41 (line 477)
  0x0000021793563c78: 0407 a2ff 

  0x0000021793563c7c: ;   {other}
  0x0000021793563c7c: 0f1f 8400 | ec08 001c | baf6 ffff 

  0x0000021793563c88: ;   {runtime_call UncommonTrapBlob}
  0x0000021793563c88: ff66 90e8 

  0x0000021793563c8c: ; ImmutableOopMap {}
                      ;*arraylength {reexecute=0 rethrow=0 return_oop=0}
                      ; - java.lang.ThreadLocal$ThreadLocalMap::getEntry@8 (line 499)
                      ; - java.lang.ThreadLocal::get@12 (line 187)
                      ; - java.lang.ThreadLocal::get@4 (line 172)
                      ; - godot.common.util.ThreadLocalDelegate::getValue@10 (line 7)
                      ; - godot.internal.memory.TransferContext::getBuffer@9 (line 28)
                      ; - godot.internal.memory.TransferContext::readReturnValue@7 (line 73)
                      ; - godot.api.Node2D::getGlobalPosition@41 (line 477)
  0x0000021793563c8c: f006 a2ff 

  0x0000021793563c90: ;   {other}
  0x0000021793563c90: 0f1f 8400 | 0009 001d | baf4 ffff 

  0x0000021793563c9c: ;   {runtime_call UncommonTrapBlob}
  0x0000021793563c9c: ff66 90e8 

  0x0000021793563ca0: ; ImmutableOopMap {}
                      ;*checkcast {reexecute=0 rethrow=0 return_oop=0}
                      ; - godot.internal.memory.TransferContext::getBuffer@12 (line 28)
                      ; - godot.internal.memory.TransferContext::readReturnValue@7 (line 73)
                      ; - godot.api.Node2D::getGlobalPosition@41 (line 477)
  0x0000021793563ca0: dc06 a2ff 

  0x0000021793563ca4: ;   {other}
  0x0000021793563ca4: 0f1f 8400 | 1409 001e | ba45 ffff | ff48 8b2c | 2448 891c | 244c 894c | 2408 894c 

  0x0000021793563cc0: ;   {runtime_call UncommonTrapBlob}
  0x0000021793563cc0: 2414 90e8 

  0x0000021793563cc4: ; ImmutableOopMap {rbp=Oop [0]=Oop [8]=Oop [20]=NarrowOop }
                      ;*ifnull {reexecute=1 rethrow=0 return_oop=0}
                      ; - (reexecute) java.lang.ThreadLocal::get@7 (line 186)
                      ; - java.lang.ThreadLocal::get@4 (line 172)
                      ; - godot.common.util.ThreadLocalDelegate::getValue@10 (line 7)
                      ; - godot.internal.memory.TransferContext::getBuffer@9 (line 28)
                      ; - godot.internal.memory.TransferContext::writeArguments@7 (line 34)
                      ; - godot.api.Node2D::getGlobalPosition@7 (line 475)
  0x0000021793563cc4: b806 a2ff 

  0x0000021793563cc8: ;   {other}
  0x0000021793563cc8: 0f1f 8400 | 3809 001f | ba45 ffff | ff49 8be8 | 4c89 1424 | 894c 240c 

  0x0000021793563ce0: ;   {runtime_call UncommonTrapBlob}
  0x0000021793563ce0: 6666 90e8 

  0x0000021793563ce4: ; ImmutableOopMap {rbp=Oop [0]=Oop [12]=NarrowOop }
                      ;*ifnull {reexecute=1 rethrow=0 return_oop=0}
                      ; - (reexecute) java.lang.ThreadLocal::get@7 (line 186)
                      ; - java.lang.ThreadLocal::get@4 (line 172)
                      ; - godot.common.util.ThreadLocalDelegate::getValue@10 (line 7)
                      ; - godot.internal.memory.TransferContext::getBuffer@9 (line 28)
                      ; - godot.internal.memory.TransferContext::readReturnValue@7 (line 73)
                      ; - godot.api.Node2D::getGlobalPosition@41 (line 477)
  0x0000021793563ce4: 9806 a2ff 

  0x0000021793563ce8: ;   {other}
  0x0000021793563ce8: 0f1f 8400 | 5809 0020 | eb07 eb0a | 488b d0eb | 0d48 8bd0 | eb08 488b | d0eb 0348 | 8bd0 4883 
  0x0000021793563d08: ;   {runtime_call _rethrow_Java}
  0x0000021793563d08: c440 5de9 | 7020 aeff 

  0x0000021793563d10: ;   {internal_word}
  0x0000021793563d10: 49ba fb38 | 5693 1702 | 0000 4d89 | 9768 0400 

  0x0000021793563d20: ;   {runtime_call SafepointBlob}
  0x0000021793563d20: 00e9 5a17 

  0x0000021793563d24: ;   {runtime_call StubRoutines (final stubs)}
  0x0000021793563d24: a2ff e8b5 | 27a0 ffe9 | eaf8 ffff 
[Stub Code]
  0x0000021793563d30: ;   {no_reloc}
  0x0000021793563d30: 48bb 0000 | 0000 0000 

  0x0000021793563d38: ;   {runtime_call nmethod}
  0x0000021793563d38: 0000 e9fb 

  0x0000021793563d3c: ;   {static_stub}
  0x0000021793563d3c: ffff ff48 | bb00 0000 | 0000 0000 

  0x0000021793563d48: ;   {runtime_call nmethod}
  0x0000021793563d48: 00e9 fbff 

  0x0000021793563d4c: ;   {static_stub}
  0x0000021793563d4c: ffff 48bb | 0000 0000 | 0000 0000 

  0x0000021793563d58: ;   {runtime_call nmethod}
  0x0000021793563d58: e9fb ffff 

  0x0000021793563d5c: ;   {runtime_call ExceptionBlob}
  0x0000021793563d5c: ffe9 1e07 | aeff e800 | 0000 0048 | 832c 2405 

  0x0000021793563d6c: ;   {runtime_call DeoptimizationBlob}
  0x0000021793563d6c: e9af 09a2 | fff4 f4f4 | f4f4 f4f4 
[/MachCode]


Compiled method (c1) 15677 1489       3       game.items.weapons.Weapon::_process (58 bytes)
 total in heap  [0x000002178bcbc210,0x000002178bcbce28] = 3096
 relocation     [0x000002178bcbc370,0x000002178bcbc470] = 256
 main code      [0x000002178bcbc480,0x000002178bcbcb58] = 1752
 stub code      [0x000002178bcbcb58,0x000002178bcbcc10] = 184
 oops           [0x000002178bcbcc10,0x000002178bcbcc20] = 16
 metadata       [0x000002178bcbcc20,0x000002178bcbcc50] = 48
 scopes data    [0x000002178bcbcc50,0x000002178bcbccf8] = 168
 scopes pcs     [0x000002178bcbccf8,0x000002178bcbce08] = 272
 dependencies   [0x000002178bcbce08,0x000002178bcbce10] = 8
 nul chk table  [0x000002178bcbce10,0x000002178bcbce28] = 24

[Constant Pool (empty)]

[MachCode]
[Entry Point]
  # {method} {0x000002180171fce0} '_process' '(D)V' in 'game/items/weapons/Weapon'
  # this:     rdx:rdx   = 'game/items/weapons/Weapon'
  # parm0:    xmm0:xmm0   = double
  #           [sp+0x60]  (sp of caller)
  0x000002178bcbc480: 448b 5208 | 49bb 0000 | 00a9 1702 | 0000 4d03 | d34c 3bd0 

  0x000002178bcbc494: ;   {runtime_call ic_miss_stub}
  0x000002178bcbc494: 0f85 e622 | 2c07 660f | 1f44 0000 
[Verified Entry Point]
  0x000002178bcbc4a0: 8984 2400 | 80ff ff55 | 4883 ec50 | 4181 7f20 | 0300 0000 

  0x000002178bcbc4b4: ;   {runtime_call StubRoutines (final stubs)}
  0x000002178bcbc4b4: 7405 e825 | a02a 0748 | 8954 2438 

  0x000002178bcbc4c0: ;   {metadata(method data for {method} {0x000002180171fce0} '_process' '(D)V' in 'game/items/weapons/Weapon')}
  0x000002178bcbc4c0: 48be 085d | 9401 1802 | 0000 8bbe | cc00 0000 | 83c7 0289 | becc 0000 | 0081 e7fe | 0700 0085 
  0x000002178bcbc4e0: ff0f 8433 

  0x000002178bcbc4e4: ;   {oop(a 'java/lang/Class'{0x0000000608c00108} = 'game/autoloads/Global')}
  0x000002178bcbc4e4: 0500 0048 | be08 01c0 | 0806 0000 | 000f beb6 | 8100 0000 

  0x000002178bcbc4f8: ;   {metadata(method data for {method} {0x000002180171fce0} '_process' '(D)V' in 'game/items/weapons/Weapon')}
  0x000002178bcbc4f8: 85f6 48be | 085d 9401 | 1802 0000 | 48c7 c720 | 0100 0075 | 0748 c7c7 | 1001 0000 | 488b 1c3e 
  0x000002178bcbc518: 488d 5b01 | 4889 1c3e | 0f85 e104 | 0000 0fbe | 720c 85f6 

  0x000002178bcbc52c: ;   {metadata(method data for {method} {0x000002180171fce0} '_process' '(D)V' in 'game/items/weapons/Weapon')}
  0x000002178bcbc52c: 48be 085d | 9401 1802 | 0000 48c7 | c730 0100 | 0075 0748 | c7c7 4001 | 0000 488b | 1c3e 488d 
  0x000002178bcbc54c: 5b01 4889 | 1c3e 0f85 | 2103 0000 | 8b72 4048 | c1e6 0348 | 3b06 488b 

  0x000002178bcbc564: ;   {metadata(method data for {method} {0x000002180171fce0} '_process' '(D)V' in 'game/items/weapons/Weapon')}
  0x000002178bcbc564: fe48 bb08 | 5d94 0118 | 0200 008b | 7f08 49ba | 0000 00a9 | 1702 0000 | 4903 fa48 | 3bbb 6001 
  0x000002178bcbc584: 0000 750d | 4883 8368 | 0100 0001 | e960 0000 | 0048 3bbb | 7001 0000 | 750d 4883 | 8378 0100 
  0x000002178bcbc5a4: 0001 e94a | 0000 0048 | 83bb 6001 | 0000 0075 | 1748 89bb | 6001 0000 | 48c7 8368 | 0100 0001 
  0x000002178bcbc5c4: 0000 00e9 | 2900 0000 | 4883 bb70 | 0100 0000 | 7517 4889 | bb70 0100 | 0048 c783 | 7801 0000 
  0x000002178bcbc5e4: 0100 0000 | e908 0000 | 0048 8383 | 5001 0000 | 0148 8bd6 | 0f1f 4400 | 0048 b8d0 | 890b a917 
  0x000002178bcbc604: ;   {virtual_call}
  0x000002178bcbc604: 0200 00e8 

  0x000002178bcbc608: ; ImmutableOopMap {[56]=Oop }
                      ;*invokeinterface isEmpty {reexecute=0 rethrow=0 return_oop=0}
                      ; - game.items.weapons.Weapon::_process@18 (line 188)
  0x000002178bcbc608: 9403 f4ff 

  0x000002178bcbc60c: ;   {other}
  0x000002178bcbc60c: 0f1f 8400 | fc03 0000 

  0x000002178bcbc614: ;   {metadata(method data for {method} {0x000002180171fce0} '_process' '(D)V' in 'game/items/weapons/Weapon')}
  0x000002178bcbc614: 85c0 48ba | 085d 9401 | 1802 0000 | 48c7 c688 | 0100 0075 | 0748 c7c6 | 9801 0000 | 488b 3c32 
  0x000002178bcbc634: 488d 7f01 | 4889 3c32 | 488b 5424 | 380f 85bb | 0000 0048 

  0x000002178bcbc648: ;   {metadata(method data for {method} {0x000002180171fce0} '_process' '(D)V' in 'game/items/weapons/Weapon')}
  0x000002178bcbc648: 8bf2 48bf | 085d 9401 | 1802 0000 | 4883 87c0 | 0100 0001 

  0x000002178bcbc65c: ;   {metadata(method data for {method} {0x000002180171f550} 'updateClosestTarget' '()V' in 'game/items/weapons/Weapon')}
  0x000002178bcbc65c: 48be d8c4 | 9401 1802 | 0000 8bbe | cc00 0000 | 83c7 0289 | becc 0000 | 0081 e7fe | ff1f 0085 
  0x000002178bcbc67c: ff0f 84bd | 0300 0048 

  0x000002178bcbc684: ;   {metadata(method data for {method} {0x000002180171f550} 'updateClosestTarget' '()V' in 'game/items/weapons/Weapon')}
  0x000002178bcbc684: 8bf2 48bf | d8c4 9401 | 1802 0000 

  0x000002178bcbc690: ;   {metadata('game/items/weapons/Weapon')}
  0x000002178bcbc690: 49ba d038 | 25aa 1702 | 0000 4c89 | 9720 0100 | 0048 8387 | 2801 0000 | 0148 8bf2 

  0x000002178bcbc6ac: ;   {optimized virtual_call}
  0x000002178bcbc6ac: 488b d6e8 

  0x000002178bcbc6b0: ; ImmutableOopMap {[56]=Oop }
                      ;*invokevirtual getClosestTarget {reexecute=0 rethrow=0 return_oop=0}
                      ; - game.items.weapons.Weapon::updateClosestTarget@2 (line 117)
                      ; - game.items.weapons.Weapon::_process@27 (line 189)
  0x000002178bcbc6b0: b904 0000 

  0x000002178bcbc6b4: ;   {other}
  0x000002178bcbc6b4: 0f1f 8400 | a404 0001 | 410f be57 | 4085 d248 | 8b54 2438 | 0f85 9303 | 0000 4c8b | d049 c1ea 
  0x000002178bcbc6d4: 0344 8952 | 4448 8bf2 | 4833 f048 | c1ee 1648 | 83fe 000f | 8593 0300 

  0x000002178bcbc6ec: ;   {metadata(method data for {method} {0x000002180171fce0} '_process' '(D)V' in 'game/items/weapons/Weapon')}
  0x000002178bcbc6ec: 0048 be08 | 5d94 0118 | 0200 00ff | 86e0 0100 | 00e9 1400 | 0000 410f | be77 4085 | f60f 8589 
  0x000002178bcbc70c: 0300 00c7 | 4244 0000 | 0000 488b 

  0x000002178bcbc718: ;   {metadata(method data for {method} {0x000002180171fce0} '_process' '(D)V' in 'game/items/weapons/Weapon')}
  0x000002178bcbc718: f248 bf08 | 5d94 0118 | 0200 0048 | 8387 1002 

  0x000002178bcbc728: ;   {metadata(method data for {method} {0x000002180171fbc0} 'rotateToTarget' '()V' in 'game/items/weapons/Weapon')}
  0x000002178bcbc728: 0000 0148 | bee8 ca94 | 0118 0200 | 008b becc | 0000 0083 | c702 89be | cc00 0000 | 81e7 feff 
  0x000002178bcbc748: 1f00 85ff | 0f84 6503 | 0000 0fbe | 720c 85f6 

  0x000002178bcbc758: ;   {metadata(method data for {method} {0x000002180171fbc0} 'rotateToTarget' '()V' in 'game/items/weapons/Weapon')}
  0x000002178bcbc758: 48be e8ca | 9401 1802 | 0000 48c7 | c710 0100 | 0074 0748 | c7c7 2001 | 0000 488b | 1c3e 488d 
  0x000002178bcbc778: 5b01 4889 | 1c3e 0f84 | 8500 0000 

  0x000002178bcbc784: ;   {metadata(method data for {method} {0x000002180171fbc0} 'rotateToTarget' '()V' in 'game/items/weapons/Weapon')}
  0x000002178bcbc784: 488b f248 | bfe8 ca94 | 0118 0200 

  0x000002178bcbc790: ;   {metadata('game/items/weapons/Weapon')}
  0x000002178bcbc790: 0049 bad0 | 3825 aa17 | 0200 004c | 8997 4001 | 0000 4883 | 8748 0100 | 0001 488b | f248 8bd6 
  0x000002178bcbc7b0: 0f1f 8000 

  0x000002178bcbc7b4: ;   {optimized virtual_call}
  0x000002178bcbc7b4: 0000 00e8 

  0x000002178bcbc7b8: ; ImmutableOopMap {[56]=Oop }
                      ;*invokevirtual getCustomRotationToTarget {reexecute=0 rethrow=0 return_oop=0}
                      ; - game.items.weapons.Weapon::rotateToTarget@9 (line 175)
                      ; - game.items.weapons.Weapon::_process@39 (line 193)
  0x000002178bcbc7b8: c422 2c07 

  0x000002178bcbc7bc: ;   {other}
  0x000002178bcbc7bc: 0f1f 8400 | ac05 0002 | 488b 5424 

  0x000002178bcbc7c8: ;   {metadata(method data for {method} {0x000002180171fbc0} 'rotateToTarget' '()V' in 'game/items/weapons/Weapon')}
  0x000002178bcbc7c8: 3848 bee8 | ca94 0118 | 0200 0048 | 8386 6801 | 0000 01c5 | fb5a c048 | 8b54 2438 

  0x000002178bcbc7e4: ;   {optimized virtual_call}
  0x000002178bcbc7e4: 6666 90e8 

  0x000002178bcbc7e8: ; ImmutableOopMap {[56]=Oop }
                      ;*invokevirtual setRotation {reexecute=0 rethrow=0 return_oop=0}
                      ; - game.items.weapons.Weapon::rotateToTarget@13 (line 175)
                      ; - game.items.weapons.Weapon::_process@39 (line 193)
  0x000002178bcbc7e8: 9422 2c07 

  0x000002178bcbc7ec: ;   {other}
  0x000002178bcbc7ec: 0f1f 8400 | dc05 0003 

  0x000002178bcbc7f4: ;   {metadata(method data for {method} {0x000002180171fbc0} 'rotateToTarget' '()V' in 'game/items/weapons/Weapon')}
  0x000002178bcbc7f4: 48ba e8ca | 9401 1802 | 0000 ff82 | a001 0000 | e96b 0000 | 0048 8b54 

  0x000002178bcbc80c: ;   {metadata(method data for {method} {0x000002180171fbc0} 'rotateToTarget' '()V' in 'game/items/weapons/Weapon')}
  0x000002178bcbc80c: 2438 48be | e8ca 9401 | 1802 0000 

  0x000002178bcbc818: ;   {metadata('game/items/weapons/Weapon')}
  0x000002178bcbc818: 49ba d038 | 25aa 1702 | 0000 4c89 | 96c8 0100 | 0048 8386 | d001 0000 | 0148 8b54 

  0x000002178bcbc834: ;   {optimized virtual_call}
  0x000002178bcbc834: 2438 90e8 

  0x000002178bcbc838: ; ImmutableOopMap {[56]=Oop }
                      ;*invokevirtual getRotationToTarget {reexecute=0 rethrow=0 return_oop=0}
                      ; - game.items.weapons.Weapon::rotateToTarget@21 (line 177)
                      ; - game.items.weapons.Weapon::_process@39 (line 193)
  0x000002178bcbc838: 5103 0000 

  0x000002178bcbc83c: ;   {other}
  0x000002178bcbc83c: 0f1f 8400 | 2c06 0004 | 488b 5424 

  0x000002178bcbc848: ;   {metadata(method data for {method} {0x000002180171fbc0} 'rotateToTarget' '()V' in 'game/items/weapons/Weapon')}
  0x000002178bcbc848: 3848 bee8 | ca94 0118 | 0200 0048 | 8386 f001 | 0000 01c5 | fb5a c048 | 8b54 2438 

  0x000002178bcbc864: ;   {optimized virtual_call}
  0x000002178bcbc864: 6666 90e8 

  0x000002178bcbc868: ; ImmutableOopMap {[56]=Oop }
                      ;*invokevirtual setRotation {reexecute=0 rethrow=0 return_oop=0}
                      ; - game.items.weapons.Weapon::rotateToTarget@25 (line 177)
                      ; - game.items.weapons.Weapon::_process@39 (line 193)
  0x000002178bcbc868: f418 feff 

  0x000002178bcbc86c: ;   {other}
  0x000002178bcbc86c: 0f1f 8400 | 5c06 0005 | 488b 5424 | 3848 8bf2 

  0x000002178bcbc87c: ;   {metadata(method data for {method} {0x000002180171fce0} '_process' '(D)V' in 'game/items/weapons/Weapon')}
  0x000002178bcbc87c: 48bf 085d | 9401 1802 | 0000 4883 | 8748 0200 

  0x000002178bcbc88c: ;   {metadata(method data for {method} {0x000002180171f238} 'canUseWeapon' '()Z' in 'game/items/weapons/Weapon')}
  0x000002178bcbc88c: 0001 48be | 5060 9401 | 1802 0000 | 8bbe cc00 | 0000 83c7 | 0289 becc | 0000 0081 | e7fe ff1f 
  0x000002178bcbc8ac: 0085 ff0f | 8423 0200 | 008b 7230 | 48c1 e603 

  0x000002178bcbc8bc: ; implicit exception: dispatches to 0x000002178bcbcaf9
  0x000002178bcbc8bc: 483b 0648 

  0x000002178bcbc8c0: ;   {metadata(method data for {method} {0x000002180171f238} 'canUseWeapon' '()Z' in 'game/items/weapons/Weapon')}
  0x000002178bcbc8c0: 8bfe 48bb | 5060 9401 | 1802 0000 | 4883 8310 | 0100 0001 

  0x000002178bcbc8d4: ;   {optimized virtual_call}
  0x000002178bcbc8d4: 488b d6e8 

  0x000002178bcbc8d8: ; ImmutableOopMap {[56]=Oop }
                      ;*invokevirtual isStopped {reexecute=0 rethrow=0 return_oop=0}
                      ; - game.items.weapons.Weapon::canUseWeapon@4 (line 82)
                      ; - game.items.weapons.Weapon::_process@43 (line 195)
  0x000002178bcbc8d8: 0406 f4ff 

  0x000002178bcbc8dc: ;   {other}
  0x000002178bcbc8dc: 0f1f 8400 | cc06 0006 

  0x000002178bcbc8e4: ;   {metadata(method data for {method} {0x000002180171f238} 'canUseWeapon' '()Z' in 'game/items/weapons/Weapon')}
  0x000002178bcbc8e4: 85c0 48ba | 5060 9401 | 1802 0000 | 48c7 c648 | 0100 0074 | 0748 c7c6 | 5801 0000 | 488b 3c32 
  0x000002178bcbc904: 488d 7f01 | 4889 3c32 | 488b 5424 | 380f 8436 | 0000 008b | 7244 48c1 | e603 4885 

  0x000002178bcbc920: ;   {metadata(method data for {method} {0x000002180171f238} 'canUseWeapon' '()Z' in 'game/items/weapons/Weapon')}
  0x000002178bcbc920: f648 be50 | 6094 0118 | 0200 0048 | c7c7 7801 | 0000 7507 | 48c7 c768 | 0100 0048 | 8b1c 3e48 
  0x000002178bcbc940: 8d5b 0148 | 891c 3e0f | 850a 0000 | 00be 0000 | 0000 e915 

  0x000002178bcbc954: ;   {metadata(method data for {method} {0x000002180171f238} 'canUseWeapon' '()Z' in 'game/items/weapons/Weapon')}
  0x000002178bcbc954: 0000 0048 | be50 6094 | 0118 0200 | 00ff 8688 | 0100 00be | 0100 0000 | 83e6 0185 

  0x000002178bcbc970: ;   {metadata(method data for {method} {0x000002180171fce0} '_process' '(D)V' in 'game/items/weapons/Weapon')}
  0x000002178bcbc970: f648 be08 | 5d94 0118 | 0200 0048 | c7c7 6802 | 0000 7407 | 48c7 c778 | 0200 0048 | 8b1c 3e48 
  0x000002178bcbc990: 8d5b 0148 | 891c 3e0f | 8434 0000 | 0048 8bf2 

  0x000002178bcbc9a0: ;   {metadata(method data for {method} {0x000002180171fce0} '_process' '(D)V' in 'game/items/weapons/Weapon')}
  0x000002178bcbc9a0: 48bf 085d | 9401 1802 | 0000 4883 | 87a0 0200 | 0001 488b | f248 8bd6 | 0f1f 8000 

  0x000002178bcbc9bc: ;   {optimized virtual_call}
  0x000002178bcbc9bc: 0000 00e8 

  0x000002178bcbc9c0: ; ImmutableOopMap {[56]=Oop }
                      ;*invokevirtual useWeapon {reexecute=0 rethrow=0 return_oop=0}
                      ; - game.items.weapons.Weapon::_process@50 (line 196)
  0x000002178bcbc9c0: d901 0000 

  0x000002178bcbc9c4: ;   {other}
  0x000002178bcbc9c4: 0f1f 8400 | b407 0007 | 488b 5424 | 3848 8bf2 

  0x000002178bcbc9d4: ;   {metadata(method data for {method} {0x000002180171fce0} '_process' '(D)V' in 'game/items/weapons/Weapon')}
  0x000002178bcbc9d4: 48bf 085d | 9401 1802 | 0000 4883 | 87d8 0200 

  0x000002178bcbc9e4: ;   {optimized virtual_call}
  0x000002178bcbc9e4: 0001 90e8 

  0x000002178bcbc9e8: ; ImmutableOopMap {}
                      ;*invokevirtual updateVisuals {reexecute=0 rethrow=0 return_oop=0}
                      ; - game.items.weapons.Weapon::_process@54 (line 197)
  0x000002178bcbc9e8: b40b 0000 

  0x000002178bcbc9ec: ;   {other}
  0x000002178bcbc9ec: 0f1f 8400 | dc07 0008 | 4883 c450 

  0x000002178bcbc9f8: ;   {poll_return}
  0x000002178bcbc9f8: 5d49 3ba7 | 5004 0000 | 0f87 f800 | 0000 c348 | 83c4 505d 

  0x000002178bcbca0c: ;   {poll_return}
  0x000002178bcbca0c: 493b a750 | 0400 000f | 87fb 0000 

  0x000002178bcbca18: ;   {metadata({method} {0x000002180171fce0} '_process' '(D)V' in 'game/items/weapons/Weapon')}
  0x000002178bcbca18: 00c3 49ba | d8fc 7101 | 1802 0000 | 4c89 5424 | 0848 c704 | 24ff ffff 

  0x000002178bcbca30: ;   {runtime_call counter_overflow Runtime1 stub}
  0x000002178bcbca30: ffe8 ca47 

  0x000002178bcbca34: ; ImmutableOopMap {rdx=Oop [56]=Oop }
                      ;*synchronization entry
                      ; - game.items.weapons.Weapon::_process@-1 (line 186)
  0x000002178bcbca34: 3807 e9ac 

  0x000002178bcbca38: ;   {runtime_call throw_null_pointer_exception Runtime1 stub}
  0x000002178bcbca38: faff ffe8 

  0x000002178bcbca3c: ; ImmutableOopMap {rdx=Oop rsi=Oop [56]=Oop }
                      ;*invokeinterface isEmpty {reexecute=0 rethrow=0 return_oop=0}
                      ; - game.items.weapons.Weapon::_process@18 (line 188)
  0x000002178bcbca3c: c0f2 3707 

  0x000002178bcbca40: ;   {metadata({method} {0x000002180171f550} 'updateClosestTarget' '()V' in 'game/items/weapons/Weapon')}
  0x000002178bcbca40: 49ba 48f5 | 7101 1802 | 0000 4c89 | 5424 0848 | c704 24ff 

  0x000002178bcbca54: ;   {runtime_call counter_overflow Runtime1 stub}
  0x000002178bcbca54: ffff ffe8 

  0x000002178bcbca58: ; ImmutableOopMap {rdx=Oop [56]=Oop }
                      ;*synchronization entry
                      ; - game.items.weapons.Weapon::updateClosestTarget@-1 (line 117)
                      ; - game.items.weapons.Weapon::_process@27 (line 189)
  0x000002178bcbca58: a447 3807 | e922 fcff | ff8b 7244 | 48c1 e603 | 4883 fe00 | 0f84 5cfc | ffff 4889 

  0x000002178bcbca74: ;   {runtime_call g1_pre_barrier_slow}
  0x000002178bcbca74: 3424 e885 | 4d38 07e9 | 4efc ffff | 4883 f800 | 0f84 63fc | ffff 4889 

  0x000002178bcbca8c: ;   {runtime_call g1_post_barrier_slow}
  0x000002178bcbca8c: 1424 e86d | 5038 07e9 | 55fc ffff | 8b72 4448 | c1e6 0348 | 83fe 000f | 8466 fcff | ff48 8934 
  0x000002178bcbcaac: ;   {runtime_call g1_pre_barrier_slow}
  0x000002178bcbcaac: 24e8 4e4d | 3807 e958 

  0x000002178bcbcab4: ;   {metadata({method} {0x000002180171fbc0} 'rotateToTarget' '()V' in 'game/items/weapons/Weapon')}
  0x000002178bcbcab4: fcff ff49 | bab8 fb71 | 0118 0200 | 004c 8954 | 2408 48c7 | 0424 ffff 

  0x000002178bcbcacc: ;   {runtime_call counter_overflow Runtime1 stub}
  0x000002178bcbcacc: ffff e82d 

  0x000002178bcbcad0: ; ImmutableOopMap {rdx=Oop [56]=Oop }
                      ;*synchronization entry
                      ; - game.items.weapons.Weapon::rotateToTarget@-1 (line 174)
                      ; - game.items.weapons.Weapon::_process@39 (line 193)
  0x000002178bcbcad0: 4738 07e9 | 7afc ffff 

  0x000002178bcbcad8: ;   {metadata({method} {0x000002180171f238} 'canUseWeapon' '()Z' in 'game/items/weapons/Weapon')}
  0x000002178bcbcad8: 49ba 30f2 | 7101 1802 | 0000 4c89 | 5424 0848 | c704 24ff 

  0x000002178bcbcaec: ;   {runtime_call counter_overflow Runtime1 stub}
  0x000002178bcbcaec: ffff ffe8 

  0x000002178bcbcaf0: ; ImmutableOopMap {rdx=Oop [56]=Oop }
                      ;*synchronization entry
                      ; - game.items.weapons.Weapon::canUseWeapon@-1 (line 82)
                      ; - game.items.weapons.Weapon::_process@43 (line 195)
  0x000002178bcbcaf0: 0c47 3807 | e9bc fdff 

  0x000002178bcbcaf8: ;   {runtime_call throw_null_pointer_exception Runtime1 stub}
  0x000002178bcbcaf8: ffe8 02f2 

  0x000002178bcbcafc: ; ImmutableOopMap {rdx=Oop rsi=Oop [56]=Oop }
                      ;*invokevirtual isStopped {reexecute=0 rethrow=0 return_oop=0}
                      ; - game.items.weapons.Weapon::canUseWeapon@4 (line 82)
                      ; - game.items.weapons.Weapon::_process@43 (line 195)
                      ;   {internal_word}
  0x000002178bcbcafc: 3707 49ba | f9c9 cb8b | 1702 0000 | 4d89 9768 

  0x000002178bcbcb0c: ;   {runtime_call SafepointBlob}
  0x000002178bcbcb0c: 0400 00e9 | 6c89 2c07 

  0x000002178bcbcb14: ;   {internal_word}
  0x000002178bcbcb14: 49ba 0cca | cb8b 1702 | 0000 4d89 | 9768 0400 

  0x000002178bcbcb24: ;   {runtime_call SafepointBlob}
  0x000002178bcbcb24: 00e9 5689 | 2c07 498b | 8700 0500 | 0049 c787 | 0005 0000 | 0000 0000 | 49c7 8708 | 0500 0000 
  0x000002178bcbcb44: 0000 0048 | 83c4 505d 

  0x000002178bcbcb4c: ;   {runtime_call unwind_exception Runtime1 stub}
  0x000002178bcbcb4c: e9af da37 | 07f4 f4f4 | f4f4 f4f4 
[Stub Code]
  0x000002178bcbcb58: ;   {no_reloc}
  0x000002178bcbcb58: 0f1f 4400 

  0x000002178bcbcb5c: ;   {static_stub}
  0x000002178bcbcb5c: 0048 bb00 | 0000 0000 

  0x000002178bcbcb64: ;   {runtime_call nmethod}
  0x000002178bcbcb64: 0000 00e9 | fbff ffff 

  0x000002178bcbcb6c: ;   {static_stub}
  0x000002178bcbcb6c: 9048 bbc0 | f671 0118 

  0x000002178bcbcb74: ;   {runtime_call I2C/C2I adapters}
  0x000002178bcbcb74: 0200 00e9 | e768 2c07 

  0x000002178bcbcb7c: ;   {static_stub}
  0x000002178bcbcb7c: 9048 bb00 | 0000 0000 

  0x000002178bcbcb84: ;   {runtime_call nmethod}
  0x000002178bcbcb84: 0000 00e9 | fbff ffff 

  0x000002178bcbcb8c: ;   {static_stub}
  0x000002178bcbcb8c: 9048 bbb8 | f971 0118 

  0x000002178bcbcb94: ;   {runtime_call I2C/C2I adapters}
  0x000002178bcbcb94: 0200 00e9 | c768 2c07 

  0x000002178bcbcb9c: ;   {static_stub}
  0x000002178bcbcb9c: 9048 bb40 | fe71 0118 

  0x000002178bcbcba4: ;   {runtime_call I2C/C2I adapters}
  0x000002178bcbcba4: 0200 00e9 | b768 2c07 

  0x000002178bcbcbac: ;   {static_stub}
  0x000002178bcbcbac: 9048 bb00 | 0000 0000 

  0x000002178bcbcbb4: ;   {runtime_call nmethod}
  0x000002178bcbcbb4: 0000 00e9 | fbff ffff 

  0x000002178bcbcbbc: ;   {static_stub}
  0x000002178bcbcbbc: 48bb 0000 | 0000 0000 

  0x000002178bcbcbc4: ;   {runtime_call nmethod}
  0x000002178bcbcbc4: 0000 e9fb 

  0x000002178bcbcbc8: ;   {static_stub}
  0x000002178bcbcbc8: ffff ff48 | bb00 0000 | 0000 0000 

  0x000002178bcbcbd4: ;   {runtime_call nmethod}
  0x000002178bcbcbd4: 00e9 fbff 

  0x000002178bcbcbd8: ;   {runtime_call handle_exception_from_callee Runtime1 stub}
  0x000002178bcbcbd8: ffff e821 

  0x000002178bcbcbdc: ;   {external_word}
  0x000002178bcbcbdc: 1338 0748 | b940 536f | 78f8 7f00 | 0048 83e4 

  0x000002178bcbcbec: ;   {runtime_call}
  0x000002178bcbcbec: f048 b8b0 | c331 78f8 | 7f00 00ff 

  0x000002178bcbcbf8: ;   {section_word}
  0x000002178bcbcbf8: d0f4 49ba | facb cb8b | 1702 0000 

  0x000002178bcbcc04: ;   {runtime_call DeoptimizationBlob}
  0x000002178bcbcc04: 4152 e915 | 7b2c 07f4 | f4f4 f4f4 
[/MachCode]


---------------  P R O C E S S  ---------------

Threads class SMR info:
_java_thread_list=0x00000217ea502110, length=25, elements={
0x0000021782fe3170, 0x00000217a78ae010, 0x00000217a78b0a80, 0x00000217a78bec70,
0x00000217a78bf6d0, 0x00000217a7912800, 0x00000217ff664c80, 0x00000217a7921d30,
0x00000217a7941b80, 0x00000217ff665310, 0x00000217ff666d50, 0x00000217ff66bc10,
0x00000217ff66aef0, 0x00000217ff669b40, 0x00000217ff66b580, 0x00000217ff66a1d0,
0x00000217eab7aa00, 0x00000217eab7c440, 0x00000217eab7b720, 0x00000217eab79650,
0x00000217eab7bdb0, 0x00000217eab7b090, 0x00000217eab78fc0, 0x00000217eab7cad0,
0x00000217eab7d160
}

Java Threads: ( => current thread )
=>0x0000021782fe3170 JavaThread "main"                              [_thread_in_native, id=37032, stack(0x0000009c2ee00000,0x0000009c2f600000) (8192K)]
  0x00000217a78ae010 JavaThread "Reference Handler"          daemon [_thread_blocked, id=32552, stack(0x0000009c41e00000,0x0000009c42600000) (8192K)]
  0x00000217a78b0a80 JavaThread "Finalizer"                  daemon [_thread_blocked, id=22708, stack(0x0000009c42600000,0x0000009c42e00000) (8192K)]
  0x00000217a78bec70 JavaThread "Signal Dispatcher"          daemon [_thread_blocked, id=7516, stack(0x0000009c42e00000,0x0000009c43600000) (8192K)]
  0x00000217a78bf6d0 JavaThread "Attach Listener"            daemon [_thread_blocked, id=6912, stack(0x0000009c43600000,0x0000009c43e00000) (8192K)]
  0x00000217a7912800 JavaThread "Service Thread"             daemon [_thread_blocked, id=20460, stack(0x0000009c43e00000,0x0000009c44600000) (8192K)]
  0x00000217ff664c80 JavaThread "Monitor Deflation Thread"   daemon [_thread_blocked, id=35804, stack(0x0000009c44600000,0x0000009c44e00000) (8192K)]
  0x00000217a7921d30 JavaThread "C2 CompilerThread0"         daemon [_thread_blocked, id=32696, stack(0x0000009c44e00000,0x0000009c45600000) (8192K)]
  0x00000217a7941b80 JavaThread "C1 CompilerThread0"         daemon [_thread_blocked, id=32588, stack(0x0000009c45600000,0x0000009c45e00000) (8192K)]
  0x00000217ff665310 JavaThread "Notification Thread"        daemon [_thread_blocked, id=9488, stack(0x0000009c45e00000,0x0000009c46600000) (8192K)]
  0x00000217ff666d50 JavaThread "Common-Cleaner"             daemon [_thread_blocked, id=30272, stack(0x0000009c46600000,0x0000009c46e00000) (8192K)]
  0x00000217ff66bc10 JavaThread "Thread-0"                          [_thread_in_native, id=15124, stack(0x0000009c31600000,0x0000009c31e00000) (8192K)]
  0x00000217ff66aef0 JavaThread "Thread-1"                          [_thread_in_native, id=26728, stack(0x0000009c32600000,0x0000009c32e00000) (8192K)]
  0x00000217ff669b40 JavaThread "Thread-2"                          [_thread_in_native, id=28328, stack(0x0000009c31e00000,0x0000009c32600000) (8192K)]
  0x00000217ff66b580 JavaThread "Thread-3"                          [_thread_in_native, id=7620, stack(0x0000009c33600000,0x0000009c33e00000) (8192K)]
  0x00000217ff66a1d0 JavaThread "Thread-4"                          [_thread_in_native, id=24028, stack(0x0000009c33e00000,0x0000009c34600000) (8192K)]
  0x00000217eab7aa00 JavaThread "Thread-5"                          [_thread_in_native, id=5936, stack(0x0000009c32e00000,0x0000009c33600000) (8192K)]
  0x00000217eab7c440 JavaThread "Thread-6"                          [_thread_in_native, id=14024, stack(0x0000009c34600000,0x0000009c34e00000) (8192K)]
  0x00000217eab7b720 JavaThread "Thread-7"                          [_thread_in_native, id=16976, stack(0x0000009c34e00000,0x0000009c35600000) (8192K)]
  0x00000217eab79650 JavaThread "Thread-8"                          [_thread_in_native, id=11140, stack(0x0000009c35600000,0x0000009c35e00000) (8192K)]
  0x00000217eab7bdb0 JavaThread "Thread-9"                          [_thread_in_native, id=34452, stack(0x0000009c35e00000,0x0000009c36600000) (8192K)]
  0x00000217eab7b090 JavaThread "Thread-10"                         [_thread_in_native, id=13224, stack(0x0000009c36600000,0x0000009c36e00000) (8192K)]
  0x00000217eab78fc0 JavaThread "Thread-11"                         [_thread_in_native, id=24728, stack(0x0000009c36e00000,0x0000009c37600000) (8192K)]
  0x00000217eab7cad0 JavaThread "Thread-12"                         [_thread_in_native, id=22180, stack(0x0000009c37600000,0x0000009c37e00000) (8192K)]
  0x00000217eab7d160 JavaThread "Thread-13"                         [_thread_in_native, id=35660, stack(0x0000009c37e00000,0x0000009c38600000) (8192K)]
Total: 25

Other Threads:
  0x00000217fed440d0 VMThread "VM Thread"                           [id=20844, stack(0x0000009c41600000,0x0000009c41e00000) (8192K)]
  0x00000217a783adb0 WatcherThread "VM Periodic Task Thread"        [id=19868, stack(0x0000009c40e00000,0x0000009c41600000) (8192K)]
  0x00000217fed43d20 WorkerThread "GC Thread#0"                     [id=35460, stack(0x0000009c3e600000,0x0000009c3ee00000) (8192K)]
  0x00000217a7d2ac40 WorkerThread "GC Thread#1"                     [id=17892, stack(0x0000009c47600000,0x0000009c47e00000) (8192K)]
  0x00000217a7d278a0 WorkerThread "GC Thread#2"                     [id=35128, stack(0x0000009c47e00000,0x0000009c48600000) (8192K)]
  0x00000217a7d2aff0 WorkerThread "GC Thread#3"                     [id=30276, stack(0x0000009c48600000,0x0000009c48e00000) (8192K)]
  0x00000217a7d27c50 WorkerThread "GC Thread#4"                     [id=35828, stack(0x0000009c48e00000,0x0000009c49600000) (8192K)]
  0x00000217a7d2a4e0 WorkerThread "GC Thread#5"                     [id=28612, stack(0x0000009c49600000,0x0000009c49e00000) (8192K)]
  0x00000217a7d28000 WorkerThread "GC Thread#6"                     [id=32872, stack(0x0000009c49e00000,0x0000009c4a600000) (8192K)]
  0x00000217a7d28b10 WorkerThread "GC Thread#7"                     [id=16936, stack(0x0000009c4a600000,0x0000009c4ae00000) (8192K)]
  0x00000217a7d283b0 WorkerThread "GC Thread#8"                     [id=4064, stack(0x0000009c4ae00000,0x0000009c4b600000) (8192K)]
  0x00000217a7d29620 WorkerThread "GC Thread#9"                     [id=28824, stack(0x0000009c4b600000,0x0000009c4be00000) (8192K)]
  0x00000217a7d28760 WorkerThread "GC Thread#10"                    [id=11076, stack(0x0000009c4be00000,0x0000009c4c600000) (8192K)]
  0x000002178338de60 ConcurrentGCThread "G1 Main Marker"            [id=17632, stack(0x0000009c3ee00000,0x0000009c3f600000) (8192K)]
  0x00000217fed435c0 WorkerThread "G1 Conc#0"                       [id=23056, stack(0x0000009c3f600000,0x0000009c3fe00000) (8192K)]
  0x00000217ea2ef4e0 WorkerThread "G1 Conc#1"                       [id=32240, stack(0x0000009c4c600000,0x0000009c4ce00000) (8192K)]
  0x00000217ea2f1260 WorkerThread "G1 Conc#2"                       [id=25036, stack(0x0000009c4ce00000,0x0000009c4d600000) (8192K)]
  0x00000217feb4ee90 ConcurrentGCThread "G1 Refine#0"               [id=10516, stack(0x0000009c3fe00000,0x0000009c40600000) (8192K)]
  0x00000217efc20ad0 ConcurrentGCThread "G1 Service"                [id=2652, stack(0x0000009c40600000,0x0000009c40e00000) (8192K)]
Total: 19

Threads with active compile tasks:
Total: 0

VM state: not at safepoint (normal execution)

VM Mutex/Monitor currently owned by a thread: None

Heap address: 0x0000000608000000, size: 8064 MB, Compressed Oops mode: Zero based, Oop shift amount: 3

CDS archive(s) mapped at: [0x00000217a9000000-0x00000217a9c80000-0x00000217a9c80000), size 13107200, SharedBaseAddress: 0x00000217a9000000, ArchiveRelocationMode: 1.
Compressed class space mapped at: 0x00000217aa000000-0x00000217ea000000, reserved size: 1073741824
Narrow klass base: 0x00000217a9000000, Narrow klass shift: 0, Narrow klass range: 0x100000000

GC Precious Log:
 CardTable entry size: 512
 Card Set container configuration: InlinePtr #cards 4 size 8 Array Of Cards #cards 32 size 80 Howl #buckets 8 coarsen threshold 7372 Howl Bitmap #cards 1024 size 144 coarsen threshold 921 Card regions per heap region 1 cards per card region 8192
 CPUs: 14 total, 14 available
 Memory: 32253M
 Large Page Support: Disabled
 NUMA Support: Disabled
 Compressed Oops: Enabled (Zero based)
 Heap Region Size: 4M
 Heap Min Capacity: 8M
 Heap Initial Capacity: 504M
 Heap Max Capacity: 8064M
 Pre-touch: Disabled
 Parallel Workers: 11
 Concurrent Workers: 3
 Concurrent Refinement Workers: 11
 Periodic GC: Disabled

Heap:
 garbage-first heap   total 32768K, used 10000K [0x0000000608000000, 0x0000000800000000)
  region size 4096K, 3 young (12288K), 1 survivors (4096K)
 Metaspace       used 25732K, committed 25920K, reserved 1114112K
  class space    used 2628K, committed 2688K, reserved 1048576K

Heap Regions: E=young(eden), S=young(survivor), O=old, HS=humongous(starts), HC=humongous(continues), CS=collection set, F=free, TAMS=top-at-mark-start, PB=parsable bottom
|   0|0x0000000608000000, 0x0000000608000000, 0x0000000608400000|  0%| F|  |TAMS 0x0000000608000000| PB 0x0000000608000000| Untracked 
|   1|0x0000000608400000, 0x00000006087710c8, 0x0000000608800000| 86%| O|  |TAMS 0x0000000608400000| PB 0x0000000608400000| Untracked 
|   2|0x0000000608800000, 0x0000000608800000, 0x0000000608c00000|  0%| F|  |TAMS 0x0000000608800000| PB 0x0000000608800000| Untracked 
|   3|0x0000000608c00000, 0x0000000608e53090, 0x0000000609000000| 58%| S|CS|TAMS 0x0000000608c00000| PB 0x0000000608c00000| Complete 
|   4|0x0000000609000000, 0x0000000609000000, 0x0000000609400000|  0%| F|  |TAMS 0x0000000609000000| PB 0x0000000609000000| Untracked 
|   5|0x0000000609400000, 0x0000000609400000, 0x0000000609800000|  0%| F|  |TAMS 0x0000000609400000| PB 0x0000000609400000| Untracked 
| 122|0x0000000626800000, 0x00000006269a5530, 0x0000000626c00000| 41%| E|  |TAMS 0x0000000626800000| PB 0x0000000626800000| Complete 
| 125|0x0000000627400000, 0x0000000627800000, 0x0000000627800000|100%| E|CS|TAMS 0x0000000627400000| PB 0x0000000627400000| Complete 

Card table byte_map: [0x000002179c350000,0x000002179d310000] _byte_map_base: 0x0000021799310000

Marking Bits: (CMBitMap*) 0x00000217ff666040
 Bits: [0x000002179d310000, 0x00000217a5110000)

Polling page: 0x0000021781f10000

Metaspace:

Usage:
  Non-class:     22.56 MB used.
      Class:      2.57 MB used.
       Both:     25.13 MB used.

Virtual space:
  Non-class space:       64.00 MB reserved,      22.69 MB ( 35%) committed,  1 nodes.
      Class space:        1.00 GB reserved,       2.62 MB ( <1%) committed,  1 nodes.
             Both:        1.06 GB reserved,      25.31 MB (  2%) committed. 

Chunk freelists:
   Non-Class:  6.66 MB
       Class:  13.21 MB
        Both:  19.87 MB

MaxMetaspaceSize: unlimited
CompressedClassSpaceSize: 1.00 GB
Initial GC threshold: 21.00 MB
Current GC threshold: 35.25 MB
CDS: on
 - commit_granule_bytes: 65536.
 - commit_granule_words: 8192.
 - virtual_space_node_default_size: 8388608.
 - enlarge_chunks_in_place: 1.
 - use_allocation_guard: 0.


Internal statistics:

num_allocs_failed_limit: 3.
num_arena_births: 102.
num_arena_deaths: 0.
num_vsnodes_births: 2.
num_vsnodes_deaths: 0.
num_space_committed: 404.
num_space_uncommitted: 0.
num_chunks_returned_to_freelist: 3.
num_chunks_taken_from_freelist: 915.
num_chunk_merges: 3.
num_chunk_splits: 830.
num_chunks_enlarged: 758.
num_inconsistent_stats: 0.

CodeHeap 'non-profiled nmethods': size=120000Kb used=739Kb max_used=739Kb free=119260Kb
 bounds [0x00000217934d0000, 0x0000021793740000, 0x000002179aa00000]
CodeHeap 'profiled nmethods': size=120000Kb used=3030Kb max_used=3030Kb free=116969Kb
 bounds [0x000002178ba00000, 0x000002178bd00000, 0x0000021792f30000]
CodeHeap 'non-nmethods': size=5760Kb used=1491Kb max_used=1512Kb free=4268Kb
 bounds [0x0000021792f30000, 0x00000217931a0000, 0x00000217934d0000]
CodeCache: size=245760Kb, used=5260Kb, max_used=5281Kb, free=240497Kb
 total_blobs=2214, nmethods=1570, adapters=549, full_count=0
Compilation: enabled, stopped_count=0, restarted_count=0

Compilation events (20 events):
Event: 11.083 Thread 0x00000217a7941b80 1561       3       java.lang.String::<init> (22 bytes)
Event: 11.084 Thread 0x00000217a7941b80 nmethod 1561 0x000002178bce8090 code [0x000002178bce8280, 0x000002178bce86e0]
Event: 11.084 Thread 0x00000217a7941b80 1562   !   3       java.lang.String::<init> (880 bytes)
Event: 11.089 Thread 0x00000217a7941b80 nmethod 1562 0x000002178bce8910 code [0x000002178bce9320, 0x000002178bcef598]
Event: 11.165 Thread 0x00000217a7941b80 1563       3       java.lang.StringUTF16::newBytesLength (59 bytes)
Event: 11.166 Thread 0x00000217a7941b80 nmethod 1563 0x000002178bcf1610 code [0x000002178bcf1880, 0x000002178bcf2020]
Event: 11.200 Thread 0x00000217a7941b80 1564       3       godot.core.VariantParser$STRING::toUnsafeKotlin (6 bytes)
Event: 11.201 Thread 0x00000217a7941b80 nmethod 1564 0x000002178bcf2310 code [0x000002178bcf24c0, 0x000002178bcf25f8]
Event: 11.201 Thread 0x00000217a7941b80 1565       3       godot.core.VariantParser$STRING::toUnsafeKotlin (74 bytes)
Event: 11.202 Thread 0x00000217a7941b80 nmethod 1565 0x000002178bcf2690 code [0x000002178bcf29a0, 0x000002178bcf3ab8]
Event: 11.250 Thread 0x00000217a7941b80 1566       3       java.util.Collections::addAll (43 bytes)
Event: 11.250 Thread 0x00000217a7941b80 nmethod 1566 0x000002178bcf3f90 code [0x000002178bcf4140, 0x000002178bcf43f0]
Event: 11.332 Thread 0x00000217a7941b80 1567       3       kotlin.jvm.internal.Intrinsics::areEqual (22 bytes)
Event: 11.333 Thread 0x00000217a7941b80 nmethod 1567 0x000002178bcf4510 code [0x000002178bcf46c0, 0x000002178bcf4910]
Event: 11.433 Thread 0x00000217a7941b80 1568       3       java.util.ArrayList::ensureCapacity (42 bytes)
Event: 11.434 Thread 0x00000217a7941b80 nmethod 1568 0x000002178bcf4a10 code [0x000002178bcf4bc0, 0x000002178bcf4db0]
Event: 11.516 Thread 0x00000217a7941b80 1569       3       kotlin.reflect.jvm.internal.KClassImpl::equals (33 bytes)
Event: 11.517 Thread 0x00000217a7941b80 nmethod 1569 0x000002178bcf4e90 code [0x000002178bcf5080, 0x000002178bcf5690]
Event: 14.767 Thread 0x00000217a7941b80 1570       3       java.util.concurrent.ConcurrentHashMap::remove (8 bytes)
Event: 14.767 Thread 0x00000217a7941b80 nmethod 1570 0x000002178bcf5810 code [0x000002178bcf59c0, 0x000002178bcf5b10]

GC Heap History (10 events):
Event: 0.413 GC heap before
{Heap before GC invocations=0 (full 0):
 garbage-first heap   total 516096K, used 20480K [0x0000000608000000, 0x0000000800000000)
  region size 4096K, 6 young (24576K), 0 survivors (0K)
 Metaspace       used 7526K, committed 7616K, reserved 1114112K
  class space    used 433K, committed 512K, reserved 1048576K
}
Event: 0.417 GC heap after
{Heap after GC invocations=1 (full 0):
 garbage-first heap   total 516096K, used 2226K [0x0000000608000000, 0x0000000800000000)
  region size 4096K, 1 young (4096K), 1 survivors (4096K)
 Metaspace       used 7526K, committed 7616K, reserved 1114112K
  class space    used 433K, committed 512K, reserved 1048576K
}
Event: 0.840 GC heap before
{Heap before GC invocations=1 (full 0):
 garbage-first heap   total 516096K, used 26802K [0x0000000608000000, 0x0000000800000000)
  region size 4096K, 8 young (32768K), 1 survivors (4096K)
 Metaspace       used 16900K, committed 17024K, reserved 1114112K
  class space    used 1710K, committed 1792K, reserved 1048576K
}
Event: 0.843 GC heap after
{Heap after GC invocations=2 (full 0):
 garbage-first heap   total 516096K, used 3792K [0x0000000608000000, 0x0000000800000000)
  region size 4096K, 1 young (4096K), 1 survivors (4096K)
 Metaspace       used 16900K, committed 17024K, reserved 1114112K
  class space    used 1710K, committed 1792K, reserved 1048576K
}
Event: 1.047 GC heap before
{Heap before GC invocations=2 (full 0):
 garbage-first heap   total 516096K, used 11984K [0x0000000608000000, 0x0000000800000000)
  region size 4096K, 4 young (16384K), 1 survivors (4096K)
 Metaspace       used 21391K, committed 21504K, reserved 1114112K
  class space    used 2036K, committed 2112K, reserved 1048576K
}
Event: 1.051 GC heap after
{Heap after GC invocations=3 (full 0):
 garbage-first heap   total 516096K, used 4692K [0x0000000608000000, 0x0000000800000000)
  region size 4096K, 1 young (4096K), 1 survivors (4096K)
 Metaspace       used 21391K, committed 21504K, reserved 1114112K
  class space    used 2036K, committed 2112K, reserved 1048576K
}
Event: 1.447 GC heap before
{Heap before GC invocations=4 (full 0):
 garbage-first heap   total 28672K, used 25172K [0x0000000608000000, 0x0000000800000000)
  region size 4096K, 6 young (24576K), 1 survivors (4096K)
 Metaspace       used 24819K, committed 24960K, reserved 1114112K
  class space    used 2564K, committed 2624K, reserved 1048576K
}
Event: 1.452 GC heap after
{Heap after GC invocations=5 (full 0):
 garbage-first heap   total 32768K, used 5872K [0x0000000608000000, 0x0000000800000000)
  region size 4096K, 1 young (4096K), 1 survivors (4096K)
 Metaspace       used 24819K, committed 24960K, reserved 1114112K
  class space    used 2564K, committed 2624K, reserved 1048576K
}
Event: 6.232 GC heap before
{Heap before GC invocations=5 (full 0):
 garbage-first heap   total 32768K, used 18160K [0x0000000608000000, 0x0000000800000000)
  region size 4096K, 4 young (16384K), 1 survivors (4096K)
 Metaspace       used 25676K, committed 25792K, reserved 1114112K
  class space    used 2628K, committed 2688K, reserved 1048576K
}
Event: 6.242 GC heap after
{Heap after GC invocations=6 (full 0):
 garbage-first heap   total 32768K, used 5904K [0x0000000608000000, 0x0000000800000000)
  region size 4096K, 1 young (4096K), 1 survivors (4096K)
 Metaspace       used 25676K, committed 25792K, reserved 1114112K
  class space    used 2628K, committed 2688K, reserved 1048576K
}

Dll operation events (6 events):
Event: 0.007 Loaded shared library C:\Users\ADMIN\.jdks\temurin-21.0.10\bin\java.dll
Event: 0.033 Loaded shared library C:\Users\ADMIN\.jdks\temurin-21.0.10\bin\jsvml.dll
Event: 0.050 Loaded shared library C:\Users\ADMIN\.jdks\temurin-21.0.10\bin\net.dll
Event: 0.051 Loaded shared library C:\Users\ADMIN\.jdks\temurin-21.0.10\bin\nio.dll
Event: 0.061 Loaded shared library C:\Users\ADMIN\.jdks\temurin-21.0.10\bin\zip.dll
Event: 0.169 Loaded shared library C:\Users\ADMIN\.jdks\temurin-21.0.10\bin\jimage.dll

Deoptimization events (20 events):
Event: 4.327 Thread 0x0000021782fe3170 Uncommon trap: trap_request=0xffffffd6 fr.pc=0x000002179355eedc relative=0x000000000000041c
Event: 4.327 Thread 0x0000021782fe3170 Uncommon trap: reason=array_check action=maybe_recompile pc=0x000002179355eedc method=java.util.Arrays.fill([Ljava/lang/Object;IILjava/lang/Object;)V @ 20 c2
Event: 4.327 Thread 0x0000021782fe3170 DEOPT PACKING pc=0x000002179355eedc sp=0x0000009c2f5fbf80
Event: 4.327 Thread 0x0000021782fe3170 DEOPT UNPACKING pc=0x0000021792f84422 sp=0x0000009c2f5fbf48 mode 2
Event: 4.327 Thread 0x0000021782fe3170 Uncommon trap: trap_request=0xffffffd6 fr.pc=0x000002179355eedc relative=0x000000000000041c
Event: 4.327 Thread 0x0000021782fe3170 Uncommon trap: reason=array_check action=maybe_recompile pc=0x000002179355eedc method=java.util.Arrays.fill([Ljava/lang/Object;IILjava/lang/Object;)V @ 20 c2
Event: 4.327 Thread 0x0000021782fe3170 DEOPT PACKING pc=0x000002179355eedc sp=0x0000009c2f5fbd50
Event: 4.327 Thread 0x0000021782fe3170 DEOPT UNPACKING pc=0x0000021792f84422 sp=0x0000009c2f5fbd18 mode 2
Event: 4.327 Thread 0x0000021782fe3170 Uncommon trap: trap_request=0xffffffd6 fr.pc=0x000002179355eedc relative=0x000000000000041c
Event: 4.327 Thread 0x0000021782fe3170 Uncommon trap: reason=array_check action=maybe_recompile pc=0x000002179355eedc method=java.util.Arrays.fill([Ljava/lang/Object;IILjava/lang/Object;)V @ 20 c2
Event: 4.327 Thread 0x0000021782fe3170 DEOPT PACKING pc=0x000002179355eedc sp=0x0000009c2f5fbd50
Event: 4.327 Thread 0x0000021782fe3170 DEOPT UNPACKING pc=0x0000021792f84422 sp=0x0000009c2f5fbd18 mode 2
Event: 6.246 Thread 0x0000021782fe3170 Uncommon trap: trap_request=0xffffff45 fr.pc=0x0000021793566138 relative=0x0000000000000158
Event: 6.246 Thread 0x0000021782fe3170 Uncommon trap: reason=unstable_if action=reinterpret pc=0x0000021793566138 method=godot.common.interop.ObjectID.equals-impl(JLjava/lang/Object;)Z @ 20 c2
Event: 6.246 Thread 0x0000021782fe3170 DEOPT PACKING pc=0x0000021793566138 sp=0x0000009c2f5fef90
Event: 6.246 Thread 0x0000021782fe3170 DEOPT UNPACKING pc=0x0000021792f84422 sp=0x0000009c2f5fee18 mode 2
Event: 6.246 Thread 0x0000021782fe3170 Uncommon trap: trap_request=0xffffff45 fr.pc=0x0000021793558aa4 relative=0x0000000000000104
Event: 6.246 Thread 0x0000021782fe3170 Uncommon trap: reason=unstable_if action=reinterpret pc=0x0000021793558aa4 method=java.lang.Long.valueOf(J)Ljava/lang/Long; @ 9 c2
Event: 6.246 Thread 0x0000021782fe3170 DEOPT PACKING pc=0x0000021793558aa4 sp=0x0000009c2f5fefa0
Event: 6.246 Thread 0x0000021782fe3170 DEOPT UNPACKING pc=0x0000021792f84422 sp=0x0000009c2f5fef28 mode 2

Classes loaded (20 events):
Event: 1.444 Loading class java/lang/Thread$ThreadNumbering
Event: 1.445 Loading class java/lang/Thread$ThreadNumbering done
Event: 1.459 Loading class java/util/LinkedList
Event: 1.460 Loading class java/util/AbstractSequentialList
Event: 1.460 Loading class java/util/AbstractSequentialList done
Event: 1.460 Loading class java/util/LinkedList done
Event: 1.666 Loading class java/util/ArrayList$SubList$1
Event: 1.666 Loading class java/util/ArrayList$SubList$1 done
Event: 2.007 Loading class java/lang/Math$RandomNumberGeneratorHolder
Event: 2.007 Loading class java/lang/Math$RandomNumberGeneratorHolder done
Event: 4.183 Loading class java/lang/FdLibm$Atan2
Event: 4.183 Loading class java/lang/FdLibm$Atan2 done
Event: 4.184 Loading class java/lang/FdLibm
Event: 4.184 Loading class java/lang/FdLibm done
Event: 4.184 Loading class java/lang/FdLibm$Atan
Event: 4.184 Loading class java/lang/FdLibm$Atan done
Event: 5.783 Loading class java/util/LinkedList$Node
Event: 5.783 Loading class java/util/LinkedList$Node done
Event: 5.784 Loading class java/util/LinkedList$ListItr
Event: 5.784 Loading class java/util/LinkedList$ListItr done

Classes unloaded (0 events):
No events

Classes redefined (0 events):
No events

Internal exceptions (2 events):
Event: 1.290 Thread 0x0000021782fe3170 Exception <a 'java/lang/NoSuchMethodError'{0x0000000608e3bb18}: 'java.lang.Object java.lang.invoke.DirectMethodHandle$Holder.invokeStaticInit(java.lang.Object, java.lang.Object, java.lang.Object)'> (0x0000000608e3bb18) 
thrown [s\src\hotspot\share\interpreter\linkResolver.cpp, line 773]
Event: 1.393 Thread 0x0000021782fe3170 Exception <a 'java/lang/NoSuchMethodError'{0x0000000608f4d268}: 'java.lang.Object java.lang.invoke.DirectMethodHandle$Holder.newInvokeSpecial(java.lang.Object, long, long, int)'> (0x0000000608f4d268) 
thrown [s\src\hotspot\share\interpreter\linkResolver.cpp, line 773]

ZGC Phase Switch (0 events):
No events

VM Operations (20 events):
Event: 1.326 Executing non-safepoint VM operation: HandshakeAllThreads (Deoptimize)
Event: 1.326 Executing non-safepoint VM operation: HandshakeAllThreads (Deoptimize) done
Event: 1.447 Executing safepoint VM operation: G1CollectForAllocation (G1 Evacuation Pause)
Event: 1.452 Executing safepoint VM operation: G1CollectForAllocation (G1 Evacuation Pause) done
Event: 1.460 Executing non-safepoint VM operation: HandshakeAllThreads (Deoptimize)
Event: 1.460 Executing non-safepoint VM operation: HandshakeAllThreads (Deoptimize) done
Event: 1.638 Executing non-safepoint VM operation: HandshakeAllThreads (Deoptimize)
Event: 1.638 Executing non-safepoint VM operation: HandshakeAllThreads (Deoptimize) done
Event: 2.637 Executing safepoint VM operation: Cleanup
Event: 2.637 Executing safepoint VM operation: Cleanup done
Event: 3.638 Executing safepoint VM operation: Cleanup
Event: 3.638 Executing safepoint VM operation: Cleanup done
Event: 4.639 Executing safepoint VM operation: Cleanup
Event: 4.639 Executing safepoint VM operation: Cleanup done
Event: 6.232 Executing safepoint VM operation: G1CollectForAllocation (G1 Evacuation Pause)
Event: 6.242 Executing safepoint VM operation: G1CollectForAllocation (G1 Evacuation Pause) done
Event: 8.241 Executing safepoint VM operation: Cleanup
Event: 8.241 Executing safepoint VM operation: Cleanup done
Event: 12.244 Executing safepoint VM operation: Cleanup
Event: 12.244 Executing safepoint VM operation: Cleanup done

Memory protections (0 events):
No events

Nmethod flushes (0 events):
No events

Events (20 events):
Event: 0.031 Thread 0x0000021782fe3170 Thread added: 0x00000217a7921d30
Event: 0.031 Thread 0x0000021782fe3170 Thread added: 0x00000217a7941b80
Event: 0.044 Thread 0x0000021782fe3170 Thread added: 0x00000217ff665310
Event: 0.047 Thread 0x0000021782fe3170 Thread added: 0x00000217ff666d50
Event: 0.060 Thread 0x00000217a7921d30 Thread added: 0x00000217a7b1c910
Event: 1.422 Thread 0x00000217a7b1c910 Thread exited: 0x00000217a7b1c910
Event: 1.444 Thread 0x00000217ff66bc10 Thread added: 0x00000217ff66bc10
Event: 1.445 Thread 0x00000217ff66aef0 Thread added: 0x00000217ff66aef0
Event: 1.445 Thread 0x00000217ff669b40 Thread added: 0x00000217ff669b40
Event: 1.446 Thread 0x00000217ff66b580 Thread added: 0x00000217ff66b580
Event: 1.447 Thread 0x00000217ff66a1d0 Thread added: 0x00000217ff66a1d0
Event: 1.452 Thread 0x00000217eab7aa00 Thread added: 0x00000217eab7aa00
Event: 1.453 Thread 0x00000217eab7c440 Thread added: 0x00000217eab7c440
Event: 1.453 Thread 0x00000217eab7b720 Thread added: 0x00000217eab7b720
Event: 1.453 Thread 0x00000217eab79650 Thread added: 0x00000217eab79650
Event: 1.453 Thread 0x00000217eab7bdb0 Thread added: 0x00000217eab7bdb0
Event: 1.453 Thread 0x00000217eab7b090 Thread added: 0x00000217eab7b090
Event: 1.454 Thread 0x00000217eab78fc0 Thread added: 0x00000217eab78fc0
Event: 1.454 Thread 0x00000217eab7cad0 Thread added: 0x00000217eab7cad0
Event: 1.456 Thread 0x00000217eab7d160 Thread added: 0x00000217eab7d160


Dynamic libraries:
0x00007ff648770000 - 0x00007ff651d7a000 	C:\Users\ADMIN\Downloads\godot-kotlin-jvm_editor_windows_x86_64_debug_0.14.3-4.5.1\godot.windows.editor.x86_64.jvm.0.14.3.exe
0x00007ff94fd40000 - 0x00007ff94ffa7000 	C:\WINDOWS\SYSTEM32\ntdll.dll
0x00007ff94e9b0000 - 0x00007ff94ea79000 	C:\WINDOWS\System32\KERNEL32.DLL
0x00007ff94cb00000 - 0x00007ff94cef7000 	C:\WINDOWS\System32\KERNELBASE.dll
0x00007ff94dac0000 - 0x00007ff94dc57000 	C:\WINDOWS\System32\ole32.dll
0x00007ff9321a0000 - 0x00007ff9321d6000 	C:\WINDOWS\SYSTEM32\WINMM.dll
0x00007ff94c770000 - 0x00007ff94c8bb000 	C:\WINDOWS\System32\ucrtbase.dll
0x00007ff94cf30000 - 0x00007ff94cfd3000 	C:\WINDOWS\System32\msvcp_win.dll
0x00007ff94e6d0000 - 0x00007ff94e6fb000 	C:\WINDOWS\System32\GDI32.dll
0x00007ff94cf00000 - 0x00007ff94cf27000 	C:\WINDOWS\System32\win32u.dll
0x00007ff94d990000 - 0x00007ff94dabc000 	C:\WINDOWS\System32\gdi32full.dll
0x00007ff94f640000 - 0x00007ff94f806000 	C:\WINDOWS\System32\USER32.dll
0x00007ff94f870000 - 0x00007ff94fbf3000 	C:\WINDOWS\System32\combase.dll
0x00007ff94e500000 - 0x00007ff94e618000 	C:\WINDOWS\System32\RPCRT4.dll
0x00007ff94e840000 - 0x00007ff94e919000 	C:\WINDOWS\System32\OLEAUT32.dll
0x00007ff94e490000 - 0x00007ff94e4f6000 	C:\WINDOWS\System32\SHLWAPI.dll
0x00007ff94d070000 - 0x00007ff94d8dc000 	C:\WINDOWS\System32\Windows.Storage.dll
0x00007ff94ed10000 - 0x00007ff94edc6000 	C:\WINDOWS\System32\advapi32.dll
0x00007ff94e3e0000 - 0x00007ff94e489000 	C:\WINDOWS\System32\msvcrt.dll
0x00007ff94e750000 - 0x00007ff94e7f7000 	C:\WINDOWS\System32\sechost.dll
0x00007ff94fc00000 - 0x00007ff94fcf6000 	C:\WINDOWS\System32\shcore.dll
0x00007ff94dc60000 - 0x00007ff94e3ce000 	C:\WINDOWS\System32\SHELL32.dll
0x00007ff94f4c0000 - 0x00007ff94f4f2000 	C:\WINDOWS\System32\IMM32.dll
0x00007ff94c980000 - 0x00007ff94caf8000 	C:\WINDOWS\System32\CRYPT32.dll
0x00007ff94ec80000 - 0x00007ff94ed00000 	C:\WINDOWS\System32\WS2_32.dll
0x00007ff94c660000 - 0x00007ff94c68a000 	C:\WINDOWS\SYSTEM32\bcrypt.dll
0x00007ff942140000 - 0x00007ff9423a7000 	C:\WINDOWS\SYSTEM32\DWrite.dll
0x00007ff940b20000 - 0x00007ff940b2b000 	C:\WINDOWS\SYSTEM32\AVRT.dll
0x00007ff9438f0000 - 0x00007ff94391f000 	C:\WINDOWS\SYSTEM32\dwmapi.dll
0x00007ff94a500000 - 0x00007ff94a742000 	C:\WINDOWS\SYSTEM32\dbghelp.dll
0x00007ff94afa0000 - 0x00007ff94afd2000 	C:\WINDOWS\SYSTEM32\IPHLPAPI.DLL
0x00007ff8cced0000 - 0x00007ff8cceda000 	C:\WINDOWS\SYSTEM32\WSOCK32.dll
0x00007ff94d8e0000 - 0x00007ff94d988000 	C:\WINDOWS\System32\bcryptPrimitives.dll
0x00007ff94b500000 - 0x00007ff94b51b000 	C:\WINDOWS\SYSTEM32\kernel.appcore.dll
0x00007ff9434d0000 - 0x00007ff94357a000 	C:\WINDOWS\system32\uxtheme.dll
0x00007ff94ba70000 - 0x00007ff94badc000 	C:\WINDOWS\system32\mswsock.dll
0x00007ff8c8600000 - 0x00007ff8c878e000 	C:\WINDOWS\SYSTEM32\vulkan-1.dll
0x00007ff94c350000 - 0x00007ff94c3a1000 	C:\WINDOWS\SYSTEM32\CFGMGR32.dll
0x00007ff943630000 - 0x00007ff94376e000 	C:\WINDOWS\system32\dxgi.dll
0x00007ff94c5d0000 - 0x00007ff94c62e000 	C:\WINDOWS\SYSTEM32\powrprof.dll
0x00007ff94c5b0000 - 0x00007ff94c5c4000 	C:\WINDOWS\SYSTEM32\UMPDC.dll
0x00007ff932fb0000 - 0x00007ff932fcd000 	C:\WINDOWS\SYSTEM32\windows.staterepositorycore.dll
0x00007ff9435e0000 - 0x00007ff943625000 	C:\WINDOWS\SYSTEM32\dxcore.dll
0x00007ff940d20000 - 0x00007ff940d81000 	C:\WINDOWS\SYSTEM32\directxdatabasehelper.dll
0x00007ff872590000 - 0x00007ff873c11000 	C:\WINDOWS\System32\DriverStore\FileRepository\iigd_dch.inf_amd64_cd19cb30c25c57bf\igvk64.dll
0x00007ff93c660000 - 0x00007ff93cb90000 	C:\WINDOWS\System32\DriverStore\FileRepository\iigd_dch.inf_amd64_cd19cb30c25c57bf\igdgmm64.dll
0x00007ff937410000 - 0x00007ff93c65b000 	C:\WINDOWS\System32\DriverStore\FileRepository\iigd_dch.inf_amd64_cd19cb30c25c57bf\igc64.dll
0x00007ff94c690000 - 0x00007ff94c6b9000 	C:\WINDOWS\SYSTEM32\profapi.dll
0x00007ff9359a0000 - 0x00007ff9359ee000 	C:\WINDOWS\SYSTEM32\ControlLib.dll
0x00007ff913c30000 - 0x00007ff913ce0000 	C:\WINDOWS\System32\DriverStore\FileRepository\iigd_dch.inf_amd64_cd19cb30c25c57bf\IntelControlLib.dll
0x00007ff9423b0000 - 0x00007ff942612000 	C:\WINDOWS\SYSTEM32\d3d11.dll
0x00007ff8ba730000 - 0x00007ff8ba893000 	C:\WINDOWS\System32\DriverStore\FileRepository\iigd_dch.inf_amd64_cd19cb30c25c57bf\igvkMedia64.dll
0x00007ff916e00000 - 0x00007ff9183ba000 	C:\WINDOWS\System32\DriverStore\FileRepository\iigd_dch.inf_amd64_cd19cb30c25c57bf\igddxvacommon64.dll
0x00007ff8fa9c0000 - 0x00007ff8fca93000 	C:\WINDOWS\System32\DriverStore\FileRepository\iigd_dch.inf_amd64_cd19cb30c25c57bf\media_bin_64.dll
0x00007ff94bd50000 - 0x00007ff94bd6b000 	C:\WINDOWS\SYSTEM32\CRYPTSP.dll
0x00007ff94b460000 - 0x00007ff94b499000 	C:\WINDOWS\system32\rsaenh.dll
0x00007ff94bd70000 - 0x00007ff94bd7c000 	C:\WINDOWS\SYSTEM32\CRYPTBASE.dll
0x00007ff94edd0000 - 0x00007ff94ef2c000 	C:\WINDOWS\System32\MSCTF.dll
0x00007ff9410a0000 - 0x00007ff9411a6000 	C:\WINDOWS\SYSTEM32\PROPSYS.dll
0x00007ff94aba0000 - 0x00007ff94abaf000 	C:\WINDOWS\SYSTEM32\hid.dll
0x00007ff8ef2d0000 - 0x00007ff8ef2ec000 	C:\WINDOWS\SYSTEM32\XInput1_4.dll
0x00007ff94c2b0000 - 0x00007ff94c2dd000 	C:\WINDOWS\SYSTEM32\DEVOBJ.dll
0x00007ff930c40000 - 0x00007ff930e23000 	C:\WINDOWS\SYSTEM32\inputhost.dll
0x00007ff942cc0000 - 0x00007ff942de7000 	C:\WINDOWS\SYSTEM32\CoreMessaging.dll
0x00007ff94f580000 - 0x00007ff94f62e000 	C:\WINDOWS\System32\clbcatq.dll
0x00007ff901590000 - 0x00007ff9015db000 	C:\Windows\System32\dinput8.dll
0x00007ff94ef30000 - 0x00007ff94f3b7000 	C:\WINDOWS\System32\SETUPAPI.DLL
0x00007ff94cfe0000 - 0x00007ff94d062000 	C:\WINDOWS\System32\WINTRUST.dll
0x00007ff94bdc0000 - 0x00007ff94bdd3000 	C:\WINDOWS\SYSTEM32\MSASN1.dll
0x00007ff92e3d0000 - 0x00007ff92e516000 	C:\WINDOWS\SYSTEM32\textinputframework.dll
0x00007ff8fee80000 - 0x00007ff8feef6000 	C:\WINDOWS\system32\Oleacc.dll
0x00007ff9404d0000 - 0x00007ff940642000 	C:\WINDOWS\System32\DriverStore\FileRepository\iigd_dch.inf_amd64_cd19cb30c25c57bf\igdml64.dll
0x00007ff9020c0000 - 0x00007ff9021cf000 	C:\WINDOWS\system32\OpenGL32.dll
0x00007ff931d70000 - 0x00007ff931d9d000 	C:\WINDOWS\SYSTEM32\GLU32.dll
0x00007ff934cb0000 - 0x00007ff934d49000 	C:\WINDOWS\System32\MMDevApi.dll
0x00007ff926130000 - 0x00007ff9262e3000 	C:\WINDOWS\SYSTEM32\AUDIOSES.DLL
0x00007ff94a4e0000 - 0x00007ff94a4f4000 	C:\WINDOWS\SYSTEM32\resourcepolicyclient.dll
0x00007ff8756e0000 - 0x00007ff876ce4000 	C:\WINDOWS\System32\DriverStore\FileRepository\iigd_dch.inf_amd64_cd19cb30c25c57bf\igxelpgicd64.dll
0x00007ff8b02c0000 - 0x00007ff8b02e5000 	C:\WINDOWS\SYSTEM32\d3d12.dll
0x00007ff877cf0000 - 0x00007ff878a91000 	C:\Users\ADMIN\.jdks\temurin-21.0.10\bin\server\jvm.dll
0x00007ff92d6d0000 - 0x00007ff92d6fc000 	C:\WINDOWS\SYSTEM32\VCRUNTIME140.dll
0x00007ff92fe50000 - 0x00007ff92fe5b000 	C:\WINDOWS\SYSTEM32\VERSION.dll
0x00007ff92c980000 - 0x00007ff92c98c000 	C:\WINDOWS\SYSTEM32\VCRUNTIME140_1.dll
0x00007ff9310a0000 - 0x00007ff9310aa000 	C:\Users\ADMIN\.jdks\temurin-21.0.10\bin\jimage.dll
0x00007ff930f20000 - 0x00007ff930f5b000 	C:\WINDOWS\SYSTEM32\dbgcore.DLL
0x00007ff902500000 - 0x00007ff902520000 	C:\Users\ADMIN\.jdks\temurin-21.0.10\bin\java.dll
0x00007ff8cfb00000 - 0x00007ff8cfbd7000 	C:\Users\ADMIN\.jdks\temurin-21.0.10\bin\jsvml.dll
0x00007ff9024d0000 - 0x00007ff9024e0000 	C:\Users\ADMIN\.jdks\temurin-21.0.10\bin\net.dll
0x00007ff9401d0000 - 0x00007ff9402f9000 	C:\WINDOWS\SYSTEM32\WINHTTP.dll
0x00007ff902400000 - 0x00007ff902416000 	C:\Users\ADMIN\.jdks\temurin-21.0.10\bin\nio.dll
0x00007ff9024e0000 - 0x00007ff9024f8000 	C:\Users\ADMIN\.jdks\temurin-21.0.10\bin\zip.dll
0x00007ff91e840000 - 0x00007ff91e89a000 	C:\WINDOWS\system32\dataexchange.dll
0x00007ff9360c0000 - 0x00007ff93630e000 	C:\WINDOWS\system32\twinapi.appcore.dll

JVMTI agents: none

dbghelp: loaded successfully - version: 4.0.5 - missing functions: none
symbol engine: initialized successfully - sym options: 0x614 - pdb path: .;C:\Users\ADMIN\Downloads\godot-kotlin-jvm_editor_windows_x86_64_debug_0.14.3-4.5.1;C:\WINDOWS\SYSTEM32;C:\WINDOWS\System32\DriverStore\FileRepository\iigd_dch.inf_amd64_cd19cb30c25c57bf;C:\Users\ADMIN\.jdks\temurin-21.0.10\bin\server;C:\Users\ADMIN\.jdks\temurin-21.0.10\bin

VM Arguments:
java_command: <unknown>
java_class_path (initial): <not set>
Launcher Type: generic

[Global flags]
     intx CICompilerCount                          = 4                                         {product} {ergonomic}
     uint ConcGCThreads                            = 3                                         {product} {ergonomic}
     uint G1ConcRefinementThreads                  = 11                                        {product} {ergonomic}
   size_t G1HeapRegionSize                         = 4194304                                   {product} {ergonomic}
    uintx GCDrainStackTargetSize                   = 64                                        {product} {ergonomic}
   size_t InitialHeapSize                          = 528482304                                 {product} {ergonomic}
   size_t MarkStackSize                            = 4194304                                   {product} {ergonomic}
   size_t MaxHeapSize                              = 8455716864                                {product} {ergonomic}
   size_t MaxNewSize                               = 5070913536                                {product} {ergonomic}
   size_t MinHeapDeltaBytes                        = 4194304                                   {product} {ergonomic}
   size_t MinHeapSize                              = 8388608                                   {product} {ergonomic}
    uintx NonNMethodCodeHeapSize                   = 5839372                                {pd product} {ergonomic}
    uintx NonProfiledCodeHeapSize                  = 122909434                              {pd product} {ergonomic}
    uintx ProfiledCodeHeapSize                     = 122909434                              {pd product} {ergonomic}
    uintx ReservedCodeCacheSize                    = 251658240                              {pd product} {ergonomic}
     bool SegmentedCodeCache                       = true                                      {product} {ergonomic}
   size_t SoftMaxHeapSize                          = 8455716864                             {manageable} {ergonomic}
     bool UseCompressedOops                        = true                           {product lp64_product} {ergonomic}
     bool UseG1GC                                  = true                                      {product} {ergonomic}
     bool UseLargePagesIndividualAllocation        = false                                  {pd product} {ergonomic}

Logging:
Log output configuration:
 #0: stdout all=warning uptime,level,tags foldmultilines=false
 #1: stderr all=off uptime,level,tags foldmultilines=false

Release file:
IMPLEMENTOR="Eclipse Adoptium" 
IMPLEMENTOR_VERSION="Temurin-21.0.10+7" 
JAVA_RUNTIME_VERSION="21.0.10+7-LTS" 
JAVA_VERSION="21.0.10" 
JAVA_VERSION_DATE="2026-01-20" 
LIBC="default" 
MODULES="java.base java.compiler java.datatransfer java.xml java.prefs java.desktop java.instrument java.logging java.management java.security.sasl java.naming java.rmi java.management.rmi java.net.http java.scripting java.security.jgss java.transaction.xa java.sql java.sql.rowset java.xml.crypto java.se java.smartcardio jdk.accessibility jdk.internal.jvmstat jdk.attach jdk.charsets jdk.internal.opt jdk.zipfs jdk.compiler jdk.crypto.ec jdk.crypto.cryptoki jdk.crypto.mscapi jdk.dynalink jdk.internal.ed jdk.editpad jdk.hotspot.agent jdk.httpserver jdk.incubator.vector jdk.internal.le jdk.internal.vm.ci jdk.internal.vm.compiler jdk.internal.vm.compiler.management jdk.jartool jdk.javadoc jdk.jcmd jdk.management jdk.management.agent jdk.jconsole jdk.jdeps jdk.jdwp.agent jdk.jdi jdk.jfr jdk.jlink jdk.jpackage jdk.jshell jdk.jsobject jdk.jstatd jdk.localedata jdk.management.jfr jdk.naming.dns jdk.naming.rmi jdk.net jdk.nio.mapmode jdk.random jdk.sctp jdk.security.auth jdk.security.jgss jdk.unsupported jdk.unsupported.desktop jdk.xml.dom" 
OS_ARCH="x86_64" 
OS_NAME="Windows" 
SOURCE=".:git:a633eafe0fcc" 
BUILD_SOURCE="git:458965074606f027bd5afce2cfd5c1055dea0438"
BUILD_SOURCE_REPO="https://github.com/adoptium/temurin-build.git"
SOURCE_REPO="https://github.com/adoptium/jdk21u.git"
FULL_VERSION="21.0.10+7-LTS"
SEMANTIC_VERSION="21.0.10+7"
BUILD_INFO="OS: Windows Server 2022 Version: 10.0"
JVM_VARIANT="Hotspot"
JVM_VERSION="21.0.10+7-LTS"
IMAGE_TYPE="JDK"

Environment Variables:
JAVA_HOME=C:\Users\ADMIN\.jdks\temurin-21.0.10
PATH=C:\Program Files\OpenSSH\;C:\Program Files (x86)\VMware\VMware Workstation\bin\;C:\Program Files\Common Files\Oracle\Java\javapath;C:\Python314\Scripts\;C:\Python314\;C:\WINDOWS\system32;C:\WINDOWS;C:\WINDOWS\System32\Wbem;C:\WINDOWS\System32\WindowsPowerShell\v1.0\;C:\WINDOWS\System32\OpenSSH\;C:\Program Files\dotnet\;C:\Program Files\Git\cmd;C:\Program Files\Cloudflare\Cloudflare WARP\;C:\Program Files\nodejs\;C:\ProgramData\chocolatey\bin;C:\Program Files\Tailscale\;C:\Program Files (x86)\Microsoft SQL Server\160\Tools\Binn\;C:\Program Files\Microsoft SQL Server\160\Tools\Binn\;C:\Program Files\Microsoft SQL Server\Client SDK\ODBC\170\Tools\Binn\;C:\Program Files\Microsoft SQL Server\160\DTS\Binn\;C:\Program Files\Microsoft SQL Server\170\DTS\Binn\;C:\Program Files (x86)\Windows Kits\10\Windows Performance Toolkit\;C:\Program Files\MySQL\MySQL Shell 8.0\bin\;C:\Users\ADMIN\AppData\Local\Programs\Python\Python311\Scripts\;C:\Users\ADMIN\AppData\Local\Programs\Python\Python311\;C:\Users\ADMIN\AppData\Local\Microsoft\WindowsApps;C:\Users\ADMIN\AppData\Local\Programs\Microsoft VS Code\bin;C:\MinGW\bin;C:\Users\ADMIN\AppData\Roaming\npm;C:\Program Files\JetBrains\IntelliJ IDEA 2025.3.3\bin;C:\Users\ADMIN\AppData\Local\Programs\Ollama;C:\Users\ADMIN\.local\bin\claude.exe;C:\Users\ADMIN\.dotnet\tools
USERNAME=ADMIN
OS=Windows_NT
PROCESSOR_IDENTIFIER=Intel64 Family 6 Model 197 Stepping 2, GenuineIntel
TMP=C:\Users\ADMIN\AppData\Local\Temp
TEMP=C:\Users\ADMIN\AppData\Local\Temp




Periodic native trim disabled

---------------  S Y S T E M  ---------------

OS:
 Windows 11 , 64 bit Build 26100 (10.0.26100.8328)
OS uptime: 5 days 7:31 hours
Hyper-V role detected

CPU: total 14 (initial active 14) (14 cores per cpu, 1 threads per core) family 6 model 197 stepping 2 microcode 0x118, cx8, cmov, fxsr, mmx, 3dnowpref, sse, sse2, sse3, ssse3, sse4.1, sse4.2, popcnt, lzcnt, tsc, tscinvbit, avx, avx2, aes, erms, clmul, bmi1, bmi2, adx, sha, fma, vzeroupper, clflush, clflushopt, clwb, hv, serialize, rdtscp, rdpid, fsrm, f16c, cet_ibt, cet_ss
Processor Information for processor 0
  Max Mhz: 1700, Current Mhz: 1700, Mhz Limit: 1700
Processor Information for processor 1
  Max Mhz: 1700, Current Mhz: 1700, Mhz Limit: 1700
Processor Information for processor 2
  Max Mhz: 1300, Current Mhz: 1300, Mhz Limit: 1300
Processor Information for processor 3
  Max Mhz: 1300, Current Mhz: 1300, Mhz Limit: 1300
Processor Information for processor 4
  Max Mhz: 1300, Current Mhz: 1300, Mhz Limit: 1300
Processor Information for processor 5
  Max Mhz: 1300, Current Mhz: 1300, Mhz Limit: 1300
Processor Information for processor 6
  Max Mhz: 1300, Current Mhz: 1300, Mhz Limit: 1300
Processor Information for processor 7
  Max Mhz: 1300, Current Mhz: 1300, Mhz Limit: 1300
Processor Information for processor 8
  Max Mhz: 1300, Current Mhz: 1300, Mhz Limit: 1300
Processor Information for processor 9
  Max Mhz: 1300, Current Mhz: 1300, Mhz Limit: 1300
Processor Information for processor 10
  Max Mhz: 1700, Current Mhz: 1700, Mhz Limit: 1700
Processor Information for processor 11
  Max Mhz: 1700, Current Mhz: 1700, Mhz Limit: 1700
Processor Information for processor 12
  Max Mhz: 700, Current Mhz: 700, Mhz Limit: 700
Processor Information for processor 13
  Max Mhz: 700, Current Mhz: 700, Mhz Limit: 700

Memory: 4k page, system-wide physical 32253M (7474M free)
TotalPageFile size 51458M (AvailPageFile size 7489M)
current process WorkingSet (physical memory assigned to process): 700M, peak: 700M
current process commit charge ("private bytes"): 691M, peak: 922M

vm_info: OpenJDK 64-Bit Server VM (21.0.10+7-LTS) for windows-amd64 JRE (21.0.10+7-LTS), built on 2026-01-20T00:00:00Z by "admin" with MS VC++ 17.12 (VS2022)

END.
