#
# A fatal error has been detected by the Java Runtime Environment:
#
#  EXCEPTION_ACCESS_VIOLATION (0xc0000005) at pc=0x00007ff72c0c0601, pid=4148, tid=21060
#
# JRE version: Java(TM) SE Runtime Environment (21.0.9+7) (build 21.0.9+7-LTS-338)
# Java VM: Java HotSpot(TM) 64-Bit Server VM (21.0.9+7-LTS-338, mixed mode, sharing, tiered, compressed oops, compressed class ptrs, g1 gc, windows-amd64)
# Problematic frame:
# C  [godot.windows.editor.x86_64.jvm.0.14.3.exe+0x3420601]  Node2D::get_global_position+0x181
#
# No core dump will be written. Minidumps are not enabled by default on client versions of Windows
#
# If you would like to submit a bug report, please visit:
#   https://bugreport.java.com/bugreport/crash.jsp
# The crash happened outside the Java Virtual Machine in native code.
# See problematic frame for where to report the bug.
#

---------------  S U M M A R Y ------------

Command Line: 

Host: 13th Gen Intel(R) Core(TM) i7-13620H, 16 cores, 15G,  Windows 11 , 64 bit Build 26100 (10.0.26100.8553)
Time: Thu Jun  4 12:57:55 2026 SE Asia Standard Time elapsed time: 24.706701 seconds (0d 0h 0m 24s)

---------------  T H R E A D  ---------------

Current thread (0x000001c6dd24aff0):  JavaThread "main"             [_thread_in_native, id=21060, stack(0x00000022afe00000,0x00000022b0600000) (8192K)]

Stack: [0x00000022afe00000,0x00000022b0600000],  sp=0x00000022b05fe640,  free space=8185k
Native frames: (J=compiled Java code, j=interpreted, Vv=VM code, C=native code)
C  [godot.windows.editor.x86_64.jvm.0.14.3.exe+0x3420601]  Node2D::get_global_position+0x181  (node_2d.cpp:291)
C  [godot.windows.editor.x86_64.jvm.0.14.3.exe+0x341ff02]  MethodBindTRC<Node2D,Vector2>::call+0x222  (method_bind.h:608)
C  [godot.windows.editor.x86_64.jvm.0.14.3.exe+0xe50a38]  TransferContext::icall+0x5c8  (transfer_context.cpp:112)
C  0x000001c6ee0fd313

The last pc belongs to native nmethod (printed below).
Java frames: (J=compiled Java code, j=interpreted, Vv=VM code)
J 1075  godot.internal.memory.TransferContext.icall(JJI)V (0 bytes) @ 0x000001c6ee0fd278 [0x000001c6ee0fd220+0x0000000000000058]
J 1515 c2 godot.api.Node2D.getGlobalPosition()Lgodot/core/Vector2; (54 bytes) @ 0x000001c6ee129d44 [0x000001c6ee129be0+0x0000000000000164]
J 1627 c1 game.items.weapons.Weapon.getClosestTarget()Lgodot/api/Node2D; (115 bytes) @ 0x000001c6e67f871c [0x000001c6e67f8380+0x000000000000039c]
J 1478 c2 godot.entry.WeaponRegistrar$register$1$1$2.invoke(Ljava/lang/Object;Ljava/lang/Object;)Ljava/lang/Object; (19 bytes) @ 0x000001c6ee11fea0 [0x000001c6ee11ee40+0x0000000000001060]
J 1723 c2 godot.core.KtFunction.invoke(Lgodot/core/KtObject;)V (79 bytes) @ 0x000001c6ee167e30 [0x000001c6ee167960+0x00000000000004d0]
v  ~StubRoutines::call_stub 0x000001c6ed93100d

siginfo: EXCEPTION_ACCESS_VIOLATION (0xc0000005), reading address 0x00000000000002b8


Registers:
RAX=0x0000000000000000, RBX=0x000001c6de0c5a70, RCX=0x000001c6de0c5a70, RDX=0x00000022b05fe698
RSP=0x00000022b05fe640, RBP=0x00000022b05fe749, RSI=0x000001c6bdcf9990, RDI=0x00000022b05fe720
R8 =0x0000000000000000, R9 =0x00007ff72c0c0480, R10=0x00007ffed38e87c0, R11=0x00000022b05feac8
R12=0x000001c6de0c5a70, R13=0x000001c6d64be4f0, R14=0x0000000000000000, R15=0x00000022b05fe808
RIP=0x00007ff72c0c0601, EFLAGS=0x0000000000010202


Register to memory mapping:

RAX=0x0 is null
RBX=0x000001c6de0c5a70 points into unknown readable memory: 0x00006e96000105bd | bd 05 01 00 96 6e 00 00
RCX=0x000001c6de0c5a70 points into unknown readable memory: 0x00006e96000105bd | bd 05 01 00 96 6e 00 00
RDX=0x00000022b05fe698 is pointing into the stack for thread: 0x000001c6dd24aff0
RSP=0x00000022b05fe640 is pointing into the stack for thread: 0x000001c6dd24aff0
RBP=0x00000022b05fe749 is pointing into the stack for thread: 0x000001c6dd24aff0
RSI=0x000001c6bdcf9990 points into unknown readable memory: 0x0000000000000000 | 00 00 00 00 00 00 00 00
RDI=0x00000022b05fe720 is pointing into the stack for thread: 0x000001c6dd24aff0
R8 =0x0 is null
R9 =0x00007ff72c0c0480 godot.windows.editor.x86_64.jvm.0.14.3.exe::Node2D::get_global_position + 0x0
R10=0x00007ffed38e87c0 jvm.dll
R11=0x00000022b05feac8 is pointing into the stack for thread: 0x000001c6dd24aff0
R12=0x000001c6de0c5a70 points into unknown readable memory: 0x00006e96000105bd | bd 05 01 00 96 6e 00 00
R13=0x000001c6d64be4f0 points into unknown readable memory: 0x00007ff730c9f998 | 98 f9 c9 30 f7 7f 00 00
R14=0x0 is null
R15=0x00000022b05fe808 is pointing into the stack for thread: 0x000001c6dd24aff0

Top of Stack: (sp=0x00000022b05fe640)
0x00000022b05fe640:   000001c6c0019000 0000000000000245
0x00000022b05fe650:   000001c7452cc500 00007ff72e6804cc
0x00000022b05fe660:   0000000000000000 000001c6c00ec0b0
0x00000022b05fe670:   00000022b05feab0 00007ff72e5f9007
0x00000022b05fe680:   00000022b05fe700 00000022b05fe708
0x00000022b05fe690:   00007ff72dbeee70 3d7eafd83eca4f7a
0x00000022b05fe6a0:   3eca4f7abd7eafd8 43ca830044028de6
0x00000022b05fe6b0:   0000fe7b7956a719 00007ff700000000
0x00000022b05fe6c0:   00000022b05fe820 00007ff72c0bff02
0x00000022b05fe6d0:   000001c6bff8a750 0000000000000001
0x00000022b05fe6e0:   00007ff72e674498 0000000000000000
0x00000022b05fe6f0:   0000000000000001 000001c6bff8a750
0x00000022b05fe700:   000001c6bff8a750 00000022b05fe6f8
0x00000022b05fe710:   000001c700000000 000001c7465bff50
0x00000022b05fe720:   43ca830044028de6 00007ff72dbf5055
0x00000022b05fe730:   000001c6c00ec2b0 0000000000000000
0x00000022b05fe740:   00000022b05fe820 00007ff729aedc77
0x00000022b05fe750:   0000fe7b7956a789 2e72617200000000
0x00000022b05fe760:   00000000000001c0 00007ff728ca0000
0x00000022b05fe770:   0000000000000000 0000000000000000
0x00000022b05fe780:   000001c6d64be4f0 000001c6bdcfab60
0x00000022b05fe790:   00000022b05fe8a0 00007ff729af0a38
0x00000022b05fe7a0:   0000000704cfb2c0 0000000705636370
0x00000022b05fe7b0:   676e696c6c616320 000001c6bdcf9f60
0x00000022b05fe7c0:   6f72705f00000000 00000022b05fe808
0x00000022b05fe7d0:   5720747069726373 6578416e6f706165
0x00000022b05fe7e0:   443265646f4e3c3a 3839313833303523
0x00000022b05fe7f0:   7266203e00000000 000001c6d64be4f0
0x00000022b05fe800:   000001c6de0c5a70 0000000000000000
0x00000022b05fe810:   4572657400000000 000001c6dd24b3b0
0x00000022b05fe820:   746f6e6e00000000 0000000000000000
0x00000022b05fe830:   0000000000000000 6163656220227374 

Instructions: (pc=0x00007ff72c0c0601)
0x00007ff72c0c0501:   ff 48 8b d8 48 c7 44 24 60 80 00 00 00 48 8d 05
0x00007ff72c0c0511:   0b 53 ac 04 33 f6 48 8d 54 24 58 48 89 44 24 58
0x00007ff72c0c0521:   48 8d 4c 24 40 48 89 74 24 40 e8 70 a5 a4 01 4c
0x00007ff72c0c0531:   8b c3 48 8d 54 24 40 48 8d 4c 24 48 e8 3e 99 bf
0x00007ff72c0c0541:   fc 89 74 24 30 4c 8d 0d 03 2b b5 04 40 88 74 24
0x00007ff72c0c0551:   28 48 8d 15 2f ee bd 04 41 b8 22 01 00 00 48 89
0x00007ff72c0c0561:   44 24 20 48 8d 0d fd ef bd 04 e8 80 33 a4 01 48
0x00007ff72c0c0571:   8d 4c 24 48 e8 86 8e bf fc 48 8b 44 24 40 48 85
0x00007ff72c0c0581:   c0 74 6d 48 8d 48 f0 8b d6 48 0f 45 d1 48 c7 c0
0x00007ff72c0c0591:   ff ff ff ff f0 48 0f c1 02 48 83 f8 01 75 51 48
0x00007ff72c0c05a1:   8b 4c 24 40 33 d2 48 83 c1 f0 48 89 74 24 40 e8
0x00007ff72c0c05b1:   7b 43 a4 01 48 39 74 24 40 74 35 89 74 24 30 48
0x00007ff72c0c05c1:   8d 05 09 30 5b 02 40 88 74 24 28 4c 8d 0d 45 30
0x00007ff72c0c05d1:   5b 02 41 b8 0e 01 00 00 48 89 44 24 20 48 8d 15
0x00007ff72c0c05e1:   eb 2e 5b 02 48 8d 0d 54 30 5b 02 e8 3f 30 a4 01
0x00007ff72c0c05f1:   48 89 37 eb 18 48 8b 03 48 8d 54 24 58 48 8b cb
0x00007ff72c0c0601:   ff 90 b8 02 00 00 48 8b 40 10 48 89 07 48 8b c7
0x00007ff72c0c0611:   48 8b 4c 24 70 48 33 cc e8 c2 f2 50 02 4c 8d 9c
0x00007ff72c0c0621:   24 80 00 00 00 49 8b 5b 20 49 8b 73 28 49 8b e3
0x00007ff72c0c0631:   5f c3 cc cc cc cc cc cc cc cc cc cc cc cc cc 48
0x00007ff72c0c0641:   89 5c 24 10 57 48 81 ec 80 00 00 00 48 8b 05 ac
0x00007ff72c0c0651:   8e a7 05 48 33 c4 48 89 44 24 70 65 48 8b 04 25
0x00007ff72c0c0661:   58 00 00 00 48 8b d9 8b 0d 5a 24 e1 05 48 8b 3c
0x00007ff72c0c0671:   c8 b8 1c 19 00 00 80 3c 38 00 75 05 e8 4e f3 50
0x00007ff72c0c0681:   02 b8 f0 12 00 00 48 83 3c 38 00 0f 85 1c 01 00
0x00007ff72c0c0691:   00 e8 f9 15 cc 01 84 c0 0f 85 0f 01 00 00 48 83
0x00007ff72c0c06a1:   bb 48 02 00 00 00 0f 84 01 01 00 00 48 8d 54 24
0x00007ff72c0c06b1:   50 48 8b cb e8 b6 e2 55 ff 48 8b d8 48 c7 44 24
0x00007ff72c0c06c1:   60 80 00 00 00 48 8d 05 53 51 ac 04 33 ff 48 8d
0x00007ff72c0c06d1:   54 24 58 48 89 44 24 58 48 8d 4c 24 40 48 89 7c
0x00007ff72c0c06e1:   24 40 e8 b8 a3 a4 01 4c 8b c3 48 8d 54 24 40 48
0x00007ff72c0c06f1:   8d 4c 24 48 e8 86 97 bf fc 89 7c 24 30 4c 8d 0d 


Stack slot to memory mapping:

stack at sp + 0 slots: 0x000001c6c0019000 points into unknown readable memory: 0x000000006e697361 | 61 73 69 6e 00 00 00 00
stack at sp + 1 slots: 0x0000000000000245 is an unknown value
stack at sp + 2 slots: 0x000001c7452cc500 points into unknown readable memory: 0x00007ff72f13adf8 | f8 ad 13 2f f7 7f 00 00
stack at sp + 3 slots: 0x00007ff72e6804cc godot.windows.editor.x86_64.jvm.0.14.3.exe::`string' + 0x0
stack at sp + 4 slots: 0x0 is null
stack at sp + 5 slots: 0x000001c6c00ec0b0 points into unknown readable memory: 0x00007ff72e674eb0 | b0 4e 67 2e f7 7f 00 00
stack at sp + 6 slots: 0x00000022b05feab0 is pointing into the stack for thread: 0x000001c6dd24aff0
stack at sp + 7 slots: 0x00007ff72e5f9007 godot.windows.editor.x86_64.jvm.0.14.3.exe::__crt_seh_guarded_call<int>::operator()<<lambda_c376a267cfb53b6959b3b692ec76b120>,<lambda_9a32fed5bf61b6b509b2d3f6003082a1> &,<lambda_572fbb9fa0ab338edf41edfd4b5fcc8d> > + 0x33


Compiled method (n/a)   24901 1075     n 0       godot.internal.memory.TransferContext::icall (native)
 total in heap  [0x000001c6ee0fd090,0x000001c6ee0fd440] = 944
 relocation     [0x000001c6ee0fd1f0,0x000001c6ee0fd220] = 48
 main code      [0x000001c6ee0fd220,0x000001c6ee0fd437] = 535
 stub code      [0x000001c6ee0fd437,0x000001c6ee0fd438] = 1
 oops           [0x000001c6ee0fd438,0x000001c6ee0fd440] = 8

[Constant Pool (empty)]

[MachCode]
[Entry Point]
  # {method} {0x000001c73f46c0b8} 'icall' '(JJI)V' in 'godot/internal/memory/TransferContext'
  # this:     rdx:rdx   = 'godot/internal/memory/TransferContext'
  # parm0:    r8:r8     = long
  # parm1:    r9:r9     = long
  # parm2:    rdi       = int
  #           [sp+0x70]  (sp of caller)
  0x000001c6ee0fd220: 448b 5208 | 49bb 0000 | 00fe c601 | 0000 4d03 | d349 3bc2 | 0f84 0600 

  0x000001c6ee0fd238: ;   {runtime_call ic_miss_stub}
  0x000001c6ee0fd238: 0000 e941 | 1588 ff90 
[Verified Entry Point]
  0x000001c6ee0fd240: 8984 2400 | 80ff ff55 | 488b ec48 | 83ec 6090 | 4181 7f20 | 0300 0000 

  0x000001c6ee0fd258: ;   {runtime_call StubRoutines (final stubs)}
  0x000001c6ee0fd258: 7405 e801 | 7b86 ff48 | 897c 2420 | 4889 5424 | 2848 83fa | 0048 8d54 | 2428 480f | 4454 2428 
  0x000001c6ee0fd278: ;   {internal_word}
  0x000001c6ee0fd278: c5f8 7749 | ba78 d20f | eec6 0100 | 004d 8997 | a803 0000 | 4989 a7a0 

  0x000001c6ee0fd290: ;   {external_word}
  0x000001c6ee0fd290: 0300 0049 | bac0 878e | d3fe 7f00 | 0041 803a | 000f 844e | 0000 0052 | 4150 4151 

  0x000001c6ee0fd2ac: ;   {metadata({method} {0x000001c73f46c0b8} 'icall' '(JJI)V' in 'godot/internal/memory/TransferContext')}
  0x000001c6ee0fd2ac: 48ba b0c0 | 463f c701 | 0000 498b | cf48 83ec | 2040 f6c4 | 0f0f 8419 | 0000 0048 

  0x000001c6ee0fd2c8: ;   {runtime_call}
  0x000001c6ee0fd2c8: 83ec 0848 | b890 1e3f | d3fe 7f00 | 00ff d048 | 83c4 08e9 | 0c00 0000 

  0x000001c6ee0fd2e0: ;   {runtime_call}
  0x000001c6ee0fd2e0: 48b8 901e | 3fd3 fe7f | 0000 ffd0 | 4883 c420 | 4159 4158 | 5a49 8d8f | c003 0000 | 41c7 874c 
  0x000001c6ee0fd300: 0400 0004 

  0x000001c6ee0fd304: ;   {runtime_call TransferContext::icall}
  0x000001c6ee0fd304: 0000 0048 | b870 04af | 29f7 7f00 | 00ff d0c5 | f877 41c7 | 874c 0400 | 0005 0000 | 00f0 8344 
  0x000001c6ee0fd324: 24c0 0049 | 3baf 5004 | 0000 0f87 | 0e00 0000 | 4183 bf48 | 0400 0000 | 0f84 2300 | 0000 c5f8 
  0x000001c6ee0fd344: 7749 8bcf | 4c8b e448 | 83ec 2048 

  0x000001c6ee0fd350: ;   {runtime_call}
  0x000001c6ee0fd350: 83e4 f048 | b860 cb0a | d3fe 7f00 | 00ff d049 | 8be4 4d33 | e441 c787 | 4c04 0000 | 0800 0000 
  0x000001c6ee0fd370: 4183 bfc8 | 0400 0002 | 0f84 9400 

  0x000001c6ee0fd37c: ;   {external_word}
  0x000001c6ee0fd37c: 0000 49ba | c087 8ed3 | fe7f 0000 | 4180 3a00 | 0f84 4400 

  0x000001c6ee0fd390: ;   {metadata({method} {0x000001c73f46c0b8} 'icall' '(JJI)V' in 'godot/internal/memory/TransferContext')}
  0x000001c6ee0fd390: 0000 48ba | b0c0 463f | c701 0000 | 498b cf48 | 83ec 2040 | f6c4 0f0f | 8419 0000 | 0048 83ec 
  0x000001c6ee0fd3b0: ;   {runtime_call}
  0x000001c6ee0fd3b0: 0848 b890 | 1e3f d3fe | 7f00 00ff | d048 83c4 | 08e9 0c00 

  0x000001c6ee0fd3c4: ;   {runtime_call}
  0x000001c6ee0fd3c4: 0000 48b8 | 901e 3fd3 | fe7f 0000 | ffd0 4883 | c420 49c7 | 87a0 0300 | 0000 0000 | 0049 c787 
  0x000001c6ee0fd3e4: a803 0000 | 0000 0000 | c5f8 7749 | 8b8f 3004 | 0000 c781 | 0001 0000 | 0000 0000 | c949 837f 
  0x000001c6ee0fd404: 0800 0f85 | 0100 0000 

  0x000001c6ee0fd40c: ;   {runtime_call StubRoutines (initial stubs)}
  0x000001c6ee0fd40c: c3e9 ee3a | 83ff c5f8 | 774c 8be4 | 4883 ec20 | 4883 e4f0 

  0x000001c6ee0fd420: ;   {runtime_call}
  0x000001c6ee0fd420: 48b8 4056 | 3fd3 fe7f | 0000 ffd0 | 498b e44d | 33e4 e947 | ffff fff4 
[/MachCode]


Compiled method (c2)   24905 1515       4       godot.api.Node2D::getGlobalPosition (54 bytes)
 total in heap  [0x000001c6ee129990,0x000001c6ee12af08] = 5496
 relocation     [0x000001c6ee129af0,0x000001c6ee129bd8] = 232
 main code      [0x000001c6ee129be0,0x000001c6ee12a330] = 1872
 stub code      [0x000001c6ee12a330,0x000001c6ee12a378] = 72
 oops           [0x000001c6ee12a378,0x000001c6ee12a3b0] = 56
 metadata       [0x000001c6ee12a3b0,0x000001c6ee12a570] = 448
 scopes data    [0x000001c6ee12a570,0x000001c6ee12abc8] = 1624
 scopes pcs     [0x000001c6ee12abc8,0x000001c6ee12adf8] = 560
 dependencies   [0x000001c6ee12adf8,0x000001c6ee12ae30] = 56
 handler table  [0x000001c6ee12ae30,0x000001c6ee12aec0] = 144
 nul chk table  [0x000001c6ee12aec0,0x000001c6ee12af08] = 72

[Constant Pool (empty)]

[MachCode]
[Entry Point]
  # {method} {0x000001c73f718a58} 'getGlobalPosition' '()Lgodot/core/Vector2;' in 'godot/api/Node2D'
  #           [sp+0x50]  (sp of caller)
  0x000001c6ee129be0: 448b 5208 | 49bb 0000 | 00fe c601 | 0000 4d03 | d349 3bc2 

  0x000001c6ee129bf4: ;   {runtime_call ic_miss_stub}
  0x000001c6ee129bf4: 0f85 864b | 85ff 6690 | 0f1f 4000 
[Verified Entry Point]
  0x000001c6ee129c00: 8984 2400 | 80ff ff55 | 4883 ec40 | 4181 7f20 | 0300 0000 | 0f85 0c07 | 0000 4889 

  0x000001c6ee129c1c: ;   {oop(a 'kotlin/reflect/KProperty'[1] {0x0000000704a011d8})}
  0x000001c6ee129c1c: 1424 49ba | d811 a004 | 0700 0000 | 458b 5210 | 4585 d20f | 84e7 0400 

  0x000001c6ee129c34: ;   {oop(a 'godot/common/util/ThreadLocalDelegate'{0x0000000704a011f0})}
  0x000001c6ee129c34: 0049 baf0 | 11a0 0407 | 0000 0041 | 8b6a 1045 | 8b54 ec08 

  0x000001c6ee129c48: ;   {metadata('java/lang/ThreadLocal$SuppliedThreadLocal')}
  0x000001c6ee129c48: 4181 fa68 | 3f04 010f | 8554 0300 | 0049 8d1c | ec4d 8b97 | 8803 0000 | 4d8b 0a41 | 8b49 4c41 
  0x000001c6ee129c68: 8b6c cc14 

  0x000001c6ee129c6c: ; implicit exception: dispatches to 0x000001c6ee12a244
  0x000001c6ee129c6c: 458b 44ec | 0c45 8d50 | ff44 2353 | 0c45 85c0 | 0f86 3a03 | 0000 4d8d | 1cec 478b | 5c93 1045 
  0x000001c6ee129c8c: 85db 0f84 | 7502 0000 | 438b 7cdc | 0c4c 8bc7 | 49c1 e003 | 4c3b c30f | 85bf 0300 | 004b 8d04 
  0x000001c6ee129cac: dc44 8b58 | 1c4d 8bd3 | 49c1 e203 

  0x000001c6ee129cb8: ; implicit exception: dispatches to 0x000001c6ee12a258
  0x000001c6ee129cb8: 458b 5a08 

  0x000001c6ee129cbc: ;   {metadata('java/nio/DirectByteBuffer')}
  0x000001c6ee129cbc: 4181 fb78 | 0b1c 000f | 8534 0500 | 0041 8b6a | 1c41 c742 | 0cff ffff | ff45 8962 | 1883 fd04 
  0x000001c6ee129cdc: 0f8c 5604 | 0000 41c7 | 4218 0400 | 0000 458b | 5a24 498b | 4a10 4585 | db0f 85e9 | 0200 0041 
  0x000001c6ee129cfc: 0fb6 6a2d | 85ed 0f85 | b403 0000 | 4c89 4c24 | 084c 8b14 | 244d 8b42 | 104c 8bd1 

  0x000001c6ee129d18: ;   {oop(a 'godot/core/VariantParser$VECTOR2'{0x0000000704a010f0})}
  0x000001c6ee129d18: 4589 2249 | baf0 10a0 | 0407 0000 | 0041 8b7a | 1849 b9f0 | e44b d6c6 

  0x000001c6ee129d30: ;   {oop(a 'godot/internal/memory/TransferContext'{0x0000000704a01110})}
  0x000001c6ee129d30: 0100 0048 | ba10 11a0 | 0407 0000 

  0x000001c6ee129d3c: ;   {optimized virtual_call}
  0x000001c6ee129d3c: 0066 90e8 

  0x000001c6ee129d40: ; ImmutableOopMap {[8]=Oop }
                      ;*invokespecial icall {reexecute=0 rethrow=0 return_oop=0}
                      ; - godot.internal.memory.TransferContext::callMethod@17 (line 79)
                      ; - godot.api.Node2D::getGlobalPosition@29 (line 476)
  0x000001c6ee129d40: fc34 fdff 

  0x000001c6ee129d44: ;   {other}
  0x000001c6ee129d44: 0f1f 8400 | b403 0000 

  0x000001c6ee129d4c: ;   {oop(a 'kotlin/reflect/KProperty'[1] {0x0000000704a011d8})}
  0x000001c6ee129d4c: 49ba d811 | a004 0700 | 0000 418b | 6a10 85ed | 0f84 f203 

  0x000001c6ee129d60: ;   {oop(a 'godot/common/util/ThreadLocalDelegate'{0x0000000704a011f0})}
  0x000001c6ee129d60: 0000 49ba | f011 a004 | 0700 0000 | 458b 4210 

  0x000001c6ee129d70: ; implicit exception: dispatches to 0x000001c6ee12a270
  0x000001c6ee129d70: 478b 5cc4 

  0x000001c6ee129d74: ;   {metadata('java/lang/ThreadLocal$SuppliedThreadLocal')}
  0x000001c6ee129d74: 0841 81fb | 683f 0401 | 0f85 8e02 | 0000 4c8b | 5424 0841 | 8b4a 4c49 | c1e0 0341 | 8b6c cc14 
  0x000001c6ee129d94: ; implicit exception: dispatches to 0x000001c6ee12a284
  0x000001c6ee129d94: 458b 54ec | 0c45 8d5a | ff45 2358 | 0c45 85d2 | 0f86 7e02 | 0000 4d8d | 14ec 438b | 6c9a 1085 
  0x000001c6ee129db4: ed0f 8484 | 0100 0045 | 8b54 ec0c | 49c1 e203 | 4d3b d00f | 85cf 0200 | 0049 8d04 | ec44 8b50 
  0x000001c6ee129dd4: 1c4d 8bc2 | 49c1 e003 

  0x000001c6ee129ddc: ; implicit exception: dispatches to 0x000001c6ee12a298
  0x000001c6ee129ddc: 458b 5008 

  0x000001c6ee129de0: ;   {metadata('java/nio/DirectByteBuffer')}
  0x000001c6ee129de0: 4181 fa78 | 0b1c 000f | 852b 0400 | 0045 8b50 | 1c44 8954 | 2418 41c7 | 400c ffff | ffff 4589 
  0x000001c6ee129e00: 6018 4183 | fa04 0f8c | 5c03 0000 | 41c7 4018 | 0400 0000 | 458b 5824 | 4d8b 5010 | 4c89 5424 
  0x000001c6ee129e20: 1045 85db | 0f85 1e02 | 0000 450f | b658 2d41 | 8b0a 4585 | db0f 85a5 

  0x000001c6ee129e38: ;   {oop(a 'godot/core/VariantParser$VECTOR2'{0x0000000704a010f0})}
  0x000001c6ee129e38: 0200 0049 | baf0 10a0 | 0407 0000 | 0041 8b6a | 183b cd0f | 85b3 0200 | 0049 8b87 | b801 0000 
  0x000001c6ee129e58: 4c8b d049 | 83c2 204d | 3b97 c801 | 0000 0f83 | 1801 0000 | 4d89 97b8 | 0100 0041 | 0f0d 8ac0 
  0x000001c6ee129e78: 0000 0048 | c700 0100 

  0x000001c6ee129e80: ;   {metadata('godot/core/Vector2')}
  0x000001c6ee129e80: 0000 c740 | 0810 8402 | 0144 8960 | 0c4c 8960 | 104c 8960 | 188b 6c24 | 1883 c5fc | 83fd 040f 
  0x000001c6ee129ea0: 8cdf 0200 | 004c 8b54 | 2410 458b | 5204 41c7 | 4018 0800 | 0000 448b | 5c24 1841 | 83c3 f8c4 
  0x000001c6ee129ec0: c179 6ec2 | c5fa 5ac0 | 4183 fb04 | 0f8c d602 | 0000 c5fb | 1140 1041 | c740 180c | 0000 004c 
  0x000001c6ee129ee0: 8b54 2410 | 458b 5208 | c4c1 796e | cac5 fa5a | c1c5 fb11 | 4018 4883 

  0x000001c6ee129ef8: ;   {poll_return}
  0x000001c6ee129ef8: c440 5d49 | 3ba7 5004 | 0000 0f87 | 0804 0000 | c34c 894c | 2408 488b | eb49 8d14 | cc4c 8bc3 
  0x000001c6ee129f18: 458b ca33 

  0x000001c6ee129f1c: ;   {optimized virtual_call}
  0x000001c6ee129f1c: ff66 90e8 

  0x000001c6ee129f20: ; ImmutableOopMap {rbp=Oop [0]=Oop [8]=Oop }
                      ;*invokevirtual getEntryAfterMiss {reexecute=0 rethrow=0 return_oop=1}
                      ; - java.lang.ThreadLocal$ThreadLocalMap::getEntry@38 (line 504)
                      ; - java.lang.ThreadLocal::get@12 (line 187)
                      ; - java.lang.ThreadLocal::get@4 (line 172)
                      ; - godot.common.util.ThreadLocalDelegate::getValue@10 (line 7)
                      ; - godot.internal.memory.TransferContext::getBuffer@9 (line 28)
                      ; - godot.internal.memory.TransferContext::writeArguments@7 (line 34)
                      ; - godot.api.Node2D::getGlobalPosition@7 (line 475)
  0x000001c6ee129f20: 5c4b 85ff 

  0x000001c6ee129f24: ;   {other}
  0x000001c6ee129f24: 0f1f 8400 | 9405 0001 | 4885 c00f | 849f 0200 | 004c 8b4c | 2408 e96e | fdff ff49 | 8d14 cc45 
  0x000001c6ee129f44: 8bcb 33ff | 4c89 4424 

  0x000001c6ee129f4c: ;   {optimized virtual_call}
  0x000001c6ee129f4c: 1066 90e8 

  0x000001c6ee129f50: ; ImmutableOopMap {[8]=Oop [16]=Oop }
                      ;*invokevirtual getEntryAfterMiss {reexecute=0 rethrow=0 return_oop=1}
                      ; - java.lang.ThreadLocal$ThreadLocalMap::getEntry@38 (line 504)
                      ; - java.lang.ThreadLocal::get@12 (line 187)
                      ; - java.lang.ThreadLocal::get@4 (line 172)
                      ; - godot.common.util.ThreadLocalDelegate::getValue@10 (line 7)
                      ; - godot.internal.memory.TransferContext::getBuffer@9 (line 28)
                      ; - godot.internal.memory.TransferContext::readReturnValue@7 (line 73)
                      ; - godot.api.Node2D::getGlobalPosition@41 (line 477)
  0x000001c6ee129f50: 2c4b 85ff 

  0x000001c6ee129f54: ;   {other}
  0x000001c6ee129f54: 0f1f 8400 | c405 0002 | 4885 c00f | 856c feff | ff48 8b54 | 2410 4c8b 

  0x000001c6ee129f6c: ;   {optimized virtual_call}
  0x000001c6ee129f6c: 4424 08e8 

  0x000001c6ee129f70: ; ImmutableOopMap {}
                      ;*invokevirtual setInitialValue {reexecute=0 rethrow=0 return_oop=1}
                      ; - java.lang.ThreadLocal::get@31 (line 194)
                      ; - java.lang.ThreadLocal::get@4 (line 172)
                      ; - godot.common.util.ThreadLocalDelegate::getValue@10 (line 7)
                      ; - godot.internal.memory.TransferContext::getBuffer@9 (line 28)
                      ; - godot.internal.memory.TransferContext::readReturnValue@7 (line 73)
                      ; - godot.api.Node2D::getGlobalPosition@41 (line 477)
  0x000001c6ee129f70: 0c4b 85ff 

  0x000001c6ee129f74: ;   {other}
  0x000001c6ee129f74: 0f1f 8400 | e405 0003 | 4c8b c0e9 | 58fe ffff 

  0x000001c6ee129f84: ;   {metadata('godot/core/Vector2')}
  0x000001c6ee129f84: 48ba 1084 | 02ff c601 | 0000 4c89 

  0x000001c6ee129f90: ;   {runtime_call _new_instance_Java}
  0x000001c6ee129f90: 0424 90e8 

  0x000001c6ee129f94: ; ImmutableOopMap {[0]=Oop }
                      ;*new {reexecute=0 rethrow=0 return_oop=1}
                      ; - godot.core.VariantKt::getVector2@0 (line 19)
                      ; - godot.core.VariantKt::access$getVector2@1 (line 1)
                      ; - godot.core.VariantParser$VECTOR2::toUnsafeKotlin@7 (line 176)
                      ; - godot.core.VariantParser$VECTOR2::toUnsafeKotlin@2 (line 175)
                      ; - godot.core.VariantParser::toKotlin@21 (line 479)
                      ; - godot.internal.memory.TransferContext::readReturnValue@20 (line 75)
                      ; - godot.api.Node2D::getGlobalPosition@41 (line 477)
  0x000001c6ee129f94: e824 92ff 

  0x000001c6ee129f98: ;   {other}
  0x000001c6ee129f98: 0f1f 8400 | 0806 0004 | 4c8b 0424 | e9ec feff | ffba deff 

  0x000001c6ee129fac: ;   {runtime_call UncommonTrapBlob}
  0x000001c6ee129fac: ffff 90e8 

  0x000001c6ee129fb0: ; ImmutableOopMap {rbp=NarrowOop [0]=Oop }
                      ;*invokevirtual get {reexecute=0 rethrow=0 return_oop=0}
                      ; - godot.common.util.ThreadLocalDelegate::getValue@10 (line 7)
                      ; - godot.internal.memory.TransferContext::getBuffer@9 (line 28)
                      ; - godot.internal.memory.TransferContext::writeArguments@7 (line 34)
                      ; - godot.api.Node2D::getGlobalPosition@7 (line 475)
  0x000001c6ee129fb0: 4ca6 85ff 

  0x000001c6ee129fb4: ;   {other}
  0x000001c6ee129fb4: 0f1f 8400 | 2406 0005 | bae4 ffff | ff4c 894c | 2410 894c | 2418 4889 | 5c24 2044 | 8954 2428 
  0x000001c6ee129fd4: ;   {runtime_call UncommonTrapBlob}
  0x000001c6ee129fd4: 6666 90e8 

  0x000001c6ee129fd8: ; ImmutableOopMap {rbp=NarrowOop [0]=Oop [16]=Oop [24]=NarrowOop [32]=Oop }
                      ;*aaload {reexecute=0 rethrow=0 return_oop=0}
                      ; - java.lang.ThreadLocal$ThreadLocalMap::getEntry@18 (line 500)
                      ; - java.lang.ThreadLocal::get@12 (line 187)
                      ; - java.lang.ThreadLocal::get@4 (line 172)
                      ; - godot.common.util.ThreadLocalDelegate::getValue@10 (line 7)
                      ; - godot.internal.memory.TransferContext::getBuffer@9 (line 28)
                      ; - godot.internal.memory.TransferContext::writeArguments@7 (line 34)
                      ; - godot.api.Node2D::getGlobalPosition@7 (line 475)
  0x000001c6ee129fd8: 24a6 85ff 

  0x000001c6ee129fdc: ;   {other}
  0x000001c6ee129fdc: 0f1f 8400 | 4c06 0006 | baec ffff | ff48 8b2c | 244c 8954 | 2408 4c89 | 5424 1048 | 894c 2418 
  0x000001c6ee129ffc: 4489 5c24 

  0x000001c6ee12a000: ;   {runtime_call UncommonTrapBlob}
  0x000001c6ee12a000: 2866 90e8 

  0x000001c6ee12a004: ; ImmutableOopMap {rbp=Oop [8]=Oop [16]=Oop [40]=NarrowOop }
                      ;*ifnull {reexecute=1 rethrow=0 return_oop=0}
                      ; - (reexecute) java.nio.Buffer::session@4 (line 792)
                      ; - java.nio.DirectByteBuffer::putInt@7 (line 773)
                      ; - java.nio.DirectByteBuffer::putInt@11 (line 785)
                      ; - godot.internal.memory.TransferContext::writeArguments@21 (line 36)
                      ; - godot.api.Node2D::getGlobalPosition@7 (line 475)
  0x000001c6ee12a004: f8a5 85ff 

  0x000001c6ee12a008: ;   {other}
  0x000001c6ee12a008: 0f1f 8400 | 7806 0007 | bade ffff | ff41 8be8 

  0x000001c6ee12a018: ;   {runtime_call UncommonTrapBlob}
  0x000001c6ee12a018: 6666 90e8 

  0x000001c6ee12a01c: ; ImmutableOopMap {rbp=NarrowOop }
                      ;*invokevirtual get {reexecute=0 rethrow=0 return_oop=0}
                      ; - godot.common.util.ThreadLocalDelegate::getValue@10 (line 7)
                      ; - godot.internal.memory.TransferContext::getBuffer@9 (line 28)
                      ; - godot.internal.memory.TransferContext::readReturnValue@7 (line 73)
                      ; - godot.api.Node2D::getGlobalPosition@41 (line 477)
  0x000001c6ee12a01c: e0a5 85ff 

  0x000001c6ee12a020: ;   {other}
  0x000001c6ee12a020: 0f1f 8400 | 9006 0008 | bae4 ffff | ff89 4c24 | 104c 8944 | 2418 4489 

  0x000001c6ee12a038: ;   {runtime_call UncommonTrapBlob}
  0x000001c6ee12a038: 5c24 20e8 

  0x000001c6ee12a03c: ; ImmutableOopMap {rbp=NarrowOop [8]=Oop [16]=NarrowOop [24]=Oop }
                      ;*aaload {reexecute=0 rethrow=0 return_oop=0}
                      ; - java.lang.ThreadLocal$ThreadLocalMap::getEntry@18 (line 500)
                      ; - java.lang.ThreadLocal::get@12 (line 187)
                      ; - java.lang.ThreadLocal::get@4 (line 172)
                      ; - godot.common.util.ThreadLocalDelegate::getValue@10 (line 7)
                      ; - godot.internal.memory.TransferContext::getBuffer@9 (line 28)
                      ; - godot.internal.memory.TransferContext::readReturnValue@7 (line 73)
                      ; - godot.api.Node2D::getGlobalPosition@41 (line 477)
  0x000001c6ee12a03c: c0a5 85ff 

  0x000001c6ee12a040: ;   {other}
  0x000001c6ee12a040: 0f1f 8400 | b006 0009 | baec ffff | ff4c 8904 | 244c 8944 | 2408 4489 

  0x000001c6ee12a058: ;   {runtime_call UncommonTrapBlob}
  0x000001c6ee12a058: 5c24 20e8 

  0x000001c6ee12a05c: ; ImmutableOopMap {[0]=Oop [8]=Oop [32]=NarrowOop }
                      ;*ifnull {reexecute=1 rethrow=0 return_oop=0}
                      ; - (reexecute) java.nio.Buffer::session@4 (line 792)
                      ; - java.nio.DirectByteBuffer::getInt@4 (line 744)
                      ; - java.nio.DirectByteBuffer::getInt@10 (line 753)
                      ; - godot.core.VariantKt::getVariantType@1 (line 104)
                      ; - godot.core.VariantKt::access$getVariantType@1 (line 1)
                      ; - godot.core.VariantParser::toKotlin@7 (line 477)
                      ; - godot.internal.memory.TransferContext::readReturnValue@20 (line 75)
                      ; - godot.api.Node2D::getGlobalPosition@41 (line 477)
  0x000001c6ee12a05c: a0a5 85ff 

  0x000001c6ee12a060: ;   {other}
  0x000001c6ee12a060: 0f1f 8400 | d006 000a | ba45 ffff | ff33 ed4c | 3bc3 400f | 94c5 4c89 | 4c24 1089 | 4c24 1848 
  0x000001c6ee12a080: 895c 2420 | 4489 5424 | 1c44 895c 

  0x000001c6ee12a08c: ;   {runtime_call UncommonTrapBlob}
  0x000001c6ee12a08c: 2428 90e8 

  0x000001c6ee12a090: ; ImmutableOopMap {[0]=Oop [16]=Oop [24]=NarrowOop [32]=Oop [40]=NarrowOop }
                      ;*ifeq {reexecute=1 rethrow=0 return_oop=0}
                      ; - (reexecute) java.lang.ThreadLocal$ThreadLocalMap::getEntry@29 (line 501)
                      ; - java.lang.ThreadLocal::get@12 (line 187)
                      ; - java.lang.ThreadLocal::get@4 (line 172)
                      ; - godot.common.util.ThreadLocalDelegate::getValue@10 (line 7)
                      ; - godot.internal.memory.TransferContext::getBuffer@9 (line 28)
                      ; - godot.internal.memory.TransferContext::writeArguments@7 (line 34)
                      ; - godot.api.Node2D::getGlobalPosition@7 (line 475)
  0x000001c6ee12a090: 6ca5 85ff 

  0x000001c6ee12a094: ;   {other}
  0x000001c6ee12a094: 0f1f 8400 | 0407 000b | ba45 ffff | ff89 4c24 | 104c 8944 | 2418 4489 

  0x000001c6ee12a0ac: ;   {runtime_call UncommonTrapBlob}
  0x000001c6ee12a0ac: 5c24 14e8 

  0x000001c6ee12a0b0: ; ImmutableOopMap {rbp=NarrowOop [8]=Oop [16]=NarrowOop [24]=Oop }
                      ;*ifeq {reexecute=1 rethrow=0 return_oop=0}
                      ; - (reexecute) java.lang.ThreadLocal$ThreadLocalMap::getEntry@29 (line 501)
                      ; - java.lang.ThreadLocal::get@12 (line 187)
                      ; - java.lang.ThreadLocal::get@4 (line 172)
                      ; - godot.common.util.ThreadLocalDelegate::getValue@10 (line 7)
                      ; - godot.internal.memory.TransferContext::getBuffer@9 (line 28)
                      ; - godot.internal.memory.TransferContext::readReturnValue@7 (line 73)
                      ; - godot.api.Node2D::getGlobalPosition@41 (line 477)
  0x000001c6ee12a0b0: 4ca5 85ff 

  0x000001c6ee12a0b4: ;   {other}
  0x000001c6ee12a0b4: 0f1f 8400 | 2407 000c | ba45 ffff | ff4c 8954 | 2410 4c89 | 5424 1848 | 894c 2420 

  0x000001c6ee12a0d0: ;   {runtime_call UncommonTrapBlob}
  0x000001c6ee12a0d0: 6666 90e8 

  0x000001c6ee12a0d4: ; ImmutableOopMap {[0]=Oop [16]=Oop [24]=Oop }
                      ;*if_icmpne {reexecute=1 rethrow=0 return_oop=0}
                      ; - (reexecute) jdk.internal.misc.Unsafe::convEndian@4 (line 3818)
                      ; - jdk.internal.misc.Unsafe::putIntUnaligned@7 (line 3698)
                      ; - jdk.internal.misc.ScopedMemoryAccess::putIntUnalignedInternal@17 (line 1930)
                      ; - jdk.internal.misc.ScopedMemoryAccess::putIntUnaligned@8 (line 1918)
                      ; - java.nio.DirectByteBuffer::putInt@18 (line 773)
                      ; - java.nio.DirectByteBuffer::putInt@11 (line 785)
                      ; - godot.internal.memory.TransferContext::writeArguments@21 (line 36)
                      ; - godot.api.Node2D::getGlobalPosition@7 (line 475)
  0x000001c6ee12a0d4: 28a5 85ff 

  0x000001c6ee12a0d8: ;   {other}
  0x000001c6ee12a0d8: 0f1f 8400 | 4807 000d | ba45 ffff | ff4c 8904 | 244c 8944 | 2408 894c | 2410 4489 

  0x000001c6ee12a0f4: ;   {runtime_call UncommonTrapBlob}
  0x000001c6ee12a0f4: 5c24 14e8 

  0x000001c6ee12a0f8: ; ImmutableOopMap {[0]=Oop [8]=Oop }
                      ;*if_icmpne {reexecute=1 rethrow=0 return_oop=0}
                      ; - (reexecute) jdk.internal.misc.Unsafe::convEndian@4 (line 3818)
                      ; - jdk.internal.misc.Unsafe::getIntUnaligned@8 (line 3575)
                      ; - jdk.internal.misc.ScopedMemoryAccess::getIntUnalignedInternal@15 (line 1909)
                      ; - jdk.internal.misc.ScopedMemoryAccess::getIntUnaligned@6 (line 1897)
                      ; - java.nio.DirectByteBuffer::getInt@13 (line 744)
                      ; - java.nio.DirectByteBuffer::getInt@10 (line 753)
                      ; - godot.core.VariantKt::getVariantType@1 (line 104)
                      ; - godot.core.VariantKt::access$getVariantType@1 (line 1)
                      ; - godot.core.VariantParser::toKotlin@7 (line 477)
                      ; - godot.internal.memory.TransferContext::readReturnValue@20 (line 75)
                      ; - godot.api.Node2D::getGlobalPosition@41 (line 477)
  0x000001c6ee12a0f8: 04a5 85ff 

  0x000001c6ee12a0fc: ;   {other}
  0x000001c6ee12a0fc: 0f1f 8400 | 6c07 000e | ba45 ffff | ff89 4c24 

  0x000001c6ee12a10c: ;   {runtime_call UncommonTrapBlob}
  0x000001c6ee12a10c: 0466 90e8 

  0x000001c6ee12a110: ; ImmutableOopMap {}
                      ;*if_icmpne {reexecute=1 rethrow=0 return_oop=0}
                      ; - (reexecute) godot.core.VariantParser::toKotlin@16 (line 478)
                      ; - godot.internal.memory.TransferContext::readReturnValue@20 (line 75)
                      ; - godot.api.Node2D::getGlobalPosition@41 (line 477)
  0x000001c6ee12a110: eca4 85ff 

  0x000001c6ee12a114: ;   {other}
  0x000001c6ee12a114: 0f1f 8400 | 8407 000f | ba45 ffff | ff48 8b2c | 2444 8914 

  0x000001c6ee12a128: ;   {runtime_call UncommonTrapBlob}
  0x000001c6ee12a128: 2466 90e8 

  0x000001c6ee12a12c: ; ImmutableOopMap {rbp=Oop [0]=NarrowOop }
                      ;*ifnonnull {reexecute=1 rethrow=0 return_oop=0}
                      ; - (reexecute) kotlin.jvm.internal.Intrinsics::checkNotNullParameter@1 (line 130)
                      ; - godot.common.util.ThreadLocalDelegate::getValue@3
                      ; - godot.internal.memory.TransferContext::getBuffer@9 (line 28)
                      ; - godot.internal.memory.TransferContext::writeArguments@7 (line 34)
                      ; - godot.api.Node2D::getGlobalPosition@7 (line 475)
  0x000001c6ee12a12c: d0a4 85ff 

  0x000001c6ee12a130: ;   {other}
  0x000001c6ee12a130: 0f1f 8400 | a007 0010 | ba45 ffff | ff4c 8954 | 2410 4c89 

  0x000001c6ee12a144: ;   {runtime_call UncommonTrapBlob}
  0x000001c6ee12a144: 5424 18e8 

  0x000001c6ee12a148: ; ImmutableOopMap {[0]=Oop [16]=Oop [24]=Oop }
                      ;*if_icmpge {reexecute=1 rethrow=0 return_oop=0}
                      ; - (reexecute) java.nio.Buffer::nextPutIndex@12 (line 743)
                      ; - java.nio.DirectByteBuffer::putInt@4 (line 785)
                      ; - godot.internal.memory.TransferContext::writeArguments@21 (line 36)
                      ; - godot.api.Node2D::getGlobalPosition@7 (line 475)
  0x000001c6ee12a148: b4a4 85ff 

  0x000001c6ee12a14c: ;   {other}
  0x000001c6ee12a14c: 0f1f 8400 | bc07 0011 | ba45 ffff 

  0x000001c6ee12a158: ;   {runtime_call UncommonTrapBlob}
  0x000001c6ee12a158: ff66 90e8 

  0x000001c6ee12a15c: ; ImmutableOopMap {rbp=NarrowOop }
                      ;*ifnonnull {reexecute=1 rethrow=0 return_oop=0}
                      ; - (reexecute) kotlin.jvm.internal.Intrinsics::checkNotNullParameter@1 (line 130)
                      ; - godot.common.util.ThreadLocalDelegate::getValue@3
                      ; - godot.internal.memory.TransferContext::getBuffer@9 (line 28)
                      ; - godot.internal.memory.TransferContext::readReturnValue@7 (line 73)
                      ; - godot.api.Node2D::getGlobalPosition@41 (line 477)
  0x000001c6ee12a15c: a0a4 85ff 

  0x000001c6ee12a160: ;   {other}
  0x000001c6ee12a160: 0f1f 8400 | d007 0012 | ba45 ffff | ff4c 8904 | 244c 8944 

  0x000001c6ee12a174: ;   {runtime_call UncommonTrapBlob}
  0x000001c6ee12a174: 2408 90e8 

  0x000001c6ee12a178: ; ImmutableOopMap {[0]=Oop [8]=Oop }
                      ;*if_icmpge {reexecute=1 rethrow=0 return_oop=0}
                      ; - (reexecute) java.nio.Buffer::nextGetIndex@12 (line 720)
                      ; - java.nio.DirectByteBuffer::getInt@4 (line 753)
                      ; - godot.core.VariantKt::getVariantType@1 (line 104)
                      ; - godot.core.VariantKt::access$getVariantType@1 (line 1)
                      ; - godot.core.VariantParser::toKotlin@7 (line 477)
                      ; - godot.internal.memory.TransferContext::readReturnValue@20 (line 75)
                      ; - godot.api.Node2D::getGlobalPosition@41 (line 477)
  0x000001c6ee12a178: 84a4 85ff 

  0x000001c6ee12a17c: ;   {other}
  0x000001c6ee12a17c: 0f1f 8400 | ec07 0013 | ba45 ffff | ff48 8944 | 2410 4c89 | 4424 184c | 8944 2420 

  0x000001c6ee12a198: ;   {runtime_call UncommonTrapBlob}
  0x000001c6ee12a198: 6666 90e8 

  0x000001c6ee12a19c: ; ImmutableOopMap {[16]=Oop [24]=Oop [32]=Oop }
                      ;*if_icmpge {reexecute=1 rethrow=0 return_oop=0}
                      ; - (reexecute) java.nio.Buffer::nextGetIndex@12 (line 720)
                      ; - java.nio.DirectByteBuffer::getFloat@4 (line 953)
                      ; - godot.core.VariantKt::getVector2@5 (line 19)
                      ; - godot.core.VariantKt::access$getVector2@1 (line 1)
                      ; - godot.core.VariantParser$VECTOR2::toUnsafeKotlin@7 (line 176)
                      ; - godot.core.VariantParser$VECTOR2::toUnsafeKotlin@2 (line 175)
                      ; - godot.core.VariantParser::toKotlin@21 (line 479)
                      ; - godot.internal.memory.TransferContext::readReturnValue@20 (line 75)
                      ; - godot.api.Node2D::getGlobalPosition@41 (line 477)
  0x000001c6ee12a19c: 60a4 85ff 

  0x000001c6ee12a1a0: ;   {other}
  0x000001c6ee12a1a0: 0f1f 8400 | 1008 0014 | ba45 ffff | ff48 8904 | 24c5 fb11 | 4424 084c | 8944 2418 | 4c89 4424 
  0x000001c6ee12a1c0: 2044 895c 

  0x000001c6ee12a1c4: ;   {runtime_call UncommonTrapBlob}
  0x000001c6ee12a1c4: 2428 90e8 

  0x000001c6ee12a1c8: ; ImmutableOopMap {[0]=Oop [24]=Oop [32]=Oop }
                      ;*if_icmpge {reexecute=1 rethrow=0 return_oop=0}
                      ; - (reexecute) java.nio.Buffer::nextGetIndex@12 (line 720)
                      ; - java.nio.DirectByteBuffer::getFloat@4 (line 953)
                      ; - godot.core.VariantKt::getVector2@14 (line 19)
                      ; - godot.core.VariantKt::access$getVector2@1 (line 1)
                      ; - godot.core.VariantParser$VECTOR2::toUnsafeKotlin@7 (line 176)
                      ; - godot.core.VariantParser$VECTOR2::toUnsafeKotlin@2 (line 175)
                      ; - godot.core.VariantParser::toKotlin@21 (line 479)
                      ; - godot.internal.memory.TransferContext::readReturnValue@20 (line 75)
                      ; - godot.api.Node2D::getGlobalPosition@41 (line 477)
  0x000001c6ee12a1c8: 34a4 85ff 

  0x000001c6ee12a1cc: ;   {other}
  0x000001c6ee12a1cc: 0f1f 8400 | 3c08 0015 | 488b d54c | 8b44 2408 | 488b 2c24 

  0x000001c6ee12a1e0: ;   {optimized virtual_call}
  0x000001c6ee12a1e0: 6666 90e8 

  0x000001c6ee12a1e4: ; ImmutableOopMap {rbp=Oop [0]=Oop [8]=Oop }
                      ;*invokevirtual setInitialValue {reexecute=0 rethrow=0 return_oop=1}
                      ; - java.lang.ThreadLocal::get@31 (line 194)
                      ; - java.lang.ThreadLocal::get@4 (line 172)
                      ; - godot.common.util.ThreadLocalDelegate::getValue@10 (line 7)
                      ; - godot.internal.memory.TransferContext::getBuffer@9 (line 28)
                      ; - godot.internal.memory.TransferContext::writeArguments@7 (line 34)
                      ; - godot.api.Node2D::getGlobalPosition@7 (line 475)
  0x000001c6ee12a1e4: 9848 85ff 

  0x000001c6ee12a1e8: ;   {other}
  0x000001c6ee12a1e8: 0f1f 8400 | 5808 0016 | 4c8b 4c24 | 084c 8bd0 | e9bb faff | ffba deff | ffff 488b | 2c24 4c89 
  0x000001c6ee12a208: ;   {runtime_call UncommonTrapBlob}
  0x000001c6ee12a208: 1424 90e8 

  0x000001c6ee12a20c: ; ImmutableOopMap {rbp=Oop [0]=Oop }
                      ;*checkcast {reexecute=0 rethrow=0 return_oop=0}
                      ; - godot.internal.memory.TransferContext::getBuffer@12 (line 28)
                      ; - godot.internal.memory.TransferContext::writeArguments@7 (line 34)
                      ; - godot.api.Node2D::getGlobalPosition@7 (line 475)
  0x000001c6ee12a20c: f0a3 85ff 

  0x000001c6ee12a210: ;   {other}
  0x000001c6ee12a210: 0f1f 8400 | 8008 0017 | bade ffff | ff49 8be8 

  0x000001c6ee12a220: ;   {runtime_call UncommonTrapBlob}
  0x000001c6ee12a220: 6666 90e8 

  0x000001c6ee12a224: ; ImmutableOopMap {rbp=Oop }
                      ;*checkcast {reexecute=0 rethrow=0 return_oop=0}
                      ; - godot.internal.memory.TransferContext::getBuffer@12 (line 28)
                      ; - godot.internal.memory.TransferContext::readReturnValue@7 (line 73)
                      ; - godot.api.Node2D::getGlobalPosition@41 (line 477)
  0x000001c6ee12a224: d8a3 85ff 

  0x000001c6ee12a228: ;   {other}
  0x000001c6ee12a228: 0f1f 8400 | 9808 0018 | baf6 ffff 

  0x000001c6ee12a234: ;   {runtime_call UncommonTrapBlob}
  0x000001c6ee12a234: ff66 90e8 

  0x000001c6ee12a238: ; ImmutableOopMap {}
                      ;*invokevirtual get {reexecute=0 rethrow=0 return_oop=0}
                      ; - godot.common.util.ThreadLocalDelegate::getValue@10 (line 7)
                      ; - godot.internal.memory.TransferContext::getBuffer@9 (line 28)
                      ; - godot.internal.memory.TransferContext::writeArguments@7 (line 34)
                      ; - godot.api.Node2D::getGlobalPosition@7 (line 475)
  0x000001c6ee12a238: c4a3 85ff 

  0x000001c6ee12a23c: ;   {other}
  0x000001c6ee12a23c: 0f1f 8400 | ac08 0019 | baf6 ffff 

  0x000001c6ee12a248: ;   {runtime_call UncommonTrapBlob}
  0x000001c6ee12a248: ff66 90e8 

  0x000001c6ee12a24c: ; ImmutableOopMap {}
                      ;*arraylength {reexecute=0 rethrow=0 return_oop=0}
                      ; - java.lang.ThreadLocal$ThreadLocalMap::getEntry@8 (line 499)
                      ; - java.lang.ThreadLocal::get@12 (line 187)
                      ; - java.lang.ThreadLocal::get@4 (line 172)
                      ; - godot.common.util.ThreadLocalDelegate::getValue@10 (line 7)
                      ; - godot.internal.memory.TransferContext::getBuffer@9 (line 28)
                      ; - godot.internal.memory.TransferContext::writeArguments@7 (line 34)
                      ; - godot.api.Node2D::getGlobalPosition@7 (line 475)
  0x000001c6ee12a24c: b0a3 85ff 

  0x000001c6ee12a250: ;   {other}
  0x000001c6ee12a250: 0f1f 8400 | c008 001a | baf4 ffff | ff48 8b2c 

  0x000001c6ee12a260: ;   {runtime_call UncommonTrapBlob}
  0x000001c6ee12a260: 2466 90e8 

  0x000001c6ee12a264: ; ImmutableOopMap {rbp=Oop }
                      ;*checkcast {reexecute=0 rethrow=0 return_oop=0}
                      ; - godot.internal.memory.TransferContext::getBuffer@12 (line 28)
                      ; - godot.internal.memory.TransferContext::writeArguments@7 (line 34)
                      ; - godot.api.Node2D::getGlobalPosition@7 (line 475)
  0x000001c6ee12a264: 98a3 85ff 

  0x000001c6ee12a268: ;   {other}
  0x000001c6ee12a268: 0f1f 8400 | d808 001b | baf6 ffff 

  0x000001c6ee12a274: ;   {runtime_call UncommonTrapBlob}
  0x000001c6ee12a274: ff66 90e8 

  0x000001c6ee12a278: ; ImmutableOopMap {}
                      ;*invokevirtual get {reexecute=0 rethrow=0 return_oop=0}
                      ; - godot.common.util.ThreadLocalDelegate::getValue@10 (line 7)
                      ; - godot.internal.memory.TransferContext::getBuffer@9 (line 28)
                      ; - godot.internal.memory.TransferContext::readReturnValue@7 (line 73)
                      ; - godot.api.Node2D::getGlobalPosition@41 (line 477)
  0x000001c6ee12a278: 84a3 85ff 

  0x000001c6ee12a27c: ;   {other}
  0x000001c6ee12a27c: 0f1f 8400 | ec08 001c | baf6 ffff 

  0x000001c6ee12a288: ;   {runtime_call UncommonTrapBlob}
  0x000001c6ee12a288: ff66 90e8 

  0x000001c6ee12a28c: ; ImmutableOopMap {}
                      ;*arraylength {reexecute=0 rethrow=0 return_oop=0}
                      ; - java.lang.ThreadLocal$ThreadLocalMap::getEntry@8 (line 499)
                      ; - java.lang.ThreadLocal::get@12 (line 187)
                      ; - java.lang.ThreadLocal::get@4 (line 172)
                      ; - godot.common.util.ThreadLocalDelegate::getValue@10 (line 7)
                      ; - godot.internal.memory.TransferContext::getBuffer@9 (line 28)
                      ; - godot.internal.memory.TransferContext::readReturnValue@7 (line 73)
                      ; - godot.api.Node2D::getGlobalPosition@41 (line 477)
  0x000001c6ee12a28c: 70a3 85ff 

  0x000001c6ee12a290: ;   {other}
  0x000001c6ee12a290: 0f1f 8400 | 0009 001d | baf4 ffff 

  0x000001c6ee12a29c: ;   {runtime_call UncommonTrapBlob}
  0x000001c6ee12a29c: ff66 90e8 

  0x000001c6ee12a2a0: ; ImmutableOopMap {}
                      ;*checkcast {reexecute=0 rethrow=0 return_oop=0}
                      ; - godot.internal.memory.TransferContext::getBuffer@12 (line 28)
                      ; - godot.internal.memory.TransferContext::readReturnValue@7 (line 73)
                      ; - godot.api.Node2D::getGlobalPosition@41 (line 477)
  0x000001c6ee12a2a0: 5ca3 85ff 

  0x000001c6ee12a2a4: ;   {other}
  0x000001c6ee12a2a4: 0f1f 8400 | 1409 001e | ba45 ffff | ff48 8b2c | 2448 891c | 244c 894c | 2408 894c 

  0x000001c6ee12a2c0: ;   {runtime_call UncommonTrapBlob}
  0x000001c6ee12a2c0: 2414 90e8 

  0x000001c6ee12a2c4: ; ImmutableOopMap {rbp=Oop [0]=Oop [8]=Oop [20]=NarrowOop }
                      ;*ifnull {reexecute=1 rethrow=0 return_oop=0}
                      ; - (reexecute) java.lang.ThreadLocal::get@7 (line 186)
                      ; - java.lang.ThreadLocal::get@4 (line 172)
                      ; - godot.common.util.ThreadLocalDelegate::getValue@10 (line 7)
                      ; - godot.internal.memory.TransferContext::getBuffer@9 (line 28)
                      ; - godot.internal.memory.TransferContext::writeArguments@7 (line 34)
                      ; - godot.api.Node2D::getGlobalPosition@7 (line 475)
  0x000001c6ee12a2c4: 38a3 85ff 

  0x000001c6ee12a2c8: ;   {other}
  0x000001c6ee12a2c8: 0f1f 8400 | 3809 001f | ba45 ffff | ff49 8be8 | 4c89 1424 | 894c 240c 

  0x000001c6ee12a2e0: ;   {runtime_call UncommonTrapBlob}
  0x000001c6ee12a2e0: 6666 90e8 

  0x000001c6ee12a2e4: ; ImmutableOopMap {rbp=Oop [0]=Oop [12]=NarrowOop }
                      ;*ifnull {reexecute=1 rethrow=0 return_oop=0}
                      ; - (reexecute) java.lang.ThreadLocal::get@7 (line 186)
                      ; - java.lang.ThreadLocal::get@4 (line 172)
                      ; - godot.common.util.ThreadLocalDelegate::getValue@10 (line 7)
                      ; - godot.internal.memory.TransferContext::getBuffer@9 (line 28)
                      ; - godot.internal.memory.TransferContext::readReturnValue@7 (line 73)
                      ; - godot.api.Node2D::getGlobalPosition@41 (line 477)
  0x000001c6ee12a2e4: 18a3 85ff 

  0x000001c6ee12a2e8: ;   {other}
  0x000001c6ee12a2e8: 0f1f 8400 | 5809 0020 | eb07 eb0a | 488b d0eb | 0d48 8bd0 | eb08 488b | d0eb 0348 | 8bd0 4883 
  0x000001c6ee12a308: ;   {runtime_call _rethrow_Java}
  0x000001c6ee12a308: c440 5de9 | f037 92ff 

  0x000001c6ee12a310: ;   {internal_word}
  0x000001c6ee12a310: 49ba fb9e | 12ee c601 | 0000 4d89 | 9768 0400 

  0x000001c6ee12a320: ;   {runtime_call SafepointBlob}
  0x000001c6ee12a320: 00e9 dab3 

  0x000001c6ee12a324: ;   {runtime_call StubRoutines (final stubs)}
  0x000001c6ee12a324: 85ff e835 | aa83 ffe9 | eaf8 ffff 
[Stub Code]
  0x000001c6ee12a330: ;   {no_reloc}
  0x000001c6ee12a330: 48bb 0000 | 0000 0000 

  0x000001c6ee12a338: ;   {runtime_call}
  0x000001c6ee12a338: 0000 e9fb 

  0x000001c6ee12a33c: ;   {static_stub}
  0x000001c6ee12a33c: ffff ff48 | bb00 0000 | 0000 0000 

  0x000001c6ee12a348: ;   {runtime_call}
  0x000001c6ee12a348: 00e9 fbff 

  0x000001c6ee12a34c: ;   {static_stub}
  0x000001c6ee12a34c: ffff 48bb | 0000 0000 | 0000 0000 

  0x000001c6ee12a358: ;   {runtime_call}
  0x000001c6ee12a358: e9fb ffff 

  0x000001c6ee12a35c: ;   {runtime_call ExceptionBlob}
  0x000001c6ee12a35c: ffe9 1e24 | 92ff e800 | 0000 0048 | 832c 2405 

  0x000001c6ee12a36c: ;   {runtime_call DeoptimizationBlob}
  0x000001c6ee12a36c: e92f a685 | fff4 f4f4 | f4f4 f4f4 
[/MachCode]


Compiled method (c1)   24923 1627       3       game.items.weapons.Weapon::getClosestTarget (115 bytes)
 total in heap  [0x000001c6e67f8110,0x000001c6e67f9048] = 3896
 relocation     [0x000001c6e67f8270,0x000001c6e67f8378] = 264
 main code      [0x000001c6e67f8380,0x000001c6e67f8c88] = 2312
 stub code      [0x000001c6e67f8c88,0x000001c6e67f8d20] = 152
 oops           [0x000001c6e67f8d20,0x000001c6e67f8d30] = 16
 metadata       [0x000001c6e67f8d30,0x000001c6e67f8d40] = 16
 scopes data    [0x000001c6e67f8d40,0x000001c6e67f8e68] = 296
 scopes pcs     [0x000001c6e67f8e68,0x000001c6e67f8ff8] = 400
 dependencies   [0x000001c6e67f8ff8,0x000001c6e67f9000] = 8
 nul chk table  [0x000001c6e67f9000,0x000001c6e67f9048] = 72

[Constant Pool (empty)]

[MachCode]
[Entry Point]
  # {method} {0x000001c7407125e0} 'getClosestTarget' '()Lgodot/api/Node2D;' in 'game/items/weapons/Weapon'
  #           [sp+0x80]  (sp of caller)
  0x000001c6e67f8380: 448b 5208 | 49bb 0000 | 00fe c601 | 0000 4d03 | d34c 3bd0 

  0x000001c6e67f8394: ;   {runtime_call ic_miss_stub}
  0x000001c6e67f8394: 0f85 e663 | 1807 660f | 1f44 0000 
[Verified Entry Point]
  0x000001c6e67f83a0: 8984 2400 | 80ff ff55 | 4883 ec70 | 4181 7f20 | 0300 0000 

  0x000001c6e67f83b4: ;   {runtime_call StubRoutines (final stubs)}
  0x000001c6e67f83b4: 7405 e8a5 | c916 0748 | 8954 2428 

  0x000001c6e67f83c0: ;   {metadata(method data for {method} {0x000001c7407125e0} 'getClosestTarget' '()Lgodot/api/Node2D;' in 'game/items/weapons/Weapon')}
  0x000001c6e67f83c0: 48be 50a5 | 9040 c701 | 0000 8bbe | cc00 0000 | 83c7 0289 | becc 0000 | 0081 e7fe | 0700 0085 
  0x000001c6e67f83e0: ff0f 84cd | 0700 008b | 7240 48c1 | e603 4885 

  0x000001c6e67f83f0: ;   {metadata(method data for {method} {0x000001c7407125e0} 'getClosestTarget' '()Lgodot/api/Node2D;' in 'game/items/weapons/Weapon')}
  0x000001c6e67f83f0: f648 bf50 | a590 40c7 | 0100 0048 | bb10 0100 | 0000 0000 | 0074 0a48 | bb20 0100 | 0000 0000 
  0x000001c6e67f8410: 0048 8b04 | 1f48 8d40 | 0148 8904 | 1f0f 8474 | 0700 0048 | 3b06 488b 

  0x000001c6e67f8428: ;   {metadata(method data for {method} {0x000001c7407125e0} 'getClosestTarget' '()Lgodot/api/Node2D;' in 'game/items/weapons/Weapon')}
  0x000001c6e67f8428: fe48 bb50 | a590 40c7 | 0100 008b | 7f08 49ba | 0000 00fe | c601 0000 | 4903 fa48 | 3bbb 4001 
  0x000001c6e67f8448: 0000 750d | 4883 8348 | 0100 0001 | e960 0000 | 0048 3bbb | 5001 0000 | 750d 4883 | 8358 0100 
  0x000001c6e67f8468: 0001 e94a | 0000 0048 | 83bb 4001 | 0000 0075 | 1748 89bb | 4001 0000 | 48c7 8348 | 0100 0001 
  0x000001c6e67f8488: 0000 00e9 | 2900 0000 | 4883 bb50 | 0100 0000 | 7517 4889 | bb50 0100 | 0048 c783 | 5801 0000 
  0x000001c6e67f84a8: 0100 0000 | e908 0000 | 0048 8383 | 3001 0000 | 0148 8bd6 | 9048 b8d8 | a80b fec6 

  0x000001c6e67f84c4: ;   {virtual_call}
  0x000001c6e67f84c4: 0100 00e8 

  0x000001c6e67f84c8: ; ImmutableOopMap {[40]=Oop }
                      ;*invokeinterface isEmpty {reexecute=0 rethrow=0 return_oop=0}
                      ; - game.items.weapons.Weapon::getClosestTarget@11 (line 122)
  0x000001c6e67f84c8: d4fa 9107 

  0x000001c6e67f84cc: ;   {other}
  0x000001c6e67f84cc: 0f1f 8400 | bc03 0000 

  0x000001c6e67f84d4: ;   {metadata(method data for {method} {0x000001c7407125e0} 'getClosestTarget' '()Lgodot/api/Node2D;' in 'game/items/weapons/Weapon')}
  0x000001c6e67f84d4: 85c0 49b8 | 50a5 9040 | c701 0000 | 48ba 7801 | 0000 0000 | 0000 750a | 48ba 6801 | 0000 0000 
  0x000001c6e67f84f4: 0000 498b | 3410 488d | 7601 4989 | 3410 0f85 | 8f06 0000 | 488b 5424 | 288b 7240 | 48c1 e603 
  0x000001c6e67f8514: ; implicit exception: dispatches to 0x000001c6e67f8bda
  0x000001c6e67f8514: 483b 064c 

  0x000001c6e67f8518: ;   {metadata(method data for {method} {0x000001c7407125e0} 'getClosestTarget' '()Lgodot/api/Node2D;' in 'game/items/weapons/Weapon')}
  0x000001c6e67f8518: 8bc6 48bf | 50a5 9040 | c701 0000 | 458b 4008 | 49ba 0000 | 00fe c601 | 0000 4d03 | c24c 3b87 
  0x000001c6e67f8538: 9801 0000 | 750d 4883 | 87a0 0100 | 0001 e960 | 0000 004c | 3b87 a801 | 0000 750d | 4883 87b0 
  0x000001c6e67f8558: 0100 0001 | e94a 0000 | 0048 83bf | 9801 0000 | 0075 174c | 8987 9801 | 0000 48c7 | 87a0 0100 
  0x000001c6e67f8578: 0001 0000 | 00e9 2900 | 0000 4883 | bfa8 0100 | 0000 7517 | 4c89 87a8 | 0100 0048 | c787 b001 
  0x000001c6e67f8598: 0000 0100 | 0000 e908 | 0000 0048 | 8387 8801 | 0000 0141 | b800 0000 | 0048 8bd6 | 9048 b8d8 
  0x000001c6e67f85b8: a80b fec6 

  0x000001c6e67f85bc: ;   {virtual_call}
  0x000001c6e67f85bc: 0100 00e8 

  0x000001c6e67f85c0: ; ImmutableOopMap {[40]=Oop }
                      ;*invokeinterface get {reexecute=0 rethrow=0 return_oop=0}
                      ; - game.items.weapons.Weapon::getClosestTarget@26 (line 123)
  0x000001c6e67f85c0: dc7f 9807 

  0x000001c6e67f85c4: ;   {other}
  0x000001c6e67f85c4: 0f1f 8400 | b404 0001 | 4885 c075 

  0x000001c6e67f85d0: ;   {metadata(method data for {method} {0x000001c7407125e0} 'getClosestTarget' '()Lgodot/api/Node2D;' in 'game/items/weapons/Weapon')}
  0x000001c6e67f85d0: 1648 bf50 | a590 40c7 | 0100 0080 | 8fb9 0100 | 0001 e9cd 

  0x000001c6e67f85e4: ;   {metadata('godot/api/Node2D')}
  0x000001c6e67f85e4: 0000 0048 | bbf0 3403 | ffc6 0100 | 008b 7808 | 49ba 0000 | 00fe c601 | 0000 4903 | fa48 3b5f 
  0x000001c6e67f8604: 580f 858d 

  0x000001c6e67f8608: ;   {metadata(method data for {method} {0x000001c7407125e0} 'getClosestTarget' '()Lgodot/api/Node2D;' in 'game/items/weapons/Weapon')}
  0x000001c6e67f8608: 0000 0048 | bf50 a590 | 40c7 0100 | 008b 5808 | 49ba 0000 | 00fe c601 | 0000 4903 | da48 3b9f 
  0x000001c6e67f8628: d001 0000 | 750d 4883 | 87d8 0100 | 0001 e979 | 0000 0048 | 3b9f e001 | 0000 750d | 4883 87e8 
  0x000001c6e67f8648: 0100 0001 | e963 0000 | 0048 83bf | d001 0000 | 0075 1748 | 899f d001 | 0000 48c7 | 87d8 0100 
  0x000001c6e67f8668: 0001 0000 | 00e9 4200 | 0000 4883 | bfe0 0100 | 0000 7517 | 4889 9fe0 | 0100 0048 | c787 e801 
  0x000001c6e67f8688: 0000 0100 | 0000 e921 | 0000 00e9 | 1c00 0000 

  0x000001c6e67f8698: ;   {metadata(method data for {method} {0x000001c7407125e0} 'getClosestTarget' '()Lgodot/api/Node2D;' in 'game/items/weapons/Weapon')}
  0x000001c6e67f8698: 48bf 50a5 | 9040 c701 | 0000 4883 | afc0 0100 | 0001 e930 | 0500 00e9 | 0000 0000 | 488b f048 
  0x000001c6e67f86b8: 8974 2430 | 488b 5424 

  0x000001c6e67f86c0: ;   {metadata(method data for {method} {0x000001c7407125e0} 'getClosestTarget' '()Lgodot/api/Node2D;' in 'game/items/weapons/Weapon')}
  0x000001c6e67f86c0: 2848 bf50 | a590 40c7 | 0100 0048 | 8387 f801 | 0000 0148 | 8b54 2428 | 0f1f 8000 

  0x000001c6e67f86dc: ;   {optimized virtual_call}
  0x000001c6e67f86dc: 0000 00e8 

  0x000001c6e67f86e0: ; ImmutableOopMap {[40]=Oop [48]=Oop }
                      ;*invokevirtual getGlobalPosition {reexecute=0 rethrow=0 return_oop=0}
                      ; - game.items.weapons.Weapon::getClosestTarget@36 (line 124)
  0x000001c6e67f86e0: 1c15 9307 

  0x000001c6e67f86e4: ;   {other}
  0x000001c6e67f86e4: 0f1f 8400 | d405 0002 | 488b 7424 | 3048 3b06 

  0x000001c6e67f86f4: ;   {metadata(method data for {method} {0x000001c7407125e0} 'getClosestTarget' '()Lgodot/api/Node2D;' in 'game/items/weapons/Weapon')}
  0x000001c6e67f86f4: 488b d648 | bf50 a590 | 40c7 0100 | 0048 8387 | 3002 0000 | 0148 8bd6 | 4889 4424 | 3866 0f1f 
  0x000001c6e67f8714: ;   {optimized virtual_call}
  0x000001c6e67f8714: 4400 00e8 

  0x000001c6e67f8718: ; ImmutableOopMap {[40]=Oop [48]=Oop [56]=Oop }
                      ;*invokevirtual getGlobalPosition {reexecute=0 rethrow=0 return_oop=0}
                      ; - game.items.weapons.Weapon::getClosestTarget@40 (line 124)
  0x000001c6e67f8718: e414 9307 

  0x000001c6e67f871c: ;   {other}
  0x000001c6e67f871c: 0f1f 8400 | 0c06 0003 | 488b 5424 | 3848 3b02 

  0x000001c6e67f872c: ;   {metadata(method data for {method} {0x000001c7407125e0} 'getClosestTarget' '()Lgodot/api/Node2D;' in 'game/items/weapons/Weapon')}
  0x000001c6e67f872c: 4c8b c248 | be50 a590 | 40c7 0100 | 0048 8386 | 6802 0000 | 014c 8bc0 

  0x000001c6e67f8744: ;   {optimized virtual_call}
  0x000001c6e67f8744: 6666 90e8 

  0x000001c6e67f8748: ; ImmutableOopMap {[40]=Oop [48]=Oop }
                      ;*invokevirtual distanceTo {reexecute=0 rethrow=0 return_oop=0}
                      ; - game.items.weapons.Weapon::getClosestTarget@43 (line 124)
  0x000001c6e67f8748: 7481 9507 

  0x000001c6e67f874c: ;   {other}
  0x000001c6e67f874c: 0f1f 8400 | 3c06 0004 | 488b 7424 | 30bf 0100 | 0000 897c | 2440 c5fb | 1144 2460 | e913 0300 
  0x000001c6e67f876c: 0066 6690 | 488b 5424 | 288b 7240 | 48c1 e603 

  0x000001c6e67f877c: ; implicit exception: dispatches to 0x000001c6e67f8bf2
  0x000001c6e67f877c: 483b 064c 

  0x000001c6e67f8780: ;   {metadata(method data for {method} {0x000001c7407125e0} 'getClosestTarget' '()Lgodot/api/Node2D;' in 'game/items/weapons/Weapon')}
  0x000001c6e67f8780: 8bc6 48bb | 50a5 9040 | c701 0000 | 458b 4008 | 49ba 0000 | 00fe c601 | 0000 4d03 | c24c 3b83 
  0x000001c6e67f87a0: 0803 0000 | 750d 4883 | 8310 0300 | 0001 e960 | 0000 004c | 3b83 1803 | 0000 750d | 4883 8320 
  0x000001c6e67f87c0: 0300 0001 | e94a 0000 | 0048 83bb | 0803 0000 | 0075 174c | 8983 0803 | 0000 48c7 | 8310 0300 
  0x000001c6e67f87e0: 0001 0000 | 00e9 2900 | 0000 4883 | bb18 0300 | 0000 7517 | 4c89 8318 | 0300 0048 | c783 2003 
  0x000001c6e67f8800: 0000 0100 | 0000 e908 | 0000 0048 | 8383 f802 | 0000 014c | 8bc7 488b | d689 7c24 | 4048 b8d8 
  0x000001c6e67f8820: a80b fec6 

  0x000001c6e67f8824: ;   {virtual_call}
  0x000001c6e67f8824: 0100 00e8 

  0x000001c6e67f8828: ; ImmutableOopMap {[40]=Oop [72]=Oop }
                      ;*invokeinterface get {reexecute=0 rethrow=0 return_oop=0}
                      ; - game.items.weapons.Weapon::getClosestTarget@70 (line 127)
  0x000001c6e67f8828: 747d 9807 

  0x000001c6e67f882c: ;   {other}
  0x000001c6e67f882c: 0f1f 8400 | 1c07 0005 | 4885 c075 

  0x000001c6e67f8838: ;   {metadata(method data for {method} {0x000001c7407125e0} 'getClosestTarget' '()Lgodot/api/Node2D;' in 'game/items/weapons/Weapon')}
  0x000001c6e67f8838: 1648 bf50 | a590 40c7 | 0100 0080 | 8f29 0300 | 0001 e9cd 

  0x000001c6e67f884c: ;   {metadata('godot/api/Node2D')}
  0x000001c6e67f884c: 0000 0048 | bbf0 3403 | ffc6 0100 | 008b 7808 | 49ba 0000 | 00fe c601 | 0000 4903 | fa48 3b5f 
  0x000001c6e67f886c: 580f 858d 

  0x000001c6e67f8870: ;   {metadata(method data for {method} {0x000001c7407125e0} 'getClosestTarget' '()Lgodot/api/Node2D;' in 'game/items/weapons/Weapon')}
  0x000001c6e67f8870: 0000 0048 | bf50 a590 | 40c7 0100 | 008b 5808 | 49ba 0000 | 00fe c601 | 0000 4903 | da48 3b9f 
  0x000001c6e67f8890: 4003 0000 | 750d 4883 | 8748 0300 | 0001 e979 | 0000 0048 | 3b9f 5003 | 0000 750d | 4883 8758 
  0x000001c6e67f88b0: 0300 0001 | e963 0000 | 0048 83bf | 4003 0000 | 0075 1748 | 899f 4003 | 0000 48c7 | 8748 0300 
  0x000001c6e67f88d0: 0001 0000 | 00e9 4200 | 0000 4883 | bf50 0300 | 0000 7517 | 4889 9f50 | 0300 0048 | c787 5803 
  0x000001c6e67f88f0: 0000 0100 | 0000 e921 | 0000 00e9 | 1c00 0000 

  0x000001c6e67f8900: ;   {metadata(method data for {method} {0x000001c7407125e0} 'getClosestTarget' '()Lgodot/api/Node2D;' in 'game/items/weapons/Weapon')}
  0x000001c6e67f8900: 48bf 50a5 | 9040 c701 | 0000 4883 | af30 0300 | 0001 e9e0 | 0200 00e9 | 0000 0000 | 488b f048 
  0x000001c6e67f8920: 8974 2450 | 488b 5424 

  0x000001c6e67f8928: ;   {metadata(method data for {method} {0x000001c7407125e0} 'getClosestTarget' '()Lgodot/api/Node2D;' in 'game/items/weapons/Weapon')}
  0x000001c6e67f8928: 2848 bf50 | a590 40c7 | 0100 0048 | 8387 6803 | 0000 0148 | 8b54 2428 | 0f1f 8000 

  0x000001c6e67f8944: ;   {optimized virtual_call}
  0x000001c6e67f8944: 0000 00e8 

  0x000001c6e67f8948: ; ImmutableOopMap {[40]=Oop [72]=Oop [80]=Oop }
                      ;*invokevirtual getGlobalPosition {reexecute=0 rethrow=0 return_oop=0}
                      ; - game.items.weapons.Weapon::getClosestTarget@81 (line 128)
  0x000001c6e67f8948: b412 9307 

  0x000001c6e67f894c: ;   {other}
  0x000001c6e67f894c: 0f1f 8400 | 3c08 0006 | 488b 7424 | 5048 3b06 

  0x000001c6e67f895c: ;   {metadata(method data for {method} {0x000001c7407125e0} 'getClosestTarget' '()Lgodot/api/Node2D;' in 'game/items/weapons/Weapon')}
  0x000001c6e67f895c: 488b d648 | bf50 a590 | 40c7 0100 | 0048 8387 | a003 0000 | 0148 8bd6 | 4889 4424 | 5866 0f1f 
  0x000001c6e67f897c: ;   {optimized virtual_call}
  0x000001c6e67f897c: 4400 00e8 

  0x000001c6e67f8980: ; ImmutableOopMap {[40]=Oop [72]=Oop [80]=Oop [88]=Oop }
                      ;*invokevirtual getGlobalPosition {reexecute=0 rethrow=0 return_oop=0}
                      ; - game.items.weapons.Weapon::getClosestTarget@86 (line 128)
  0x000001c6e67f8980: 7c12 9307 

  0x000001c6e67f8984: ;   {other}
  0x000001c6e67f8984: 0f1f 8400 | 7408 0007 | 488b 5424 | 5848 3b02 

  0x000001c6e67f8994: ;   {metadata(method data for {method} {0x000001c7407125e0} 'getClosestTarget' '()Lgodot/api/Node2D;' in 'game/items/weapons/Weapon')}
  0x000001c6e67f8994: 4c8b c248 | be50 a590 | 40c7 0100 | 0048 8386 | d803 0000 | 014c 8bc0 

  0x000001c6e67f89ac: ;   {optimized virtual_call}
  0x000001c6e67f89ac: 6666 90e8 

  0x000001c6e67f89b0: ; ImmutableOopMap {[40]=Oop [72]=Oop [80]=Oop }
                      ;*invokevirtual distanceTo {reexecute=0 rethrow=0 return_oop=0}
                      ; - game.items.weapons.Weapon::getClosestTarget@89 (line 128)
  0x000001c6e67f89b0: 0c7f 9507 

  0x000001c6e67f89b4: ;   {other}
  0x000001c6e67f89b4: 0f1f 8400 | a408 0008 | c5fb 104c | 2460 c5f9 | 2ec1 b801 | 0000 000f | 8a13 0000 | 000f 870d 
  0x000001c6e67f89d4: 0000 00b8 | 0000 0000 | 0f84 0200 | 0000 ffc8 

  0x000001c6e67f89e4: ;   {metadata(method data for {method} {0x000001c7407125e0} 'getClosestTarget' '()Lgodot/api/Node2D;' in 'game/items/weapons/Weapon')}
  0x000001c6e67f89e4: 85c0 48b8 | 50a5 9040 | c701 0000 | 48be 2004 | 0000 0000 | 0000 7c0a | 48be 1004 | 0000 0000 
  0x000001c6e67f8a04: 0000 488b | 3c30 488d | 7f01 4889 | 3c30 0f8c | 0e00 0000 | c5f9 28c1 | 488b 7424 | 48e9 0500 
  0x000001c6e67f8a24: 0000 488b | 7424 508b | 7c24 40ff 

  0x000001c6e67f8a30: ;   {metadata(method data for {method} {0x000001c7407125e0} 'getClosestTarget' '()Lgodot/api/Node2D;' in 'game/items/weapons/Weapon')}
  0x000001c6e67f8a30: c748 b850 | a590 40c7 | 0100 008b | 98d0 0000 | 0083 c302 | 8998 d000 | 0000 81e3 | fe3f 0000 
  0x000001c6e67f8a50: 85db 0f84 | b201 0000 | 4d8b 9758 

  0x000001c6e67f8a5c: ; ImmutableOopMap {rsi=Oop [40]=Oop }
                      ;*goto {reexecute=1 rethrow=0 return_oop=0}
                      ; - (reexecute) game.items.weapons.Weapon::getClosestTarget@110 (line 126)
                      ;   {poll}
  0x000001c6e67f8a5c: 0400 0041 

  0x000001c6e67f8a60: ;   {metadata(method data for {method} {0x000001c7407125e0} 'getClosestTarget' '()Lgodot/api/Node2D;' in 'game/items/weapons/Weapon')}
  0x000001c6e67f8a60: 8502 48b8 | 50a5 9040 | c701 0000 | ff80 3004 | 0000 c5f9 | 28c8 897c | 2440 c5fb | 114c 2460 
  0x000001c6e67f8a80: 4889 7424 | 4848 8b54 | 2428 8b5a | 4048 c1e3 | 0348 3b03 

  0x000001c6e67f8a94: ;   {metadata(method data for {method} {0x000001c7407125e0} 'getClosestTarget' '()Lgodot/api/Node2D;' in 'game/items/weapons/Weapon')}
  0x000001c6e67f8a94: 488b c348 | b950 a590 | 40c7 0100 | 008b 4008 | 49ba 0000 | 00fe c601 | 0000 4903 | c248 3b81 
  0x000001c6e67f8ab4: b002 0000 | 750d 4883 | 81b8 0200 | 0001 e960 | 0000 0048 | 3b81 c002 | 0000 750d | 4883 81c8 
  0x000001c6e67f8ad4: 0200 0001 | e94a 0000 | 0048 83b9 | b002 0000 | 0075 1748 | 8981 b002 | 0000 48c7 | 81b8 0200 
  0x000001c6e67f8af4: 0001 0000 | 00e9 2900 | 0000 4883 | b9c0 0200 | 0000 7517 | 4889 81c0 | 0200 0048 | c781 c802 
  0x000001c6e67f8b14: 0000 0100 | 0000 e908 | 0000 0048 | 8381 a002 | 0000 0148 | 8bd3 6666 | 9048 b8d8 | a80b fec6 
  0x000001c6e67f8b34: ;   {virtual_call}
  0x000001c6e67f8b34: 0100 00e8 

  0x000001c6e67f8b38: ; ImmutableOopMap {[40]=Oop [72]=Oop }
                      ;*invokeinterface size {reexecute=0 rethrow=0 return_oop=0}
                      ; - game.items.weapons.Weapon::getClosestTarget@56 (line 126)
  0x000001c6e67f8b38: 6473 8907 

  0x000001c6e67f8b3c: ;   {other}
  0x000001c6e67f8b3c: 0f1f 8400 | 2c0a 000a | 8b7c 2440 

  0x000001c6e67f8b48: ;   {metadata(method data for {method} {0x000001c7407125e0} 'getClosestTarget' '()Lgodot/api/Node2D;' in 'game/items/weapons/Weapon')}
  0x000001c6e67f8b48: 3bf8 49b8 | 50a5 9040 | c701 0000 | 48ba e802 | 0000 0000 | 0000 7c0a | 48ba d802 | 0000 0000 
  0x000001c6e67f8b68: 0000 498b | 3410 488d | 7601 4989 | 3410 0f8c | f4fb ffff | 488b 7424 | 4848 8bc6 | 4883 c470 
  0x000001c6e67f8b88: ;   {poll_return}
  0x000001c6e67f8b88: 5d49 3ba7 | 5004 0000 | 0f87 9a00 

  0x000001c6e67f8b94: ;   {oop(nullptr)}
  0x000001c6e67f8b94: 0000 c348 | b800 0000 | 0000 0000 | 0048 83c4 

  0x000001c6e67f8ba4: ;   {poll_return}
  0x000001c6e67f8ba4: 705d 493b | a750 0400 | 000f 8793 | 0000 00c3 

  0x000001c6e67f8bb4: ;   {metadata({method} {0x000001c7407125e0} 'getClosestTarget' '()Lgodot/api/Node2D;' in 'game/items/weapons/Weapon')}
  0x000001c6e67f8bb4: 49ba d825 | 7140 c701 | 0000 4c89 | 5424 0848 | c704 24ff 

  0x000001c6e67f8bc8: ;   {runtime_call counter_overflow Runtime1 stub}
  0x000001c6e67f8bc8: ffff ffe8 

  0x000001c6e67f8bcc: ; ImmutableOopMap {rdx=Oop [40]=Oop }
                      ;*synchronization entry
                      ; - game.items.weapons.Weapon::getClosestTarget@-1 (line 122)
  0x000001c6e67f8bcc: b012 2507 | e912 f8ff 

  0x000001c6e67f8bd4: ;   {runtime_call throw_null_pointer_exception Runtime1 stub}
  0x000001c6e67f8bd4: ffe8 a6b2 

  0x000001c6e67f8bd8: ; ImmutableOopMap {rsi=Oop [40]=Oop }
                      ;*invokeinterface isEmpty {reexecute=0 rethrow=0 return_oop=0}
                      ; - game.items.weapons.Weapon::getClosestTarget@11 (line 122)
                      ;   {runtime_call throw_null_pointer_exception Runtime1 stub}
  0x000001c6e67f8bd8: 2407 e8a1 

  0x000001c6e67f8bdc: ; ImmutableOopMap {rdx=Oop rsi=Oop [40]=Oop }
                      ;*invokeinterface get {reexecute=0 rethrow=0 return_oop=0}
                      ; - game.items.weapons.Weapon::getClosestTarget@26 (line 123)
  0x000001c6e67f8bdc: b224 0748 

  0x000001c6e67f8be0: ;   {runtime_call throw_class_cast_exception Runtime1 stub}
  0x000001c6e67f8be0: 8904 24e8 

  0x000001c6e67f8be4: ; ImmutableOopMap {[40]=Oop }
                      ;*checkcast {reexecute=0 rethrow=0 return_oop=0}
                      ; - game.items.weapons.Weapon::getClosestTarget@31 (line 123)
  0x000001c6e67f8be4: 98e5 2407 

  0x000001c6e67f8be8: ;   {runtime_call throw_null_pointer_exception Runtime1 stub}
  0x000001c6e67f8be8: e893 b224 

  0x000001c6e67f8bec: ; ImmutableOopMap {rax=Oop rsi=Oop [40]=Oop [48]=Oop }
                      ;*invokevirtual getGlobalPosition {reexecute=0 rethrow=0 return_oop=0}
                      ; - game.items.weapons.Weapon::getClosestTarget@40 (line 124)
                      ;   {runtime_call throw_null_pointer_exception Runtime1 stub}
  0x000001c6e67f8bec: 07e8 8eb2 

  0x000001c6e67f8bf0: ; ImmutableOopMap {rax=Oop rdx=Oop [40]=Oop [48]=Oop }
                      ;*invokevirtual distanceTo {reexecute=0 rethrow=0 return_oop=0}
                      ; - game.items.weapons.Weapon::getClosestTarget@43 (line 124)
                      ;   {runtime_call throw_null_pointer_exception Runtime1 stub}
  0x000001c6e67f8bf0: 2407 e889 

  0x000001c6e67f8bf4: ; ImmutableOopMap {rdx=Oop rsi=Oop [40]=Oop [72]=Oop }
                      ;*invokeinterface get {reexecute=0 rethrow=0 return_oop=0}
                      ; - game.items.weapons.Weapon::getClosestTarget@70 (line 127)
  0x000001c6e67f8bf4: b224 0748 

  0x000001c6e67f8bf8: ;   {runtime_call throw_class_cast_exception Runtime1 stub}
  0x000001c6e67f8bf8: 8904 24e8 

  0x000001c6e67f8bfc: ; ImmutableOopMap {[40]=Oop [72]=Oop }
                      ;*checkcast {reexecute=0 rethrow=0 return_oop=0}
                      ; - game.items.weapons.Weapon::getClosestTarget@75 (line 127)
  0x000001c6e67f8bfc: 80e5 2407 

  0x000001c6e67f8c00: ;   {runtime_call throw_null_pointer_exception Runtime1 stub}
  0x000001c6e67f8c00: e87b b224 

  0x000001c6e67f8c04: ; ImmutableOopMap {rax=Oop rsi=Oop [40]=Oop [72]=Oop [80]=Oop }
                      ;*invokevirtual getGlobalPosition {reexecute=0 rethrow=0 return_oop=0}
                      ; - game.items.weapons.Weapon::getClosestTarget@86 (line 128)
                      ;   {runtime_call throw_null_pointer_exception Runtime1 stub}
  0x000001c6e67f8c04: 07e8 76b2 

  0x000001c6e67f8c08: ; ImmutableOopMap {rax=Oop rdx=Oop [40]=Oop [72]=Oop [80]=Oop }
                      ;*invokevirtual distanceTo {reexecute=0 rethrow=0 return_oop=0}
                      ; - game.items.weapons.Weapon::getClosestTarget@89 (line 128)
                      ;   {metadata({method} {0x000001c7407125e0} 'getClosestTarget' '()Lgodot/api/Node2D;' in 'game/items/weapons/Weapon')}
  0x000001c6e67f8c08: 2407 49ba | d825 7140 | c701 0000 | 4c89 5424 | 0848 c704 | 246e 0000 

  0x000001c6e67f8c20: ;   {runtime_call counter_overflow Runtime1 stub}
  0x000001c6e67f8c20: 00e8 5a12 

  0x000001c6e67f8c24: ; ImmutableOopMap {rsi=Oop [40]=Oop }
                      ;*goto {reexecute=1 rethrow=0 return_oop=0}
                      ; - (reexecute) game.items.weapons.Weapon::getClosestTarget@110 (line 126)
  0x000001c6e67f8c24: 2507 e92d 

  0x000001c6e67f8c28: ;   {runtime_call throw_null_pointer_exception Runtime1 stub}
  0x000001c6e67f8c28: feff ffe8 

  0x000001c6e67f8c2c: ; ImmutableOopMap {rdx=Oop rbx=Oop [40]=Oop [72]=Oop }
                      ;*invokeinterface size {reexecute=0 rethrow=0 return_oop=0}
                      ; - game.items.weapons.Weapon::getClosestTarget@56 (line 126)
  0x000001c6e67f8c2c: 50b2 2407 

  0x000001c6e67f8c30: ;   {internal_word}
  0x000001c6e67f8c30: 49ba 898b | 7fe6 c601 | 0000 4d89 | 9768 0400 

  0x000001c6e67f8c40: ;   {runtime_call SafepointBlob}
  0x000001c6e67f8c40: 00e9 baca 

  0x000001c6e67f8c44: ;   {internal_word}
  0x000001c6e67f8c44: 1807 49ba | a68b 7fe6 | c601 0000 | 4d89 9768 

  0x000001c6e67f8c54: ;   {runtime_call SafepointBlob}
  0x000001c6e67f8c54: 0400 00e9 | a4ca 1807 | 498b 8700 | 0500 0049 | c787 0005 | 0000 0000 | 0000 49c7 | 8708 0500 
  0x000001c6e67f8c74: 0000 0000 | 0048 83c4 

  0x000001c6e67f8c7c: ;   {runtime_call unwind_exception Runtime1 stub}
  0x000001c6e67f8c7c: 705d e9fd | a224 07f4 | f4f4 f4f4 
[Stub Code]
  0x000001c6e67f8c88: ;   {no_reloc}
  0x000001c6e67f8c88: 0f1f 4400 

  0x000001c6e67f8c8c: ;   {static_stub}
  0x000001c6e67f8c8c: 0048 bb00 | 0000 0000 

  0x000001c6e67f8c94: ;   {runtime_call}
  0x000001c6e67f8c94: 0000 00e9 | fbff ffff 

  0x000001c6e67f8c9c: ;   {static_stub}
  0x000001c6e67f8c9c: 9048 bb00 | 0000 0000 

  0x000001c6e67f8ca4: ;   {runtime_call}
  0x000001c6e67f8ca4: 0000 00e9 | fbff ffff 

  0x000001c6e67f8cac: ;   {static_stub}
  0x000001c6e67f8cac: 9048 bb00 | 0000 0000 

  0x000001c6e67f8cb4: ;   {runtime_call}
  0x000001c6e67f8cb4: 0000 00e9 | fbff ffff 

  0x000001c6e67f8cbc: ;   {static_stub}
  0x000001c6e67f8cbc: 9048 bb00 | 0000 0000 

  0x000001c6e67f8cc4: ;   {runtime_call}
  0x000001c6e67f8cc4: 0000 00e9 | fbff ffff 

  0x000001c6e67f8ccc: ;   {static_stub}
  0x000001c6e67f8ccc: 48bb 0000 | 0000 0000 

  0x000001c6e67f8cd4: ;   {runtime_call}
  0x000001c6e67f8cd4: 0000 e9fb 

  0x000001c6e67f8cd8: ;   {static_stub}
  0x000001c6e67f8cd8: ffff ff48 | bb00 0000 | 0000 0000 

  0x000001c6e67f8ce4: ;   {runtime_call}
  0x000001c6e67f8ce4: 00e9 fbff 

  0x000001c6e67f8ce8: ;   {runtime_call handle_exception_from_callee Runtime1 stub}
  0x000001c6e67f8ce8: ffff e891 

  0x000001c6e67f8cec: ;   {external_word}
  0x000001c6e67f8cec: d924 0748 | b9b0 7866 | d3fe 7f00 | 0048 83e4 

  0x000001c6e67f8cfc: ;   {runtime_call}
  0x000001c6e67f8cfc: f048 b890 | 412e d3fe | 7f00 00ff 

  0x000001c6e67f8d08: ;   {section_word}
  0x000001c6e67f8d08: d0f4 49ba | 0a8d 7fe6 | c601 0000 

  0x000001c6e67f8d14: ;   {runtime_call DeoptimizationBlob}
  0x000001c6e67f8d14: 4152 e985 | bc18 07f4 | f4f4 f4f4 
[/MachCode]


---------------  P R O C E S S  ---------------

Threads class SMR info:
_java_thread_list=0x000001c74643d6a0, length=27, elements={
0x000001c6dd24aff0, 0x000001c6dd72a570, 0x000001c6dd733d30, 0x000001c6dd7a9d10,
0x000001c6dd7aa380, 0x000001c6dd7aae00, 0x000001c6dd7ad890, 0x000001c6dd7b1f10,
0x000001c6dd830460, 0x000001c6ddb86520, 0x000001c6ddbc5e80, 0x000001c7447e1990,
0x000001c745c16980, 0x000001c7450941e0, 0x000001c744e201a0, 0x000001c6d62bc960,
0x000001c6d62ba200, 0x000001c6d62bcff0, 0x000001c6d62bd680, 0x000001c6d62bdd10,
0x000001c6d62ba890, 0x000001c6d62bea30, 0x000001c6d62bf750, 0x000001c6d62c0470,
0x000001c6d62bf0c0, 0x000001c6d62bfde0, 0x000001c6d62be3a0
}

Java Threads: ( => current thread )
=>0x000001c6dd24aff0 JavaThread "main"                              [_thread_in_native, id=21060, stack(0x00000022afe00000,0x00000022b0600000) (8192K)]
  0x000001c6dd72a570 JavaThread "Reference Handler"          daemon [_thread_blocked, id=8544, stack(0x00000022cc600000,0x00000022cce00000) (8192K)]
  0x000001c6dd733d30 JavaThread "Finalizer"                  daemon [_thread_blocked, id=16004, stack(0x00000022cce00000,0x00000022cd600000) (8192K)]
  0x000001c6dd7a9d10 JavaThread "Signal Dispatcher"          daemon [_thread_blocked, id=10388, stack(0x00000022cd600000,0x00000022cde00000) (8192K)]
  0x000001c6dd7aa380 JavaThread "Attach Listener"            daemon [_thread_blocked, id=4132, stack(0x00000022cde00000,0x00000022ce600000) (8192K)]
  0x000001c6dd7aae00 JavaThread "Service Thread"             daemon [_thread_blocked, id=18576, stack(0x00000022ce600000,0x00000022cee00000) (8192K)]
  0x000001c6dd7ad890 JavaThread "Monitor Deflation Thread"   daemon [_thread_blocked, id=15728, stack(0x00000022cee00000,0x00000022cf600000) (8192K)]
  0x000001c6dd7b1f10 JavaThread "C2 CompilerThread0"         daemon [_thread_blocked, id=4024, stack(0x00000022cf600000,0x00000022cfe00000) (8192K)]
  0x000001c6dd830460 JavaThread "C1 CompilerThread0"         daemon [_thread_blocked, id=18268, stack(0x00000022cfe00000,0x00000022d0600000) (8192K)]
  0x000001c6ddb86520 JavaThread "Notification Thread"        daemon [_thread_blocked, id=11248, stack(0x00000022d1600000,0x00000022d1e00000) (8192K)]
  0x000001c6ddbc5e80 JavaThread "Common-Cleaner"             daemon [_thread_blocked, id=25284, stack(0x00000022d1e00000,0x00000022d2600000) (8192K)]
  0x000001c7447e1990 JavaThread "Thread-0"                          [_thread_in_native, id=896, stack(0x00000022b1e00000,0x00000022b2600000) (8192K)]
  0x000001c745c16980 JavaThread "Thread-1"                          [_thread_in_native, id=7764, stack(0x00000022b2600000,0x00000022b2e00000) (8192K)]
  0x000001c7450941e0 JavaThread "Thread-2"                          [_thread_in_native, id=4416, stack(0x00000022b2e00000,0x00000022b3600000) (8192K)]
  0x000001c744e201a0 JavaThread "Thread-3"                          [_thread_in_native, id=9228, stack(0x00000022b3600000,0x00000022b3e00000) (8192K)]
  0x000001c6d62bc960 JavaThread "Thread-4"                          [_thread_in_native, id=6912, stack(0x00000022b4600000,0x00000022b4e00000) (8192K)]
  0x000001c6d62ba200 JavaThread "Thread-5"                          [_thread_in_native, id=16596, stack(0x00000022b3e00000,0x00000022b4600000) (8192K)]
  0x000001c6d62bcff0 JavaThread "Thread-6"                          [_thread_in_native, id=20648, stack(0x00000022b4e00000,0x00000022b5600000) (8192K)]
  0x000001c6d62bd680 JavaThread "Thread-7"                          [_thread_in_native, id=13516, stack(0x00000022b5600000,0x00000022b5e00000) (8192K)]
  0x000001c6d62bdd10 JavaThread "Thread-8"                          [_thread_in_native, id=3660, stack(0x00000022b5e00000,0x00000022b6600000) (8192K)]
  0x000001c6d62ba890 JavaThread "Thread-9"                          [_thread_in_native, id=4624, stack(0x00000022b6600000,0x00000022b6e00000) (8192K)]
  0x000001c6d62bea30 JavaThread "Thread-10"                         [_thread_in_native, id=17216, stack(0x00000022b6e00000,0x00000022b7600000) (8192K)]
  0x000001c6d62bf750 JavaThread "Thread-11"                         [_thread_in_native, id=26540, stack(0x00000022b7600000,0x00000022b7e00000) (8192K)]
  0x000001c6d62c0470 JavaThread "Thread-12"                         [_thread_in_native, id=10288, stack(0x00000022b7e00000,0x00000022b8600000) (8192K)]
  0x000001c6d62bf0c0 JavaThread "Thread-13"                         [_thread_in_native, id=26004, stack(0x00000022b8600000,0x00000022b8e00000) (8192K)]
  0x000001c6d62bfde0 JavaThread "Thread-14"                         [_thread_in_native, id=23508, stack(0x00000022b8e00000,0x00000022b9600000) (8192K)]
  0x000001c6d62be3a0 JavaThread "Thread-15"                         [_thread_in_native, id=2064, stack(0x00000022b9600000,0x00000022b9e00000) (8192K)]
Total: 27

Other Threads:
  0x000001c6dd6b2ef0 VMThread "VM Thread"                           [id=26328, stack(0x00000022cbe00000,0x00000022cc600000) (8192K)]
  0x000001c6d569cd00 WatcherThread "VM Periodic Task Thread"        [id=22080, stack(0x00000022cb600000,0x00000022cbe00000) (8192K)]
  0x000001c6dc75d620 WorkerThread "GC Thread#0"                     [id=23656, stack(0x00000022c8e00000,0x00000022c9600000) (8192K)]
  0x000001c6dd6b3a00 WorkerThread "GC Thread#1"                     [id=9244, stack(0x00000022d2e00000,0x00000022d3600000) (8192K)]
  0x000001c6dd6b3650 WorkerThread "GC Thread#2"                     [id=22980, stack(0x00000022d3600000,0x00000022d3e00000) (8192K)]
  0x000001c6dd6b3db0 WorkerThread "GC Thread#3"                     [id=18440, stack(0x00000022d3e00000,0x00000022d4600000) (8192K)]
  0x000001c743545a40 WorkerThread "GC Thread#4"                     [id=8044, stack(0x00000022d4600000,0x00000022d4e00000) (8192K)]
  0x000001c743544420 WorkerThread "GC Thread#5"                     [id=5964, stack(0x00000022d4e00000,0x00000022d5600000) (8192K)]
  0x000001c743546cb0 WorkerThread "GC Thread#6"                     [id=21636, stack(0x00000022d2600000,0x00000022d2e00000) (8192K)]
  0x000001c743543cc0 WorkerThread "GC Thread#7"                     [id=6736, stack(0x00000022d5600000,0x00000022d5e00000) (8192K)]
  0x000001c7435452e0 WorkerThread "GC Thread#8"                     [id=24792, stack(0x00000022d5e00000,0x00000022d6600000) (8192K)]
  0x000001c743545690 WorkerThread "GC Thread#9"                     [id=18968, stack(0x00000022d6600000,0x00000022d6e00000) (8192K)]
  0x000001c7435431b0 WorkerThread "GC Thread#10"                    [id=24900, stack(0x00000022d6e00000,0x00000022d7600000) (8192K)]
  0x000001c743543910 WorkerThread "GC Thread#11"                    [id=26316, stack(0x00000022d7600000,0x00000022d7e00000) (8192K)]
  0x000001c743544070 WorkerThread "GC Thread#12"                    [id=3668, stack(0x00000022d7e00000,0x00000022d8600000) (8192K)]
  0x000001c6d6103740 ConcurrentGCThread "G1 Main Marker"            [id=5788, stack(0x00000022c9600000,0x00000022c9e00000) (8192K)]
  0x000001c6dd2b5f90 WorkerThread "G1 Conc#0"                       [id=23588, stack(0x00000022c9e00000,0x00000022ca600000) (8192K)]
  0x000001c743543560 WorkerThread "G1 Conc#1"                       [id=16468, stack(0x00000022d8600000,0x00000022d8e00000) (8192K)]
  0x000001c743cbaa00 WorkerThread "G1 Conc#2"                       [id=24904, stack(0x00000022d8e00000,0x00000022d9600000) (8192K)]
  0x000001c6db9daac0 ConcurrentGCThread "G1 Refine#0"               [id=9788, stack(0x00000022ca600000,0x00000022cae00000) (8192K)]
  0x000001c6d6306900 ConcurrentGCThread "G1 Service"                [id=5424, stack(0x00000022cae00000,0x00000022cb600000) (8192K)]
Total: 21

Threads with active compile tasks:
Total: 0

VM state: not at safepoint (normal execution)

VM Mutex/Monitor currently owned by a thread: None

Heap address: 0x0000000704a00000, size: 4022 MB, Compressed Oops mode: Zero based, Oop shift amount: 3

CDS archive(s) mapped at: [0x000001c6fe000000-0x000001c6fec90000-0x000001c6fec90000), size 13172736, SharedBaseAddress: 0x000001c6fe000000, ArchiveRelocationMode: 1.
Compressed class space mapped at: 0x000001c6ff000000-0x000001c73f000000, reserved size: 1073741824
Narrow klass base: 0x000001c6fe000000, Narrow klass shift: 0, Narrow klass range: 0x100000000

GC Precious Log:
 CardTable entry size: 512
 Card Set container configuration: InlinePtr #cards 4 size 8 Array Of Cards #cards 16 size 48 Howl #buckets 8 coarsen threshold 3686 Howl Bitmap #cards 512 size 80 coarsen threshold 460 Card regions per heap region 1 cards per card region 4096
 CPUs: 16 total, 16 available
 Memory: 16087M
 Large Page Support: Disabled
 NUMA Support: Disabled
 Compressed Oops: Enabled (Zero based)
 Heap Region Size: 2M
 Heap Min Capacity: 8M
 Heap Initial Capacity: 252M
 Heap Max Capacity: 4022M
 Pre-touch: Disabled
 Parallel Workers: 13
 Concurrent Workers: 3
 Concurrent Refinement Workers: 13
 Periodic GC: Disabled

Heap:
 garbage-first heap   total 34816K, used 10860K [0x0000000704a00000, 0x0000000800000000)
  region size 2048K, 5 young (10240K), 2 survivors (4096K)
 Metaspace       used 25892K, committed 26048K, reserved 1114112K
  class space    used 2611K, committed 2688K, reserved 1048576K

Heap Regions: E=young(eden), S=young(survivor), O=old, HS=humongous(starts), HC=humongous(continues), CS=collection set, F=free, TAMS=top-at-mark-start, PB=parsable bottom
|   0|0x0000000704a00000, 0x0000000704c00000, 0x0000000704c00000|100%| O|  |TAMS 0x0000000704a00000| PB 0x0000000704a00000| Untracked 
|   1|0x0000000704c00000, 0x0000000704e00000, 0x0000000704e00000|100%| O|  |TAMS 0x0000000704c00000| PB 0x0000000704c00000| Untracked 
|   2|0x0000000704e00000, 0x0000000704e6b010, 0x0000000705000000| 20%| O|  |TAMS 0x0000000704e00000| PB 0x0000000704e00000| Untracked 
|   3|0x0000000705000000, 0x0000000705000000, 0x0000000705200000|  0%| F|  |TAMS 0x0000000705000000| PB 0x0000000705000000| Untracked 
|   4|0x0000000705200000, 0x0000000705200000, 0x0000000705400000|  0%| F|  |TAMS 0x0000000705200000| PB 0x0000000705200000| Untracked 
|   5|0x0000000705400000, 0x0000000705430030, 0x0000000705600000|  9%| S|CS|TAMS 0x0000000705400000| PB 0x0000000705400000| Complete 
|   6|0x0000000705600000, 0x0000000705800000, 0x0000000705800000|100%| S|CS|TAMS 0x0000000705600000| PB 0x0000000705600000| Complete 
|   7|0x0000000705800000, 0x0000000705800000, 0x0000000705a00000|  0%| F|  |TAMS 0x0000000705800000| PB 0x0000000705800000| Untracked 
|   8|0x0000000705a00000, 0x0000000705a00000, 0x0000000705c00000|  0%| F|  |TAMS 0x0000000705a00000| PB 0x0000000705a00000| Untracked 
|   9|0x0000000705c00000, 0x0000000705c00000, 0x0000000705e00000|  0%| F|  |TAMS 0x0000000705c00000| PB 0x0000000705c00000| Untracked 
|  10|0x0000000705e00000, 0x0000000705e00000, 0x0000000706000000|  0%| F|  |TAMS 0x0000000705e00000| PB 0x0000000705e00000| Untracked 
|  11|0x0000000706000000, 0x0000000706000000, 0x0000000706200000|  0%| F|  |TAMS 0x0000000706000000| PB 0x0000000706000000| Untracked 
|  12|0x0000000706200000, 0x0000000706200000, 0x0000000706400000|  0%| F|  |TAMS 0x0000000706200000| PB 0x0000000706200000| Untracked 
| 121|0x0000000713c00000, 0x0000000713c00000, 0x0000000713e00000|  0%| F|  |TAMS 0x0000000713c00000| PB 0x0000000713c00000| Untracked 
| 122|0x0000000713e00000, 0x0000000713fd4468, 0x0000000714000000| 91%| E|  |TAMS 0x0000000713e00000| PB 0x0000000713e00000| Complete 
| 123|0x0000000714000000, 0x0000000714200000, 0x0000000714200000|100%| E|CS|TAMS 0x0000000714000000| PB 0x0000000714000000| Complete 
| 125|0x0000000714400000, 0x0000000714600000, 0x0000000714600000|100%| E|CS|TAMS 0x0000000714400000| PB 0x0000000714400000| Complete 

Card table byte_map: [0x000001c6f6430000,0x000001c6f6c10000] _byte_map_base: 0x000001c6f2c0b000

Marking Bits: (CMBitMap*) 0x000001c6dd29ac40
 Bits: [0x000001c6f6c10000, 0x000001c6faae8000)

Polling page: 0x000001c6d6bf0000

Metaspace:

Usage:
  Non-class:     22.74 MB used.
      Class:      2.55 MB used.
       Both:     25.29 MB used.

Virtual space:
  Non-class space:       64.00 MB reserved,      22.81 MB ( 36%) committed,  1 nodes.
      Class space:        1.00 GB reserved,       2.62 MB ( <1%) committed,  1 nodes.
             Both:        1.06 GB reserved,      25.44 MB (  2%) committed. 

Chunk freelists:
   Non-Class:  6.60 MB
       Class:  13.22 MB
        Both:  19.82 MB

MaxMetaspaceSize: unlimited
CompressedClassSpaceSize: 1.00 GB
Initial GC threshold: 21.00 MB
Current GC threshold: 35.12 MB
CDS: on
 - commit_granule_bytes: 65536.
 - commit_granule_words: 8192.
 - virtual_space_node_default_size: 8388608.
 - enlarge_chunks_in_place: 1.
 - use_allocation_guard: 0.


Internal statistics:

num_allocs_failed_limit: 3.
num_arena_births: 124.
num_arena_deaths: 0.
num_vsnodes_births: 2.
num_vsnodes_deaths: 0.
num_space_committed: 406.
num_space_uncommitted: 0.
num_chunks_returned_to_freelist: 3.
num_chunks_taken_from_freelist: 976.
num_chunk_merges: 3.
num_chunk_splits: 849.
num_chunks_enlarged: 744.
num_inconsistent_stats: 0.

CodeHeap 'non-profiled nmethods': size=119168Kb used=1145Kb max_used=1145Kb free=118022Kb
 bounds [0x000001c6ee080000, 0x000001c6ee2f0000, 0x000001c6f54e0000]
CodeHeap 'profiled nmethods': size=119104Kb used=3782Kb max_used=3782Kb free=115321Kb
 bounds [0x000001c6e64e0000, 0x000001c6e68a0000, 0x000001c6ed930000]
CodeHeap 'non-nmethods': size=7488Kb used=1589Kb max_used=3294Kb free=5898Kb
 bounds [0x000001c6ed930000, 0x000001c6edc70000, 0x000001c6ee080000]
 total_blobs=2558 nmethods=1913 adapters=550
 compilation: enabled
              stopped_count=0, restarted_count=0
 full_count=0

Compilation events (20 events):
Event: 23.808 Thread 0x000001c6dd830460 1904       3       jdk.internal.math.FloatToDecimal::<init> (13 bytes)
Event: 23.808 Thread 0x000001c6dd830460 nmethod 1904 0x000001c6e6890990 code [0x000001c6e6890b40, 0x000001c6e6890db0]
Event: 23.808 Thread 0x000001c6dd830460 1905       3       jdk.internal.math.FloatToDecimal::toDecimalString (70 bytes)
Event: 23.809 Thread 0x000001c6dd830460 nmethod 1905 0x000001c6e6890e90 code [0x000001c6e6891060, 0x000001c6e6891340]
Event: 23.923 Thread 0x000001c6dd7b1f10 1906       4       godot.api.AnimationPlayer::play (100 bytes)
Event: 23.943 Thread 0x000001c6dd7b1f10 nmethod 1906 0x000001c6ee18e310 code [0x000001c6ee18e580, 0x000001c6ee18f2e8]
Event: 23.958 Thread 0x000001c6dd7b1f10 1907       4       game.entity.Player::_process (164 bytes)
Event: 23.990 Thread 0x000001c6dd830460 1908       3       godot.api.Timer::start (8 bytes)
Event: 23.991 Thread 0x000001c6dd830460 nmethod 1908 0x000001c6e6891410 code [0x000001c6e68915e0, 0x000001c6e68917a0]
Event: 24.102 Thread 0x000001c6dd7b1f10 nmethod 1907 0x000001c6ee18fd10 code [0x000001c6ee190680, 0x000001c6ee195680]
Event: 24.102 Thread 0x000001c6dd7b1f10 1909       4       java.lang.AbstractStringBuilder::append (67 bytes)
Event: 24.109 Thread 0x000001c6dd7b1f10 nmethod 1909 0x000001c6ee199890 code [0x000001c6ee199a60, 0x000001c6ee19a2d0]
Event: 24.131 Thread 0x000001c6dd7b1f10 1910       4       java.io.StringWriter::write (14 bytes)
Event: 24.138 Thread 0x000001c6dd7b1f10 nmethod 1910 0x000001c6ee19a790 code [0x000001c6ee19a980, 0x000001c6ee19b540]
Event: 24.138 Thread 0x000001c6dd7b1f10 1911   !   4       java.io.PrintWriter::implNewLine (48 bytes)
Event: 24.146 Thread 0x000001c6dd7b1f10 nmethod 1911 0x000001c6ee19ba90 code [0x000001c6ee19bca0, 0x000001c6ee19c940]
Event: 24.164 Thread 0x000001c6dd7b1f10 1912       4       java.lang.Integer::stringSize (47 bytes)
Event: 24.165 Thread 0x000001c6dd7b1f10 nmethod 1912 0x000001c6ee19cf10 code [0x000001c6ee19d0a0, 0x000001c6ee19d198]
Event: 24.214 Thread 0x000001c6dd7b1f10 1913       4       java.lang.AbstractStringBuilder::append (55 bytes)
Event: 24.227 Thread 0x000001c6dd7b1f10 nmethod 1913 0x000001c6ee19d290 code [0x000001c6ee19d480, 0x000001c6ee19df98]

GC Heap History (14 events):
Event: 0.409 GC heap before
{Heap before GC invocations=0 (full 0):
 garbage-first heap   total 258048K, used 20480K [0x0000000704a00000, 0x0000000800000000)
  region size 2048K, 11 young (22528K), 0 survivors (0K)
 Metaspace       used 6645K, committed 6784K, reserved 1114112K
  class space    used 387K, committed 448K, reserved 1048576K
}
Event: 0.412 GC heap after
{Heap after GC invocations=1 (full 0):
 garbage-first heap   total 258048K, used 2325K [0x0000000704a00000, 0x0000000800000000)
  region size 2048K, 2 young (4096K), 2 survivors (4096K)
 Metaspace       used 6645K, committed 6784K, reserved 1114112K
  class space    used 387K, committed 448K, reserved 1048576K
}
Event: 1.096 GC heap before
{Heap before GC invocations=1 (full 0):
 garbage-first heap   total 258048K, used 41237K [0x0000000704a00000, 0x0000000800000000)
  region size 2048K, 22 young (45056K), 2 survivors (4096K)
 Metaspace       used 20384K, committed 20544K, reserved 1114112K
  class space    used 1934K, committed 1984K, reserved 1048576K
}
Event: 1.101 GC heap after
{Heap after GC invocations=2 (full 0):
 garbage-first heap   total 258048K, used 4487K [0x0000000704a00000, 0x0000000800000000)
  region size 2048K, 3 young (6144K), 3 survivors (6144K)
 Metaspace       used 20384K, committed 20544K, reserved 1114112K
  class space    used 1934K, committed 1984K, reserved 1048576K
}
Event: 1.175 GC heap before
{Heap before GC invocations=2 (full 0):
 garbage-first heap   total 258048K, used 6535K [0x0000000704a00000, 0x0000000800000000)
  region size 2048K, 5 young (10240K), 3 survivors (6144K)
 Metaspace       used 21391K, committed 21504K, reserved 1114112K
  class space    used 1990K, committed 2048K, reserved 1048576K
}
Event: 1.180 GC heap after
{Heap after GC invocations=3 (full 0):
 garbage-first heap   total 258048K, used 5114K [0x0000000704a00000, 0x0000000800000000)
  region size 2048K, 3 young (6144K), 3 survivors (6144K)
 Metaspace       used 21391K, committed 21504K, reserved 1114112K
  class space    used 1990K, committed 2048K, reserved 1048576K
}
Event: 1.664 GC heap before
{Heap before GC invocations=4 (full 0):
 garbage-first heap   total 28672K, used 27642K [0x0000000704a00000, 0x0000000800000000)
  region size 2048K, 14 young (28672K), 3 survivors (6144K)
 Metaspace       used 24926K, committed 25088K, reserved 1114112K
  class space    used 2556K, committed 2624K, reserved 1048576K
}
Event: 1.671 GC heap after
{Heap after GC invocations=5 (full 0):
 garbage-first heap   total 34816K, used 6141K [0x0000000704a00000, 0x0000000800000000)
  region size 2048K, 3 young (6144K), 3 survivors (6144K)
 Metaspace       used 24926K, committed 25088K, reserved 1114112K
  class space    used 2556K, committed 2624K, reserved 1048576K
}
Event: 8.235 GC heap before
{Heap before GC invocations=5 (full 0):
 garbage-first heap   total 34816K, used 20477K [0x0000000704a00000, 0x0000000800000000)
  region size 2048K, 10 young (20480K), 3 survivors (6144K)
 Metaspace       used 25743K, committed 25920K, reserved 1114112K
  class space    used 2609K, committed 2688K, reserved 1048576K
}
Event: 8.241 GC heap after
{Heap after GC invocations=6 (full 0):
 garbage-first heap   total 34816K, used 6413K [0x0000000704a00000, 0x0000000800000000)
  region size 2048K, 2 young (4096K), 2 survivors (4096K)
 Metaspace       used 25743K, committed 25920K, reserved 1114112K
  class space    used 2609K, committed 2688K, reserved 1048576K
}
Event: 16.623 GC heap before
{Heap before GC invocations=6 (full 0):
 garbage-first heap   total 34816K, used 22797K [0x0000000704a00000, 0x0000000800000000)
  region size 2048K, 10 young (20480K), 2 survivors (4096K)
 Metaspace       used 25812K, committed 26048K, reserved 1114112K
  class space    used 2611K, committed 2688K, reserved 1048576K
}
Event: 16.629 GC heap after
{Heap after GC invocations=7 (full 0):
 garbage-first heap   total 34816K, used 6623K [0x0000000704a00000, 0x0000000800000000)
  region size 2048K, 2 young (4096K), 2 survivors (4096K)
 Metaspace       used 25812K, committed 26048K, reserved 1114112K
  class space    used 2611K, committed 2688K, reserved 1048576K
}
Event: 22.754 GC heap before
{Heap before GC invocations=7 (full 0):
 garbage-first heap   total 34816K, used 23007K [0x0000000704a00000, 0x0000000800000000)
  region size 2048K, 10 young (20480K), 2 survivors (4096K)
 Metaspace       used 25888K, committed 26048K, reserved 1114112K
  class space    used 2611K, committed 2688K, reserved 1048576K
}
Event: 22.759 GC heap after
{Heap after GC invocations=8 (full 0):
 garbage-first heap   total 34816K, used 6764K [0x0000000704a00000, 0x0000000800000000)
  region size 2048K, 2 young (4096K), 2 survivors (4096K)
 Metaspace       used 25888K, committed 26048K, reserved 1114112K
  class space    used 2611K, committed 2688K, reserved 1048576K
}

Dll operation events (6 events):
Event: 0.006 Loaded shared library C:\Program Files\Java\jdk-21\bin\java.dll
Event: 0.035 Loaded shared library C:\Program Files\Java\jdk-21\bin\jsvml.dll
Event: 0.056 Loaded shared library C:\Program Files\Java\jdk-21\bin\net.dll
Event: 0.057 Loaded shared library C:\Program Files\Java\jdk-21\bin\nio.dll
Event: 0.067 Loaded shared library C:\Program Files\Java\jdk-21\bin\zip.dll
Event: 0.192 Loaded shared library C:\Program Files\Java\jdk-21\bin\jimage.dll

Deoptimization events (20 events):
Event: 15.166 Thread 0x000001c6dd24aff0 DEOPT PACKING pc=0x000001c6ee1327a0 sp=0x00000022b05fd1f0
Event: 15.166 Thread 0x000001c6dd24aff0 DEOPT UNPACKING pc=0x000001c6ed9846a2 sp=0x00000022b05fcd78 mode 2
Event: 15.166 Thread 0x000001c6dd24aff0 Uncommon trap: trap_request=0xffffff45 fr.pc=0x000001c6ee11d628 relative=0x0000000000000148
Event: 15.166 Thread 0x000001c6dd24aff0 Uncommon trap: reason=unstable_if action=reinterpret pc=0x000001c6ee11d628 method=godot.common.interop.ObjectID.equals-impl(JLjava/lang/Object;)Z @ 20 c2
Event: 15.166 Thread 0x000001c6dd24aff0 DEOPT PACKING pc=0x000001c6ee11d628 sp=0x00000022b05fcf20
Event: 15.166 Thread 0x000001c6dd24aff0 DEOPT UNPACKING pc=0x000001c6ed9846a2 sp=0x00000022b05fcda8 mode 2
Event: 15.166 Thread 0x000001c6dd24aff0 Uncommon trap: trap_request=0xffffff45 fr.pc=0x000001c6ee14fda8 relative=0x0000000000000088
Event: 15.166 Thread 0x000001c6dd24aff0 Uncommon trap: reason=unstable_if action=reinterpret pc=0x000001c6ee14fda8 method=godot.common.interop.ObjectID.equals-impl(JLjava/lang/Object;)Z @ 20 c2
Event: 15.166 Thread 0x000001c6dd24aff0 DEOPT PACKING pc=0x000001c6ee14fda8 sp=0x00000022b05fce10
Event: 15.166 Thread 0x000001c6dd24aff0 DEOPT UNPACKING pc=0x000001c6ed9846a2 sp=0x00000022b05fcd20 mode 2
Event: 15.166 Thread 0x000001c6dd24aff0 Uncommon trap: trap_request=0xffffff45 fr.pc=0x000001c6ee1368b4 relative=0x0000000000000334
Event: 15.166 Thread 0x000001c6dd24aff0 Uncommon trap: reason=unstable_if action=reinterpret pc=0x000001c6ee1368b4 method=godot.common.interop.ObjectID.equals-impl(JLjava/lang/Object;)Z @ 20 c2
Event: 15.166 Thread 0x000001c6dd24aff0 DEOPT PACKING pc=0x000001c6ee1368b4 sp=0x00000022b05fd0b0
Event: 15.166 Thread 0x000001c6dd24aff0 DEOPT UNPACKING pc=0x000001c6ed9846a2 sp=0x00000022b05fcdf0 mode 2
Event: 15.415 Thread 0x000001c6dd24aff0 Uncommon trap: trap_request=0xffffffad fr.pc=0x000001c6ee114308 relative=0x0000000000001448
Event: 15.415 Thread 0x000001c6dd24aff0 Uncommon trap: reason=uninitialized action=reinterpret pc=0x000001c6ee114308 method=godot.core.KtFunction.invoke(Lgodot/core/KtObject;)V @ 63 c2
Event: 15.415 Thread 0x000001c6dd24aff0 DEOPT PACKING pc=0x000001c6ee114308 sp=0x00000022b05fec90
Event: 15.415 Thread 0x000001c6dd24aff0 DEOPT UNPACKING pc=0x000001c6ed9846a2 sp=0x00000022b05fec60 mode 2
Event: 18.082 Thread 0x000001c6dd24aff0 DEOPT PACKING pc=0x000001c6e6800568 sp=0x00000022b05fe740
Event: 18.082 Thread 0x000001c6dd24aff0 DEOPT UNPACKING pc=0x000001c6ed984e42 sp=0x00000022b05fdcf0 mode 0

Classes loaded (20 events):
Event: 1.654 Loading class java/lang/Thread$ThreadNumbering
Event: 1.654 Loading class java/lang/Thread$ThreadNumbering done
Event: 1.672 Loading class java/util/LinkedList
Event: 1.672 Loading class java/util/AbstractSequentialList
Event: 1.673 Loading class java/util/AbstractSequentialList done
Event: 1.673 Loading class java/util/LinkedList done
Event: 1.691 Loading class java/lang/invoke/MethodHandle$1
Event: 1.691 Loading class java/lang/invoke/MethodHandle$1 done
Event: 1.815 Loading class java/util/ArrayList$SubList$1
Event: 1.815 Loading class java/util/ArrayList$SubList$1 done
Event: 2.182 Loading class java/lang/FdLibm$Atan2
Event: 2.182 Loading class java/lang/FdLibm$Atan2 done
Event: 2.182 Loading class java/lang/FdLibm
Event: 2.182 Loading class java/lang/FdLibm done
Event: 2.182 Loading class java/lang/FdLibm$Atan
Event: 2.182 Loading class java/lang/FdLibm$Atan done
Event: 2.452 Loading class java/util/LinkedList$Node
Event: 2.452 Loading class java/util/LinkedList$Node done
Event: 2.452 Loading class java/util/LinkedList$ListItr
Event: 2.452 Loading class java/util/LinkedList$ListItr done

Classes unloaded (0 events):
No events

Classes redefined (0 events):
No events

Internal exceptions (20 events):
Event: 24.256 Thread 0x000001c6dd24aff0 Implicit null exception at 0x000001c6e6854244 to 0x000001c6e6858b07
Event: 24.256 Thread 0x000001c6dd24aff0 Exception <a 'java/lang/NullPointerException'{0x0000000713fac840}> (0x0000000713fac840) 
thrown [s\open\src\hotspot\share\runtime\sharedRuntime.cpp, line 625]
Event: 24.256 Thread 0x000001c6dd24aff0 Implicit null exception at 0x000001c6e6854244 to 0x000001c6e6858b07
Event: 24.256 Thread 0x000001c6dd24aff0 Exception <a 'java/lang/NullPointerException'{0x0000000713faea08}> (0x0000000713faea08) 
thrown [s\open\src\hotspot\share\runtime\sharedRuntime.cpp, line 625]
Event: 24.256 Thread 0x000001c6dd24aff0 Implicit null exception at 0x000001c6e6854244 to 0x000001c6e6858b07
Event: 24.256 Thread 0x000001c6dd24aff0 Exception <a 'java/lang/NullPointerException'{0x0000000713fb0bd0}> (0x0000000713fb0bd0) 
thrown [s\open\src\hotspot\share\runtime\sharedRuntime.cpp, line 625]
Event: 24.257 Thread 0x000001c6dd24aff0 Implicit null exception at 0x000001c6e6854244 to 0x000001c6e6858b07
Event: 24.257 Thread 0x000001c6dd24aff0 Exception <a 'java/lang/NullPointerException'{0x0000000713fb2d98}> (0x0000000713fb2d98) 
thrown [s\open\src\hotspot\share\runtime\sharedRuntime.cpp, line 625]
Event: 24.264 Thread 0x000001c6dd24aff0 Implicit null exception at 0x000001c6e6854244 to 0x000001c6e6858b07
Event: 24.264 Thread 0x000001c6dd24aff0 Exception <a 'java/lang/NullPointerException'{0x0000000713fb5f90}> (0x0000000713fb5f90) 
thrown [s\open\src\hotspot\share\runtime\sharedRuntime.cpp, line 625]
Event: 24.264 Thread 0x000001c6dd24aff0 Implicit null exception at 0x000001c6e6854244 to 0x000001c6e6858b07
Event: 24.264 Thread 0x000001c6dd24aff0 Exception <a 'java/lang/NullPointerException'{0x0000000713fb8158}> (0x0000000713fb8158) 
thrown [s\open\src\hotspot\share\runtime\sharedRuntime.cpp, line 625]
Event: 24.264 Thread 0x000001c6dd24aff0 Implicit null exception at 0x000001c6e6854244 to 0x000001c6e6858b07
Event: 24.264 Thread 0x000001c6dd24aff0 Exception <a 'java/lang/NullPointerException'{0x0000000713fba320}> (0x0000000713fba320) 
thrown [s\open\src\hotspot\share\runtime\sharedRuntime.cpp, line 625]
Event: 24.264 Thread 0x000001c6dd24aff0 Implicit null exception at 0x000001c6e6854244 to 0x000001c6e6858b07
Event: 24.264 Thread 0x000001c6dd24aff0 Exception <a 'java/lang/NullPointerException'{0x0000000713fbc4e8}> (0x0000000713fbc4e8) 
thrown [s\open\src\hotspot\share\runtime\sharedRuntime.cpp, line 625]
Event: 24.264 Thread 0x000001c6dd24aff0 Implicit null exception at 0x000001c6e6854244 to 0x000001c6e6858b07
Event: 24.264 Thread 0x000001c6dd24aff0 Exception <a 'java/lang/NullPointerException'{0x0000000713fbe6b0}> (0x0000000713fbe6b0) 
thrown [s\open\src\hotspot\share\runtime\sharedRuntime.cpp, line 625]
Event: 24.276 Thread 0x000001c6dd24aff0 Implicit null exception at 0x000001c6e6854244 to 0x000001c6e6858b07
Event: 24.276 Thread 0x000001c6dd24aff0 Exception <a 'java/lang/NullPointerException'{0x0000000713fc9e88}> (0x0000000713fc9e88) 
thrown [s\open\src\hotspot\share\runtime\sharedRuntime.cpp, line 625]

ZGC Phase Switch (0 events):
No events

VM Operations (20 events):
Event: 12.243 Executing VM operation: Cleanup
Event: 12.243 Executing VM operation: Cleanup done
Event: 13.244 Executing VM operation: Cleanup
Event: 13.244 Executing VM operation: Cleanup done
Event: 14.245 Executing VM operation: Cleanup
Event: 14.245 Executing VM operation: Cleanup done
Event: 15.245 Executing VM operation: Cleanup
Event: 15.245 Executing VM operation: Cleanup done
Event: 16.245 Executing VM operation: Cleanup
Event: 16.245 Executing VM operation: Cleanup done
Event: 16.623 Executing VM operation: G1CollectForAllocation (G1 Evacuation Pause)
Event: 16.629 Executing VM operation: G1CollectForAllocation (G1 Evacuation Pause) done
Event: 17.629 Executing VM operation: Cleanup
Event: 17.629 Executing VM operation: Cleanup done
Event: 19.630 Executing VM operation: Cleanup
Event: 19.630 Executing VM operation: Cleanup done
Event: 22.632 Executing VM operation: Cleanup
Event: 22.632 Executing VM operation: Cleanup done
Event: 22.754 Executing VM operation: G1CollectForAllocation (G1 Evacuation Pause)
Event: 22.759 Executing VM operation: G1CollectForAllocation (G1 Evacuation Pause) done

Events (20 events):
Event: 1.660 Thread 0x000001c6d62c0470 Thread added: 0x000001c6d62c0470
Event: 1.663 Thread 0x000001c6d62bf0c0 Thread added: 0x000001c6d62bf0c0
Event: 1.663 Thread 0x000001c6d62bfde0 Thread added: 0x000001c6d62bfde0
Event: 1.664 Thread 0x000001c6d62be3a0 Thread added: 0x000001c6d62be3a0
Event: 5.768 Thread 0x000001c6ddafa750 Thread exited: 0x000001c6ddafa750
Event: 5.769 Thread 0x000001c6ddaf6090 Thread exited: 0x000001c6ddaf6090
Event: 8.242 Thread 0x000001c6c9c01cc0 Thread added: 0x000001c6c9c01cc0
Event: 9.140 Thread 0x000001c6c9c01cc0 Thread exited: 0x000001c6c9c01cc0
Event: 15.399 Thread 0x000001c6c9c01cc0 Thread added: 0x000001c6c9c01cc0
Event: 15.540 Thread 0x000001c6c9c01cc0 Thread exited: 0x000001c6c9c01cc0
Event: 16.631 Thread 0x000001c6c9c01cc0 Thread added: 0x000001c6c9c01cc0
Event: 16.631 Thread 0x000001c744bb0540 Thread added: 0x000001c744bb0540
Event: 16.808 Thread 0x000001c744bb0540 Thread exited: 0x000001c744bb0540
Event: 16.974 Thread 0x000001c6c9c01cc0 Thread exited: 0x000001c6c9c01cc0
Event: 18.526 Thread 0x000001c6c9c01cc0 Thread added: 0x000001c6c9c01cc0
Event: 18.526 Thread 0x000001c7458003d0 Thread added: 0x000001c7458003d0
Event: 18.526 Thread 0x000001c7457fef60 Thread added: 0x000001c7457fef60
Event: 19.492 Thread 0x000001c7457fef60 Thread exited: 0x000001c7457fef60
Event: 19.532 Thread 0x000001c7458003d0 Thread exited: 0x000001c7458003d0
Event: 21.649 Thread 0x000001c6c9c01cc0 Thread exited: 0x000001c6c9c01cc0


Dynamic libraries:
0x00007ff728ca0000 - 0x00007ff7322aa000 	D:\Godot\godot.windows.editor.x86_64.jvm.0.14.3.exe
0x00007fffb2780000 - 0x00007fffb29e6000 	C:\WINDOWS\SYSTEM32\ntdll.dll
0x00007fffb1130000 - 0x00007fffb11f9000 	C:\WINDOWS\System32\KERNEL32.DLL
0x00007fffafb50000 - 0x00007fffaff50000 	C:\WINDOWS\System32\KERNELBASE.dll
0x00007fffb13e0000 - 0x00007fffb157a000 	C:\WINDOWS\System32\ole32.dll
0x00007fffb02c0000 - 0x00007fffb0363000 	C:\WINDOWS\System32\msvcp_win.dll
0x00007fffb0170000 - 0x00007fffb02bc000 	C:\WINDOWS\System32\ucrtbase.dll
0x00007fffb2560000 - 0x00007fffb258b000 	C:\WINDOWS\System32\GDI32.dll
0x00007fffaf9f0000 - 0x00007fffafa17000 	C:\WINDOWS\System32\win32u.dll
0x00007fffafa20000 - 0x00007fffafb4a000 	C:\WINDOWS\System32\gdi32full.dll
0x00007fffb1f00000 - 0x00007fffb20c7000 	C:\WINDOWS\System32\USER32.dll
0x00007fffb0640000 - 0x00007fffb09c3000 	C:\WINDOWS\System32\combase.dll
0x00007fffb1580000 - 0x00007fffb1698000 	C:\WINDOWS\System32\RPCRT4.dll
0x00007fffb1300000 - 0x00007fffb13d9000 	C:\WINDOWS\System32\OLEAUT32.dll
0x00007fffb10c0000 - 0x00007fffb1127000 	C:\WINDOWS\System32\SHLWAPI.dll
0x00007fffb0530000 - 0x00007fffb062a000 	C:\WINDOWS\System32\shcore.dll
0x00007fffb1760000 - 0x00007fffb1ef2000 	C:\WINDOWS\System32\SHELL32.dll
0x00007fffb2590000 - 0x00007fffb2647000 	C:\WINDOWS\System32\ADVAPI32.dll
0x00007fffb2650000 - 0x00007fffb26f9000 	C:\WINDOWS\System32\msvcrt.dll
0x00007fffb0a30000 - 0x00007fffb0ada000 	C:\WINDOWS\System32\sechost.dll
0x00007fffb0d90000 - 0x00007fffb0dc2000 	C:\WINDOWS\System32\IMM32.dll
0x00007fffaff60000 - 0x00007fffb00d8000 	C:\WINDOWS\System32\CRYPT32.dll
0x00007fffb16d0000 - 0x00007fffb1751000 	C:\WINDOWS\System32\WS2_32.dll
0x00007fffa0ca0000 - 0x00007fffa0cd6000 	C:\WINDOWS\SYSTEM32\WINMM.dll
0x00007fffaf8e0000 - 0x00007fffaf90a000 	C:\WINDOWS\SYSTEM32\bcrypt.dll
0x00007fffa9440000 - 0x00007fffa944b000 	C:\WINDOWS\SYSTEM32\AVRT.dll
0x00007fffabd30000 - 0x00007fffabd5f000 	C:\WINDOWS\SYSTEM32\dwmapi.dll
0x00007fffa7dc0000 - 0x00007fffa8028000 	C:\WINDOWS\SYSTEM32\DWrite.dll
0x00007fffaf2a0000 - 0x00007fffaf4e2000 	C:\WINDOWS\SYSTEM32\dbghelp.dll
0x00007fffad8e0000 - 0x00007fffad913000 	C:\WINDOWS\SYSTEM32\IPHLPAPI.DLL
0x00007fff00ea0000 - 0x00007fff00eaa000 	C:\WINDOWS\SYSTEM32\WSOCK32.dll
0x00007fffb0430000 - 0x00007fffb04dc000 	C:\WINDOWS\System32\bcryptPrimitives.dll
0x00007fffade90000 - 0x00007fffadeab000 	C:\WINDOWS\SYSTEM32\kernel.appcore.dll
0x00007fffab990000 - 0x00007fffaba39000 	C:\WINDOWS\system32\uxtheme.dll
0x00007fffae440000 - 0x00007fffae4ac000 	C:\WINDOWS\system32\mswsock.dll
0x00007fff215f0000 - 0x00007fff21774000 	C:\WINDOWS\SYSTEM32\vulkan-1.dll
0x00007fffaf670000 - 0x00007fffaf6c1000 	C:\WINDOWS\SYSTEM32\CFGMGR32.dll
0x00007fffabae0000 - 0x00007fffabc1a000 	C:\WINDOWS\system32\dxgi.dll
0x00007fffaf230000 - 0x00007fffaf28e000 	C:\WINDOWS\SYSTEM32\powrprof.dll
0x00007fffaf100000 - 0x00007fffaf114000 	C:\WINDOWS\SYSTEM32\UMPDC.dll
0x00007fff8b470000 - 0x00007fff8b48d000 	C:\WINDOWS\SYSTEM32\windows.staterepositorycore.dll
0x00007fffabfd0000 - 0x00007fffac014000 	C:\WINDOWS\SYSTEM32\dxcore.dll
0x00007fffa3a80000 - 0x00007fffa3adf000 	C:\WINDOWS\SYSTEM32\directxdatabasehelper.dll
0x00007fff1e7e0000 - 0x00007fff1f337000 	C:\Program Files\WindowsApps\Microsoft.D3DMappingLayers_1.2605.1.0_x64__8wekyb3d8bbwe\x64\vulkan_dzn.dll
0x00007fffa3a40000 - 0x00007fffa3a4b000 	C:\WINDOWS\SYSTEM32\VERSION.dll
0x00007fff23ee0000 - 0x00007fff26acb000 	C:\WINDOWS\System32\DriverStore\FileRepository\nvacegpu.inf_amd64_0af8f5d55a9e9293\nvoglv64.dll
0x00007fffb20d0000 - 0x00007fffb2557000 	C:\WINDOWS\System32\SETUPAPI.dll
0x00007fffac690000 - 0x00007fffac6ba000 	C:\WINDOWS\SYSTEM32\WTSAPI32.dll
0x00007fffae130000 - 0x00007fffae17a000 	C:\WINDOWS\SYSTEM32\SspiCli.dll
0x00007fffae9e0000 - 0x00007fffae9f3000 	C:\WINDOWS\SYSTEM32\msasn1.dll
0x00007fffabd70000 - 0x00007fffabdad000 	C:\WINDOWS\SYSTEM32\cryptnet.dll
0x00007fffae730000 - 0x00007fffae8a8000 	C:\WINDOWS\SYSTEM32\drvstore.dll
0x00007fffaf630000 - 0x00007fffaf65f000 	C:\WINDOWS\SYSTEM32\devobj.dll
0x00007fffae8b0000 - 0x00007fffae91a000 	C:\WINDOWS\SYSTEM32\wldp.dll
0x00007fffae940000 - 0x00007fffae94c000 	C:\WINDOWS\SYSTEM32\cryptbase.dll
0x00007fffb00e0000 - 0x00007fffb0163000 	C:\WINDOWS\System32\wintrust.dll
0x00007fffb2700000 - 0x00007fffb2720000 	C:\WINDOWS\System32\imagehlp.dll
0x00007fffaf610000 - 0x00007fffaf62b000 	C:\WINDOWS\SYSTEM32\CRYPTSP.dll
0x00007fffadfb0000 - 0x00007fffadfe9000 	C:\WINDOWS\system32\rsaenh.dll
0x00007fffae4b0000 - 0x00007fffae4e0000 	C:\WINDOWS\SYSTEM32\gpapi.dll
0x00007fffaf910000 - 0x00007fffaf939000 	C:\WINDOWS\SYSTEM32\profapi.dll
0x00007fff15e50000 - 0x00007fff1803b000 	C:\WINDOWS\System32\DriverStore\FileRepository\nvacegpu.inf_amd64_0af8f5d55a9e9293\nvgpucomp64.dll
0x00007fffaf1f0000 - 0x00007fffaf226000 	C:\WINDOWS\SYSTEM32\ntmarta.dll
0x00007ffed4140000 - 0x00007ffed5970000 	C:\WINDOWS\System32\DriverStore\FileRepository\iigd_dch.inf_amd64_438afae43f7267c8\igvk64.dll
0x00007fff9caf0000 - 0x00007fff9d09a000 	C:\WINDOWS\System32\DriverStore\FileRepository\iigd_dch.inf_amd64_438afae43f7267c8\igdgmm64.dll
0x00007fff97810000 - 0x00007fff9c9b7000 	C:\WINDOWS\System32\DriverStore\FileRepository\iigd_dch.inf_amd64_438afae43f7267c8\igc64.dll
0x00007fffb0cd0000 - 0x00007fffb0d7e000 	C:\WINDOWS\System32\clbcatq.dll
0x00007fffaa5c0000 - 0x00007fffaa72a000 	C:\Windows\System32\WinTypes.dll
0x00007fff8ad00000 - 0x00007fff8ad39000 	C:\WINDOWS\SYSTEM32\rometadata.dll
0x00007fff20930000 - 0x00007fff20a9a000 	C:\Program Files\WindowsApps\Microsoft.D3DMappingLayers_1.2605.1.0_x64__8wekyb3d8bbwe\x64\DXIL.dll
0x00007fff74de0000 - 0x00007fff74e03000 	C:\WINDOWS\SYSTEM32\d3d12.dll
0x00007fff1c380000 - 0x00007fff1c6d7000 	C:\WINDOWS\SYSTEM32\D3D12Core.dll
0x00007fffacae0000 - 0x00007fffad366000 	C:\WINDOWS\SYSTEM32\windows.storage.dll
0x00007fff0ab80000 - 0x00007fff0ae51000 	C:\WINDOWS\system32\nvspcap64.dll
0x00007ffeff720000 - 0x00007ffeff76d000 	C:\WINDOWS\SYSTEM32\ControlLib.dll
0x00007fff68670000 - 0x00007fff6871c000 	C:\WINDOWS\System32\DriverStore\FileRepository\iigd_dch.inf_amd64_438afae43f7267c8\IntelControlLib.dll
0x00007fff204b0000 - 0x00007fff20611000 	C:\WINDOWS\System32\DriverStore\FileRepository\iigd_dch.inf_amd64_438afae43f7267c8\igvkMedia64.dll
0x00007fff7ea00000 - 0x00007fff7ff76000 	C:\WINDOWS\System32\DriverStore\FileRepository\iigd_dch.inf_amd64_438afae43f7267c8\igddxvacommon64.dll
0x00007fff7c7c0000 - 0x00007fff7e840000 	C:\WINDOWS\System32\DriverStore\FileRepository\iigd_dch.inf_amd64_438afae43f7267c8\media_bin_64.dll
0x00007fff270f0000 - 0x00007fff271ac000 	C:\WINDOWS\System32\DriverStore\FileRepository\nvacegpu.inf_amd64_0af8f5d55a9e9293\nvldumdx.dll
0x00007ffea50d0000 - 0x00007ffeaa4e0000 	C:\WINDOWS\System32\DriverStore\FileRepository\nvacegpu.inf_amd64_0af8f5d55a9e9293\nvwgf2umx.dll
0x00007fff8eb50000 - 0x00007fff8f287000 	C:\WINDOWS\System32\DriverStore\FileRepository\nvacegpu.inf_amd64_0af8f5d55a9e9293\Display.NvContainer\MessageBus.dll
0x00007fffb0630000 - 0x00007fffb063a000 	C:\WINDOWS\System32\NSI.dll
0x00007fffa69e0000 - 0x00007fffa6a05000 	C:\WINDOWS\SYSTEM32\dhcpcsvc.DLL
0x00007fff1e580000 - 0x00007fff1e660000 	C:\WINDOWS\SYSTEM32\D3DSCache.dll
0x00007fffae4f0000 - 0x00007fffae523000 	C:\WINDOWS\SYSTEM32\USERENV.dll
0x00007fffa90b0000 - 0x00007fffa92d2000 	C:\WINDOWS\SYSTEM32\DComp.DLL
0x00007fffa7cb0000 - 0x00007fffa7cc9000 	C:\WINDOWS\SYSTEM32\Microsoft.Internal.WarpPal.dll
0x00007fff77630000 - 0x00007fff7768c000 	C:\WINDOWS\System32\DriverStore\FileRepository\iigd_dch.inf_amd64_438afae43f7267c8\igd12umd64.dll
0x00007ffeaabe0000 - 0x00007ffeaccc1000 	C:\WINDOWS\System32\DriverStore\FileRepository\iigd_dch.inf_amd64_438afae43f7267c8\igd12um64xel.dll
0x00007fff6a000000 - 0x00007fff6a083000 	C:\WINDOWS\System32\DriverStore\FileRepository\iigd_dch.inf_amd64_438afae43f7267c8\igdext64.dll
0x00007fff1c020000 - 0x00007fff1c375000 	C:\WINDOWS\System32\DriverStore\FileRepository\iigd_dch.inf_amd64_438afae43f7267c8\igd12dxva64.dll
0x00007fff7c100000 - 0x00007fff7c128000 	C:\WINDOWS\System32\DriverStore\FileRepository\iigd_dch.inf_amd64_438afae43f7267c8\igdinfo64.dll
0x00007fff5c300000 - 0x00007fff5c8ae000 	C:\WINDOWS\SYSTEM32\d3d10warp.dll
0x00007fffb0b70000 - 0x00007fffb0ccd000 	C:\WINDOWS\System32\MSCTF.dll
0x00007fffab290000 - 0x00007fffab396000 	C:\WINDOWS\SYSTEM32\PROPSYS.dll
0x00007fffad390000 - 0x00007fffad39f000 	C:\WINDOWS\SYSTEM32\hid.dll
0x00007fff974f0000 - 0x00007fff9750b000 	C:\WINDOWS\SYSTEM32\XInput1_4.dll
0x00007fff81100000 - 0x00007fff812e4000 	C:\WINDOWS\SYSTEM32\inputhost.dll
0x00007fffa9490000 - 0x00007fffa95b6000 	C:\WINDOWS\SYSTEM32\CoreMessaging.dll
0x00007fff78540000 - 0x00007fff7858b000 	C:\Windows\System32\dinput8.dll
0x00007fff84280000 - 0x00007fff843c7000 	C:\WINDOWS\SYSTEM32\textinputframework.dll
0x00007fff77aa0000 - 0x00007fff77b47000 	C:\WINDOWS\System32\DriverStore\FileRepository\nvacegpu.inf_amd64_0af8f5d55a9e9293\NvCamera\NvCameraAllowlisting64.dll
0x00007fff8a380000 - 0x00007fff8a40f000 	C:\Windows\System32\DispBroker.dll
0x00007fff9d770000 - 0x00007fff9df12000 	C:\WINDOWS\SYSTEM32\nvapi64.dll
0x00007fffa6a10000 - 0x00007fffa6ab4000 	C:\WINDOWS\System32\MMDevApi.dll
0x00007fff8a150000 - 0x00007fff8a307000 	C:\WINDOWS\SYSTEM32\AUDIOSES.DLL
0x00007fffac950000 - 0x00007fffac964000 	C:\WINDOWS\SYSTEM32\resourcepolicyclient.dll
0x00007fff1e6d0000 - 0x00007fff1e7dc000 	C:\WINDOWS\SYSTEM32\opengl32.dll
0x00007fff79060000 - 0x00007fff7908d000 	C:\WINDOWS\SYSTEM32\GLU32.dll
0x00007ffed39e0000 - 0x00007ffed4135000 	C:\WINDOWS\System32\DriverStore\FileRepository\nvacegpu.inf_amd64_0af8f5d55a9e9293\nvppex.dll
0x00007fffad7c0000 - 0x00007fffad822000 	C:\WINDOWS\SYSTEM32\WINSTA.dll
0x00007fffa8030000 - 0x00007fffa8290000 	C:\WINDOWS\system32\d3d11.dll
0x00007fff9f430000 - 0x00007fff9f6c3000 	C:\WINDOWS\System32\DriverStore\FileRepository\iigd_dch.inf_amd64_438afae43f7267c8\igd10iumd64.dll
0x00007fffab440000 - 0x00007fffab4e0000 	C:\WINDOWS\SYSTEM32\apphelp.dll
0x00007fff9e310000 - 0x00007fff9f423000 	C:\WINDOWS\System32\DriverStore\FileRepository\iigd_dch.inf_amd64_438afae43f7267c8\igd10um64xe.DLL
0x00007ffed2cc0000 - 0x00007ffed39dd000 	C:\Program Files\Java\jdk-21\bin\server\jvm.dll
0x00007fff95020000 - 0x00007fff9503e000 	C:\WINDOWS\SYSTEM32\VCRUNTIME140.dll
0x00007fff94e80000 - 0x00007fff94e8c000 	C:\WINDOWS\SYSTEM32\VCRUNTIME140_1.dll
0x00007fff8d670000 - 0x00007fff8d67a000 	C:\Program Files\Java\jdk-21\bin\jimage.dll
0x00007fffaf120000 - 0x00007fffaf15b000 	C:\WINDOWS\SYSTEM32\dbgcore.DLL
0x00007fff78bf0000 - 0x00007fff78c0f000 	C:\Program Files\Java\jdk-21\bin\java.dll
0x00007ffefb4d0000 - 0x00007ffefb5a7000 	C:\Program Files\Java\jdk-21\bin\jsvml.dll
0x00007fff79050000 - 0x00007fff79060000 	C:\Program Files\Java\jdk-21\bin\net.dll
0x00007fffa6810000 - 0x00007fffa6939000 	C:\WINDOWS\SYSTEM32\WINHTTP.dll
0x00007fff78bd0000 - 0x00007fff78be6000 	C:\Program Files\Java\jdk-21\bin\nio.dll
0x00007fff78a80000 - 0x00007fff78a98000 	C:\Program Files\Java\jdk-21\bin\zip.dll
0x00007fff68c10000 - 0x00007fff68c6c000 	C:\WINDOWS\system32\dataexchange.dll

dbghelp: loaded successfully - version: 4.0.5 - missing functions: none
symbol engine: initialized successfully - sym options: 0x614 - pdb path: .;D:\Godot;C:\WINDOWS\SYSTEM32;C:\Program Files\WindowsApps\Microsoft.D3DMappingLayers_1.2605.1.0_x64__8wekyb3d8bbwe\x64;C:\WINDOWS\System32\DriverStore\FileRepository\nvacegpu.inf_amd64_0af8f5d55a9e9293;C:\WINDOWS\System32\DriverStore\FileRepository\iigd_dch.inf_amd64_438afae43f7267c8;C:\WINDOWS\System32\DriverStore\FileRepository\nvacegpu.inf_amd64_0af8f5d55a9e9293\Display.NvContainer;C:\WINDOWS\System32\DriverStore\FileRepository\nvacegpu.inf_amd64_0af8f5d55a9e9293\NvCamera;C:\Program Files\Java\jdk-21\bin\server;C:\Program Files\Java\jdk-21\bin

VM Arguments:
java_command: <unknown>
java_class_path (initial): <not set>
Launcher Type: generic

[Global flags]
     intx CICompilerCount                          = 12                                        {product} {ergonomic}
     uint ConcGCThreads                            = 3                                         {product} {ergonomic}
     uint G1ConcRefinementThreads                  = 13                                        {product} {ergonomic}
   size_t G1HeapRegionSize                         = 2097152                                   {product} {ergonomic}
    uintx GCDrainStackTargetSize                   = 64                                        {product} {ergonomic}
   size_t InitialHeapSize                          = 264241152                                 {product} {ergonomic}
   size_t MarkStackSize                            = 4194304                                   {product} {ergonomic}
   size_t MaxHeapSize                              = 4217372672                                {product} {ergonomic}
   size_t MaxNewSize                               = 2529165312                                {product} {ergonomic}
   size_t MinHeapDeltaBytes                        = 2097152                                   {product} {ergonomic}
   size_t MinHeapSize                              = 8388608                                   {product} {ergonomic}
    uintx NonNMethodCodeHeapSize                   = 7602480                                {pd product} {ergonomic}
    uintx NonProfiledCodeHeapSize                  = 122027880                              {pd product} {ergonomic}
    uintx ProfiledCodeHeapSize                     = 122027880                              {pd product} {ergonomic}
    uintx ReservedCodeCacheSize                    = 251658240                              {pd product} {ergonomic}
     bool SegmentedCodeCache                       = true                                      {product} {ergonomic}
   size_t SoftMaxHeapSize                          = 4217372672                             {manageable} {ergonomic}
     bool UseCompressedOops                        = true                           {product lp64_product} {ergonomic}
     bool UseG1GC                                  = true                                      {product} {ergonomic}
     bool UseLargePagesIndividualAllocation        = false                                  {pd product} {ergonomic}

Logging:
Log output configuration:
 #0: stdout all=warning uptime,level,tags foldmultilines=false
 #1: stderr all=off uptime,level,tags foldmultilines=false

Environment Variables:
JAVA_HOME=C:\Program Files\Java\jdk-21
PATH=C:\Program Files\Eclipse Adoptium\jdk-25.0.2.10-hotspot\bin;C:\Program Files\Common Files\Oracle\Java\javapath;C:\MinGW\bin;C:\Windows;C:\Windows\System32\Wbem;C:\Windows\System32\WindowsPowerShell\v1.0\;C:\Windows\System32\OpenSSH\;C:\Program Files (x86)\NVIDIA Corporation\PhysX\Common;C:\Program Files\NVIDIA Corporation\NVIDIA NvDLISR;C:\Program Files\Microsoft SQL Server\150\Tools\Binn\;C:\Program Files\Microsoft SQL Server\Client SDK\ODBC\170\Tools\Binn\;C:\Program Files\dotnet\;C:\Program Files (x86)\Windows Kits\10\Windows Performance Toolkit\;C:\Users\ADMIN\Downloads\winlibs-x86_64-posix-seh-gcc-12.1.0-mingw-w64msvcrt-10.0.0-r3.zip\mingw64\bin;C:\Program Files\nodejs\;C:\ProgramData\chocolatey\bin;C:\WINDOWS\system32;C:\WINDOWS;C:\WINDOWS\System32\Wbem;C:\WINDOWS\System32\WindowsPowerShell\v1.0\;C:\WINDOWS\System32\OpenSSH\;D:\Git\cmd;C:\Program Files\Java\jdk-21\bin;C:\Program Files (x86)\Microsoft SQL Server\170\Tools\Binn\;C:\Program Files\Microsoft SQL Server\170\Tools\Binn\;C:\Program Files\Microsoft SQL Server\Client SDK\ODBC\180\Tools\Binn\;C:\Program Files\Microsoft SQL Server\170\DTS\Binn\;C:\Program Files (x86)\Microsoft SQL Server\160\DTS\Binn\;C:\Users\ADMIN\AppData\Local\Microsoft\WindowsApps;C:\Users\ADMIN\.dotnet\tools;C:\TDM-GCC-64\bin;C:\Microsoft VS Code\bin;C:\Users\ADMIN\AppData\Roaming\npm;C:\Git\bin;C:\Users\ADMIN\anaconda3\Lib\site-packages\pyarrow\src\arrow\python;C:\Users\ADMIN\AppData\Local\Programs\Microsoft VS Code\bin;D:\Antigravity\bin;C:\Users\ADMIN\AppData\Local\Programs\Antigravity IDE\bin;D:\Antigravity IDE\bin
USERNAME=ADMIN
OS=Windows_NT
PROCESSOR_IDENTIFIER=Intel64 Family 6 Model 186 Stepping 2, GenuineIntel
TMP=C:\Users\ADMIN\AppData\Local\Temp
TEMP=C:\Users\ADMIN\AppData\Local\Temp




Periodic native trim disabled

---------------  S Y S T E M  ---------------

OS:
 Windows 11 , 64 bit Build 26100 (10.0.26100.8553)
OS uptime: 0 days 13:24 hours
Hyper-V role detected

CPU: total 16 (initial active 16) (8 cores per cpu, 2 threads per core) family 6 model 186 stepping 2 microcode 0x5105, cx8, cmov, fxsr, ht, mmx, 3dnowpref, sse, sse2, sse3, ssse3, sse4.1, sse4.2, popcnt, lzcnt, tsc, tscinvbit, avx, avx2, aes, erms, clmul, bmi1, bmi2, adx, sha, fma, vzeroupper, clflush, clflushopt, clwb, hv, serialize, rdtscp, rdpid, fsrm, f16c, cet_ibt, cet_ss
Processor Information for processor 0
  Max Mhz: 2400, Current Mhz: 1520, Mhz Limit: 2400
Processor Information for processor 1
  Max Mhz: 2400, Current Mhz: 1520, Mhz Limit: 2400
Processor Information for processor 2
  Max Mhz: 2400, Current Mhz: 1520, Mhz Limit: 2400
Processor Information for processor 3
  Max Mhz: 2400, Current Mhz: 1520, Mhz Limit: 2400
Processor Information for processor 4
  Max Mhz: 2400, Current Mhz: 2400, Mhz Limit: 2400
Processor Information for processor 5
  Max Mhz: 2400, Current Mhz: 2400, Mhz Limit: 2400
Processor Information for processor 6
  Max Mhz: 2400, Current Mhz: 2400, Mhz Limit: 2400
Processor Information for processor 7
  Max Mhz: 2400, Current Mhz: 1520, Mhz Limit: 2400
Processor Information for processor 8
  Max Mhz: 2400, Current Mhz: 1520, Mhz Limit: 2400
Processor Information for processor 9
  Max Mhz: 2400, Current Mhz: 1520, Mhz Limit: 2400
Processor Information for processor 10
  Max Mhz: 2400, Current Mhz: 2400, Mhz Limit: 2400
Processor Information for processor 11
  Max Mhz: 2400, Current Mhz: 1520, Mhz Limit: 2400
Processor Information for processor 12
  Max Mhz: 2400, Current Mhz: 1466, Mhz Limit: 2400
Processor Information for processor 13
  Max Mhz: 2400, Current Mhz: 1466, Mhz Limit: 2400
Processor Information for processor 14
  Max Mhz: 2400, Current Mhz: 1466, Mhz Limit: 2400
Processor Information for processor 15
  Max Mhz: 2400, Current Mhz: 1466, Mhz Limit: 2400

Memory: 4k page, system-wide physical 16087M (3336M free)
TotalPageFile size 21228M (AvailPageFile size 1424M)
current process WorkingSet (physical memory assigned to process): 668M, peak: 669M
current process commit charge ("private bytes"): 912M, peak: 912M

vm_info: Java HotSpot(TM) 64-Bit Server VM (21.0.9+7-LTS-338) for windows-amd64 JRE (21.0.9+7-LTS-338), built on 2025-09-26T06:33:49Z by "mach5run" with MS VC++ 17.6 (VS2022)

END.
