#
# A fatal error has been detected by the Java Runtime Environment:
#
#  EXCEPTION_ACCESS_VIOLATION (0xc0000005) at pc=0x000000002e747069, pid=15640, tid=24596
#
# JRE version: Java(TM) SE Runtime Environment (21.0.9+7) (build 21.0.9+7-LTS-338)
# Java VM: Java HotSpot(TM) 64-Bit Server VM (21.0.9+7-LTS-338, mixed mode, sharing, tiered, compressed oops, compressed class ptrs, g1 gc, windows-amd64)
# Problematic frame:
# C  [godot.windows.editor.x86_64.jvm.0.14.3.exe+0x3420607]  Node2D::get_global_position+0x187
#
# No core dump will be written. Minidumps are not enabled by default on client versions of Windows
#
# If you would like to submit a bug report, please visit:
#   https://bugreport.java.com/bugreport/crash.jsp
# The crash happened outside the Java Virtual Machine in native code.
# See problematic frame for where to report the bug.
#

---------------  S U M M A R Y ------------

Command Line: 

Host: 13th Gen Intel(R) Core(TM) i7-13620H, 16 cores, 15G,  Windows 11 , 64 bit Build 26100 (10.0.26100.8553)
Time: Thu Jun  4 13:34:07 2026 SE Asia Standard Time elapsed time: 9.789380 seconds (0d 0h 0m 9s)

---------------  T H R E A D  ---------------

Current thread (0x00000250abd35820):  JavaThread "main"             [_thread_in_native, id=24596, stack(0x000000a068200000,0x000000a068a00000) (8192K)]

Stack: [0x000000a068200000,0x000000a068a00000],  sp=0x000000a0689fe430,  free space=8185k
Native frames: (J=compiled Java code, j=interpreted, Vv=VM code, C=native code)
C  0x000000002e747069

Java frames: (J=compiled Java code, j=interpreted, Vv=VM code)
J 1141  godot.internal.memory.TransferContext.icall(JJI)V (0 bytes) @ 0x00000250bcc32878 [0x00000250bcc32820+0x0000000000000058]
J 1532 c2 godot.api.Node2D.getGlobalPosition()Lgodot/core/Vector2; (54 bytes) @ 0x00000250bcc63590 [0x00000250bcc63440+0x0000000000000150]
j  game.items.weapons.Weapon.getClosestTarget()Lgodot/api/Node2D;+40
j  game.items.weapons.Weapon.updateClosestTarget()V+2
J 1488 c2 godot.entry.WeaponRegistrar$register$1$1$2.invoke(Ljava/lang/Object;Ljava/lang/Object;)Ljava/lang/Object; (19 bytes) @ 0x00000250bcc55aec [0x00000250bcc54b00+0x0000000000000fec]
J 1393 c2 godot.core.KtFunction.invoke(Lgodot/core/KtObject;)V (79 bytes) @ 0x00000250bcc48eb8 [0x00000250bcc48a00+0x00000000000004b8]
v  ~StubRoutines::call_stub 0x00000250bc46100d

siginfo: EXCEPTION_ACCESS_VIOLATION (0xc0000005), data execution prevention violation at address 0x000000002e747069


Registers:
RAX=0x00007ff7311fe758, RBX=0x0000025113253320, RCX=0x0000025113253320, RDX=0x000000a0689fe488
RSP=0x000000a0689fe428, RBP=0x000000a0689fe539, RSI=0x000002508ecd9980, RDI=0x000000a0689fe510
R8 =0x0000000000000000, R9 =0x00007ff72c0c0480, R10=0x00007ffed38e87c0, R11=0x000000a0689fe8b8
R12=0x0000025113253320, R13=0x00000250a7407bf0, R14=0x0000000000000000, R15=0x000000a0689fe5f8
RIP=0x000000002e747069, EFLAGS=0x0000000000010202


Register to memory mapping:

RAX=0x00007ff7311fe758 godot.windows.editor.x86_64.jvm.0.14.3.exe::Object::`vftable' + 0x0
RBX=0x0000025113253320 points into unknown readable memory: 0x00006e96000105bd | bd 05 01 00 96 6e 00 00
RCX=0x0000025113253320 points into unknown readable memory: 0x00006e96000105bd | bd 05 01 00 96 6e 00 00
RDX=0x000000a0689fe488 is pointing into the stack for thread: 0x00000250abd35820
RSP=0x000000a0689fe428 is pointing into the stack for thread: 0x00000250abd35820
RBP=0x000000a0689fe539 is pointing into the stack for thread: 0x00000250abd35820
RSI=0x000002508ecd9980 points into unknown readable memory: 0x0000000000000000 | 00 00 00 00 00 00 00 00
RDI=0x000000a0689fe510 is pointing into the stack for thread: 0x00000250abd35820
R8 =0x0 is null
R9 =0x00007ff72c0c0480 godot.windows.editor.x86_64.jvm.0.14.3.exe::Node2D::get_global_position + 0x0
R10=0x00007ffed38e87c0 jvm.dll
R11=0x000000a0689fe8b8 is pointing into the stack for thread: 0x00000250abd35820
R12=0x0000025113253320 points into unknown readable memory: 0x00006e96000105bd | bd 05 01 00 96 6e 00 00
R13=0x00000250a7407bf0 points into unknown readable memory: 0x00007ff730c9f998 | 98 f9 c9 30 f7 7f 00 00
R14=0x0 is null
R15=0x000000a0689fe5f8 is pointing into the stack for thread: 0x00000250abd35820

Top of Stack: (sp=0x000000a0689fe428)
0x000000a0689fe428:   00007ff72c0c0607 000000a0689fe549
0x000000a0689fe438:   00007ff72c0c061e 0000000000000000
0x000000a0689fe448:   000002509490d5a0 00000251157355e0
0x000000a0689fe458:   00007ff728ca0000 0000000000000000
0x000000a0689fe468:   0000000000000000 00000250a74087f0
0x000000a0689fe478:   000002508ecdab50 00000250a74087f0
0x000000a0689fe488:   00007ff729aec7e8 43ad86af4367f830
0x000000a0689fe498:   bdc50782befb376b 0000d52e404c01ba
0x000000a0689fe4a8:   4381915a433ff830 000000a0689fe610
0x000000a0689fe4b8:   00007ff72c0bff02 000000a0689fe620
0x000000a0689fe4c8:   00007ff72c0bff75 00007ff72e674498
0x000000a0689fe4d8:   0000000000000000 00007ff72e674498
0x000000a0689fe4e8:   0000000000000000 43ae915a4367f830
0x000000a0689fe4f8:   0000000000000000 0000025000000000
0x000000a0689fe508:   000000a0689fe548 0000000000000000
0x000000a0689fe518:   43ad86af4367f830 4381915a433ff830
0x000000a0689fe528:   000002508ecdab50 0000025115732a94
0x000000a0689fe538:   00007ff700000000 0000d52e404c014a
0x000000a0689fe548:   00007ff729aedc77 00000000000001c0
0x000000a0689fe558:   00007ff728ca0000 0000000000000000
0x000000a0689fe568:   0000000000000000 00000250a7407bf0
0x000000a0689fe578:   000002508ecdab50 000000a0689fe690
0x000000a0689fe588:   00007ff729af0a38 0000000704c7e008
0x000000a0689fe598:   0000000000002186 4381915a433ff830
0x000000a0689fe5a8:   000002508ecd9f50 0000000800000000
0x000000a0689fe5b8:   000000a0689fe5f8 0000025000000000
0x000000a0689fe5c8:   000000a0689fe608 00000251157325e0
0x000000a0689fe5d8:   0000000000000000 0000d52e00000000
0x000000a0689fe5e8:   00000250a7407bf0 0000025113253320
0x000000a0689fe5f8:   0000000000000000 0000025100000000
0x000000a0689fe608:   00000250abd35be0 0000000000000000
0x000000a0689fe618:   0000000000000000 0000000000000000 

Instructions: (pc=0x00007ff72c0c0607)
0x00007ff72c0c0507:   44 24 60 80 00 00 00 48 8d 05 0b 53 ac 04 33 f6
0x00007ff72c0c0517:   48 8d 54 24 58 48 89 44 24 58 48 8d 4c 24 40 48
0x00007ff72c0c0527:   89 74 24 40 e8 70 a5 a4 01 4c 8b c3 48 8d 54 24
0x00007ff72c0c0537:   40 48 8d 4c 24 48 e8 3e 99 bf fc 89 74 24 30 4c
0x00007ff72c0c0547:   8d 0d 03 2b b5 04 40 88 74 24 28 48 8d 15 2f ee
0x00007ff72c0c0557:   bd 04 41 b8 22 01 00 00 48 89 44 24 20 48 8d 0d
0x00007ff72c0c0567:   fd ef bd 04 e8 80 33 a4 01 48 8d 4c 24 48 e8 86
0x00007ff72c0c0577:   8e bf fc 48 8b 44 24 40 48 85 c0 74 6d 48 8d 48
0x00007ff72c0c0587:   f0 8b d6 48 0f 45 d1 48 c7 c0 ff ff ff ff f0 48
0x00007ff72c0c0597:   0f c1 02 48 83 f8 01 75 51 48 8b 4c 24 40 33 d2
0x00007ff72c0c05a7:   48 83 c1 f0 48 89 74 24 40 e8 7b 43 a4 01 48 39
0x00007ff72c0c05b7:   74 24 40 74 35 89 74 24 30 48 8d 05 09 30 5b 02
0x00007ff72c0c05c7:   40 88 74 24 28 4c 8d 0d 45 30 5b 02 41 b8 0e 01
0x00007ff72c0c05d7:   00 00 48 89 44 24 20 48 8d 15 eb 2e 5b 02 48 8d
0x00007ff72c0c05e7:   0d 54 30 5b 02 e8 3f 30 a4 01 48 89 37 eb 18 48
0x00007ff72c0c05f7:   8b 03 48 8d 54 24 58 48 8b cb ff 90 b8 02 00 00
0x00007ff72c0c0607:   48 8b 40 10 48 89 07 48 8b c7 48 8b 4c 24 70 48
0x00007ff72c0c0617:   33 cc e8 c2 f2 50 02 4c 8d 9c 24 80 00 00 00 49
0x00007ff72c0c0627:   8b 5b 20 49 8b 73 28 49 8b e3 5f c3 cc cc cc cc
0x00007ff72c0c0637:   cc cc cc cc cc cc cc cc cc 48 89 5c 24 10 57 48
0x00007ff72c0c0647:   81 ec 80 00 00 00 48 8b 05 ac 8e a7 05 48 33 c4
0x00007ff72c0c0657:   48 89 44 24 70 65 48 8b 04 25 58 00 00 00 48 8b
0x00007ff72c0c0667:   d9 8b 0d 5a 24 e1 05 48 8b 3c c8 b8 1c 19 00 00
0x00007ff72c0c0677:   80 3c 38 00 75 05 e8 4e f3 50 02 b8 f0 12 00 00
0x00007ff72c0c0687:   48 83 3c 38 00 0f 85 1c 01 00 00 e8 f9 15 cc 01
0x00007ff72c0c0697:   84 c0 0f 85 0f 01 00 00 48 83 bb 48 02 00 00 00
0x00007ff72c0c06a7:   0f 84 01 01 00 00 48 8d 54 24 50 48 8b cb e8 b6
0x00007ff72c0c06b7:   e2 55 ff 48 8b d8 48 c7 44 24 60 80 00 00 00 48
0x00007ff72c0c06c7:   8d 05 53 51 ac 04 33 ff 48 8d 54 24 58 48 89 44
0x00007ff72c0c06d7:   24 58 48 8d 4c 24 40 48 89 7c 24 40 e8 b8 a3 a4
0x00007ff72c0c06e7:   01 4c 8b c3 48 8d 54 24 40 48 8d 4c 24 48 e8 86
0x00007ff72c0c06f7:   97 bf fc 89 7c 24 30 4c 8d 0d 3b df ac 04 40 88 


Stack slot to memory mapping:

stack at sp + 0 slots: 0x000000a0689fe549 is pointing into the stack for thread: 0x00000250abd35820
stack at sp + 1 slots: 0x00007ff72c0c061e godot.windows.editor.x86_64.jvm.0.14.3.exe::Node2D::get_global_position + 0x19e
stack at sp + 2 slots: 0x0 is null
stack at sp + 3 slots: 0x000002509490d5a0 points into unknown readable memory: 0x00007ff730e2b040 | 40 b0 e2 30 f7 7f 00 00
stack at sp + 4 slots: 0x00000251157355e0 points into unknown readable memory: 0x00007ff72f13adf8 | f8 ad 13 2f f7 7f 00 00
stack at sp + 5 slots: 0x00007ff728ca0000 godot.windows.editor.x86_64.jvm.0.14.3.exe::__acrt_signal_action_table_size + 0x0
stack at sp + 6 slots: 0x0 is null
stack at sp + 7 slots: 0x0 is null


Compiled method (n/a)    9863 1141     n 0       godot.internal.memory.TransferContext::icall (native)
 total in heap  [0x00000250bcc32690,0x00000250bcc32a40] = 944
 relocation     [0x00000250bcc327f0,0x00000250bcc32820] = 48
 main code      [0x00000250bcc32820,0x00000250bcc32a37] = 535
 stub code      [0x00000250bcc32a37,0x00000250bcc32a38] = 1
 oops           [0x00000250bcc32a38,0x00000250bcc32a40] = 8

[Constant Pool (empty)]

[MachCode]
[Entry Point]
  # {method} {0x000002510e46c0b8} 'icall' '(JJI)V' in 'godot/internal/memory/TransferContext'
  # this:     rdx:rdx   = 'godot/internal/memory/TransferContext'
  # parm0:    r8:r8     = long
  # parm1:    r9:r9     = long
  # parm2:    rdi       = int
  #           [sp+0x70]  (sp of caller)
  0x00000250bcc32820: 448b 5208 | 49bb 0000 | 00cd 5002 | 0000 4d03 | d349 3bc2 | 0f84 0600 

  0x00000250bcc32838: ;   {runtime_call ic_miss_stub}
  0x00000250bcc32838: 0000 e941 | bf87 ff90 
[Verified Entry Point]
  0x00000250bcc32840: 8984 2400 | 80ff ff55 | 488b ec48 | 83ec 6090 | 4181 7f20 | 0300 0000 

  0x00000250bcc32858: ;   {runtime_call StubRoutines (final stubs)}
  0x00000250bcc32858: 7405 e801 | 2586 ff48 | 897c 2420 | 4889 5424 | 2848 83fa | 0048 8d54 | 2428 480f | 4454 2428 
  0x00000250bcc32878: ;   {internal_word}
  0x00000250bcc32878: c5f8 7749 | ba78 28c3 | bc50 0200 | 004d 8997 | a803 0000 | 4989 a7a0 

  0x00000250bcc32890: ;   {external_word}
  0x00000250bcc32890: 0300 0049 | bac0 878e | d3fe 7f00 | 0041 803a | 000f 844e | 0000 0052 | 4150 4151 

  0x00000250bcc328ac: ;   {metadata({method} {0x000002510e46c0b8} 'icall' '(JJI)V' in 'godot/internal/memory/TransferContext')}
  0x00000250bcc328ac: 48ba b0c0 | 460e 5102 | 0000 498b | cf48 83ec | 2040 f6c4 | 0f0f 8419 | 0000 0048 

  0x00000250bcc328c8: ;   {runtime_call}
  0x00000250bcc328c8: 83ec 0848 | b890 1e3f | d3fe 7f00 | 00ff d048 | 83c4 08e9 | 0c00 0000 

  0x00000250bcc328e0: ;   {runtime_call}
  0x00000250bcc328e0: 48b8 901e | 3fd3 fe7f | 0000 ffd0 | 4883 c420 | 4159 4158 | 5a49 8d8f | c003 0000 | 41c7 874c 
  0x00000250bcc32900: 0400 0004 

  0x00000250bcc32904: ;   {runtime_call TransferContext::icall}
  0x00000250bcc32904: 0000 0048 | b870 04af | 29f7 7f00 | 00ff d0c5 | f877 41c7 | 874c 0400 | 0005 0000 | 00f0 8344 
  0x00000250bcc32924: 24c0 0049 | 3baf 5004 | 0000 0f87 | 0e00 0000 | 4183 bf48 | 0400 0000 | 0f84 2300 | 0000 c5f8 
  0x00000250bcc32944: 7749 8bcf | 4c8b e448 | 83ec 2048 

  0x00000250bcc32950: ;   {runtime_call}
  0x00000250bcc32950: 83e4 f048 | b860 cb0a | d3fe 7f00 | 00ff d049 | 8be4 4d33 | e441 c787 | 4c04 0000 | 0800 0000 
  0x00000250bcc32970: 4183 bfc8 | 0400 0002 | 0f84 9400 

  0x00000250bcc3297c: ;   {external_word}
  0x00000250bcc3297c: 0000 49ba | c087 8ed3 | fe7f 0000 | 4180 3a00 | 0f84 4400 

  0x00000250bcc32990: ;   {metadata({method} {0x000002510e46c0b8} 'icall' '(JJI)V' in 'godot/internal/memory/TransferContext')}
  0x00000250bcc32990: 0000 48ba | b0c0 460e | 5102 0000 | 498b cf48 | 83ec 2040 | f6c4 0f0f | 8419 0000 | 0048 83ec 
  0x00000250bcc329b0: ;   {runtime_call}
  0x00000250bcc329b0: 0848 b890 | 1e3f d3fe | 7f00 00ff | d048 83c4 | 08e9 0c00 

  0x00000250bcc329c4: ;   {runtime_call}
  0x00000250bcc329c4: 0000 48b8 | 901e 3fd3 | fe7f 0000 | ffd0 4883 | c420 49c7 | 87a0 0300 | 0000 0000 | 0049 c787 
  0x00000250bcc329e4: a803 0000 | 0000 0000 | c5f8 7749 | 8b8f 3004 | 0000 c781 | 0001 0000 | 0000 0000 | c949 837f 
  0x00000250bcc32a04: 0800 0f85 | 0100 0000 

  0x00000250bcc32a0c: ;   {runtime_call StubRoutines (initial stubs)}
  0x00000250bcc32a0c: c3e9 eee4 | 82ff c5f8 | 774c 8be4 | 4883 ec20 | 4883 e4f0 

  0x00000250bcc32a20: ;   {runtime_call}
  0x00000250bcc32a20: 48b8 4056 | 3fd3 fe7f | 0000 ffd0 | 498b e44d | 33e4 e947 | ffff fff4 
[/MachCode]


Compiled method (c2)    9881 1532       4       godot.api.Node2D::getGlobalPosition (54 bytes)
 total in heap  [0x00000250bcc63210,0x00000250bcc64630] = 5152
 relocation     [0x00000250bcc63370,0x00000250bcc63430] = 192
 main code      [0x00000250bcc63440,0x00000250bcc63b38] = 1784
 stub code      [0x00000250bcc63b38,0x00000250bcc63b60] = 40
 oops           [0x00000250bcc63b60,0x00000250bcc63b98] = 56
 metadata       [0x00000250bcc63b98,0x00000250bcc63d50] = 440
 scopes data    [0x00000250bcc63d50,0x00000250bcc64360] = 1552
 scopes pcs     [0x00000250bcc64360,0x00000250bcc64570] = 528
 dependencies   [0x00000250bcc64570,0x00000250bcc645a8] = 56
 handler table  [0x00000250bcc645a8,0x00000250bcc645d8] = 48
 nul chk table  [0x00000250bcc645d8,0x00000250bcc64630] = 88

[Constant Pool (empty)]

[MachCode]
[Entry Point]
  # {method} {0x000002510e718a58} 'getGlobalPosition' '()Lgodot/core/Vector2;' in 'godot/api/Node2D'
  #           [sp+0x50]  (sp of caller)
  0x00000250bcc63440: 448b 5208 | 49bb 0000 | 00cd 5002 | 0000 4d03 | d349 3bc2 

  0x00000250bcc63454: ;   {runtime_call ic_miss_stub}
  0x00000250bcc63454: 0f85 26b3 | 84ff 6690 | 0f1f 4000 
[Verified Entry Point]
  0x00000250bcc63460: 8984 2400 | 80ff ff55 | 4883 ec40 | 4181 7f20 | 0300 0000 | 0f85 b206 | 0000 488b 

  0x00000250bcc6347c: ;   {oop(a 'kotlin/reflect/KProperty'[1] {0x0000000704a000f8})}
  0x00000250bcc6347c: fa49 baf8 | 00a0 0407 | 0000 0045 | 8b5a 1045 | 85db 0f84 | 7004 0000 

  0x00000250bcc63494: ;   {oop(a 'godot/common/util/ThreadLocalDelegate'{0x0000000704a00110})}
  0x00000250bcc63494: 49ba 1001 | a004 0700 | 0000 418b | 6a10 458b 

  0x00000250bcc634a4: ;   {metadata('java/lang/ThreadLocal$SuppliedThreadLocal')}
  0x00000250bcc634a4: 5cec 0841 | 81fb 683f | 0401 0f85 | b402 0000 | 498d 1cec | 4d8b 9788 | 0300 0049 | 8b0a 448b 
  0x00000250bcc634c4: 494c 478b | 5ccc 1447 | 8b44 dc0c | 458d 50ff | 4423 530c | 4585 c00f | 869f 0200 | 0049 c1e3 
  0x00000250bcc634e4: 0347 8b44 | 9310 438b | 54c4 0c4c | 8bda 49c1 | e303 4c3b | db0f 85b1 | 0200 0043 | 8b6c c41c 
  0x00000250bcc63504: ; implicit exception: dispatches to 0x00000250bcc63a18
  0x00000250bcc63504: 458b 54ec 

  0x00000250bcc63508: ;   {metadata('java/nio/DirectByteBuffer')}
  0x00000250bcc63508: 0841 81fa | 780b 1c00 | 0f85 ae04 | 0000 4d8d | 14ec 418b | 6a1c 41c7 | 420c ffff | ffff 4589 
  0x00000250bcc63528: 6218 83fd | 040f 8ced | 0300 0041 | c742 1804 | 0000 0045 | 8b5a 244d | 8b4a 1045 | 85db 0f85 
  0x00000250bcc63548: 9c02 0000 | 410f b66a | 2d85 ed0f | 8543 0300 | 0048 890c | 244c 8b47 | 104d 8bd1 | 4589 2249 
  0x00000250bcc63568: b9f0 7b40 | a750 0200 

  0x00000250bcc63570: ;   {oop(a 'godot/core/VariantParser$VECTOR2'{0x0000000704a00728})}
  0x00000250bcc63570: 0049 ba28 | 07a0 0407 | 0000 0041 

  0x00000250bcc6357c: ;   {oop(a 'godot/internal/memory/TransferContext'{0x0000000704a02b40})}
  0x00000250bcc6357c: 8b7a 1848 | ba40 2ba0 | 0407 0000 

  0x00000250bcc63588: ;   {optimized virtual_call}
  0x00000250bcc63588: 0066 90e8 

  0x00000250bcc6358c: ; ImmutableOopMap {[0]=Oop }
                      ;*invokespecial icall {reexecute=0 rethrow=0 return_oop=0}
                      ; - godot.internal.memory.TransferContext::callMethod@17 (line 79)
                      ; - godot.api.Node2D::getGlobalPosition@29 (line 476)
  0x00000250bcc6358c: b0f2 fcff 

  0x00000250bcc63590: ;   {other}
  0x00000250bcc63590: 0f1f 8400 | 8003 0000 

  0x00000250bcc63598: ;   {oop(a 'kotlin/reflect/KProperty'[1] {0x0000000704a000f8})}
  0x00000250bcc63598: 49ba f800 | a004 0700 | 0000 418b | 6a10 85ed | 0f84 9203 

  0x00000250bcc635ac: ;   {oop(a 'godot/common/util/ThreadLocalDelegate'{0x0000000704a00110})}
  0x00000250bcc635ac: 0000 49ba | 1001 a004 | 0700 0000 | 458b 5210 

  0x00000250bcc635bc: ; implicit exception: dispatches to 0x00000250bcc63a30
  0x00000250bcc635bc: 478b 5cd4 

  0x00000250bcc635c0: ;   {metadata('java/lang/ThreadLocal$SuppliedThreadLocal')}
  0x00000250bcc635c0: 0841 81fb | 683f 0401 | 0f85 4602 | 0000 4c8b | 0424 418b | 484c 4b8d | 1cd4 458b | 5ccc 1447 
  0x00000250bcc635e0: 8b54 dc0c | 458d 4aff | 4423 4b0c | 4585 d20f | 8637 0200 | 004f 8d14 | dc43 8b6c | 8a10 458b 
  0x00000250bcc63600: 5cec 0c4d | 8bd3 49c1 | e203 4c3b | d30f 8541 | 0200 0041 | 8b6c ec1c 

  0x00000250bcc63618: ; implicit exception: dispatches to 0x00000250bcc63a58
  0x00000250bcc63618: 458b 54ec 

  0x00000250bcc6361c: ;   {metadata('java/nio/DirectByteBuffer')}
  0x00000250bcc6361c: 0841 81fa | 780b 1c00 | 0f85 b203 | 0000 4d8d | 04ec 458b | 501c 41c7 | 400c ffff | ffff 4589 
  0x00000250bcc6363c: 6018 4183 | fa04 0f8c | 0c03 0000 | 41c7 4018 | 0400 0000 | 458b 5824 | 4d8b 4810 | 4c89 4c24 
  0x00000250bcc6365c: 1045 85db | 0f85 1602 | 0000 450f | b658 2d45 | 8b09 4585 | db0f 854d 

  0x00000250bcc63674: ;   {oop(a 'godot/core/VariantParser$VECTOR2'{0x0000000704a00728})}
  0x00000250bcc63674: 0200 0049 | bb28 07a0 | 0407 0000 | 0041 8b6b | 1844 3bcd | 0f85 5e02 | 0000 498b | 87b8 0100 
  0x00000250bcc63694: 004c 8bd8 | 4983 c320 | 4d3b 9fc8 | 0100 000f | 8395 0000 | 004d 899f | b801 0000 | 410f 0d8b 
  0x00000250bcc636b4: c000 0000 | 48c7 0001 

  0x00000250bcc636bc: ;   {metadata('godot/core/Vector2')}
  0x00000250bcc636bc: 0000 00c7 | 4008 1084 | 0201 4489 | 600c 4c89 | 6010 4c89 | 6018 418d | 6afc 83fd | 040f 8c95 
  0x00000250bcc636dc: 0200 004c | 8b5c 2410 | 458b 5b04 | 41c7 4018 | 0800 0000 | 4183 c2f8 | c4c1 796e | c3c5 fa5a 
  0x00000250bcc636fc: c041 83fa | 040f 8c91 | 0200 00c5 | fb11 4010 | 41c7 4018 | 0c00 0000 | 4c8b 5424 | 1045 8b52 
  0x00000250bcc6371c: 08c4 c179 | 6eca c5fa | 5ac1 c5fb | 1140 1848 | 83c4 405d 

  0x00000250bcc63730: ;   {poll_return}
  0x00000250bcc63730: 493b a750 | 0400 000f | 87d9 0300 | 00c3 4489 | 1424 498b 

  0x00000250bcc63744: ;   {metadata('godot/core/Vector2')}
  0x00000250bcc63744: e848 ba10 | 8402 ce50 

  0x00000250bcc6374c: ;   {runtime_call _new_instance_Java}
  0x00000250bcc6374c: 0200 00e8 

  0x00000250bcc63750: ; ImmutableOopMap {rbp=Oop }
                      ;*new {reexecute=0 rethrow=0 return_oop=1}
                      ; - godot.core.VariantKt::getVector2@0 (line 19)
                      ; - godot.core.VariantKt::access$getVector2@1 (line 1)
                      ; - godot.core.VariantParser$VECTOR2::toUnsafeKotlin@7 (line 176)
                      ; - godot.core.VariantParser$VECTOR2::toUnsafeKotlin@2 (line 175)
                      ; - godot.core.VariantParser::toKotlin@21 (line 479)
                      ; - godot.internal.memory.TransferContext::readReturnValue@20 (line 75)
                      ; - godot.api.Node2D::getGlobalPosition@41 (line 477)
  0x00000250bcc63750: 2c92 91ff 

  0x00000250bcc63754: ;   {other}
  0x00000250bcc63754: 0f1f 8400 | 4405 0001 | 4c8b c544 | 8b14 24e9 | 6aff ffff | bade ffff | ff48 893c 

  0x00000250bcc63770: ;   {runtime_call UncommonTrapBlob}
  0x00000250bcc63770: 2466 90e8 

  0x00000250bcc63774: ; ImmutableOopMap {rbp=NarrowOop [0]=Oop }
                      ;*invokevirtual get {reexecute=0 rethrow=0 return_oop=0}
                      ; - godot.common.util.ThreadLocalDelegate::getValue@10 (line 7)
                      ; - godot.internal.memory.TransferContext::getBuffer@9 (line 28)
                      ; - godot.internal.memory.TransferContext::writeArguments@7 (line 34)
                      ; - godot.api.Node2D::getGlobalPosition@7 (line 475)
  0x00000250bcc63774: 880e 85ff 

  0x00000250bcc63778: ;   {other}
  0x00000250bcc63778: 0f1f 8400 | 6805 0002 | bae4 ffff | ff48 8bef | 4889 4c24 | 0844 894c | 2410 4889 | 5c24 1844 
  0x00000250bcc63798: 895c 2420 | 4489 5424 

  0x00000250bcc637a0: ;   {runtime_call UncommonTrapBlob}
  0x00000250bcc637a0: 2466 90e8 

  0x00000250bcc637a4: ; ImmutableOopMap {rbp=Oop [8]=Oop [16]=NarrowOop [24]=Oop [32]=NarrowOop }
                      ;*aaload {reexecute=0 rethrow=0 return_oop=0}
                      ; - java.lang.ThreadLocal$ThreadLocalMap::getEntry@18 (line 500)
                      ; - java.lang.ThreadLocal::get@12 (line 187)
                      ; - java.lang.ThreadLocal::get@4 (line 172)
                      ; - godot.common.util.ThreadLocalDelegate::getValue@10 (line 7)
                      ; - godot.internal.memory.TransferContext::getBuffer@9 (line 28)
                      ; - godot.internal.memory.TransferContext::writeArguments@7 (line 34)
                      ; - godot.api.Node2D::getGlobalPosition@7 (line 475)
  0x00000250bcc637a4: 580e 85ff 

  0x00000250bcc637a8: ;   {other}
  0x00000250bcc637a8: 0f1f 8400 | 9805 0003 | ba45 ffff | ff33 ed4c | 3bdb 400f | 94c5 4889 | 3c24 4889 | 4c24 1044 
  0x00000250bcc637c8: 894c 2418 | 4889 5c24 | 2044 8954 | 241c 4489 

  0x00000250bcc637d8: ;   {runtime_call UncommonTrapBlob}
  0x00000250bcc637d8: 4424 28e8 

  0x00000250bcc637dc: ; ImmutableOopMap {[0]=Oop [16]=Oop [24]=NarrowOop [32]=Oop [40]=NarrowOop }
                      ;*ifeq {reexecute=1 rethrow=0 return_oop=0}
                      ; - (reexecute) java.lang.ThreadLocal$ThreadLocalMap::getEntry@29 (line 501)
                      ; - java.lang.ThreadLocal::get@12 (line 187)
                      ; - java.lang.ThreadLocal::get@4 (line 172)
                      ; - godot.common.util.ThreadLocalDelegate::getValue@10 (line 7)
                      ; - godot.internal.memory.TransferContext::getBuffer@9 (line 28)
                      ; - godot.internal.memory.TransferContext::writeArguments@7 (line 34)
                      ; - godot.api.Node2D::getGlobalPosition@7 (line 475)
  0x00000250bcc637dc: 200e 85ff 

  0x00000250bcc637e0: ;   {other}
  0x00000250bcc637e0: 0f1f 8400 | d005 0004 | baec ffff | ff48 8bef | 4c89 5424 | 084c 8954 | 2410 4c89 | 4c24 1844 
  0x00000250bcc63800: 895c 2428 

  0x00000250bcc63804: ;   {runtime_call UncommonTrapBlob}
  0x00000250bcc63804: 6666 90e8 

  0x00000250bcc63808: ; ImmutableOopMap {rbp=Oop [8]=Oop [16]=Oop [40]=NarrowOop }
                      ;*ifnull {reexecute=1 rethrow=0 return_oop=0}
                      ; - (reexecute) java.nio.Buffer::session@4 (line 792)
                      ; - java.nio.DirectByteBuffer::putInt@7 (line 773)
                      ; - java.nio.DirectByteBuffer::putInt@11 (line 785)
                      ; - godot.internal.memory.TransferContext::writeArguments@21 (line 36)
                      ; - godot.api.Node2D::getGlobalPosition@7 (line 475)
  0x00000250bcc63808: f40d 85ff 

  0x00000250bcc6380c: ;   {other}
  0x00000250bcc6380c: 0f1f 8400 | fc05 0005 | bade ffff | ff41 8bea 

  0x00000250bcc6381c: ;   {runtime_call UncommonTrapBlob}
  0x00000250bcc6381c: 6666 90e8 

  0x00000250bcc63820: ; ImmutableOopMap {rbp=NarrowOop }
                      ;*invokevirtual get {reexecute=0 rethrow=0 return_oop=0}
                      ; - godot.common.util.ThreadLocalDelegate::getValue@10 (line 7)
                      ; - godot.internal.memory.TransferContext::getBuffer@9 (line 28)
                      ; - godot.internal.memory.TransferContext::readReturnValue@7 (line 73)
                      ; - godot.api.Node2D::getGlobalPosition@41 (line 477)
  0x00000250bcc63820: dc0d 85ff 

  0x00000250bcc63824: ;   {other}
  0x00000250bcc63824: 0f1f 8400 | 1406 0006 | bae4 ffff | ff89 4c24 | 0848 895c | 2410 4489 | 5c24 1844 | 894c 241c 
  0x00000250bcc63844: ;   {runtime_call UncommonTrapBlob}
  0x00000250bcc63844: 6666 90e8 

  0x00000250bcc63848: ; ImmutableOopMap {[0]=Oop [8]=NarrowOop [16]=Oop [24]=NarrowOop }
                      ;*aaload {reexecute=0 rethrow=0 return_oop=0}
                      ; - java.lang.ThreadLocal$ThreadLocalMap::getEntry@18 (line 500)
                      ; - java.lang.ThreadLocal::get@12 (line 187)
                      ; - java.lang.ThreadLocal::get@4 (line 172)
                      ; - godot.common.util.ThreadLocalDelegate::getValue@10 (line 7)
                      ; - godot.internal.memory.TransferContext::getBuffer@9 (line 28)
                      ; - godot.internal.memory.TransferContext::readReturnValue@7 (line 73)
                      ; - godot.api.Node2D::getGlobalPosition@41 (line 477)
  0x00000250bcc63848: b40d 85ff 

  0x00000250bcc6384c: ;   {other}
  0x00000250bcc6384c: 0f1f 8400 | 3c06 0007 | ba45 ffff | ff4c 8944 | 2408 894c | 2410 4889 | 5c24 1844 | 894c 2414 
  0x00000250bcc6386c: ;   {runtime_call UncommonTrapBlob}
  0x00000250bcc6386c: 6666 90e8 

  0x00000250bcc63870: ; ImmutableOopMap {rbp=NarrowOop [8]=Oop [16]=NarrowOop [24]=Oop }
                      ;*ifeq {reexecute=1 rethrow=0 return_oop=0}
                      ; - (reexecute) java.lang.ThreadLocal$ThreadLocalMap::getEntry@29 (line 501)
                      ; - java.lang.ThreadLocal::get@12 (line 187)
                      ; - java.lang.ThreadLocal::get@4 (line 172)
                      ; - godot.common.util.ThreadLocalDelegate::getValue@10 (line 7)
                      ; - godot.internal.memory.TransferContext::getBuffer@9 (line 28)
                      ; - godot.internal.memory.TransferContext::readReturnValue@7 (line 73)
                      ; - godot.api.Node2D::getGlobalPosition@41 (line 477)
  0x00000250bcc63870: 8c0d 85ff 

  0x00000250bcc63874: ;   {other}
  0x00000250bcc63874: 0f1f 8400 | 6406 0008 | baec ffff | ff4c 8904 | 244c 8944 | 2408 4489 

  0x00000250bcc6388c: ;   {runtime_call UncommonTrapBlob}
  0x00000250bcc6388c: 5c24 20e8 

  0x00000250bcc63890: ; ImmutableOopMap {[0]=Oop [8]=Oop [32]=NarrowOop }
                      ;*ifnull {reexecute=1 rethrow=0 return_oop=0}
                      ; - (reexecute) java.nio.Buffer::session@4 (line 792)
                      ; - java.nio.DirectByteBuffer::getInt@4 (line 744)
                      ; - java.nio.DirectByteBuffer::getInt@10 (line 753)
                      ; - godot.core.VariantKt::getVariantType@1 (line 104)
                      ; - godot.core.VariantKt::access$getVariantType@1 (line 1)
                      ; - godot.core.VariantParser::toKotlin@7 (line 477)
                      ; - godot.internal.memory.TransferContext::readReturnValue@20 (line 75)
                      ; - godot.api.Node2D::getGlobalPosition@41 (line 477)
  0x00000250bcc63890: 6c0d 85ff 

  0x00000250bcc63894: ;   {other}
  0x00000250bcc63894: 0f1f 8400 | 8406 0009 | ba45 ffff | ff48 893c | 244c 8954 | 2410 4c89 | 5424 184c | 894c 2420 
  0x00000250bcc638b4: ;   {runtime_call UncommonTrapBlob}
  0x00000250bcc638b4: 6666 90e8 

  0x00000250bcc638b8: ; ImmutableOopMap {[0]=Oop [16]=Oop [24]=Oop }
                      ;*if_icmpne {reexecute=1 rethrow=0 return_oop=0}
                      ; - (reexecute) jdk.internal.misc.Unsafe::convEndian@4 (line 3818)
                      ; - jdk.internal.misc.Unsafe::putIntUnaligned@7 (line 3698)
                      ; - jdk.internal.misc.ScopedMemoryAccess::putIntUnalignedInternal@17 (line 1930)
                      ; - jdk.internal.misc.ScopedMemoryAccess::putIntUnaligned@8 (line 1918)
                      ; - java.nio.DirectByteBuffer::putInt@18 (line 773)
                      ; - java.nio.DirectByteBuffer::putInt@11 (line 785)
                      ; - godot.internal.memory.TransferContext::writeArguments@21 (line 36)
                      ; - godot.api.Node2D::getGlobalPosition@7 (line 475)
  0x00000250bcc638b8: 440d 85ff 

  0x00000250bcc638bc: ;   {other}
  0x00000250bcc638bc: 0f1f 8400 | ac06 000a | ba45 ffff | ff4c 8904 | 244c 8944 | 2408 4489 | 4c24 1044 | 895c 2414 
  0x00000250bcc638dc: ;   {runtime_call UncommonTrapBlob}
  0x00000250bcc638dc: 6666 90e8 

  0x00000250bcc638e0: ; ImmutableOopMap {[0]=Oop [8]=Oop }
                      ;*if_icmpne {reexecute=1 rethrow=0 return_oop=0}
                      ; - (reexecute) jdk.internal.misc.Unsafe::convEndian@4 (line 3818)
                      ; - jdk.internal.misc.Unsafe::getIntUnaligned@8 (line 3575)
                      ; - jdk.internal.misc.ScopedMemoryAccess::getIntUnalignedInternal@15 (line 1909)
                      ; - jdk.internal.misc.ScopedMemoryAccess::getIntUnaligned@6 (line 1897)
                      ; - java.nio.DirectByteBuffer::getInt@13 (line 744)
                      ; - java.nio.DirectByteBuffer::getInt@10 (line 753)
                      ; - godot.core.VariantKt::getVariantType@1 (line 104)
                      ; - godot.core.VariantKt::access$getVariantType@1 (line 1)
                      ; - godot.core.VariantParser::toKotlin@7 (line 477)
                      ; - godot.internal.memory.TransferContext::readReturnValue@20 (line 75)
                      ; - godot.api.Node2D::getGlobalPosition@41 (line 477)
  0x00000250bcc638e0: 1c0d 85ff 

  0x00000250bcc638e4: ;   {other}
  0x00000250bcc638e4: 0f1f 8400 | d406 000b | ba45 ffff | ff44 894c 

  0x00000250bcc638f4: ;   {runtime_call UncommonTrapBlob}
  0x00000250bcc638f4: 2404 90e8 

  0x00000250bcc638f8: ; ImmutableOopMap {}
                      ;*if_icmpne {reexecute=1 rethrow=0 return_oop=0}
                      ; - (reexecute) godot.core.VariantParser::toKotlin@16 (line 478)
                      ; - godot.internal.memory.TransferContext::readReturnValue@20 (line 75)
                      ; - godot.api.Node2D::getGlobalPosition@41 (line 477)
  0x00000250bcc638f8: 040d 85ff 

  0x00000250bcc638fc: ;   {other}
  0x00000250bcc638fc: 0f1f 8400 | ec06 000c | ba45 ffff | ff48 8bef | 4489 1c24 

  0x00000250bcc63910: ;   {runtime_call UncommonTrapBlob}
  0x00000250bcc63910: 6666 90e8 

  0x00000250bcc63914: ; ImmutableOopMap {rbp=Oop [0]=NarrowOop }
                      ;*ifnonnull {reexecute=1 rethrow=0 return_oop=0}
                      ; - (reexecute) kotlin.jvm.internal.Intrinsics::checkNotNullParameter@1 (line 130)
                      ; - godot.common.util.ThreadLocalDelegate::getValue@3
                      ; - godot.internal.memory.TransferContext::getBuffer@9 (line 28)
                      ; - godot.internal.memory.TransferContext::writeArguments@7 (line 34)
                      ; - godot.api.Node2D::getGlobalPosition@7 (line 475)
  0x00000250bcc63914: e80c 85ff 

  0x00000250bcc63918: ;   {other}
  0x00000250bcc63918: 0f1f 8400 | 0807 000d | ba45 ffff | ff48 893c | 244c 8954 | 2410 4c89 

  0x00000250bcc63930: ;   {runtime_call UncommonTrapBlob}
  0x00000250bcc63930: 5424 18e8 

  0x00000250bcc63934: ; ImmutableOopMap {[0]=Oop [16]=Oop [24]=Oop }
                      ;*if_icmpge {reexecute=1 rethrow=0 return_oop=0}
                      ; - (reexecute) java.nio.Buffer::nextPutIndex@12 (line 743)
                      ; - java.nio.DirectByteBuffer::putInt@4 (line 785)
                      ; - godot.internal.memory.TransferContext::writeArguments@21 (line 36)
                      ; - godot.api.Node2D::getGlobalPosition@7 (line 475)
  0x00000250bcc63934: c80c 85ff 

  0x00000250bcc63938: ;   {other}
  0x00000250bcc63938: 0f1f 8400 | 2807 000e | ba45 ffff 

  0x00000250bcc63944: ;   {runtime_call UncommonTrapBlob}
  0x00000250bcc63944: ff66 90e8 

  0x00000250bcc63948: ; ImmutableOopMap {rbp=NarrowOop }
                      ;*ifnonnull {reexecute=1 rethrow=0 return_oop=0}
                      ; - (reexecute) kotlin.jvm.internal.Intrinsics::checkNotNullParameter@1 (line 130)
                      ; - godot.common.util.ThreadLocalDelegate::getValue@3
                      ; - godot.internal.memory.TransferContext::getBuffer@9 (line 28)
                      ; - godot.internal.memory.TransferContext::readReturnValue@7 (line 73)
                      ; - godot.api.Node2D::getGlobalPosition@41 (line 477)
  0x00000250bcc63948: b40c 85ff 

  0x00000250bcc6394c: ;   {other}
  0x00000250bcc6394c: 0f1f 8400 | 3c07 000f | ba45 ffff | ff4c 8904 | 244c 8944 | 2408 4489 

  0x00000250bcc63964: ;   {runtime_call UncommonTrapBlob}
  0x00000250bcc63964: 5424 18e8 

  0x00000250bcc63968: ; ImmutableOopMap {[0]=Oop [8]=Oop }
                      ;*if_icmpge {reexecute=1 rethrow=0 return_oop=0}
                      ; - (reexecute) java.nio.Buffer::nextGetIndex@12 (line 720)
                      ; - java.nio.DirectByteBuffer::getInt@4 (line 753)
                      ; - godot.core.VariantKt::getVariantType@1 (line 104)
                      ; - godot.core.VariantKt::access$getVariantType@1 (line 1)
                      ; - godot.core.VariantParser::toKotlin@7 (line 477)
                      ; - godot.internal.memory.TransferContext::readReturnValue@20 (line 75)
                      ; - godot.api.Node2D::getGlobalPosition@41 (line 477)
  0x00000250bcc63968: 940c 85ff 

  0x00000250bcc6396c: ;   {other}
  0x00000250bcc6396c: 0f1f 8400 | 5c07 0010 | ba45 ffff | ff48 8944 | 2410 4c89 | 4424 184c | 8944 2420 

  0x00000250bcc63988: ;   {runtime_call UncommonTrapBlob}
  0x00000250bcc63988: 6666 90e8 

  0x00000250bcc6398c: ; ImmutableOopMap {[16]=Oop [24]=Oop [32]=Oop }
                      ;*if_icmpge {reexecute=1 rethrow=0 return_oop=0}
                      ; - (reexecute) java.nio.Buffer::nextGetIndex@12 (line 720)
                      ; - java.nio.DirectByteBuffer::getFloat@4 (line 953)
                      ; - godot.core.VariantKt::getVector2@5 (line 19)
                      ; - godot.core.VariantKt::access$getVector2@1 (line 1)
                      ; - godot.core.VariantParser$VECTOR2::toUnsafeKotlin@7 (line 176)
                      ; - godot.core.VariantParser$VECTOR2::toUnsafeKotlin@2 (line 175)
                      ; - godot.core.VariantParser::toKotlin@21 (line 479)
                      ; - godot.internal.memory.TransferContext::readReturnValue@20 (line 75)
                      ; - godot.api.Node2D::getGlobalPosition@41 (line 477)
  0x00000250bcc6398c: 700c 85ff 

  0x00000250bcc63990: ;   {other}
  0x00000250bcc63990: 0f1f 8400 | 8007 0011 | ba45 ffff | ff48 8904 | 24c5 fb11 | 4424 084c | 8944 2418 | 4c89 4424 
  0x00000250bcc639b0: 2044 8954 

  0x00000250bcc639b4: ;   {runtime_call UncommonTrapBlob}
  0x00000250bcc639b4: 2428 90e8 

  0x00000250bcc639b8: ; ImmutableOopMap {[0]=Oop [24]=Oop [32]=Oop }
                      ;*if_icmpge {reexecute=1 rethrow=0 return_oop=0}
                      ; - (reexecute) java.nio.Buffer::nextGetIndex@12 (line 720)
                      ; - java.nio.DirectByteBuffer::getFloat@4 (line 953)
                      ; - godot.core.VariantKt::getVector2@14 (line 19)
                      ; - godot.core.VariantKt::access$getVector2@1 (line 1)
                      ; - godot.core.VariantParser$VECTOR2::toUnsafeKotlin@7 (line 176)
                      ; - godot.core.VariantParser$VECTOR2::toUnsafeKotlin@2 (line 175)
                      ; - godot.core.VariantParser::toKotlin@21 (line 479)
                      ; - godot.internal.memory.TransferContext::readReturnValue@20 (line 75)
                      ; - godot.api.Node2D::getGlobalPosition@41 (line 477)
  0x00000250bcc639b8: 440c 85ff 

  0x00000250bcc639bc: ;   {other}
  0x00000250bcc639bc: 0f1f 8400 | ac07 0012 | bade ffff | ff48 893c 

  0x00000250bcc639cc: ;   {runtime_call UncommonTrapBlob}
  0x00000250bcc639cc: 2466 90e8 

  0x00000250bcc639d0: ; ImmutableOopMap {rbp=NarrowOop [0]=Oop }
                      ;*checkcast {reexecute=0 rethrow=0 return_oop=0}
                      ; - godot.internal.memory.TransferContext::getBuffer@12 (line 28)
                      ; - godot.internal.memory.TransferContext::writeArguments@7 (line 34)
                      ; - godot.api.Node2D::getGlobalPosition@7 (line 475)
  0x00000250bcc639d0: 2c0c 85ff 

  0x00000250bcc639d4: ;   {other}
  0x00000250bcc639d4: 0f1f 8400 | c407 0013 | bade ffff 

  0x00000250bcc639e0: ;   {runtime_call UncommonTrapBlob}
  0x00000250bcc639e0: ff66 90e8 

  0x00000250bcc639e4: ; ImmutableOopMap {rbp=NarrowOop }
                      ;*checkcast {reexecute=0 rethrow=0 return_oop=0}
                      ; - godot.internal.memory.TransferContext::getBuffer@12 (line 28)
                      ; - godot.internal.memory.TransferContext::readReturnValue@7 (line 73)
                      ; - godot.api.Node2D::getGlobalPosition@41 (line 477)
  0x00000250bcc639e4: 180c 85ff 

  0x00000250bcc639e8: ;   {other}
  0x00000250bcc639e8: 0f1f 8400 | d807 0014 | baf6 ffff 

  0x00000250bcc639f4: ;   {runtime_call UncommonTrapBlob}
  0x00000250bcc639f4: ff66 90e8 

  0x00000250bcc639f8: ; ImmutableOopMap {}
                      ;*invokevirtual get {reexecute=0 rethrow=0 return_oop=0}
                      ; - godot.common.util.ThreadLocalDelegate::getValue@10 (line 7)
                      ; - godot.internal.memory.TransferContext::getBuffer@9 (line 28)
                      ; - godot.internal.memory.TransferContext::writeArguments@7 (line 34)
                      ; - godot.api.Node2D::getGlobalPosition@7 (line 475)
  0x00000250bcc639f8: 040c 85ff 

  0x00000250bcc639fc: ;   {other}
  0x00000250bcc639fc: 0f1f 8400 | ec07 0015 | baf6 ffff 

  0x00000250bcc63a08: ;   {runtime_call UncommonTrapBlob}
  0x00000250bcc63a08: ff66 90e8 

  0x00000250bcc63a0c: ; ImmutableOopMap {}
                      ;*arraylength {reexecute=0 rethrow=0 return_oop=0}
                      ; - java.lang.ThreadLocal$ThreadLocalMap::getEntry@8 (line 499)
                      ; - java.lang.ThreadLocal::get@12 (line 187)
                      ; - java.lang.ThreadLocal::get@4 (line 172)
                      ; - godot.common.util.ThreadLocalDelegate::getValue@10 (line 7)
                      ; - godot.internal.memory.TransferContext::getBuffer@9 (line 28)
                      ; - godot.internal.memory.TransferContext::writeArguments@7 (line 34)
                      ; - godot.api.Node2D::getGlobalPosition@7 (line 475)
  0x00000250bcc63a0c: f00b 85ff 

  0x00000250bcc63a10: ;   {other}
  0x00000250bcc63a10: 0f1f 8400 | 0008 0016 | baf4 ffff | ff48 8bef 

  0x00000250bcc63a20: ;   {runtime_call UncommonTrapBlob}
  0x00000250bcc63a20: 6666 90e8 

  0x00000250bcc63a24: ; ImmutableOopMap {rbp=Oop }
                      ;*checkcast {reexecute=0 rethrow=0 return_oop=0}
                      ; - godot.internal.memory.TransferContext::getBuffer@12 (line 28)
                      ; - godot.internal.memory.TransferContext::writeArguments@7 (line 34)
                      ; - godot.api.Node2D::getGlobalPosition@7 (line 475)
  0x00000250bcc63a24: d80b 85ff 

  0x00000250bcc63a28: ;   {other}
  0x00000250bcc63a28: 0f1f 8400 | 1808 0017 | baf6 ffff 

  0x00000250bcc63a34: ;   {runtime_call UncommonTrapBlob}
  0x00000250bcc63a34: ff66 90e8 

  0x00000250bcc63a38: ; ImmutableOopMap {}
                      ;*invokevirtual get {reexecute=0 rethrow=0 return_oop=0}
                      ; - godot.common.util.ThreadLocalDelegate::getValue@10 (line 7)
                      ; - godot.internal.memory.TransferContext::getBuffer@9 (line 28)
                      ; - godot.internal.memory.TransferContext::readReturnValue@7 (line 73)
                      ; - godot.api.Node2D::getGlobalPosition@41 (line 477)
  0x00000250bcc63a38: c40b 85ff 

  0x00000250bcc63a3c: ;   {other}
  0x00000250bcc63a3c: 0f1f 8400 | 2c08 0018 | baf6 ffff 

  0x00000250bcc63a48: ;   {runtime_call UncommonTrapBlob}
  0x00000250bcc63a48: ff66 90e8 

  0x00000250bcc63a4c: ; ImmutableOopMap {}
                      ;*arraylength {reexecute=0 rethrow=0 return_oop=0}
                      ; - java.lang.ThreadLocal$ThreadLocalMap::getEntry@8 (line 499)
                      ; - java.lang.ThreadLocal::get@12 (line 187)
                      ; - java.lang.ThreadLocal::get@4 (line 172)
                      ; - godot.common.util.ThreadLocalDelegate::getValue@10 (line 7)
                      ; - godot.internal.memory.TransferContext::getBuffer@9 (line 28)
                      ; - godot.internal.memory.TransferContext::readReturnValue@7 (line 73)
                      ; - godot.api.Node2D::getGlobalPosition@41 (line 477)
  0x00000250bcc63a4c: b00b 85ff 

  0x00000250bcc63a50: ;   {other}
  0x00000250bcc63a50: 0f1f 8400 | 4008 0019 | baf4 ffff 

  0x00000250bcc63a5c: ;   {runtime_call UncommonTrapBlob}
  0x00000250bcc63a5c: ff66 90e8 

  0x00000250bcc63a60: ; ImmutableOopMap {}
                      ;*checkcast {reexecute=0 rethrow=0 return_oop=0}
                      ; - godot.internal.memory.TransferContext::getBuffer@12 (line 28)
                      ; - godot.internal.memory.TransferContext::readReturnValue@7 (line 73)
                      ; - godot.api.Node2D::getGlobalPosition@41 (line 477)
  0x00000250bcc63a60: 9c0b 85ff 

  0x00000250bcc63a64: ;   {other}
  0x00000250bcc63a64: 0f1f 8400 | 5408 001a | ba45 ffff | ff48 8bef | 4889 1c24 | 4889 4c24 | 0844 894c 

  0x00000250bcc63a80: ;   {runtime_call UncommonTrapBlob}
  0x00000250bcc63a80: 2414 90e8 

  0x00000250bcc63a84: ; ImmutableOopMap {rbp=Oop [0]=Oop [8]=Oop [20]=NarrowOop }
                      ;*ifnull {reexecute=1 rethrow=0 return_oop=0}
                      ; - (reexecute) java.lang.ThreadLocal::get@7 (line 186)
                      ; - java.lang.ThreadLocal::get@4 (line 172)
                      ; - godot.common.util.ThreadLocalDelegate::getValue@10 (line 7)
                      ; - godot.internal.memory.TransferContext::getBuffer@9 (line 28)
                      ; - godot.internal.memory.TransferContext::writeArguments@7 (line 34)
                      ; - godot.api.Node2D::getGlobalPosition@7 (line 475)
  0x00000250bcc63a84: 780b 85ff 

  0x00000250bcc63a88: ;   {other}
  0x00000250bcc63a88: 0f1f 8400 | 7808 001b | ba45 ffff | ff48 8bef | 4889 4c24 | 0844 894c | 2410 4889 | 5c24 1844 
  0x00000250bcc63aa8: 8954 2414 | 4489 4424 

  0x00000250bcc63ab0: ;   {runtime_call UncommonTrapBlob}
  0x00000250bcc63ab0: 2466 90e8 

  0x00000250bcc63ab4: ; ImmutableOopMap {rbp=Oop [8]=Oop [16]=NarrowOop [24]=Oop [36]=NarrowOop }
                      ;*ifnull {reexecute=1 rethrow=0 return_oop=0}
                      ; - (reexecute) java.lang.ThreadLocal$ThreadLocalMap::getEntry@21 (line 501)
                      ; - java.lang.ThreadLocal::get@12 (line 187)
                      ; - java.lang.ThreadLocal::get@4 (line 172)
                      ; - godot.common.util.ThreadLocalDelegate::getValue@10 (line 7)
                      ; - godot.internal.memory.TransferContext::getBuffer@9 (line 28)
                      ; - godot.internal.memory.TransferContext::writeArguments@7 (line 34)
                      ; - godot.api.Node2D::getGlobalPosition@7 (line 475)
  0x00000250bcc63ab4: 480b 85ff 

  0x00000250bcc63ab8: ;   {other}
  0x00000250bcc63ab8: 0f1f 8400 | a808 001c | ba45 ffff | ff48 8beb | 894c 240c 

  0x00000250bcc63acc: ;   {runtime_call UncommonTrapBlob}
  0x00000250bcc63acc: 6666 90e8 

  0x00000250bcc63ad0: ; ImmutableOopMap {rbp=Oop [0]=Oop [12]=NarrowOop }
                      ;*ifnull {reexecute=1 rethrow=0 return_oop=0}
                      ; - (reexecute) java.lang.ThreadLocal::get@7 (line 186)
                      ; - java.lang.ThreadLocal::get@4 (line 172)
                      ; - godot.common.util.ThreadLocalDelegate::getValue@10 (line 7)
                      ; - godot.internal.memory.TransferContext::getBuffer@9 (line 28)
                      ; - godot.internal.memory.TransferContext::readReturnValue@7 (line 73)
                      ; - godot.api.Node2D::getGlobalPosition@41 (line 477)
  0x00000250bcc63ad0: 2c0b 85ff 

  0x00000250bcc63ad4: ;   {other}
  0x00000250bcc63ad4: 0f1f 8400 | c408 001d | ba45 ffff | ff4c 8944 | 2408 894c | 2410 4889 | 5c24 1844 | 894c 2414 
  0x00000250bcc63af4: ;   {runtime_call UncommonTrapBlob}
  0x00000250bcc63af4: 6666 90e8 

  0x00000250bcc63af8: ; ImmutableOopMap {rbp=NarrowOop [8]=Oop [16]=NarrowOop [24]=Oop }
                      ;*ifnull {reexecute=1 rethrow=0 return_oop=0}
                      ; - (reexecute) java.lang.ThreadLocal$ThreadLocalMap::getEntry@21 (line 501)
                      ; - java.lang.ThreadLocal::get@12 (line 187)
                      ; - java.lang.ThreadLocal::get@4 (line 172)
                      ; - godot.common.util.ThreadLocalDelegate::getValue@10 (line 7)
                      ; - godot.internal.memory.TransferContext::getBuffer@9 (line 28)
                      ; - godot.internal.memory.TransferContext::readReturnValue@7 (line 73)
                      ; - godot.api.Node2D::getGlobalPosition@41 (line 477)
  0x00000250bcc63af8: 040b 85ff 

  0x00000250bcc63afc: ;   {other}
  0x00000250bcc63afc: 0f1f 8400 | ec08 001e | 488b d0eb | 0348 8bd0 | 4883 c440 

  0x00000250bcc63b10: ;   {runtime_call _rethrow_Java}
  0x00000250bcc63b10: 5de9 eaf1 

  0x00000250bcc63b14: ;   {internal_word}
  0x00000250bcc63b14: 9aff 49ba | 3037 c6bc | 5002 0000 | 4d89 9768 

  0x00000250bcc63b24: ;   {runtime_call SafepointBlob}
  0x00000250bcc63b24: 0400 00e9 | d41b 85ff 

  0x00000250bcc63b2c: ;   {runtime_call StubRoutines (final stubs)}
  0x00000250bcc63b2c: e82f 1283 | ffe9 44f9 | ffff f4f4 
[Stub Code]
  0x00000250bcc63b38: ;   {no_reloc}
  0x00000250bcc63b38: 48bb 0000 | 0000 0000 

  0x00000250bcc63b40: ;   {runtime_call}
  0x00000250bcc63b40: 0000 e9fb 

  0x00000250bcc63b44: ;   {runtime_call ExceptionBlob}
  0x00000250bcc63b44: ffff ffe9 | 3491 91ff 
[Deopt Handler Code]
  0x00000250bcc63b4c: e800 0000 | 0048 832c 

  0x00000250bcc63b54: ;   {runtime_call DeoptimizationBlob}
  0x00000250bcc63b54: 2405 e945 | 0e85 fff4 | f4f4 f4f4 
[/MachCode]


Compiled method (c2)    9894 1488       4       godot.entry.WeaponRegistrar$register$1$1$2::invoke (19 bytes)
 total in heap  [0x00000250bcc54490,0x00000250bcc5b338] = 28328
 relocation     [0x00000250bcc545f0,0x00000250bcc54ad8] = 1256
 constants      [0x00000250bcc54ae0,0x00000250bcc54b00] = 32
 main code      [0x00000250bcc54b00,0x00000250bcc57578] = 10872
 stub code      [0x00000250bcc57578,0x00000250bcc57638] = 192
 oops           [0x00000250bcc57638,0x00000250bcc576a0] = 104
 metadata       [0x00000250bcc576a0,0x00000250bcc57978] = 728
 scopes data    [0x00000250bcc57978,0x00000250bcc5a180] = 10248
 scopes pcs     [0x00000250bcc5a180,0x00000250bcc5ae40] = 3264
 dependencies   [0x00000250bcc5ae40,0x00000250bcc5aed0] = 144
 handler table  [0x00000250bcc5aed0,0x00000250bcc5b150] = 640
 nul chk table  [0x00000250bcc5b150,0x00000250bcc5b338] = 488


[Constant Pool]
             Address          hex4                    hex8      
  0x00000250bcc54ae0:   0x54442d18      0x3ff921fb54442d18      
  0x00000250bcc54ae4:   0x3ff921fb                              
  0x00000250bcc54ae8:   0x54442d18      0x400921fb54442d18      
  0x00000250bcc54aec:   0x400921fb                              
  0x00000250bcc54af0:   0xf4f4f4f4      0xf4f4f4f4f4f4f4f4      
  0x00000250bcc54af4:   0xf4f4f4f4                              
  0x00000250bcc54af8:   0xf4f4f4f4      0xf4f4f4f4f4f4f4f4      
  0x00000250bcc54afc:   0xf4f4f4f4                              

[MachCode]
[Entry Point]
  # {method} {0x000002510f7e15b8} 'invoke' '(Ljava/lang/Object;Ljava/lang/Object;)Ljava/lang/Object;' in 'godot/entry/WeaponRegistrar$register$1$1$2'
  # this:     rdx:rdx   = 'godot/entry/WeaponRegistrar$register$1$1$2'
  # parm0:    r8:r8     = 'java/lang/Object'
  # parm1:    r9:r9     = 'java/lang/Object'
  #           [sp+0x80]  (sp of caller)
  0x00000250bcc54b00: ;   {no_reloc}
  0x00000250bcc54b00: 448b 5208 | 49bb 0000 | 00cd 5002 | 0000 4d03 | d349 3bc2 

  0x00000250bcc54b14: ;   {runtime_call ic_miss_stub}
  0x00000250bcc54b14: 0f85 669c | 85ff 6690 | 0f1f 4000 
[Verified Entry Point]
  0x00000250bcc54b20: 8984 2400 | 80ff ff55 | 4883 ec70 | 4181 7f20 | 0300 0000 | 0f85 342a | 0000 4c8b | da41 8b48 
  0x00000250bcc54b40: ;   {metadata('game/items/weapons/Weapon')}
  0x00000250bcc54b40: 0881 f9f8 | 8e24 010f | 8593 2000 | 004d 8bd0 

  0x00000250bcc54b50: ; implicit exception: dispatches to 0x00000250bcc56db4
  0x00000250bcc54b50: 418b 4908 

  0x00000250bcc54b54: ;   {metadata('java/lang/Double')}
  0x00000250bcc54b54: 81f9 c81e | 0300 0f85 | a020 0000 | 450f b642 | 0c4d 8b9f | 8803 0000 | 498b 3b45 | 85c0 0f85 
  0x00000250bcc54b74: 0605 0000 | 418b 6a40 

  0x00000250bcc54b7c: ; implicit exception: dispatches to 0x00000250bcc56f60
  0x00000250bcc54b7c: 458b 44ec 

  0x00000250bcc54b80: ;   {metadata('java/util/ArrayList')}
  0x00000250bcc54b80: 0841 81f8 | d8a8 0b00 | 0f85 b215 | 0000 4d8d | 1cec 458b | 5b10 4585 | db0f 853c | 0f00 0041 
  0x00000250bcc54ba0: 807f 4000 | 0f85 2a10 | 0000 4589 | 6244 458b 

  0x00000250bcc54bb0: ;   {metadata('java/util/ArrayList')}
  0x00000250bcc54bb0: 5cec 0841 | 81fb d8a8 | 0b00 0f85 | 9815 0000 | 4d8d 1cec | 458b 4310 | 4585 c00f | 8549 0f00 
  0x00000250bcc54bd0: ;   {oop(a 'java/lang/Class'{0x0000000705600248} = 'game/autoloads/Global')}
  0x00000250bcc54bd0: 0049 bb48 | 0260 0507 | 0000 0045 | 8b43 7047 | 8b5c c424 | 4585 db0f | 843f 1500 

  0x00000250bcc54bec: ;   {oop(a 'kotlin/reflect/KProperty'[1] {0x0000000704a000f8})}
  0x00000250bcc54bec: 0049 b8f8 | 00a0 0407 | 0000 0041 | 8b68 1085 | ed0f 8405 

  0x00000250bcc54c00: ;   {oop(a 'godot/common/util/ThreadLocalDelegate'{0x0000000704a00110})}
  0x00000250bcc54c00: 1d00 0049 | b810 01a0 | 0407 0000 | 0041 8b48 | 1045 8b44 

  0x00000250bcc54c14: ;   {metadata('java/lang/ThreadLocal$SuppliedThreadLocal')}
  0x00000250bcc54c14: cc08 4181 | f868 3f04 | 010f 85ed | 1500 0044 | 8b47 4c48 | c1e1 0343 | 8b5c c414 | 458b cb48 
  0x00000250bcc54c34: 897c 2420 | 4c89 5424 | 3045 8b54 | dc0c 418d | 7aff 2379 | 0c45 85d2 | 0f86 de15 | 0000 4d8d 
  0x00000250bcc54c54: 14dc 458b | 5cba 1043 | 8b5c dc0c | 48c1 e303 | 483b d90f | 85f3 1500 | 0043 8b6c | dc1c 458b 
  0x00000250bcc54c74: ;   {metadata('java/nio/DirectByteBuffer')}
  0x00000250bcc54c74: 54ec 0841 | 81fa 780b | 1c00 0f85 | 1020 0000 | 498d 0cec | 8b69 1cc7 | 410c ffff | ffff 4489 
  0x00000250bcc54c94: 6118 83fd | 040f 8c85 | 1c00 00c7 | 4118 0400 | 0000 448b | 5124 4c8b | 5910 4585 | d20f 85e9 
  0x00000250bcc54cb4: 1500 000f | b669 2d85 | ed0f 8595 

  0x00000250bcc54cc0: ;   {oop(a 'godot/core/VariantParser$VECTOR2'{0x0000000704a00728})}
  0x00000250bcc54cc0: 1b00 0049 | ba28 07a0 | 0407 0000 | 0041 8b7a | 184f 8b44 | cc10 4d8b | d345 8922 

  0x00000250bcc54cdc: ;   {oop(a 'godot/internal/memory/TransferContext'{0x0000000704a02b40})}
  0x00000250bcc54cdc: 48ba 402b | a004 0700 | 0000 49b9 | 707e 40a7 | 5002 0000 

  0x00000250bcc54cf0: ;   {optimized virtual_call}
  0x00000250bcc54cf0: 6666 90e8 

  0x00000250bcc54cf4: ; ImmutableOopMap {[32]=Oop [48]=Oop }
                      ;*invokespecial icall {reexecute=0 rethrow=0 return_oop=0}
                      ; - godot.internal.memory.TransferContext::callMethod@17 (line 79)
                      ; - godot.api.Node2D::getScale@29 (line 413)
                      ; - game.entity.Player::isFacingRight@4 (line 261)
                      ; - game.items.weapons.Weapon::getIdleRotation@9 (line 139)
                      ; - game.items.weapons.Weapon::getRotationToTarget@20 (line 156)
                      ; - game.items.weapons.Weapon::rotateToTarget@21 (line 177)
                      ; - game.items.weapons.Weapon::_process@32 (line 192)
                      ; - godot.entry.WeaponRegistrar$register$1$1$2::invoke@8 (line 41)
                      ; - godot.entry.WeaponRegistrar$register$1$1$2::invoke@12 (line 41)
  0x00000250bcc54cf4: 48db fdff 

  0x00000250bcc54cf8: ;   {other}
  0x00000250bcc54cf8: 0f1f 8400 | 6808 0000 

  0x00000250bcc54d00: ;   {oop(a 'kotlin/reflect/KProperty'[1] {0x0000000704a000f8})}
  0x00000250bcc54d00: 49ba f800 | a004 0700 | 0000 418b | 6a10 85ed | 0f84 3a1c 

  0x00000250bcc54d14: ;   {oop(a 'godot/common/util/ThreadLocalDelegate'{0x0000000704a00110})}
  0x00000250bcc54d14: 0000 49ba | 1001 a004 | 0700 0000 | 458b 4210 

  0x00000250bcc54d24: ; implicit exception: dispatches to 0x00000250bcc56ff4
  0x00000250bcc54d24: 478b 54c4 

  0x00000250bcc54d28: ;   {metadata('java/lang/ThreadLocal$SuppliedThreadLocal')}
  0x00000250bcc54d28: 0841 81fa | 683f 0401 | 0f85 9a15 | 0000 4c8b | 4c24 2045 | 8b59 4c4b | 8d0c c447 | 8b44 dc14 
  0x00000250bcc54d48: ; implicit exception: dispatches to 0x00000250bcc57008
  0x00000250bcc54d48: 478b 54c4 | 0c45 8d4a | ff44 2349 | 0c45 85d2 | 0f86 8e15 | 0000 4f8d | 14c4 478b | 548a 1043 
  0x00000250bcc54d68: 8b5c d40c | 4c8b c349 | c1e0 034c | 3bc1 0f85 | 9c15 0000 | 438b 6cd4 | 1c45 8b54 

  0x00000250bcc54d84: ;   {metadata('java/nio/DirectByteBuffer')}
  0x00000250bcc54d84: ec08 4181 | fa78 0b1c | 000f 8539 | 1f00 004d | 8d14 ec41 | 8b6a 1c41 | c742 0cff | ffff ff45 
  0x00000250bcc54da4: 8962 1883 | fd04 0f8c | bc1b 0000 | 41c7 4218 | 0400 0000 | 458b 5a24 | 498b 6a10 | 4585 db0f 
  0x00000250bcc54dc4: 858b 1500 | 0041 0fb6 | 522d 4c89 | 5424 284c | 8bd5 458b | 024c 8b54 | 2428 498b 

  0x00000250bcc54de0: ;   {static_call}
  0x00000250bcc54de0: ea66 90e8 

  0x00000250bcc54de4: ; ImmutableOopMap {rbp=Oop [32]=Oop [40]=Oop [48]=Oop }
                      ;*invokestatic convEndian {reexecute=0 rethrow=0 return_oop=0}
                      ; - jdk.internal.misc.Unsafe::getIntUnaligned@8 (line 3575)
                      ; - jdk.internal.misc.ScopedMemoryAccess::getIntUnalignedInternal@15 (line 1909)
                      ; - jdk.internal.misc.ScopedMemoryAccess::getIntUnaligned@6 (line 1897)
                      ; - java.nio.DirectByteBuffer::getInt@13 (line 744)
                      ; - java.nio.DirectByteBuffer::getInt@10 (line 753)
                      ; - godot.core.VariantKt::getVariantType@1 (line 104)
                      ; - godot.core.VariantKt::access$getVariantType@1 (line 1)
                      ; - godot.core.VariantParser::toKotlin@7 (line 477)
                      ; - godot.internal.memory.TransferContext::readReturnValue@20 (line 75)
                      ; - godot.api.Node2D::getScale@41 (line 414)
                      ; - game.entity.Player::isFacingRight@4 (line 261)
                      ; - game.items.weapons.Weapon::getIdleRotation@9 (line 139)
                      ; - game.items.weapons.Weapon::getRotationToTarget@20 (line 156)
                      ; - game.items.weapons.Weapon::rotateToTarget@21 (line 177)
                      ; - game.items.weapons.Weapon::_process@32 (line 192)
                      ; - godot.entry.WeaponRegistrar$register$1$1$2::invoke@8 (line 41)
                      ; - godot.entry.WeaponRegistrar$register$1$1$2::invoke@12 (line 41)
  0x00000250bcc54de4: 38a0 0000 

  0x00000250bcc54de8: ;   {other}
  0x00000250bcc54de8: 0f1f 8400 | 5809 0001 

  0x00000250bcc54df0: ;   {oop(a 'godot/core/VariantParser$VECTOR2'{0x0000000704a00728})}
  0x00000250bcc54df0: 49ba 2807 | a004 0700 | 0000 418b | 6a18 3bc5 | 0f85 821a | 0000 4c8b | 4424 2845 | 8b58 1841 
  0x00000250bcc54e10: 8b68 1c41 | 2beb 83fd | 040f 8c75 | 1b00 0041 | 8b68 2445 | 8d53 0445 | 8950 184d | 63cb 4d03 
  0x00000250bcc54e30: 4810 85ed | 0f85 4615 | 0000 410f 

  0x00000250bcc54e3c: ;   {oop(a 'jdk/internal/misc/Unsafe'{0x0000000704a019c8})}
  0x00000250bcc54e3c: b678 2d48 | bac8 19a0 | 0407 0000 | 0045 33c0 | 4c8b 5424 | 2849 8bea 

  0x00000250bcc54e54: ;   {optimized virtual_call}
  0x00000250bcc54e54: 6666 90e8 

  0x00000250bcc54e58: ; ImmutableOopMap {rbp=Oop [32]=Oop [40]=Oop [48]=Oop }
                      ;*invokevirtual getIntUnaligned {reexecute=0 rethrow=0 return_oop=0}
                      ; - jdk.internal.misc.ScopedMemoryAccess::getIntUnalignedInternal@15 (line 1909)
                      ; - jdk.internal.misc.ScopedMemoryAccess::getIntUnaligned@6 (line 1897)
                      ; - java.nio.DirectByteBuffer::getFloat@13 (line 944)
                      ; - java.nio.DirectByteBuffer::getFloat@10 (line 953)
                      ; - godot.core.VariantKt::getVector2@5 (line 19)
                      ; - godot.core.VariantKt::access$getVector2@1 (line 1)
                      ; - godot.core.VariantParser$VECTOR2::toUnsafeKotlin@7 (line 176)
                      ; - godot.core.VariantParser$VECTOR2::toUnsafeKotlin@2 (line 175)
                      ; - godot.core.VariantParser::toKotlin@21 (line 479)
                      ; - godot.internal.memory.TransferContext::readReturnValue@20 (line 75)
                      ; - godot.api.Node2D::getScale@41 (line 414)
                      ; - game.entity.Player::isFacingRight@4 (line 261)
                      ; - game.items.weapons.Weapon::getIdleRotation@9 (line 139)
                      ; - game.items.weapons.Weapon::getRotationToTarget@20 (line 156)
                      ; - game.items.weapons.Weapon::rotateToTarget@21 (line 177)
                      ; - game.items.weapons.Weapon::_process@32 (line 192)
                      ; - godot.entry.WeaponRegistrar$register$1$1$2::invoke@8 (line 41)
                      ; - godot.entry.WeaponRegistrar$register$1$1$2::invoke@12 (line 41)
  0x00000250bcc54e58: e419 feff 

  0x00000250bcc54e5c: ;   {other}
  0x00000250bcc54e5c: 0f1f 8400 | cc09 0002 | 8944 2448 | 4c8b d541 | 8b6a 1c45 | 8b52 1841 | 2bea c5f9 | 6ec0 c5fa 
  0x00000250bcc54e7c: 5ac0 83fd | 040f 8c35 | 1b00 004c | 8b5c 2428 | 418b 6b24 | 458d 4204 | 4589 4318 | 4d63 ca4d 
  0x00000250bcc54e9c: 8bd3 4d03 | 4a10 85ed | 0f85 0215 | 0000 c5fb | 1144 2438 | 410f b67a 

  0x00000250bcc54eb4: ;   {oop(a 'jdk/internal/misc/Unsafe'{0x0000000704a019c8})}
  0x00000250bcc54eb4: 2d48 bac8 | 19a0 0407 | 0000 0045 | 33c0 498b 

  0x00000250bcc54ec4: ;   {optimized virtual_call}
  0x00000250bcc54ec4: eb66 90e8 

  0x00000250bcc54ec8: ; ImmutableOopMap {rbp=Oop [32]=Oop [40]=Oop [48]=Oop }
                      ;*invokevirtual getIntUnaligned {reexecute=0 rethrow=0 return_oop=0}
                      ; - jdk.internal.misc.ScopedMemoryAccess::getIntUnalignedInternal@15 (line 1909)
                      ; - jdk.internal.misc.ScopedMemoryAccess::getIntUnaligned@6 (line 1897)
                      ; - java.nio.DirectByteBuffer::getFloat@13 (line 944)
                      ; - java.nio.DirectByteBuffer::getFloat@10 (line 953)
                      ; - godot.core.VariantKt::getVector2@14 (line 19)
                      ; - godot.core.VariantKt::access$getVector2@1 (line 1)
                      ; - godot.core.VariantParser$VECTOR2::toUnsafeKotlin@7 (line 176)
                      ; - godot.core.VariantParser$VECTOR2::toUnsafeKotlin@2 (line 175)
                      ; - godot.core.VariantParser::toKotlin@21 (line 479)
                      ; - godot.internal.memory.TransferContext::readReturnValue@20 (line 75)
                      ; - godot.api.Node2D::getScale@41 (line 414)
                      ; - game.entity.Player::isFacingRight@4 (line 261)
                      ; - game.items.weapons.Weapon::getIdleRotation@9 (line 139)
                      ; - game.items.weapons.Weapon::getRotationToTarget@20 (line 156)
                      ; - game.items.weapons.Weapon::rotateToTarget@21 (line 177)
                      ; - game.items.weapons.Weapon::_process@32 (line 192)
                      ; - godot.entry.WeaponRegistrar$register$1$1$2::invoke@8 (line 41)
                      ; - godot.entry.WeaponRegistrar$register$1$1$2::invoke@12 (line 41)
  0x00000250bcc54ec8: 7419 feff 

  0x00000250bcc54ecc: ;   {other}
  0x00000250bcc54ecc: 0f1f 8400 | 3c0a 0003 | c5f0 57c9 | c5fa 1044 | 2448 c5f8 | 2ec8 7606 | c5f9 57c0 

  0x00000250bcc54ee8: ;   {section_word}
  0x00000250bcc54ee8: eb08 c5fb | 1005 f6fb | ffff 498b | 87b8 0100 | 004c 8bd0 | 4983 c218 | c5fb 5ac0 | c5fa 5ac0 
  0x00000250bcc54f08: 4d3b 97c8 | 0100 000f | 83f6 0c00 | 004d 8997 | b801 0000 | 410f 0d8a | c000 0000 | 48c7 0001 
  0x00000250bcc54f28: ;   {metadata('java/lang/Double')}
  0x00000250bcc54f28: 0000 00c7 | 4008 c81e | 0300 4489 | 600c 4c89 | 6010 c5fb 

  0x00000250bcc54f3c: ;   {oop(a 'kotlin/reflect/KProperty'[1] {0x0000000704a000f8})}
  0x00000250bcc54f3c: 1140 1049 | baf8 00a0 | 0407 0000 | 0041 8b6a | 1085 ed0f | 8476 1900 

  0x00000250bcc54f54: ;   {oop(a 'godot/common/util/ThreadLocalDelegate'{0x0000000704a00110})}
  0x00000250bcc54f54: 0049 ba10 | 01a0 0407 | 0000 0045 | 8b52 1047 | 8b44 d408 

  0x00000250bcc54f68: ;   {metadata('java/lang/ThreadLocal$SuppliedThreadLocal')}
  0x00000250bcc54f68: 4181 f868 | 3f04 010f | 85ff 1100 | 004c 8b44 | 2420 458b | 584c 49c1 | e203 478b | 4cdc 1443 
  0x00000250bcc54f88: 8b4c cc0c | 4889 4424 | 2844 8d41 | ff45 2342 | 0c85 c90f | 86f7 1100 | 0049 c1e1 | 0343 8b6c 
  0x00000250bcc54fa8: 8110 458b | 4cec 0c49 | c1e1 034d | 3bca 0f85 | 0412 0000 | 418b 6cec | 1c45 8b5c 

  0x00000250bcc54fc4: ;   {metadata('java/nio/DirectByteBuffer')}
  0x00000250bcc54fc4: ec08 4181 | fb78 0b1c | 000f 854d | 1d00 0049 | 8d0c ec8b | 691c c741 | 0cff ffff | ff44 8961 
  0x00000250bcc54fe4: 1883 fd04 | 0f8c fe18 | 0000 c741 | 1804 0000 | 0044 8b59 | 244c 8b51 | 1045 85db | 0f85 de11 
  0x00000250bcc55004: 0000 0fb6 | 692d 85ed | 0f85 2218 | 0000 41c7 | 0201 0000 

  0x00000250bcc55018: ;   {oop(a 'godot/core/VariantParser$DOUBLE'{0x0000000704a04ca8})}
  0x00000250bcc55018: 0048 baa8 | 4ca0 0407 | 0000 004c | 8bc1 4c8b | c848 8be9 

  0x00000250bcc5502c: ;   {optimized virtual_call}
  0x00000250bcc5502c: 6666 90e8 

  0x00000250bcc55030: ; ImmutableOopMap {rbp=Oop [32]=Oop [40]=Oop [48]=Oop }
                      ;*invokeinterface toGodot {reexecute=0 rethrow=0 return_oop=0}
                      ; - godot.internal.memory.TransferContext::writeArguments@59 (line 38)
                      ; - godot.api.Node2D::setRotation@23 (line 368)
                      ; - game.items.weapons.Weapon::rotateToTarget@25 (line 177)
                      ; - game.items.weapons.Weapon::_process@32 (line 192)
                      ; - godot.entry.WeaponRegistrar$register$1$1$2::invoke@8 (line 41)
                      ; - godot.entry.WeaponRegistrar$register$1$1$2::invoke@12 (line 41)
  0x00000250bcc55030: 2cd5 feff 

  0x00000250bcc55034: ;   {other}
  0x00000250bcc55034: 0f1f 8400 | a40b 0004 | 4c8b 5424 | 304d 8b42 

  0x00000250bcc55044: ;   {oop(a 'godot/core/VariantParser$NIL'{0x0000000704a027e8})}
  0x00000250bcc55044: 1049 bae8 | 27a0 0407 | 0000 0041 | 8b7a 1849 | b970 8c40 | a750 0200 

  0x00000250bcc5505c: ;   {oop(a 'godot/internal/memory/TransferContext'{0x0000000704a02b40})}
  0x00000250bcc5505c: 0048 ba40 | 2ba0 0407 

  0x00000250bcc55064: ;   {optimized virtual_call}
  0x00000250bcc55064: 0000 00e8 

  0x00000250bcc55068: ; ImmutableOopMap {[32]=Oop [48]=Oop }
                      ;*invokespecial icall {reexecute=0 rethrow=0 return_oop=0}
                      ; - godot.internal.memory.TransferContext::callMethod@17 (line 79)
                      ; - godot.api.Node2D::setRotation@45 (line 369)
                      ; - game.items.weapons.Weapon::rotateToTarget@25 (line 177)
                      ; - game.items.weapons.Weapon::_process@32 (line 192)
                      ; - godot.entry.WeaponRegistrar$register$1$1$2::invoke@8 (line 41)
                      ; - godot.entry.WeaponRegistrar$register$1$1$2::invoke@12 (line 41)
  0x00000250bcc55068: d4d7 fdff 

  0x00000250bcc5506c: ;   {other}
  0x00000250bcc5506c: 0f1f 8400 | dc0b 0005 | 4c8b 5424 | 3048 8b7c | 2420 458b | 4230 4585 | c00f 8467 

  0x00000250bcc55088: ;   {oop(a 'kotlin/reflect/KProperty'[1] {0x0000000704a000f8})}
  0x00000250bcc55088: 0c00 0049 | bbf8 00a0 | 0407 0000 | 0041 8b6b | 1085 ed0f | 8453 1500 

  0x00000250bcc550a0: ;   {oop(a 'godot/common/util/ThreadLocalDelegate'{0x0000000704a00110})}
  0x00000250bcc550a0: 0049 bb10 | 01a0 0407 | 0000 0041 | 8b4b 1045 | 8b5c cc08 

  0x00000250bcc550b4: ;   {metadata('java/lang/ThreadLocal$SuppliedThreadLocal')}
  0x00000250bcc550b4: 4181 fb68 | 3f04 010f | 8557 0c00 | 0044 8b5f | 4c4d 8d0c | cc43 8b5c | dc14 418b | cb48 897c 
  0x00000250bcc550d4: 2428 4c89 | 5424 2045 | 8b5c dc0c | 458d 53ff | 4523 510c | 4585 db0f | 8647 0c00 | 004d 8d1c 
  0x00000250bcc550f4: dc43 8b6c | 9310 418b | 5cec 0c4c | 8bdb 49c1 | e303 4d3b | d90f 8559 | 0c00 0041 | 8b6c ec1c 
  0x00000250bcc55114: ; implicit exception: dispatches to 0x00000250bcc56df8
  0x00000250bcc55114: 458b 54ec 

  0x00000250bcc55118: ;   {metadata('java/nio/DirectByteBuffer')}
  0x00000250bcc55118: 0841 81fa | 780b 1c00 | 0f85 fa1a | 0000 4d8d | 14ec 418b | 6a1c 41c7 | 420c ffff | ffff 4589 
  0x00000250bcc55138: 6218 83fd | 040f 8ccd | 1400 0041 | c742 1804 | 0000 0045 | 8b5a 244d | 8b4a 1045 | 85db 0f85 
  0x00000250bcc55158: 340c 0000 | 410f b66a | 2d85 ed0f | 852f 1300 | 004f 8b44 | c410 4d8b | d145 8922 | 49b9 7023 
  0x00000250bcc55178: 40a7 5002 

  0x00000250bcc5517c: ;   {oop(a 'godot/core/VariantParser$BOOL'{0x0000000704a05068})}
  0x00000250bcc5517c: 0000 49ba | 6850 a004 | 0700 0000 | 418b 7a18 

  0x00000250bcc5518c: ;   {oop(a 'godot/internal/memory/TransferContext'{0x0000000704a02b40})}
  0x00000250bcc5518c: 48ba 402b | a004 0700 

  0x00000250bcc55194: ;   {optimized virtual_call}
  0x00000250bcc55194: 0000 90e8 

  0x00000250bcc55198: ; ImmutableOopMap {[32]=Oop [40]=Oop }
                      ;*invokespecial icall {reexecute=0 rethrow=0 return_oop=0}
                      ; - godot.internal.memory.TransferContext::callMethod@17 (line 79)
                      ; - godot.api.Timer::isStopped@29 (line 233)
                      ; - game.items.weapons.Weapon::canUseWeapon@4 (line 82)
                      ; - game.items.weapons.Weapon::_process@36 (line 194)
                      ; - godot.entry.WeaponRegistrar$register$1$1$2::invoke@8 (line 41)
                      ; - godot.entry.WeaponRegistrar$register$1$1$2::invoke@12 (line 41)
  0x00000250bcc55198: a4d6 fdff 

  0x00000250bcc5519c: ;   {other}
  0x00000250bcc5519c: 0f1f 8400 | 0c0d 0006 

  0x00000250bcc551a4: ;   {oop(a 'kotlin/reflect/KProperty'[1] {0x0000000704a000f8})}
  0x00000250bcc551a4: 49ba f800 | a004 0700 | 0000 418b | 6a10 85ed | 0f84 7a14 

  0x00000250bcc551b8: ;   {oop(a 'godot/common/util/ThreadLocalDelegate'{0x0000000704a00110})}
  0x00000250bcc551b8: 0000 49ba | 1001 a004 | 0700 0000 | 458b 4210 

  0x00000250bcc551c8: ; implicit exception: dispatches to 0x00000250bcc56e14
  0x00000250bcc551c8: 478b 54c4 

  0x00000250bcc551cc: ;   {metadata('java/lang/ThreadLocal$SuppliedThreadLocal')}
  0x00000250bcc551cc: 0841 81fa | 683f 0401 | 0f85 e60b | 0000 4c8b | 4c24 2845 | 8b51 4c49 | c1e0 0347 | 8b5c d414 
  0x00000250bcc551ec: ; implicit exception: dispatches to 0x00000250bcc56e28
  0x00000250bcc551ec: 438b 5cdc | 0c44 8d4b | ff45 2348 | 0c85 db0f | 86db 0b00 | 0049 c1e3 | 0343 8b6c | 8b10 458b 
  0x00000250bcc5520c: 5cec 0c49 | c1e3 034d | 3bd8 0f85 | ec0b 0000 | 418b 6cec | 1c45 8b5c 

  0x00000250bcc55224: ;   {metadata('java/nio/DirectByteBuffer')}
  0x00000250bcc55224: ec08 4181 | fb78 0b1c | 000f 8505 | 1a00 0049 | 8d0c ec44 | 8b51 1cc7 | 410c ffff | ffff 4489 
  0x00000250bcc55244: 6118 4183 | fa04 0f8c | f813 0000 | 458b dac7 | 4118 0400 | 0000 448b | 4124 4c8b | 4910 4585 
  0x00000250bcc55264: c00f 85c1 | 0b00 0044 | 0fb6 512d | 458b 0145 | 85d2 0f85 | 4412 0000 

  0x00000250bcc5527c: ;   {oop(a 'godot/core/VariantParser$BOOL'{0x0000000704a05068})}
  0x00000250bcc5527c: 49ba 6850 | a004 0700 | 0000 418b | 6a18 443b | c50f 8559 | 1200 0045 | 8d53 fc41 | 83fa 040f 
  0x00000250bcc5529c: 8ccf 1300 | 00c7 4118 | 0800 0000 | 458b 5104 | 4183 fa01 | 0f85 1b08 | 0000 4c8b | 4c24 2045 
  0x00000250bcc552bc: 8b51 4445 | 85d2 0f85 | f108 0000 | 418b 6928 | 85ed 0f84 | c413 0000 

  0x00000250bcc552d4: ;   {oop(a 'kotlin/reflect/KProperty'[1] {0x0000000704a000f8})}
  0x00000250bcc552d4: 49ba f800 | a004 0700 | 0000 418b | 6a10 85ed | 0f84 c213 

  0x00000250bcc552e8: ;   {oop(a 'godot/common/util/ThreadLocalDelegate'{0x0000000704a00110})}
  0x00000250bcc552e8: 0000 49ba | 1001 a004 | 0700 0000 | 458b 5210 

  0x00000250bcc552f8: ; implicit exception: dispatches to 0x00000250bcc56e54
  0x00000250bcc552f8: 478b 5cd4 

  0x00000250bcc552fc: ;   {metadata('java/lang/ThreadLocal$SuppliedThreadLocal')}
  0x00000250bcc552fc: 0841 81fb | 683f 0401 | 0f85 4e0b | 0000 488b | 4c24 2844 | 8b59 4c4f | 8d04 d447 | 8b54 dc14 
  0x00000250bcc5531c: ; implicit exception: dispatches to 0x00000250bcc56e68
  0x00000250bcc5531c: 438b 5cd4 | 0c4c 894c | 2420 448d | 4bff 4523 | 480c 85db | 0f86 3e0b | 0000 49c1 | e203 438b 
  0x00000250bcc5533c: 6c8a 1045 | 8b54 ec0c | 49c1 e203 | 4d3b d00f | 854f 0b00 | 0041 8b6c | ec1c 458b 

  0x00000250bcc55358: ;   {metadata('java/nio/DirectByteBuffer')}
  0x00000250bcc55358: 5cec 0841 | 81fb 780b | 1c00 0f85 | e418 0000 | 4d8d 1cec | 418b 6b1c | 41c7 430c | ffff ffff 
  0x00000250bcc55378: 4589 6318 | 83fd 040f | 8c3f 1300 | 0041 c743 | 1804 0000 | 0045 8b53 | 244d 8b4b | 1045 85d2 
  0x00000250bcc55398: 0f85 260b | 0000 410f | b66b 2d85 | ed0f 8559 

  0x00000250bcc553a8: ;   {oop(a 'godot/core/VariantParser$DOUBLE'{0x0000000704a04ca8})}
  0x00000250bcc553a8: 1100 0049 | baa8 4ca0 | 0407 0000 | 0041 8b7a | 184c 8b54 | 2420 4d8b | 4210 4d8b | d145 8922 
  0x00000250bcc553c8: 49b9 7082 | 40a7 5002 

  0x00000250bcc553d0: ;   {oop(a 'godot/internal/memory/TransferContext'{0x0000000704a02b40})}
  0x00000250bcc553d0: 0000 48ba | 402b a004 | 0700 0000 

  0x00000250bcc553dc: ;   {optimized virtual_call}
  0x00000250bcc553dc: 6666 90e8 

  0x00000250bcc553e0: ; ImmutableOopMap {[32]=Oop [40]=Oop }
                      ;*invokespecial icall {reexecute=0 rethrow=0 return_oop=0}
                      ; - godot.internal.memory.TransferContext::callMethod@17 (line 79)
                      ; - godot.api.Node2D::getRotation@29 (line 395)
                      ; - game.items.weapons.Weapon::updateVisuals@9 (line 235)
                      ; - game.items.weapons.Weapon::_process@47 (line 196)
                      ; - godot.entry.WeaponRegistrar$register$1$1$2::invoke@8 (line 41)
                      ; - godot.entry.WeaponRegistrar$register$1$1$2::invoke@12 (line 41)
  0x00000250bcc553e0: 5cd4 fdff 

  0x00000250bcc553e4: ;   {other}
  0x00000250bcc553e4: 0f1f 8400 | 540f 0007 

  0x00000250bcc553ec: ;   {oop(a 'kotlin/reflect/KProperty'[1] {0x0000000704a000f8})}
  0x00000250bcc553ec: 49ba f800 | a004 0700 | 0000 418b | 6a10 85ed | 0f84 de12 

  0x00000250bcc55400: ;   {oop(a 'godot/common/util/ThreadLocalDelegate'{0x0000000704a00110})}
  0x00000250bcc55400: 0000 49ba | 1001 a004 | 0700 0000 | 458b 5210 

  0x00000250bcc55410: ; implicit exception: dispatches to 0x00000250bcc56e94
  0x00000250bcc55410: 478b 5cd4 

  0x00000250bcc55414: ;   {metadata('java/lang/ThreadLocal$SuppliedThreadLocal')}
  0x00000250bcc55414: 0841 81fb | 683f 0401 | 0f85 ce0a | 0000 4c8b | 4c24 2845 | 8b41 4c4b | 8d0c d447 | 8b5c c414 
  0x00000250bcc55434: ; implicit exception: dispatches to 0x00000250bcc56ea8
  0x00000250bcc55434: 478b 54dc | 0c41 8d5a | ff23 590c | 4585 d20f | 86c3 0a00 | 004f 8d14 | dc41 8b6c | 9a10 458b 
  0x00000250bcc55454: 54ec 0c49 | c1e2 034c | 3bd1 0f85 | d40a 0000 | 418b 6cec | 1c45 8b5c 

  0x00000250bcc5546c: ;   {metadata('java/nio/DirectByteBuffer')}
  0x00000250bcc5546c: ec08 4181 | fb78 0b1c | 000f 85e5 | 1700 004d | 8d04 ec45 | 8b50 1c41 | c740 0cff | ffff ff45 
  0x00000250bcc5548c: 8960 1841 | 83fa 040f | 8c5b 1200 | 0041 c740 | 1804 0000 | 0045 8b58 | 2449 8b48 | 1045 85db 
  0x00000250bcc554ac: 0f85 ae0a | 0000 418b | fa45 0fb6 | 582d 4d8b | d04c 8bc1 | 418b 0845 | 85db 0f85 | 5c10 0000 
  0x00000250bcc554cc: ;   {oop(a 'godot/core/VariantParser$DOUBLE'{0x0000000704a04ca8})}
  0x00000250bcc554cc: 49bb a84c | a004 0700 | 0000 418b | 6b18 3bcd | 0f85 7210 | 0000 83c7 | fc83 ff08 | 0f8c 2e12 
  0x00000250bcc554ec: 0000 41c7 | 4218 0c00 | 0000 488b | 4c24 2044 | 8b51 2845 | 85d2 0f84 | fc07 0000 | 4d8b 5804 
  0x00000250bcc5550c: ;   {oop(a 'kotlin/reflect/KProperty'[1] {0x0000000704a000f8})}
  0x00000250bcc5550c: 49b8 f800 | a004 0700 | 0000 418b | 6810 c4c1 | f96e c3c5 | f35a c8c5 | fa5a c185 | ed0f 8415 
  0x00000250bcc5552c: ;   {oop(a 'godot/common/util/ThreadLocalDelegate'{0x0000000704a00110})}
  0x00000250bcc5552c: 1200 0049 | bb10 01a0 | 0407 0000 | 0045 8b43 | 1043 8b5c 

  0x00000250bcc55540: ;   {metadata('java/lang/ThreadLocal$SuppliedThreadLocal')}
  0x00000250bcc55540: c408 81fb | 683f 0401 | 0f85 3e0a | 0000 498b | f145 8b59 | 4c4f 8d0c | c443 8b5c | dc14 418b 
  0x00000250bcc55560: 7cdc 0c45 | 8bc2 8d4f | ff41 2349 | 0c85 ff0f | 863f 0a00 | 004d 8d14 | dc45 8b54 | 8a10 438b 
  0x00000250bcc55580: 5cd4 0c48 | 8bd3 48c1 | e203 493b | d10f 8555 | 0a00 0043 | 8b6c d41c 

  0x00000250bcc55598: ; implicit exception: dispatches to 0x00000250bcc56efc
  0x00000250bcc55598: 458b 5cec 

  0x00000250bcc5559c: ;   {metadata('java/nio/DirectByteBuffer')}
  0x00000250bcc5559c: 0841 81fb | 780b 1c00 | 0f85 ca16 | 0000 498d | 0cec 8b69 | 1cc7 410c | ffff ffff | 4489 6118 
  0x00000250bcc555bc: 83fd 040f | 8c9f 1100 | 00c7 4118 | 0400 0000 | 448b 5924 | 4c8b 4910 | 4585 db0f | 8553 0a00 
  0x00000250bcc555dc: 000f b669 | 2d85 ed0f | 8583 0f00 | 00c5 fb11 

  0x00000250bcc555ec: ;   {oop(a 'godot/core/VariantParser$VECTOR2'{0x0000000704a00728})}
  0x00000250bcc555ec: 4424 3049 | ba28 07a0 | 0407 0000 | 0041 8b7a | 184f 8b44 | c410 4d8b | d145 8922 

  0x00000250bcc55608: ;   {oop(a 'godot/internal/memory/TransferContext'{0x0000000704a02b40})}
  0x00000250bcc55608: 48ba 402b | a004 0700 | 0000 49b9 | 707e 40a7 | 5002 0000 

  0x00000250bcc5561c: ;   {optimized virtual_call}
  0x00000250bcc5561c: 6666 90e8 

  0x00000250bcc55620: ; ImmutableOopMap {[32]=Oop [40]=Oop }
                      ;*invokespecial icall {reexecute=0 rethrow=0 return_oop=0}
                      ; - godot.internal.memory.TransferContext::callMethod@17 (line 79)
                      ; - godot.api.Node2D::getScale@29 (line 413)
                      ; - game.items.weapons.Weapon::updateVisuals@18 (line 238)
                      ; - game.items.weapons.Weapon::_process@47 (line 196)
                      ; - godot.entry.WeaponRegistrar$register$1$1$2::invoke@8 (line 41)
                      ; - godot.entry.WeaponRegistrar$register$1$1$2::invoke@12 (line 41)
  0x00000250bcc55620: 1cd2 fdff 

  0x00000250bcc55624: ;   {other}
  0x00000250bcc55624: 0f1f 8400 | 9411 0008 

  0x00000250bcc5562c: ;   {oop(a 'kotlin/reflect/KProperty'[1] {0x0000000704a000f8})}
  0x00000250bcc5562c: 49ba f800 | a004 0700 | 0000 418b | 6a10 85ed | 0f84 4a11 

  0x00000250bcc55640: ;   {oop(a 'godot/common/util/ThreadLocalDelegate'{0x0000000704a00110})}
  0x00000250bcc55640: 0000 49ba | 1001 a004 | 0700 0000 | 418b 4a10 

  0x00000250bcc55650: ; implicit exception: dispatches to 0x00000250bcc56f20
  0x00000250bcc55650: 458b 5ccc 

  0x00000250bcc55654: ;   {metadata('java/lang/ThreadLocal$SuppliedThreadLocal')}
  0x00000250bcc55654: 0841 81fb | 683f 0401 | 0f85 060a | 0000 4c8b | 4424 2845 | 8b48 4c48 | c1e1 0347 | 8b54 cc14 
  0x00000250bcc55674: ; implicit exception: dispatches to 0x00000250bcc56f34
  0x00000250bcc55674: 478b 5cd4 | 0c41 8d5b | ff23 590c | 4585 db0f | 86fb 0900 | 0049 c1e2 | 0341 8b6c | 9a10 458b 
  0x00000250bcc55694: 5cec 0c4d | 8bd3 49c1 | e203 4c3b | d10f 8519 | 0a00 0041 | 8b6c ec1c 

  0x00000250bcc556ac: ; implicit exception: dispatches to 0x00000250bcc56f48
  0x00000250bcc556ac: 458b 54ec 

  0x00000250bcc556b0: ;   {metadata('java/nio/DirectByteBuffer')}
  0x00000250bcc556b0: 0841 81fa | 780b 1c00 | 0f85 fa15 | 0000 4d8d | 0cec 418b | 591c 41c7 | 410c ffff | ffff 4589 
  0x00000250bcc556d0: 6118 83fb | 040f 8cc5 | 1000 0041 | c741 1804 | 0000 0045 | 8b59 2449 | 8b49 1045 | 85db 0f85 
  0x00000250bcc556f0: 000a 0000 | 450f b651 | 2d44 8b19 | 4585 d20f | 8593 0e00 

  0x00000250bcc55704: ;   {oop(a 'godot/core/VariantParser$VECTOR2'{0x0000000704a00728})}
  0x00000250bcc55704: 0049 ba28 | 07a0 0407 | 0000 0041 | 8b6a 1844 | 3bdd 0f85 | b40e 0000 | 8d6b fc83 | fd04 0f8c 
  0x00000250bcc55724: ac10 0000 | 41c7 4118 | 0800 0000 | 448b 5104 | 83c3 f8c4 | c179 6ec2 | c5f2 5ac8 | 83fb 040f 
  0x00000250bcc55744: 8cb3 1000 | 0041 c741 | 180c 0000 | 00c5 ea5a 

  0x00000250bcc55754: ;   {oop(a 'godot/common/util/ThreadLocalDelegate'{0x0000000704a00110})}
  0x00000250bcc55754: 5108 49ba | 1001 a004 | 0700 0000 | 418b 4a10 

  0x00000250bcc55764: ;   {oop(a 'kotlin/reflect/KProperty'[1] {0x0000000704a000f8})}
  0x00000250bcc55764: 49ba f800 | a004 0700 | 0000 418b | 7a10 4c8b | 5424 2045 | 8b4a 28c5 | fb10 4424 

  0x00000250bcc55780: ;   {external_word}
  0x00000250bcc55780: 30c5 f954 | 0517 bb80 | ff45 8b58 

  0x00000250bcc5578c: ;   {section_word}
  0x00000250bcc5578c: 4cc5 f92e | 054b f3ff | ff0f 8696 | 0100 0049 | 8b87 b801 | 0000 4c8b | d049 83c2 | 204d 3b97 
  0x00000250bcc557ac: c801 0000 | 0f83 dc04 | 0000 4d89 | 97b8 0100 | 0041 0f0d | 8ac0 0000 | 0048 c700 | 0100 0000 
  0x00000250bcc557cc: ;   {metadata('godot/core/Vector2')}
  0x00000250bcc557cc: c740 0810 | 8402 0144 | 8960 0c4c | 8960 104c | 8960 184c | 8bd0 c4c1 | 7b11 4a10 

  0x00000250bcc557e8: ;   {external_word}
  0x00000250bcc557e8: c5e9 5405 | b0ba 80ff 

  0x00000250bcc557f0: ;   {external_word}
  0x00000250bcc557f0: c5f9 5705 | c8ba 80ff | c4c1 7b11 | 4218 4585 | c90f 8441 | 1200 0085 | ff0f 8431 | 1300 0041 
  0x00000250bcc55810: 8b5c cc08 

  0x00000250bcc55814: ;   {metadata('java/lang/ThreadLocal$SuppliedThreadLocal')}
  0x00000250bcc55814: 81fb 683f | 0401 0f85 | 4012 0000 | 498d 1ccc 

  0x00000250bcc55824: ; implicit exception: dispatches to 0x00000250bcc5743c
  0x00000250bcc55824: 438b 4cdc | 1441 8b7c | cc0c 8d77 | ff23 730c | 85ff 0f86 | 4412 0000 | 48c1 e103 | 8b6c b110 
  0x00000250bcc55844: ; implicit exception: dispatches to 0x00000250bcc57468
  0x00000250bcc55844: 418b 7cec | 0c48 8bcf | 48c1 e103 | 483b cb0f | 855b 1200 | 0041 8b6c | ec1c 458b 

  0x00000250bcc55860: ;   {metadata('java/nio/DirectByteBuffer')}
  0x00000250bcc55860: 5cec 0841 | 81fb 780b | 1c00 0f85 | 7814 0000 | 4d8d 1cec | 418b 6b1c | 41c7 430c | ffff ffff 
  0x00000250bcc55880: 4589 6318 | 83fd 040f | 8cd3 1200 | 0041 c743 | 1804 0000 | 0045 8b43 | 2449 8b4b | 1045 85c0 
  0x00000250bcc558a0: 0f85 3e12 | 0000 410f | b66b 2d85 | ed0f 8561 | 1200 004c | 8954 2428 | 4c8b d141 | c702 0100 
  0x00000250bcc558c0: 0000 4b8d | 2ccc 4489 

  0x00000250bcc558c8: ;   {oop(a 'godot/core/VariantParser$VECTOR2'{0x0000000704a00728})}
  0x00000250bcc558c8: 4c24 2048 | ba28 07a0 | 0407 0000 | 004d 8bc3 | 4c8b 4c24 | 284c 895c 

  0x00000250bcc558e0: ;   {optimized virtual_call}
  0x00000250bcc558e0: 2430 90e8 

  0x00000250bcc558e4: ; ImmutableOopMap {rbp=Oop [32]=NarrowOop [40]=Oop [48]=Oop }
                      ;*invokeinterface toGodot {reexecute=0 rethrow=0 return_oop=0}
                      ; - godot.internal.memory.TransferContext::writeArguments@59 (line 38)
                      ; - godot.api.Node2D::setScale@25 (line 383)
                      ; - game.items.weapons.Weapon::updateVisuals@56 (line 243)
                      ; - game.items.weapons.Weapon::_process@47 (line 196)
                      ; - godot.entry.WeaponRegistrar$register$1$1$2::invoke@8 (line 41)
                      ; - godot.entry.WeaponRegistrar$register$1$1$2::invoke@12 (line 41)
  0x00000250bcc558e4: 78cc feff 

  0x00000250bcc558e8: ;   {other}
  0x00000250bcc558e8: 0f1f 8400 | 5814 0009 

  0x00000250bcc558f0: ;   {oop(a 'godot/core/VariantParser$NIL'{0x0000000704a027e8})}
  0x00000250bcc558f0: 49ba e827 | a004 0700 | 0000 418b | 7a18 448b | 5424 204f | 8b44 d410 

  0x00000250bcc55908: ;   {oop(a 'godot/internal/memory/TransferContext'{0x0000000704a02b40})}
  0x00000250bcc55908: 48ba 402b | a004 0700 | 0000 49b9 | 7086 40a7 | 5002 0000 

  0x00000250bcc5591c: ;   {optimized virtual_call}
  0x00000250bcc5591c: 6666 90e8 

  0x00000250bcc55920: ; ImmutableOopMap {}
                      ;*invokespecial icall {reexecute=0 rethrow=0 return_oop=0}
                      ; - godot.internal.memory.TransferContext::callMethod@17 (line 79)
                      ; - godot.api.Node2D::setScale@47 (line 384)
                      ; - game.items.weapons.Weapon::updateVisuals@56 (line 243)
                      ; - game.items.weapons.Weapon::_process@47 (line 196)
                      ; - godot.entry.WeaponRegistrar$register$1$1$2::invoke@8 (line 41)
                      ; - godot.entry.WeaponRegistrar$register$1$1$2::invoke@12 (line 41)
  0x00000250bcc55920: 1ccf fdff 

  0x00000250bcc55924: ;   {other}
  0x00000250bcc55924: 0f1f 8400 | 9414 000a | e983 0100 | 0049 8b87 | b801 0000 | 4c8b d049 | 83c2 204d | 3b97 c801 
  0x00000250bcc55944: 0000 0f83 | e602 0000 | 4d89 97b8 | 0100 0041 | 0f0d 8ac0 | 0000 0048 | c700 0100 

  0x00000250bcc55960: ;   {metadata('godot/core/Vector2')}
  0x00000250bcc55960: 0000 c740 | 0810 8402 | 0144 8960 | 0c4c 8960 | 104c 8960 | 184c 8bd0 | c4c1 7b11 

  0x00000250bcc5597c: ;   {external_word}
  0x00000250bcc5597c: 4a10 c5e9 | 5405 1ab9 | 80ff c4c1 | 7b11 4218 | 4585 c90f | 8437 0a00 | 0085 ff0f | 8463 1000 
  0x00000250bcc5599c: 0041 8b7c 

  0x00000250bcc559a0: ;   {metadata('java/lang/ThreadLocal$SuppliedThreadLocal')}
  0x00000250bcc559a0: cc08 81ff | 683f 0401 | 0f85 360a | 0000 498d | 34cc 438b | 5cdc 1441 | 8b4c dc0c | 8d79 ff23 
  0x00000250bcc559c0: 7e0c 85c9 | 0f86 3a0a | 0000 498d | 0cdc 8b6c | b910 418b | 4cec 0c48 | c1e1 0348 | 3bce 0f85 
  0x00000250bcc559e0: 540a 0000 | 418b 6cec | 1c45 8b44 

  0x00000250bcc559ec: ;   {metadata('java/nio/DirectByteBuffer')}
  0x00000250bcc559ec: ec08 4181 | f878 0b1c | 000f 8509 | 1300 004d | 8d04 ec41 | 8b68 1c41 | c740 0cff | ffff ff45 
  0x00000250bcc55a0c: 8960 1883 | fd04 0f8c | 0810 0000 | 41c7 4018 | 0400 0000 | 458b 5824 | 498b 4810 | 4585 db0f 
  0x00000250bcc55a2c: 8537 0a00 | 0041 0fb6 | 682d 85ed | 0f85 960f | 0000 4c89 | 5424 284c | 8bd1 41c7 | 0201 0000 
  0x00000250bcc55a4c: 004b 8d2c | cc44 894c 

  0x00000250bcc55a54: ;   {oop(a 'godot/core/VariantParser$VECTOR2'{0x0000000704a00728})}
  0x00000250bcc55a54: 2420 48ba | 2807 a004 | 0700 0000 | 4c8b 4c24 | 284c 8944 

  0x00000250bcc55a68: ;   {optimized virtual_call}
  0x00000250bcc55a68: 2430 90e8 

  0x00000250bcc55a6c: ; ImmutableOopMap {rbp=Oop [32]=NarrowOop [40]=Oop [48]=Oop }
                      ;*invokeinterface toGodot {reexecute=0 rethrow=0 return_oop=0}
                      ; - godot.internal.memory.TransferContext::writeArguments@59 (line 38)
                      ; - godot.api.Node2D::setScale@25 (line 383)
                      ; - game.items.weapons.Weapon::updateVisuals@84 (line 246)
                      ; - game.items.weapons.Weapon::_process@47 (line 196)
                      ; - godot.entry.WeaponRegistrar$register$1$1$2::invoke@8 (line 41)
                      ; - godot.entry.WeaponRegistrar$register$1$1$2::invoke@12 (line 41)
  0x00000250bcc55a6c: f0ca feff 

  0x00000250bcc55a70: ;   {other}
  0x00000250bcc55a70: 0f1f 8400 | e015 000b 

  0x00000250bcc55a78: ;   {oop(a 'godot/core/VariantParser$NIL'{0x0000000704a027e8})}
  0x00000250bcc55a78: 49ba e827 | a004 0700 | 0000 418b | 7a18 448b | 5424 204f | 8b44 d410 

  0x00000250bcc55a90: ;   {oop(a 'godot/internal/memory/TransferContext'{0x0000000704a02b40})}
  0x00000250bcc55a90: 48ba 402b | a004 0700 | 0000 49b9 | 7086 40a7 | 5002 0000 

  0x00000250bcc55aa4: ;   {optimized virtual_call}
  0x00000250bcc55aa4: 6666 90e8 

  0x00000250bcc55aa8: ; ImmutableOopMap {}
                      ;*invokespecial icall {reexecute=0 rethrow=0 return_oop=0}
                      ; - godot.internal.memory.TransferContext::callMethod@17 (line 79)
                      ; - godot.api.Node2D::setScale@47 (line 384)
                      ; - game.items.weapons.Weapon::updateVisuals@84 (line 246)
                      ; - game.items.weapons.Weapon::_process@47 (line 196)
                      ; - godot.entry.WeaponRegistrar$register$1$1$2::invoke@8 (line 41)
                      ; - godot.entry.WeaponRegistrar$register$1$1$2::invoke@12 (line 41)
  0x00000250bcc55aa8: 94cd fdff 

  0x00000250bcc55aac: ;   {other}
  0x00000250bcc55aac: 0f1f 8400 | 1c16 000c 

  0x00000250bcc55ab4: ;   {oop(a 'kotlin/Unit'{0x00000007056002e8})}
  0x00000250bcc55ab4: 48b8 e802 | 6005 0700 | 0000 4883 

  0x00000250bcc55ac0: ;   {poll_return}
  0x00000250bcc55ac0: c470 5d49 | 3ba7 5004 | 0000 0f87 | 881a 0000 | c34c 8b4c | 2420 e9ed | f7ff ff48 | 897c 2420 
  0x00000250bcc55ae0: 498b ea49 

  0x00000250bcc55ae4: ;   {optimized virtual_call}
  0x00000250bcc55ae4: 8bd2 90e8 

  0x00000250bcc55ae8: ; ImmutableOopMap {rbp=Oop [32]=Oop }
                      ;*invokevirtual updateClosestTarget {reexecute=0 rethrow=0 return_oop=0}
                      ; - game.items.weapons.Weapon::_process@20 (line 188)
                      ; - godot.entry.WeaponRegistrar$register$1$1$2::invoke@8 (line 41)
                      ; - godot.entry.WeaponRegistrar$register$1$1$2::invoke@12 (line 41)
  0x00000250bcc55ae8: b91a 0000 

  0x00000250bcc55aec: ;   {other}
  0x00000250bcc55aec: 0f1f 8400 | 5c16 000d | 4c8b d541 | 0fb6 6a0c | 85ed 0f85 | c410 0000 | 418b 6a40 | 85ed 0f84 
  0x00000250bcc55b0c: 7810 0000 | 488b 7c24 | 20e9 94f0 | ffff 453b | 6244 0f84 | adf0 ffff | 4889 7c24 | 2049 8bea 
  0x00000250bcc55b2c: ;   {optimized virtual_call}
  0x00000250bcc55b2c: 498b d2e8 

  0x00000250bcc55b30: ; ImmutableOopMap {rbp=Oop [32]=Oop }
                      ;*invokevirtual getGlobalPosition {reexecute=0 rethrow=0 return_oop=1}
                      ; - game.items.weapons.Weapon::getRotationToTarget@25 (line 159)
                      ; - game.items.weapons.Weapon::rotateToTarget@21 (line 177)
                      ; - game.items.weapons.Weapon::_process@32 (line 192)
                      ; - godot.entry.WeaponRegistrar$register$1$1$2::invoke@8 (line 41)
                      ; - godot.entry.WeaponRegistrar$register$1$1$2::invoke@12 (line 41)
  0x00000250bcc55b30: 2cd9 0000 

  0x00000250bcc55b34: ;   {other}
  0x00000250bcc55b34: 0f1f 8400 | a416 000e | 4889 4424 | 284c 8bdd | 418b 6b44 

  0x00000250bcc55b48: ; implicit exception: dispatches to 0x00000250bcc57498
  0x00000250bcc55b48: 458b 54ec 

  0x00000250bcc55b4c: ;   {metadata('game/entity/enemies/Enemy')}
  0x00000250bcc55b4c: 0841 81fa | e862 2401 | 0f85 da11 | 0000 4c89 | 5c24 3049 | 8d14 ec49 

  0x00000250bcc55b64: ;   {optimized virtual_call}
  0x00000250bcc55b64: 8beb 90e8 

  0x00000250bcc55b68: ; ImmutableOopMap {rbp=Oop [32]=Oop [40]=Oop [48]=Oop }
                      ;*invokevirtual getGlobalPosition {reexecute=0 rethrow=0 return_oop=1}
                      ; - game.items.weapons.Weapon::getRotationToTarget@35 (line 159)
                      ; - game.items.weapons.Weapon::rotateToTarget@21 (line 177)
                      ; - game.items.weapons.Weapon::_process@32 (line 192)
                      ; - godot.entry.WeaponRegistrar$register$1$1$2::invoke@8 (line 41)
                      ; - godot.entry.WeaponRegistrar$register$1$1$2::invoke@12 (line 41)
  0x00000250bcc55b68: f4d8 0000 

  0x00000250bcc55b6c: ;   {other}
  0x00000250bcc55b6c: 0f1f 8400 | dc16 000f | 4c8b 5c24 | 284d 85db | 0f84 1a10 | 0000 498b | d34c 8bc0 

  0x00000250bcc55b88: ;   {optimized virtual_call}
  0x00000250bcc55b88: 6666 90e8 

  0x00000250bcc55b8c: ; ImmutableOopMap {rbp=Oop [32]=Oop [48]=Oop }
                      ;*invokevirtual directionTo {reexecute=0 rethrow=0 return_oop=1}
                      ; - game.items.weapons.Weapon::getRotationToTarget@38 (line 159)
                      ; - game.items.weapons.Weapon::rotateToTarget@21 (line 177)
                      ; - game.items.weapons.Weapon::_process@32 (line 192)
                      ; - godot.entry.WeaponRegistrar$register$1$1$2::invoke@8 (line 41)
                      ; - godot.entry.WeaponRegistrar$register$1$1$2::invoke@12 (line 41)
  0x00000250bcc55b8c: 421a 0000 

  0x00000250bcc55b90: ;   {other}
  0x00000250bcc55b90: 0f1f 8400 | 0017 0010 | 4885 c00f | 8413 1000 | 0048 8bd0 

  0x00000250bcc55ba4: ;   {optimized virtual_call}
  0x00000250bcc55ba4: 6666 90e8 

  0x00000250bcc55ba8: ; ImmutableOopMap {rbp=Oop [32]=Oop [48]=Oop }
                      ;*invokevirtual angle {reexecute=0 rethrow=0 return_oop=0}
                      ; - game.items.weapons.Weapon::getRotationToTarget@41 (line 159)
                      ; - game.items.weapons.Weapon::rotateToTarget@21 (line 177)
                      ; - game.items.weapons.Weapon::_process@32 (line 192)
                      ; - godot.entry.WeaponRegistrar$register$1$1$2::invoke@8 (line 41)
                      ; - godot.entry.WeaponRegistrar$register$1$1$2::invoke@12 (line 41)
  0x00000250bcc55ba8: 351a 0000 

  0x00000250bcc55bac: ;   {other}
  0x00000250bcc55bac: 0f1f 8400 | 1c17 0011 | e939 f3ff | ff49 8be9 

  0x00000250bcc55bbc: ;   {optimized virtual_call}
  0x00000250bcc55bbc: 498b d1e8 

  0x00000250bcc55bc0: ; ImmutableOopMap {rbp=Oop [40]=Oop }
                      ;*invokevirtual useWeapon {reexecute=0 rethrow=0 return_oop=0}
                      ; - game.items.weapons.Weapon::_process@43 (line 195)
                      ; - godot.entry.WeaponRegistrar$register$1$1$2::invoke@8 (line 41)
                      ; - godot.entry.WeaponRegistrar$register$1$1$2::invoke@12 (line 41)
  0x00000250bcc55bc0: f019 0000 

  0x00000250bcc55bc4: ;   {other}
  0x00000250bcc55bc4: 0f1f 8400 | 3417 0012 | 4c8b cde9 | f4f6 ffff | 458b 4244 | 4585 c00f | 84c9 efff | ff4d 8b5f 
  0x00000250bcc55be4: 2849 8bc8 | 48c1 e103 | 4d85 db0f | 84b3 0c00 | 004d 8b47 | 384b 894c | 18f8 4983 | c3f8 4d89 
  0x00000250bcc55c04: 5f28 e99f | efff ffc4 | e1f9 7ec5 

  0x00000250bcc55c10: ;   {metadata('java/lang/Double')}
  0x00000250bcc55c10: 48ba c81e | 03cd 5002 

  0x00000250bcc55c18: ;   {runtime_call _new_instance_Java}
  0x00000250bcc55c18: 0000 90e8 

  0x00000250bcc55c1c: ; ImmutableOopMap {[32]=Oop [48]=Oop }
                      ;*new {reexecute=0 rethrow=0 return_oop=1}
                      ; - java.lang.Double::valueOf@0 (line 773)
                      ; - godot.api.Node2D::setRotation@15 (line 368)
                      ; - game.items.weapons.Weapon::rotateToTarget@25 (line 177)
                      ; - game.items.weapons.Weapon::_process@32 (line 192)
                      ; - godot.entry.WeaponRegistrar$register$1$1$2::invoke@8 (line 41)
                      ; - godot.entry.WeaponRegistrar$register$1$1$2::invoke@12 (line 41)
  0x00000250bcc55c1c: 606d 92ff 

  0x00000250bcc55c20: ;   {other}
  0x00000250bcc55c20: 0f1f 8400 | 9017 0013 | c4e1 f96e | c5e9 08f3 | ffff 4489 | 5c24 3444 | 894c 2430 | 897c 242c 
  0x00000250bcc55c40: 894c 2428 | c5fb 1154 | 2440 c5fb | 114c 2420 

  0x00000250bcc55c50: ;   {metadata('godot/core/Vector2')}
  0x00000250bcc55c50: 498b e848 | ba10 8402 | ce50 0200 

  0x00000250bcc55c5c: ;   {runtime_call _new_instance_Java}
  0x00000250bcc55c5c: 0066 90e8 

  0x00000250bcc55c60: ; ImmutableOopMap {rbp=Oop [40]=NarrowOop [44]=NarrowOop [48]=NarrowOop [52]=NarrowOop }
                      ;*new {reexecute=0 rethrow=0 return_oop=1}
                      ; - game.items.weapons.Weapon::updateVisuals@66 (line 246)
                      ; - game.items.weapons.Weapon::_process@47 (line 196)
                      ; - godot.entry.WeaponRegistrar$register$1$1$2::invoke@8 (line 41)
                      ; - godot.entry.WeaponRegistrar$register$1$1$2::invoke@12 (line 41)
  0x00000250bcc55c60: 1c6d 92ff 

  0x00000250bcc55c64: ;   {other}
  0x00000250bcc55c64: 0f1f 8400 | d417 0014 | 4c8b c5c5 | fb10 4c24 | 208b 4c24 | 288b 7c24 | 2c44 8b4c | 2430 448b 
  0x00000250bcc55c84: 5c24 34c5 | fb10 5424 | 40e9 e3fc | ffff 4489 | 5c24 3444 | 894c 2430 | 897c 242c | 894c 2428 
  0x00000250bcc55ca4: c5fb 1154 | 2440 c5fb | 114c 2420 

  0x00000250bcc55cb0: ;   {metadata('godot/core/Vector2')}
  0x00000250bcc55cb0: 498b e848 | ba10 8402 | ce50 0200 

  0x00000250bcc55cbc: ;   {runtime_call _new_instance_Java}
  0x00000250bcc55cbc: 0066 90e8 

  0x00000250bcc55cc0: ; ImmutableOopMap {rbp=Oop [40]=NarrowOop [44]=NarrowOop [48]=NarrowOop [52]=NarrowOop }
                      ;*new {reexecute=0 rethrow=0 return_oop=1}
                      ; - game.items.weapons.Weapon::updateVisuals@37 (line 243)
                      ; - game.items.weapons.Weapon::_process@47 (line 196)
                      ; - godot.entry.WeaponRegistrar$register$1$1$2::invoke@8 (line 41)
                      ; - godot.entry.WeaponRegistrar$register$1$1$2::invoke@12 (line 41)
  0x00000250bcc55cc0: bc6c 92ff 

  0x00000250bcc55cc4: ;   {other}
  0x00000250bcc55cc4: 0f1f 8400 | 3418 0015 | 4c8b c5c5 | fb10 4c24 | 208b 4c24 | 288b 7c24 | 2c44 8b4c | 2430 448b 
  0x00000250bcc55ce4: 5c24 34c5 | fb10 5424 | 40e9 edfa | ffff baf6 

  0x00000250bcc55cf4: ;   {runtime_call UncommonTrapBlob}
  0x00000250bcc55cf4: ffff ffe8 

  0x00000250bcc55cf8: ; ImmutableOopMap {}
                      ;*invokevirtual isStopped {reexecute=0 rethrow=0 return_oop=0}
                      ; - game.items.weapons.Weapon::canUseWeapon@4 (line 82)
                      ; - game.items.weapons.Weapon::_process@36 (line 194)
                      ; - godot.entry.WeaponRegistrar$register$1$1$2::invoke@8 (line 41)
                      ; - godot.entry.WeaponRegistrar$register$1$1$2::invoke@12 (line 41)
  0x00000250bcc55cf8: 04e9 85ff 

  0x00000250bcc55cfc: ;   {other}
  0x00000250bcc55cfc: 0f1f 8400 | 6c18 0016 | baf6 ffff 

  0x00000250bcc55d08: ;   {runtime_call UncommonTrapBlob}
  0x00000250bcc55d08: ff66 90e8 

  0x00000250bcc55d0c: ; ImmutableOopMap {}
                      ;*invokevirtual getScale {reexecute=0 rethrow=0 return_oop=0}
                      ; - game.items.weapons.Weapon::updateVisuals@18 (line 238)
                      ; - game.items.weapons.Weapon::_process@47 (line 196)
                      ; - godot.entry.WeaponRegistrar$register$1$1$2::invoke@8 (line 41)
                      ; - godot.entry.WeaponRegistrar$register$1$1$2::invoke@12 (line 41)
  0x00000250bcc55d0c: f0e8 85ff 

  0x00000250bcc55d10: ;   {other}
  0x00000250bcc55d10: 0f1f 8400 | 8018 0017 | bade ffff | ff4c 8954 | 2420 4489 | 4424 2889 

  0x00000250bcc55d28: ;   {runtime_call UncommonTrapBlob}
  0x00000250bcc55d28: 4c24 2ce8 

  0x00000250bcc55d2c: ; ImmutableOopMap {[32]=Oop [40]=NarrowOop [44]=NarrowOop }
                      ;*invokevirtual get {reexecute=0 rethrow=0 return_oop=0}
                      ; - godot.common.util.ThreadLocalDelegate::getValue@10 (line 7)
                      ; - godot.internal.memory.TransferContext::getBuffer@9 (line 28)
                      ; - godot.internal.memory.TransferContext::writeArguments@7 (line 34)
                      ; - godot.api.Timer::isStopped@7 (line 232)
                      ; - game.items.weapons.Weapon::canUseWeapon@4 (line 82)
                      ; - game.items.weapons.Weapon::_process@36 (line 194)
                      ; - godot.entry.WeaponRegistrar$register$1$1$2::invoke@8 (line 41)
                      ; - godot.entry.WeaponRegistrar$register$1$1$2::invoke@12 (line 41)
  0x00000250bcc55d2c: d0e8 85ff 

  0x00000250bcc55d30: ;   {other}
  0x00000250bcc55d30: 0f1f 8400 | a018 0018 | bae4 ffff | ff48 8b6c | 2420 4489 | 4424 3089 | 4c24 344c | 894c 2440 
  0x00000250bcc55d50: 895c 244c | 4489 5424 

  0x00000250bcc55d58: ;   {runtime_call UncommonTrapBlob}
  0x00000250bcc55d58: 5066 90e8 

  0x00000250bcc55d5c: ; ImmutableOopMap {rbp=Oop [40]=Oop [48]=NarrowOop [52]=NarrowOop [64]=Oop [76]=NarrowOop }
                      ;*aaload {reexecute=0 rethrow=0 return_oop=0}
                      ; - java.lang.ThreadLocal$ThreadLocalMap::getEntry@18 (line 500)
                      ; - java.lang.ThreadLocal::get@12 (line 187)
                      ; - java.lang.ThreadLocal::get@4 (line 172)
                      ; - godot.common.util.ThreadLocalDelegate::getValue@10 (line 7)
                      ; - godot.internal.memory.TransferContext::getBuffer@9 (line 28)
                      ; - godot.internal.memory.TransferContext::writeArguments@7 (line 34)
                      ; - godot.api.Timer::isStopped@7 (line 232)
                      ; - game.items.weapons.Weapon::canUseWeapon@4 (line 82)
                      ; - game.items.weapons.Weapon::_process@36 (line 194)
                      ; - godot.entry.WeaponRegistrar$register$1$1$2::invoke@8 (line 41)
                      ; - godot.entry.WeaponRegistrar$register$1$1$2::invoke@12 (line 41)
  0x00000250bcc55d5c: a0e8 85ff 

  0x00000250bcc55d60: ;   {other}
  0x00000250bcc55d60: 0f1f 8400 | d018 0019 | ba45 ffff | ff44 8944 | 2438 894c | 243c 4c89 | 4c24 4844 | 8954 2450 
  0x00000250bcc55d80: ;   {runtime_call UncommonTrapBlob}
  0x00000250bcc55d80: 6666 90e8 

  0x00000250bcc55d84: ; ImmutableOopMap {rbp=NarrowOop [32]=Oop [40]=Oop [56]=NarrowOop [60]=NarrowOop [72]=Oop }
                      ;*ifeq {reexecute=1 rethrow=0 return_oop=0}
                      ; - (reexecute) java.lang.ThreadLocal$ThreadLocalMap::getEntry@29 (line 501)
                      ; - java.lang.ThreadLocal::get@12 (line 187)
                      ; - java.lang.ThreadLocal::get@4 (line 172)
                      ; - godot.common.util.ThreadLocalDelegate::getValue@10 (line 7)
                      ; - godot.internal.memory.TransferContext::getBuffer@9 (line 28)
                      ; - godot.internal.memory.TransferContext::writeArguments@7 (line 34)
                      ; - godot.api.Timer::isStopped@7 (line 232)
                      ; - game.items.weapons.Weapon::canUseWeapon@4 (line 82)
                      ; - game.items.weapons.Weapon::_process@36 (line 194)
                      ; - godot.entry.WeaponRegistrar$register$1$1$2::invoke@8 (line 41)
                      ; - godot.entry.WeaponRegistrar$register$1$1$2::invoke@12 (line 41)
  0x00000250bcc55d84: 78e8 85ff 

  0x00000250bcc55d88: ;   {other}
  0x00000250bcc55d88: 0f1f 8400 | f818 001a | baec ffff | ff48 8b6c | 2420 4489 | 4424 284c | 8954 2438 | 4c89 5424 
  0x00000250bcc55da8: 404c 894c | 2448 4489 

  0x00000250bcc55db0: ;   {runtime_call UncommonTrapBlob}
  0x00000250bcc55db0: 5c24 2ce8 

  0x00000250bcc55db4: ; ImmutableOopMap {rbp=Oop [40]=NarrowOop [44]=NarrowOop [56]=Oop [64]=Oop }
                      ;*ifnull {reexecute=1 rethrow=0 return_oop=0}
                      ; - (reexecute) java.nio.Buffer::session@4 (line 792)
                      ; - java.nio.DirectByteBuffer::putInt@7 (line 773)
                      ; - java.nio.DirectByteBuffer::putInt@11 (line 785)
                      ; - godot.internal.memory.TransferContext::writeArguments@21 (line 36)
                      ; - godot.api.Timer::isStopped@7 (line 232)
                      ; - game.items.weapons.Weapon::canUseWeapon@4 (line 82)
                      ; - game.items.weapons.Weapon::_process@36 (line 194)
                      ; - godot.entry.WeaponRegistrar$register$1$1$2::invoke@8 (line 41)
                      ; - godot.entry.WeaponRegistrar$register$1$1$2::invoke@12 (line 41)
  0x00000250bcc55db4: 48e8 85ff 

  0x00000250bcc55db8: ;   {other}
  0x00000250bcc55db8: 0f1f 8400 | 2819 001b | bade ffff | ff48 8b6c | 2420 4489 

  0x00000250bcc55dcc: ;   {runtime_call UncommonTrapBlob}
  0x00000250bcc55dcc: 4424 28e8 

  0x00000250bcc55dd0: ; ImmutableOopMap {rbp=Oop [40]=NarrowOop }
                      ;*invokevirtual get {reexecute=0 rethrow=0 return_oop=0}
                      ; - godot.common.util.ThreadLocalDelegate::getValue@10 (line 7)
                      ; - godot.internal.memory.TransferContext::getBuffer@9 (line 28)
                      ; - godot.internal.memory.TransferContext::readReturnValue@7 (line 73)
                      ; - godot.api.Timer::isStopped@41 (line 234)
                      ; - game.items.weapons.Weapon::canUseWeapon@4 (line 82)
                      ; - game.items.weapons.Weapon::_process@36 (line 194)
                      ; - godot.entry.WeaponRegistrar$register$1$1$2::invoke@8 (line 41)
                      ; - godot.entry.WeaponRegistrar$register$1$1$2::invoke@12 (line 41)
  0x00000250bcc55dd0: 2ce8 85ff 

  0x00000250bcc55dd4: ;   {other}
  0x00000250bcc55dd4: 0f1f 8400 | 4419 001c | bae4 ffff | ff48 8b6c | 2420 4489 | 5424 384c | 8944 2440 | 4489 5c24 
  0x00000250bcc55df4: 4844 894c 

  0x00000250bcc55df8: ;   {runtime_call UncommonTrapBlob}
  0x00000250bcc55df8: 244c 90e8 

  0x00000250bcc55dfc: ; ImmutableOopMap {rbp=Oop [40]=Oop [56]=NarrowOop [64]=Oop [72]=NarrowOop }
                      ;*aaload {reexecute=0 rethrow=0 return_oop=0}
                      ; - java.lang.ThreadLocal$ThreadLocalMap::getEntry@18 (line 500)
                      ; - java.lang.ThreadLocal::get@12 (line 187)
                      ; - java.lang.ThreadLocal::get@4 (line 172)
                      ; - godot.common.util.ThreadLocalDelegate::getValue@10 (line 7)
                      ; - godot.internal.memory.TransferContext::getBuffer@9 (line 28)
                      ; - godot.internal.memory.TransferContext::readReturnValue@7 (line 73)
                      ; - godot.api.Timer::isStopped@41 (line 234)
                      ; - game.items.weapons.Weapon::canUseWeapon@4 (line 82)
                      ; - game.items.weapons.Weapon::_process@36 (line 194)
                      ; - godot.entry.WeaponRegistrar$register$1$1$2::invoke@8 (line 41)
                      ; - godot.entry.WeaponRegistrar$register$1$1$2::invoke@12 (line 41)
  0x00000250bcc55dfc: 00e8 85ff 

  0x00000250bcc55e00: ;   {other}
  0x00000250bcc55e00: 0f1f 8400 | 7019 001d | ba45 ffff | ff44 8954 | 2440 4c89 | 4424 4844 | 894c 2444 

  0x00000250bcc55e1c: ;   {runtime_call UncommonTrapBlob}
  0x00000250bcc55e1c: 6666 90e8 

  0x00000250bcc55e20: ; ImmutableOopMap {rbp=NarrowOop [32]=Oop [40]=Oop [64]=NarrowOop [72]=Oop }
                      ;*ifeq {reexecute=1 rethrow=0 return_oop=0}
                      ; - (reexecute) java.lang.ThreadLocal$ThreadLocalMap::getEntry@29 (line 501)
                      ; - java.lang.ThreadLocal::get@12 (line 187)
                      ; - java.lang.ThreadLocal::get@4 (line 172)
                      ; - godot.common.util.ThreadLocalDelegate::getValue@10 (line 7)
                      ; - godot.internal.memory.TransferContext::getBuffer@9 (line 28)
                      ; - godot.internal.memory.TransferContext::readReturnValue@7 (line 73)
                      ; - godot.api.Timer::isStopped@41 (line 234)
                      ; - game.items.weapons.Weapon::canUseWeapon@4 (line 82)
                      ; - game.items.weapons.Weapon::_process@36 (line 194)
                      ; - godot.entry.WeaponRegistrar$register$1$1$2::invoke@8 (line 41)
                      ; - godot.entry.WeaponRegistrar$register$1$1$2::invoke@12 (line 41)
  0x00000250bcc55e20: dce7 85ff 

  0x00000250bcc55e24: ;   {other}
  0x00000250bcc55e24: 0f1f 8400 | 9419 001e | baec ffff | ff48 8b6c | 2420 4889 | 4c24 3048 | 894c 2438 | 4c89 4c24 
  0x00000250bcc55e44: 4044 8944 

  0x00000250bcc55e48: ;   {runtime_call UncommonTrapBlob}
  0x00000250bcc55e48: 2450 90e8 

  0x00000250bcc55e4c: ; ImmutableOopMap {rbp=Oop [48]=Oop [56]=Oop [80]=NarrowOop }
                      ;*ifnull {reexecute=1 rethrow=0 return_oop=0}
                      ; - (reexecute) java.nio.Buffer::session@4 (line 792)
                      ; - java.nio.DirectByteBuffer::getInt@4 (line 744)
                      ; - java.nio.DirectByteBuffer::getInt@10 (line 753)
                      ; - godot.core.VariantKt::getVariantType@1 (line 104)
                      ; - godot.core.VariantKt::access$getVariantType@1 (line 1)
                      ; - godot.core.VariantParser::toKotlin@7 (line 477)
                      ; - godot.internal.memory.TransferContext::readReturnValue@20 (line 75)
                      ; - godot.api.Timer::isStopped@41 (line 234)
                      ; - game.items.weapons.Weapon::canUseWeapon@4 (line 82)
                      ; - game.items.weapons.Weapon::_process@36 (line 194)
                      ; - godot.entry.WeaponRegistrar$register$1$1$2::invoke@8 (line 41)
                      ; - godot.entry.WeaponRegistrar$register$1$1$2::invoke@12 (line 41)
  0x00000250bcc55e4c: b0e7 85ff 

  0x00000250bcc55e50: ;   {other}
  0x00000250bcc55e50: 0f1f 8400 | c019 001f | bade ffff | ff4c 894c | 2420 4489 

  0x00000250bcc55e64: ;   {runtime_call UncommonTrapBlob}
  0x00000250bcc55e64: 5424 28e8 

  0x00000250bcc55e68: ; ImmutableOopMap {[32]=Oop [40]=NarrowOop }
                      ;*invokevirtual get {reexecute=0 rethrow=0 return_oop=0}
                      ; - godot.common.util.ThreadLocalDelegate::getValue@10 (line 7)
                      ; - godot.internal.memory.TransferContext::getBuffer@9 (line 28)
                      ; - godot.internal.memory.TransferContext::writeArguments@7 (line 34)
                      ; - godot.api.Node2D::getRotation@7 (line 394)
                      ; - game.items.weapons.Weapon::updateVisuals@9 (line 235)
                      ; - game.items.weapons.Weapon::_process@47 (line 196)
                      ; - godot.entry.WeaponRegistrar$register$1$1$2::invoke@8 (line 41)
                      ; - godot.entry.WeaponRegistrar$register$1$1$2::invoke@12 (line 41)
  0x00000250bcc55e68: 94e7 85ff 

  0x00000250bcc55e6c: ;   {other}
  0x00000250bcc55e6c: 0f1f 8400 | dc19 0020 | bae4 ffff | ff48 8b6c | 2420 4489 | 5c24 384c | 8944 2440 | 4489 5424 
  0x00000250bcc55e8c: 4844 894c 

  0x00000250bcc55e90: ;   {runtime_call UncommonTrapBlob}
  0x00000250bcc55e90: 244c 90e8 

  0x00000250bcc55e94: ; ImmutableOopMap {rbp=Oop [40]=Oop [56]=NarrowOop [64]=Oop [72]=NarrowOop }
                      ;*aaload {reexecute=0 rethrow=0 return_oop=0}
                      ; - java.lang.ThreadLocal$ThreadLocalMap::getEntry@18 (line 500)
                      ; - java.lang.ThreadLocal::get@12 (line 187)
                      ; - java.lang.ThreadLocal::get@4 (line 172)
                      ; - godot.common.util.ThreadLocalDelegate::getValue@10 (line 7)
                      ; - godot.internal.memory.TransferContext::getBuffer@9 (line 28)
                      ; - godot.internal.memory.TransferContext::writeArguments@7 (line 34)
                      ; - godot.api.Node2D::getRotation@7 (line 394)
                      ; - game.items.weapons.Weapon::updateVisuals@9 (line 235)
                      ; - game.items.weapons.Weapon::_process@47 (line 196)
                      ; - godot.entry.WeaponRegistrar$register$1$1$2::invoke@8 (line 41)
                      ; - godot.entry.WeaponRegistrar$register$1$1$2::invoke@12 (line 41)
  0x00000250bcc55e94: 68e7 85ff 

  0x00000250bcc55e98: ;   {other}
  0x00000250bcc55e98: 0f1f 8400 | 081a 0021 | ba45 ffff | ff44 895c | 2440 4c89 | 4424 4844 | 894c 2444 

  0x00000250bcc55eb4: ;   {runtime_call UncommonTrapBlob}
  0x00000250bcc55eb4: 6666 90e8 

  0x00000250bcc55eb8: ; ImmutableOopMap {rbp=NarrowOop [32]=Oop [40]=Oop [64]=NarrowOop [72]=Oop }
                      ;*ifeq {reexecute=1 rethrow=0 return_oop=0}
                      ; - (reexecute) java.lang.ThreadLocal$ThreadLocalMap::getEntry@29 (line 501)
                      ; - java.lang.ThreadLocal::get@12 (line 187)
                      ; - java.lang.ThreadLocal::get@4 (line 172)
                      ; - godot.common.util.ThreadLocalDelegate::getValue@10 (line 7)
                      ; - godot.internal.memory.TransferContext::getBuffer@9 (line 28)
                      ; - godot.internal.memory.TransferContext::writeArguments@7 (line 34)
                      ; - godot.api.Node2D::getRotation@7 (line 394)
                      ; - game.items.weapons.Weapon::updateVisuals@9 (line 235)
                      ; - game.items.weapons.Weapon::_process@47 (line 196)
                      ; - godot.entry.WeaponRegistrar$register$1$1$2::invoke@8 (line 41)
                      ; - godot.entry.WeaponRegistrar$register$1$1$2::invoke@12 (line 41)
  0x00000250bcc55eb8: 44e7 85ff 

  0x00000250bcc55ebc: ;   {other}
  0x00000250bcc55ebc: 0f1f 8400 | 2c1a 0022 | baec ffff | ff48 8b6c | 2420 4c89 | 5c24 304c | 895c 2438 | 4c89 4c24 
  0x00000250bcc55edc: 4044 8954 

  0x00000250bcc55ee0: ;   {runtime_call UncommonTrapBlob}
  0x00000250bcc55ee0: 2450 90e8 

  0x00000250bcc55ee4: ; ImmutableOopMap {rbp=Oop [48]=Oop [56]=Oop [80]=NarrowOop }
                      ;*ifnull {reexecute=1 rethrow=0 return_oop=0}
                      ; - (reexecute) java.nio.Buffer::session@4 (line 792)
                      ; - java.nio.DirectByteBuffer::putInt@7 (line 773)
                      ; - java.nio.DirectByteBuffer::putInt@11 (line 785)
                      ; - godot.internal.memory.TransferContext::writeArguments@21 (line 36)
                      ; - godot.api.Node2D::getRotation@7 (line 394)
                      ; - game.items.weapons.Weapon::updateVisuals@9 (line 235)
                      ; - game.items.weapons.Weapon::_process@47 (line 196)
                      ; - godot.entry.WeaponRegistrar$register$1$1$2::invoke@8 (line 41)
                      ; - godot.entry.WeaponRegistrar$register$1$1$2::invoke@12 (line 41)
  0x00000250bcc55ee4: 18e7 85ff 

  0x00000250bcc55ee8: ;   {other}
  0x00000250bcc55ee8: 0f1f 8400 | 581a 0023 | bade ffff | ff48 8b6c | 2420 4489 

  0x00000250bcc55efc: ;   {runtime_call UncommonTrapBlob}
  0x00000250bcc55efc: 5424 20e8 

  0x00000250bcc55f00: ; ImmutableOopMap {rbp=Oop [32]=NarrowOop }
                      ;*invokevirtual get {reexecute=0 rethrow=0 return_oop=0}
                      ; - godot.common.util.ThreadLocalDelegate::getValue@10 (line 7)
                      ; - godot.internal.memory.TransferContext::getBuffer@9 (line 28)
                      ; - godot.internal.memory.TransferContext::readReturnValue@7 (line 73)
                      ; - godot.api.Node2D::getRotation@41 (line 396)
                      ; - game.items.weapons.Weapon::updateVisuals@9 (line 235)
                      ; - game.items.weapons.Weapon::_process@47 (line 196)
                      ; - godot.entry.WeaponRegistrar$register$1$1$2::invoke@8 (line 41)
                      ; - godot.entry.WeaponRegistrar$register$1$1$2::invoke@12 (line 41)
  0x00000250bcc55f00: fce6 85ff 

  0x00000250bcc55f04: ;   {other}
  0x00000250bcc55f04: 0f1f 8400 | 741a 0024 | bae4 ffff | ff48 8b6c | 2420 4489 | 4424 3048 | 894c 2438 | 4489 5c24 
  0x00000250bcc55f24: 4089 5c24 

  0x00000250bcc55f28: ;   {runtime_call UncommonTrapBlob}
  0x00000250bcc55f28: 4466 90e8 

  0x00000250bcc55f2c: ; ImmutableOopMap {rbp=Oop [40]=Oop [48]=NarrowOop [56]=Oop [64]=NarrowOop }
                      ;*aaload {reexecute=0 rethrow=0 return_oop=0}
                      ; - java.lang.ThreadLocal$ThreadLocalMap::getEntry@18 (line 500)
                      ; - java.lang.ThreadLocal::get@12 (line 187)
                      ; - java.lang.ThreadLocal::get@4 (line 172)
                      ; - godot.common.util.ThreadLocalDelegate::getValue@10 (line 7)
                      ; - godot.internal.memory.TransferContext::getBuffer@9 (line 28)
                      ; - godot.internal.memory.TransferContext::readReturnValue@7 (line 73)
                      ; - godot.api.Node2D::getRotation@41 (line 396)
                      ; - game.items.weapons.Weapon::updateVisuals@9 (line 235)
                      ; - game.items.weapons.Weapon::_process@47 (line 196)
                      ; - godot.entry.WeaponRegistrar$register$1$1$2::invoke@8 (line 41)
                      ; - godot.entry.WeaponRegistrar$register$1$1$2::invoke@12 (line 41)
  0x00000250bcc55f2c: d0e6 85ff 

  0x00000250bcc55f30: ;   {other}
  0x00000250bcc55f30: 0f1f 8400 | a01a 0025 | ba45 ffff | ff4c 894c | 2430 4489 | 4424 3848 | 894c 2440 | 895c 243c 
  0x00000250bcc55f50: ;   {runtime_call UncommonTrapBlob}
  0x00000250bcc55f50: 6666 90e8 

  0x00000250bcc55f54: ; ImmutableOopMap {rbp=NarrowOop [32]=Oop [48]=Oop [56]=NarrowOop [64]=Oop }
                      ;*ifeq {reexecute=1 rethrow=0 return_oop=0}
                      ; - (reexecute) java.lang.ThreadLocal$ThreadLocalMap::getEntry@29 (line 501)
                      ; - java.lang.ThreadLocal::get@12 (line 187)
                      ; - java.lang.ThreadLocal::get@4 (line 172)
                      ; - godot.common.util.ThreadLocalDelegate::getValue@10 (line 7)
                      ; - godot.internal.memory.TransferContext::getBuffer@9 (line 28)
                      ; - godot.internal.memory.TransferContext::readReturnValue@7 (line 73)
                      ; - godot.api.Node2D::getRotation@41 (line 396)
                      ; - game.items.weapons.Weapon::updateVisuals@9 (line 235)
                      ; - game.items.weapons.Weapon::_process@47 (line 196)
                      ; - godot.entry.WeaponRegistrar$register$1$1$2::invoke@8 (line 41)
                      ; - godot.entry.WeaponRegistrar$register$1$1$2::invoke@12 (line 41)
  0x00000250bcc55f54: a8e6 85ff 

  0x00000250bcc55f58: ;   {other}
  0x00000250bcc55f58: 0f1f 8400 | c81a 0026 | baec ffff | ff48 8b6c | 2420 4c89 | 4424 284c | 8944 2430 | 4889 4c24 
  0x00000250bcc55f78: 3844 895c 

  0x00000250bcc55f7c: ;   {runtime_call UncommonTrapBlob}
  0x00000250bcc55f7c: 2448 90e8 

  0x00000250bcc55f80: ; ImmutableOopMap {rbp=Oop [40]=Oop [48]=Oop [72]=NarrowOop }
                      ;*ifnull {reexecute=1 rethrow=0 return_oop=0}
                      ; - (reexecute) java.nio.Buffer::session@4 (line 792)
                      ; - java.nio.DirectByteBuffer::getInt@4 (line 744)
                      ; - java.nio.DirectByteBuffer::getInt@10 (line 753)
                      ; - godot.core.VariantKt::getVariantType@1 (line 104)
                      ; - godot.core.VariantKt::access$getVariantType@1 (line 1)
                      ; - godot.core.VariantParser::toKotlin@7 (line 477)
                      ; - godot.internal.memory.TransferContext::readReturnValue@20 (line 75)
                      ; - godot.api.Node2D::getRotation@41 (line 396)
                      ; - game.items.weapons.Weapon::updateVisuals@9 (line 235)
                      ; - game.items.weapons.Weapon::_process@47 (line 196)
                      ; - godot.entry.WeaponRegistrar$register$1$1$2::invoke@8 (line 41)
                      ; - godot.entry.WeaponRegistrar$register$1$1$2::invoke@12 (line 41)
  0x00000250bcc55f80: 7ce6 85ff 

  0x00000250bcc55f84: ;   {other}
  0x00000250bcc55f84: 0f1f 8400 | f41a 0027 | bade ffff | ff48 8be9 | c5fb 1144 | 2420 4489 | 5424 2844 | 8944 242c 
  0x00000250bcc55fa4: ;   {runtime_call UncommonTrapBlob}
  0x00000250bcc55fa4: 6666 90e8 

  0x00000250bcc55fa8: ; ImmutableOopMap {rbp=Oop [40]=NarrowOop [44]=NarrowOop }
                      ;*invokevirtual get {reexecute=0 rethrow=0 return_oop=0}
                      ; - godot.common.util.ThreadLocalDelegate::getValue@10 (line 7)
                      ; - godot.internal.memory.TransferContext::getBuffer@9 (line 28)
                      ; - godot.internal.memory.TransferContext::writeArguments@7 (line 34)
                      ; - godot.api.Node2D::getScale@7 (line 412)
                      ; - game.items.weapons.Weapon::updateVisuals@18 (line 238)
                      ; - game.items.weapons.Weapon::_process@47 (line 196)
                      ; - godot.entry.WeaponRegistrar$register$1$1$2::invoke@8 (line 41)
                      ; - godot.entry.WeaponRegistrar$register$1$1$2::invoke@12 (line 41)
  0x00000250bcc55fa8: 54e6 85ff 

  0x00000250bcc55fac: ;   {other}
  0x00000250bcc55fac: 0f1f 8400 | 1c1b 0028 | bae4 ffff | ff48 8b6c | 2420 c5fb | 1144 2420 | 4489 4424 | 3044 895c 
  0x00000250bcc55fcc: 2434 4c89 | 4c24 4089 | 5c24 4c89 

  0x00000250bcc55fd8: ;   {runtime_call UncommonTrapBlob}
  0x00000250bcc55fd8: 4c24 50e8 

  0x00000250bcc55fdc: ; ImmutableOopMap {rbp=Oop [40]=Oop [48]=NarrowOop [52]=NarrowOop [64]=Oop [76]=NarrowOop }
                      ;*aaload {reexecute=0 rethrow=0 return_oop=0}
                      ; - java.lang.ThreadLocal$ThreadLocalMap::getEntry@18 (line 500)
                      ; - java.lang.ThreadLocal::get@12 (line 187)
                      ; - java.lang.ThreadLocal::get@4 (line 172)
                      ; - godot.common.util.ThreadLocalDelegate::getValue@10 (line 7)
                      ; - godot.internal.memory.TransferContext::getBuffer@9 (line 28)
                      ; - godot.internal.memory.TransferContext::writeArguments@7 (line 34)
                      ; - godot.api.Node2D::getScale@7 (line 412)
                      ; - game.items.weapons.Weapon::updateVisuals@18 (line 238)
                      ; - game.items.weapons.Weapon::_process@47 (line 196)
                      ; - godot.entry.WeaponRegistrar$register$1$1$2::invoke@8 (line 41)
                      ; - godot.entry.WeaponRegistrar$register$1$1$2::invoke@12 (line 41)
  0x00000250bcc55fdc: 20e6 85ff 

  0x00000250bcc55fe0: ;   {other}
  0x00000250bcc55fe0: 0f1f 8400 | 501b 0029 | 498b f945 | 33c9 483b | d741 0f94 | c1ba 45ff | ffff 488b | 6c24 20c5 
  0x00000250bcc56000: fb11 4424 | 2044 8944 | 2430 4489 | 5c24 3448 | 897c 2440 | 894c 2448 | 4489 5424 | 4c44 894c 
  0x00000250bcc56020: ;   {runtime_call UncommonTrapBlob}
  0x00000250bcc56020: 2450 90e8 

  0x00000250bcc56024: ; ImmutableOopMap {rbp=Oop [40]=Oop [48]=NarrowOop [52]=NarrowOop [64]=Oop [76]=NarrowOop }
                      ;*ifeq {reexecute=1 rethrow=0 return_oop=0}
                      ; - (reexecute) java.lang.ThreadLocal$ThreadLocalMap::getEntry@29 (line 501)
                      ; - java.lang.ThreadLocal::get@12 (line 187)
                      ; - java.lang.ThreadLocal::get@4 (line 172)
                      ; - godot.common.util.ThreadLocalDelegate::getValue@10 (line 7)
                      ; - godot.internal.memory.TransferContext::getBuffer@9 (line 28)
                      ; - godot.internal.memory.TransferContext::writeArguments@7 (line 34)
                      ; - godot.api.Node2D::getScale@7 (line 412)
                      ; - game.items.weapons.Weapon::updateVisuals@18 (line 238)
                      ; - game.items.weapons.Weapon::_process@47 (line 196)
                      ; - godot.entry.WeaponRegistrar$register$1$1$2::invoke@8 (line 41)
                      ; - godot.entry.WeaponRegistrar$register$1$1$2::invoke@12 (line 41)
  0x00000250bcc56024: d8e5 85ff 

  0x00000250bcc56028: ;   {other}
  0x00000250bcc56028: 0f1f 8400 | 981b 002a | baec ffff | ff48 8b6c | 2420 c5fb | 1144 2420 | 4489 4424 | 2848 894c 
  0x00000250bcc56048: 2438 4889 | 4c24 404c | 894c 2448 | 4489 5c24 

  0x00000250bcc56058: ;   {runtime_call UncommonTrapBlob}
  0x00000250bcc56058: 2c66 90e8 

  0x00000250bcc5605c: ; ImmutableOopMap {rbp=Oop [40]=NarrowOop [44]=NarrowOop [56]=Oop [64]=Oop }
                      ;*ifnull {reexecute=1 rethrow=0 return_oop=0}
                      ; - (reexecute) java.nio.Buffer::session@4 (line 792)
                      ; - java.nio.DirectByteBuffer::putInt@7 (line 773)
                      ; - java.nio.DirectByteBuffer::putInt@11 (line 785)
                      ; - godot.internal.memory.TransferContext::writeArguments@21 (line 36)
                      ; - godot.api.Node2D::getScale@7 (line 412)
                      ; - game.items.weapons.Weapon::updateVisuals@18 (line 238)
                      ; - game.items.weapons.Weapon::_process@47 (line 196)
                      ; - godot.entry.WeaponRegistrar$register$1$1$2::invoke@8 (line 41)
                      ; - godot.entry.WeaponRegistrar$register$1$1$2::invoke@12 (line 41)
  0x00000250bcc5605c: a0e5 85ff 

  0x00000250bcc56060: ;   {other}
  0x00000250bcc56060: 0f1f 8400 | d01b 002b | bade ffff | ff48 8b6c | 2420 894c 

  0x00000250bcc56074: ;   {runtime_call UncommonTrapBlob}
  0x00000250bcc56074: 2428 90e8 

  0x00000250bcc56078: ; ImmutableOopMap {rbp=Oop [40]=NarrowOop }
                      ;*invokevirtual get {reexecute=0 rethrow=0 return_oop=0}
                      ; - godot.common.util.ThreadLocalDelegate::getValue@10 (line 7)
                      ; - godot.internal.memory.TransferContext::getBuffer@9 (line 28)
                      ; - godot.internal.memory.TransferContext::readReturnValue@7 (line 73)
                      ; - godot.api.Node2D::getScale@41 (line 414)
                      ; - game.items.weapons.Weapon::updateVisuals@18 (line 238)
                      ; - game.items.weapons.Weapon::_process@47 (line 196)
                      ; - godot.entry.WeaponRegistrar$register$1$1$2::invoke@8 (line 41)
                      ; - godot.entry.WeaponRegistrar$register$1$1$2::invoke@12 (line 41)
  0x00000250bcc56078: 84e5 85ff 

  0x00000250bcc5607c: ;   {other}
  0x00000250bcc5607c: 0f1f 8400 | ec1b 002c | bae4 ffff | ff48 8b6c | 2420 c5fb | 1044 2430 | c5fb 1144 | 2420 4c89 
  0x00000250bcc5609c: 4424 3044 | 894c 2438 | 4889 4c24 | 4044 8954 | 2448 895c 

  0x00000250bcc560b0: ;   {runtime_call UncommonTrapBlob}
  0x00000250bcc560b0: 244c 90e8 

  0x00000250bcc560b4: ; ImmutableOopMap {rbp=Oop [48]=Oop [56]=NarrowOop [64]=Oop [72]=NarrowOop }
                      ;*aaload {reexecute=0 rethrow=0 return_oop=0}
                      ; - java.lang.ThreadLocal$ThreadLocalMap::getEntry@18 (line 500)
                      ; - java.lang.ThreadLocal::get@12 (line 187)
                      ; - java.lang.ThreadLocal::get@4 (line 172)
                      ; - godot.common.util.ThreadLocalDelegate::getValue@10 (line 7)
                      ; - godot.internal.memory.TransferContext::getBuffer@9 (line 28)
                      ; - godot.internal.memory.TransferContext::readReturnValue@7 (line 73)
                      ; - godot.api.Node2D::getScale@41 (line 414)
                      ; - game.items.weapons.Weapon::updateVisuals@18 (line 238)
                      ; - game.items.weapons.Weapon::_process@47 (line 196)
                      ; - godot.entry.WeaponRegistrar$register$1$1$2::invoke@8 (line 41)
                      ; - godot.entry.WeaponRegistrar$register$1$1$2::invoke@12 (line 41)
  0x00000250bcc560b4: 48e5 85ff 

  0x00000250bcc560b8: ;   {other}
  0x00000250bcc560b8: 0f1f 8400 | 281c 002d | ba45 ffff | ffc5 fb10 | 4424 30c5 | fb11 4424 | 284c 8944 | 2438 4489 
  0x00000250bcc560d8: 4c24 4048 | 894c 2448 | 895c 2444 

  0x00000250bcc560e4: ;   {runtime_call UncommonTrapBlob}
  0x00000250bcc560e4: 6666 90e8 

  0x00000250bcc560e8: ; ImmutableOopMap {rbp=NarrowOop [32]=Oop [56]=Oop [64]=NarrowOop [72]=Oop }
                      ;*ifeq {reexecute=1 rethrow=0 return_oop=0}
                      ; - (reexecute) java.lang.ThreadLocal$ThreadLocalMap::getEntry@29 (line 501)
                      ; - java.lang.ThreadLocal::get@12 (line 187)
                      ; - java.lang.ThreadLocal::get@4 (line 172)
                      ; - godot.common.util.ThreadLocalDelegate::getValue@10 (line 7)
                      ; - godot.internal.memory.TransferContext::getBuffer@9 (line 28)
                      ; - godot.internal.memory.TransferContext::readReturnValue@7 (line 73)
                      ; - godot.api.Node2D::getScale@41 (line 414)
                      ; - game.items.weapons.Weapon::updateVisuals@18 (line 238)
                      ; - game.items.weapons.Weapon::_process@47 (line 196)
                      ; - godot.entry.WeaponRegistrar$register$1$1$2::invoke@8 (line 41)
                      ; - godot.entry.WeaponRegistrar$register$1$1$2::invoke@12 (line 41)
  0x00000250bcc560e8: 14e5 85ff 

  0x00000250bcc560ec: ;   {other}
  0x00000250bcc560ec: 0f1f 8400 | 5c1c 002e | baec ffff | ff48 8b6c | 2420 c5fb | 1044 2430 | c5fb 1144 | 2420 4c89 
  0x00000250bcc5610c: 4c24 304c | 894c 2438 | 4889 4c24 | 4044 895c 

  0x00000250bcc5611c: ;   {runtime_call UncommonTrapBlob}
  0x00000250bcc5611c: 2450 90e8 

  0x00000250bcc56120: ; ImmutableOopMap {rbp=Oop [48]=Oop [56]=Oop [80]=NarrowOop }
                      ;*ifnull {reexecute=1 rethrow=0 return_oop=0}
                      ; - (reexecute) java.nio.Buffer::session@4 (line 792)
                      ; - java.nio.DirectByteBuffer::getInt@4 (line 744)
                      ; - java.nio.DirectByteBuffer::getInt@10 (line 753)
                      ; - godot.core.VariantKt::getVariantType@1 (line 104)
                      ; - godot.core.VariantKt::access$getVariantType@1 (line 1)
                      ; - godot.core.VariantParser::toKotlin@7 (line 477)
                      ; - godot.internal.memory.TransferContext::readReturnValue@20 (line 75)
                      ; - godot.api.Node2D::getScale@41 (line 414)
                      ; - game.items.weapons.Weapon::updateVisuals@18 (line 238)
                      ; - game.items.weapons.Weapon::_process@47 (line 196)
                      ; - godot.entry.WeaponRegistrar$register$1$1$2::invoke@8 (line 41)
                      ; - godot.entry.WeaponRegistrar$register$1$1$2::invoke@12 (line 41)
  0x00000250bcc56120: dce4 85ff 

  0x00000250bcc56124: ;   {other}
  0x00000250bcc56124: 0f1f 8400 | 941c 002f | baf6 ffff 

  0x00000250bcc56130: ;   {runtime_call UncommonTrapBlob}
  0x00000250bcc56130: ff66 90e8 

  0x00000250bcc56134: ; ImmutableOopMap {}
                      ;*invokevirtual getScale {reexecute=0 rethrow=0 return_oop=0}
                      ; - game.entity.Player::isFacingRight@4 (line 261)
                      ; - game.items.weapons.Weapon::getIdleRotation@9 (line 139)
                      ; - game.items.weapons.Weapon::getRotationToTarget@20 (line 156)
                      ; - game.items.weapons.Weapon::rotateToTarget@21 (line 177)
                      ; - game.items.weapons.Weapon::_process@32 (line 192)
                      ; - godot.entry.WeaponRegistrar$register$1$1$2::invoke@8 (line 41)
                      ; - godot.entry.WeaponRegistrar$register$1$1$2::invoke@12 (line 41)
  0x00000250bcc56134: c8e4 85ff 

  0x00000250bcc56138: ;   {other}
  0x00000250bcc56138: 0f1f 8400 | a81c 0030 | bade ffff | ff4c 8954 

  0x00000250bcc56148: ;   {runtime_call UncommonTrapBlob}
  0x00000250bcc56148: 2420 90e8 

  0x00000250bcc5614c: ; ImmutableOopMap {rbp=NarrowOop [32]=Oop }
                      ;*invokeinterface isEmpty {reexecute=0 rethrow=0 return_oop=0}
                      ; - game.items.weapons.Weapon::_process@11 (line 187)
                      ; - godot.entry.WeaponRegistrar$register$1$1$2::invoke@8 (line 41)
                      ; - godot.entry.WeaponRegistrar$register$1$1$2::invoke@12 (line 41)
  0x00000250bcc5614c: b0e4 85ff 

  0x00000250bcc56150: ;   {other}
  0x00000250bcc56150: 0f1f 8400 | c01c 0031 | bade ffff | ff4c 8954 | 2428 4c89 

  0x00000250bcc56164: ;   {runtime_call UncommonTrapBlob}
  0x00000250bcc56164: 5424 30e8 

  0x00000250bcc56168: ; ImmutableOopMap {rbp=NarrowOop [40]=Oop [48]=Oop }
                      ;*invokeinterface isEmpty {reexecute=0 rethrow=0 return_oop=0}
                      ; - game.items.weapons.Weapon::getRotationToTarget@4 (line 155)
                      ; - game.items.weapons.Weapon::rotateToTarget@21 (line 177)
                      ; - game.items.weapons.Weapon::_process@32 (line 192)
                      ; - godot.entry.WeaponRegistrar$register$1$1$2::invoke@8 (line 41)
                      ; - godot.entry.WeaponRegistrar$register$1$1$2::invoke@12 (line 41)
  0x00000250bcc56168: 94e4 85ff 

  0x00000250bcc5616c: ;   {other}
  0x00000250bcc5616c: 0f1f 8400 | dc1c 0032 | bade ffff | ff48 8b6c | 2430 4489 | 5424 2848 | 8944 2430 

  0x00000250bcc56188: ;   {runtime_call UncommonTrapBlob}
  0x00000250bcc56188: 6666 90e8 

  0x00000250bcc5618c: ; ImmutableOopMap {rbp=Oop [40]=NarrowOop [48]=Oop }
                      ;*invokevirtual get {reexecute=0 rethrow=0 return_oop=0}
                      ; - godot.common.util.ThreadLocalDelegate::getValue@10 (line 7)
                      ; - godot.internal.memory.TransferContext::getBuffer@9 (line 28)
                      ; - godot.internal.memory.TransferContext::writeArguments@7 (line 34)
                      ; - godot.api.Node2D::setRotation@23 (line 368)
                      ; - game.items.weapons.Weapon::rotateToTarget@25 (line 177)
                      ; - game.items.weapons.Weapon::_process@32 (line 192)
                      ; - godot.entry.WeaponRegistrar$register$1$1$2::invoke@8 (line 41)
                      ; - godot.entry.WeaponRegistrar$register$1$1$2::invoke@12 (line 41)
  0x00000250bcc5618c: 70e4 85ff 

  0x00000250bcc56190: ;   {other}
  0x00000250bcc56190: 0f1f 8400 | 001d 0033 | bae4 ffff | ff44 895c | 2440 4c89 | 5424 4844 | 894c 2450 | 4489 4424 
  0x00000250bcc561b0: ;   {runtime_call UncommonTrapBlob}
  0x00000250bcc561b0: 5466 90e8 

  0x00000250bcc561b4: ; ImmutableOopMap {[32]=Oop [40]=Oop [48]=Oop [64]=NarrowOop [72]=Oop [80]=NarrowOop }
                      ;*aaload {reexecute=0 rethrow=0 return_oop=0}
                      ; - java.lang.ThreadLocal$ThreadLocalMap::getEntry@18 (line 500)
                      ; - java.lang.ThreadLocal::get@12 (line 187)
                      ; - java.lang.ThreadLocal::get@4 (line 172)
                      ; - godot.common.util.ThreadLocalDelegate::getValue@10 (line 7)
                      ; - godot.internal.memory.TransferContext::getBuffer@9 (line 28)
                      ; - godot.internal.memory.TransferContext::writeArguments@7 (line 34)
                      ; - godot.api.Node2D::setRotation@23 (line 368)
                      ; - game.items.weapons.Weapon::rotateToTarget@25 (line 177)
                      ; - game.items.weapons.Weapon::_process@32 (line 192)
                      ; - godot.entry.WeaponRegistrar$register$1$1$2::invoke@8 (line 41)
                      ; - godot.entry.WeaponRegistrar$register$1$1$2::invoke@12 (line 41)
  0x00000250bcc561b4: 48e4 85ff 

  0x00000250bcc561b8: ;   {other}
  0x00000250bcc561b8: 0f1f 8400 | 281d 0034 | ba45 ffff | ff44 895c | 2448 4c89 | 5424 5044 | 8944 244c 

  0x00000250bcc561d4: ;   {runtime_call UncommonTrapBlob}
  0x00000250bcc561d4: 6666 90e8 

  0x00000250bcc561d8: ; ImmutableOopMap {rbp=NarrowOop [32]=Oop [40]=Oop [48]=Oop [72]=NarrowOop [80]=Oop }
                      ;*ifeq {reexecute=1 rethrow=0 return_oop=0}
                      ; - (reexecute) java.lang.ThreadLocal$ThreadLocalMap::getEntry@29 (line 501)
                      ; - java.lang.ThreadLocal::get@12 (line 187)
                      ; - java.lang.ThreadLocal::get@4 (line 172)
                      ; - godot.common.util.ThreadLocalDelegate::getValue@10 (line 7)
                      ; - godot.internal.memory.TransferContext::getBuffer@9 (line 28)
                      ; - godot.internal.memory.TransferContext::writeArguments@7 (line 34)
                      ; - godot.api.Node2D::setRotation@23 (line 368)
                      ; - game.items.weapons.Weapon::rotateToTarget@25 (line 177)
                      ; - game.items.weapons.Weapon::_process@32 (line 192)
                      ; - godot.entry.WeaponRegistrar$register$1$1$2::invoke@8 (line 41)
                      ; - godot.entry.WeaponRegistrar$register$1$1$2::invoke@12 (line 41)
  0x00000250bcc561d8: 24e4 85ff 

  0x00000250bcc561dc: ;   {other}
  0x00000250bcc561dc: 0f1f 8400 | 4c1d 0035 | baec ffff | ff48 8b6c | 2430 4889 | 4c24 3848 | 894c 2440 | 4c89 5424 
  0x00000250bcc561fc: 4844 895c 

  0x00000250bcc56200: ;   {runtime_call UncommonTrapBlob}
  0x00000250bcc56200: 2458 90e8 

  0x00000250bcc56204: ; ImmutableOopMap {rbp=Oop [40]=Oop [56]=Oop [64]=Oop [88]=NarrowOop }
                      ;*ifnull {reexecute=1 rethrow=0 return_oop=0}
                      ; - (reexecute) java.nio.Buffer::session@4 (line 792)
                      ; - java.nio.DirectByteBuffer::putInt@7 (line 773)
                      ; - java.nio.DirectByteBuffer::putInt@11 (line 785)
                      ; - godot.internal.memory.TransferContext::writeArguments@21 (line 36)
                      ; - godot.api.Node2D::setRotation@23 (line 368)
                      ; - game.items.weapons.Weapon::rotateToTarget@25 (line 177)
                      ; - game.items.weapons.Weapon::_process@32 (line 192)
                      ; - godot.entry.WeaponRegistrar$register$1$1$2::invoke@8 (line 41)
                      ; - godot.entry.WeaponRegistrar$register$1$1$2::invoke@12 (line 41)
  0x00000250bcc56204: f8e3 85ff 

  0x00000250bcc56208: ;   {other}
  0x00000250bcc56208: 0f1f 8400 | 781d 0036 | bade ffff | ff4c 8954 | 2420 4489 | 5c24 2889 

  0x00000250bcc56220: ;   {runtime_call UncommonTrapBlob}
  0x00000250bcc56220: 4c24 2ce8 

  0x00000250bcc56224: ; ImmutableOopMap {[32]=Oop [40]=NarrowOop [44]=NarrowOop }
                      ;*invokevirtual get {reexecute=0 rethrow=0 return_oop=0}
                      ; - godot.common.util.ThreadLocalDelegate::getValue@10 (line 7)
                      ; - godot.internal.memory.TransferContext::getBuffer@9 (line 28)
                      ; - godot.internal.memory.TransferContext::writeArguments@7 (line 34)
                      ; - godot.api.Node2D::getScale@7 (line 412)
                      ; - game.entity.Player::isFacingRight@4 (line 261)
                      ; - game.items.weapons.Weapon::getIdleRotation@9 (line 139)
                      ; - game.items.weapons.Weapon::getRotationToTarget@20 (line 156)
                      ; - game.items.weapons.Weapon::rotateToTarget@21 (line 177)
                      ; - game.items.weapons.Weapon::_process@32 (line 192)
                      ; - godot.entry.WeaponRegistrar$register$1$1$2::invoke@8 (line 41)
                      ; - godot.entry.WeaponRegistrar$register$1$1$2::invoke@12 (line 41)
  0x00000250bcc56224: d8e3 85ff 

  0x00000250bcc56228: ;   {other}
  0x00000250bcc56228: 0f1f 8400 | 981d 0037 | bae4 ffff | ff48 8b6c | 2430 4489 | 5c24 3044 | 8944 2434 | 4889 4c24 
  0x00000250bcc56248: 4089 5c24 | 4c89 7c24 

  0x00000250bcc56250: ;   {runtime_call UncommonTrapBlob}
  0x00000250bcc56250: 5066 90e8 

  0x00000250bcc56254: ; ImmutableOopMap {rbp=Oop [32]=Oop [48]=NarrowOop [52]=NarrowOop [64]=Oop [76]=NarrowOop }
                      ;*aaload {reexecute=0 rethrow=0 return_oop=0}
                      ; - java.lang.ThreadLocal$ThreadLocalMap::getEntry@18 (line 500)
                      ; - java.lang.ThreadLocal::get@12 (line 187)
                      ; - java.lang.ThreadLocal::get@4 (line 172)
                      ; - godot.common.util.ThreadLocalDelegate::getValue@10 (line 7)
                      ; - godot.internal.memory.TransferContext::getBuffer@9 (line 28)
                      ; - godot.internal.memory.TransferContext::writeArguments@7 (line 34)
                      ; - godot.api.Node2D::getScale@7 (line 412)
                      ; - game.entity.Player::isFacingRight@4 (line 261)
                      ; - game.items.weapons.Weapon::getIdleRotation@9 (line 139)
                      ; - game.items.weapons.Weapon::getRotationToTarget@20 (line 156)
                      ; - game.items.weapons.Weapon::rotateToTarget@21 (line 177)
                      ; - game.items.weapons.Weapon::_process@32 (line 192)
                      ; - godot.entry.WeaponRegistrar$register$1$1$2::invoke@8 (line 41)
                      ; - godot.entry.WeaponRegistrar$register$1$1$2::invoke@12 (line 41)
  0x00000250bcc56254: a8e3 85ff 

  0x00000250bcc56258: ;   {other}
  0x00000250bcc56258: 0f1f 8400 | c81d 0038 | 4533 d248 | 3bd9 410f | 94c2 ba45 | ffff ff48 | 8b6c 2430 | 4489 4c24 
  0x00000250bcc56278: 3044 8944 | 2434 4889 | 4c24 4089 | 7c24 4844 | 895c 244c | 4489 5424 

  0x00000250bcc56290: ;   {runtime_call UncommonTrapBlob}
  0x00000250bcc56290: 5066 90e8 

  0x00000250bcc56294: ; ImmutableOopMap {rbp=Oop [32]=Oop [48]=NarrowOop [52]=NarrowOop [64]=Oop [76]=NarrowOop }
                      ;*ifeq {reexecute=1 rethrow=0 return_oop=0}
                      ; - (reexecute) java.lang.ThreadLocal$ThreadLocalMap::getEntry@29 (line 501)
                      ; - java.lang.ThreadLocal::get@12 (line 187)
                      ; - java.lang.ThreadLocal::get@4 (line 172)
                      ; - godot.common.util.ThreadLocalDelegate::getValue@10 (line 7)
                      ; - godot.internal.memory.TransferContext::getBuffer@9 (line 28)
                      ; - godot.internal.memory.TransferContext::writeArguments@7 (line 34)
                      ; - godot.api.Node2D::getScale@7 (line 412)
                      ; - game.entity.Player::isFacingRight@4 (line 261)
                      ; - game.items.weapons.Weapon::getIdleRotation@9 (line 139)
                      ; - game.items.weapons.Weapon::getRotationToTarget@20 (line 156)
                      ; - game.items.weapons.Weapon::rotateToTarget@21 (line 177)
                      ; - game.items.weapons.Weapon::_process@32 (line 192)
                      ; - godot.entry.WeaponRegistrar$register$1$1$2::invoke@8 (line 41)
                      ; - godot.entry.WeaponRegistrar$register$1$1$2::invoke@12 (line 41)
  0x00000250bcc56294: 68e3 85ff 

  0x00000250bcc56298: ;   {other}
  0x00000250bcc56298: 0f1f 8400 | 081e 0039 | baec ffff | ff48 8b6c | 2430 4489 | 4c24 2848 | 894c 2438 | 4889 4c24 
  0x00000250bcc562b8: 404c 895c | 2448 4489 

  0x00000250bcc562c0: ;   {runtime_call UncommonTrapBlob}
  0x00000250bcc562c0: 5424 2ce8 

  0x00000250bcc562c4: ; ImmutableOopMap {rbp=Oop [40]=NarrowOop [44]=NarrowOop [56]=Oop [64]=Oop }
                      ;*ifnull {reexecute=1 rethrow=0 return_oop=0}
                      ; - (reexecute) java.nio.Buffer::session@4 (line 792)
                      ; - java.nio.DirectByteBuffer::putInt@7 (line 773)
                      ; - java.nio.DirectByteBuffer::putInt@11 (line 785)
                      ; - godot.internal.memory.TransferContext::writeArguments@21 (line 36)
                      ; - godot.api.Node2D::getScale@7 (line 412)
                      ; - game.entity.Player::isFacingRight@4 (line 261)
                      ; - game.items.weapons.Weapon::getIdleRotation@9 (line 139)
                      ; - game.items.weapons.Weapon::getRotationToTarget@20 (line 156)
                      ; - game.items.weapons.Weapon::rotateToTarget@21 (line 177)
                      ; - game.items.weapons.Weapon::_process@32 (line 192)
                      ; - godot.entry.WeaponRegistrar$register$1$1$2::invoke@8 (line 41)
                      ; - godot.entry.WeaponRegistrar$register$1$1$2::invoke@12 (line 41)
  0x00000250bcc562c4: 38e3 85ff 

  0x00000250bcc562c8: ;   {other}
  0x00000250bcc562c8: 0f1f 8400 | 381e 003a | bade ffff | ff48 8b6c | 2430 4489 

  0x00000250bcc562dc: ;   {runtime_call UncommonTrapBlob}
  0x00000250bcc562dc: 4424 28e8 

  0x00000250bcc562e0: ; ImmutableOopMap {rbp=Oop [40]=NarrowOop }
                      ;*invokevirtual get {reexecute=0 rethrow=0 return_oop=0}
                      ; - godot.common.util.ThreadLocalDelegate::getValue@10 (line 7)
                      ; - godot.internal.memory.TransferContext::getBuffer@9 (line 28)
                      ; - godot.internal.memory.TransferContext::readReturnValue@7 (line 73)
                      ; - godot.api.Node2D::getScale@41 (line 414)
                      ; - game.entity.Player::isFacingRight@4 (line 261)
                      ; - game.items.weapons.Weapon::getIdleRotation@9 (line 139)
                      ; - game.items.weapons.Weapon::getRotationToTarget@20 (line 156)
                      ; - game.items.weapons.Weapon::rotateToTarget@21 (line 177)
                      ; - game.items.weapons.Weapon::_process@32 (line 192)
                      ; - godot.entry.WeaponRegistrar$register$1$1$2::invoke@8 (line 41)
                      ; - godot.entry.WeaponRegistrar$register$1$1$2::invoke@12 (line 41)
  0x00000250bcc562e0: 1ce3 85ff 

  0x00000250bcc562e4: ;   {other}
  0x00000250bcc562e4: 0f1f 8400 | 541e 003b | bae4 ffff | ff48 8b6c | 2430 4489 | 5c24 3848 | 894c 2440 | 4489 4424 
  0x00000250bcc56304: 4844 894c 

  0x00000250bcc56308: ;   {runtime_call UncommonTrapBlob}
  0x00000250bcc56308: 244c 90e8 

  0x00000250bcc5630c: ; ImmutableOopMap {rbp=Oop [32]=Oop [56]=NarrowOop [64]=Oop [72]=NarrowOop }
                      ;*aaload {reexecute=0 rethrow=0 return_oop=0}
                      ; - java.lang.ThreadLocal$ThreadLocalMap::getEntry@18 (line 500)
                      ; - java.lang.ThreadLocal::get@12 (line 187)
                      ; - java.lang.ThreadLocal::get@4 (line 172)
                      ; - godot.common.util.ThreadLocalDelegate::getValue@10 (line 7)
                      ; - godot.internal.memory.TransferContext::getBuffer@9 (line 28)
                      ; - godot.internal.memory.TransferContext::readReturnValue@7 (line 73)
                      ; - godot.api.Node2D::getScale@41 (line 414)
                      ; - game.entity.Player::isFacingRight@4 (line 261)
                      ; - game.items.weapons.Weapon::getIdleRotation@9 (line 139)
                      ; - game.items.weapons.Weapon::getRotationToTarget@20 (line 156)
                      ; - game.items.weapons.Weapon::rotateToTarget@21 (line 177)
                      ; - game.items.weapons.Weapon::_process@32 (line 192)
                      ; - godot.entry.WeaponRegistrar$register$1$1$2::invoke@8 (line 41)
                      ; - godot.entry.WeaponRegistrar$register$1$1$2::invoke@12 (line 41)
  0x00000250bcc5630c: f0e2 85ff 

  0x00000250bcc56310: ;   {other}
  0x00000250bcc56310: 0f1f 8400 | 801e 003c | 488b d933 | c94c 3bc3 | 0f94 c1ba | 45ff ffff | 488b 6c24 | 3044 895c 
  0x00000250bcc56330: 2438 4889 | 5c24 4044 | 894c 243c | 4489 5424 | 4889 4c24 

  0x00000250bcc56344: ;   {runtime_call UncommonTrapBlob}
  0x00000250bcc56344: 4c66 90e8 

  0x00000250bcc56348: ; ImmutableOopMap {rbp=Oop [32]=Oop [56]=NarrowOop [64]=Oop [72]=NarrowOop }
                      ;*ifeq {reexecute=1 rethrow=0 return_oop=0}
                      ; - (reexecute) java.lang.ThreadLocal$ThreadLocalMap::getEntry@29 (line 501)
                      ; - java.lang.ThreadLocal::get@12 (line 187)
                      ; - java.lang.ThreadLocal::get@4 (line 172)
                      ; - godot.common.util.ThreadLocalDelegate::getValue@10 (line 7)
                      ; - godot.internal.memory.TransferContext::getBuffer@9 (line 28)
                      ; - godot.internal.memory.TransferContext::readReturnValue@7 (line 73)
                      ; - godot.api.Node2D::getScale@41 (line 414)
                      ; - game.entity.Player::isFacingRight@4 (line 261)
                      ; - game.items.weapons.Weapon::getIdleRotation@9 (line 139)
                      ; - game.items.weapons.Weapon::getRotationToTarget@20 (line 156)
                      ; - game.items.weapons.Weapon::rotateToTarget@21 (line 177)
                      ; - game.items.weapons.Weapon::_process@32 (line 192)
                      ; - godot.entry.WeaponRegistrar$register$1$1$2::invoke@8 (line 41)
                      ; - godot.entry.WeaponRegistrar$register$1$1$2::invoke@12 (line 41)
  0x00000250bcc56348: b4e2 85ff 

  0x00000250bcc5634c: ;   {other}
  0x00000250bcc5634c: 0f1f 8400 | bc1e 003d | baec ffff | ff4c 8b44 | 2430 4c89 | 4424 284c | 8954 2438 | 4c89 5424 
  0x00000250bcc5636c: 4044 895c 

  0x00000250bcc56370: ;   {runtime_call UncommonTrapBlob}
  0x00000250bcc56370: 2450 90e8 

  0x00000250bcc56374: ; ImmutableOopMap {[40]=Oop [56]=Oop [64]=Oop [80]=NarrowOop }
                      ;*ifnull {reexecute=1 rethrow=0 return_oop=0}
                      ; - (reexecute) java.nio.Buffer::session@4 (line 792)
                      ; - java.nio.DirectByteBuffer::getInt@4 (line 744)
                      ; - java.nio.DirectByteBuffer::getInt@10 (line 753)
                      ; - godot.core.VariantKt::getVariantType@1 (line 104)
                      ; - godot.core.VariantKt::access$getVariantType@1 (line 1)
                      ; - godot.core.VariantParser::toKotlin@7 (line 477)
                      ; - godot.internal.memory.TransferContext::readReturnValue@20 (line 75)
                      ; - godot.api.Node2D::getScale@41 (line 414)
                      ; - game.entity.Player::isFacingRight@4 (line 261)
                      ; - game.items.weapons.Weapon::getIdleRotation@9 (line 139)
                      ; - game.items.weapons.Weapon::getRotationToTarget@20 (line 156)
                      ; - game.items.weapons.Weapon::rotateToTarget@21 (line 177)
                      ; - game.items.weapons.Weapon::_process@32 (line 192)
                      ; - godot.entry.WeaponRegistrar$register$1$1$2::invoke@8 (line 41)
                      ; - godot.entry.WeaponRegistrar$register$1$1$2::invoke@12 (line 41)
  0x00000250bcc56374: 88e2 85ff 

  0x00000250bcc56378: ;   {other}
  0x00000250bcc56378: 0f1f 8400 | e81e 003e | baec ffff | ff4c 8b54 | 2430 4c89 | 5424 284c | 8944 2438 | 4c89 4424 
  0x00000250bcc56398: 404c 894c 

  0x00000250bcc5639c: ;   {runtime_call UncommonTrapBlob}
  0x00000250bcc5639c: 2448 90e8 

  0x00000250bcc563a0: ; ImmutableOopMap {rbp=NarrowOop [40]=Oop [56]=Oop [64]=Oop }
                      ;*ifnull {reexecute=1 rethrow=0 return_oop=0}
                      ; - (reexecute) java.nio.Buffer::session@4 (line 792)
                      ; - java.nio.DirectByteBuffer::getFloat@4 (line 944)
                      ; - java.nio.DirectByteBuffer::getFloat@10 (line 953)
                      ; - godot.core.VariantKt::getVector2@5 (line 19)
                      ; - godot.core.VariantKt::access$getVector2@1 (line 1)
                      ; - godot.core.VariantParser$VECTOR2::toUnsafeKotlin@7 (line 176)
                      ; - godot.core.VariantParser$VECTOR2::toUnsafeKotlin@2 (line 175)
                      ; - godot.core.VariantParser::toKotlin@21 (line 479)
                      ; - godot.internal.memory.TransferContext::readReturnValue@20 (line 75)
                      ; - godot.api.Node2D::getScale@41 (line 414)
                      ; - game.entity.Player::isFacingRight@4 (line 261)
                      ; - game.items.weapons.Weapon::getIdleRotation@9 (line 139)
                      ; - game.items.weapons.Weapon::getRotationToTarget@20 (line 156)
                      ; - game.items.weapons.Weapon::rotateToTarget@21 (line 177)
                      ; - game.items.weapons.Weapon::_process@32 (line 192)
                      ; - godot.entry.WeaponRegistrar$register$1$1$2::invoke@8 (line 41)
                      ; - godot.entry.WeaponRegistrar$register$1$1$2::invoke@12 (line 41)
  0x00000250bcc563a0: 5ce2 85ff 

  0x00000250bcc563a4: ;   {other}
  0x00000250bcc563a4: 0f1f 8400 | 141f 003f | baec ffff | ffc5 fb11 | 4424 384c | 894c 2448 

  0x00000250bcc563bc: ;   {runtime_call UncommonTrapBlob}
  0x00000250bcc563bc: 6666 90e8 

  0x00000250bcc563c0: ; ImmutableOopMap {rbp=NarrowOop [40]=Oop [48]=Oop }
                      ;*ifnull {reexecute=1 rethrow=0 return_oop=0}
                      ; - (reexecute) java.nio.Buffer::session@4 (line 792)
                      ; - java.nio.DirectByteBuffer::getFloat@4 (line 944)
                      ; - java.nio.DirectByteBuffer::getFloat@10 (line 953)
                      ; - godot.core.VariantKt::getVector2@14 (line 19)
                      ; - godot.core.VariantKt::access$getVector2@1 (line 1)
                      ; - godot.core.VariantParser$VECTOR2::toUnsafeKotlin@7 (line 176)
                      ; - godot.core.VariantParser$VECTOR2::toUnsafeKotlin@2 (line 175)
                      ; - godot.core.VariantParser::toKotlin@21 (line 479)
                      ; - godot.internal.memory.TransferContext::readReturnValue@20 (line 75)
                      ; - godot.api.Node2D::getScale@41 (line 414)
                      ; - game.entity.Player::isFacingRight@4 (line 261)
                      ; - game.items.weapons.Weapon::getIdleRotation@9 (line 139)
                      ; - game.items.weapons.Weapon::getRotationToTarget@20 (line 156)
                      ; - game.items.weapons.Weapon::rotateToTarget@21 (line 177)
                      ; - game.items.weapons.Weapon::_process@32 (line 192)
                      ; - godot.entry.WeaponRegistrar$register$1$1$2::invoke@8 (line 41)
                      ; - godot.entry.WeaponRegistrar$register$1$1$2::invoke@12 (line 41)
  0x00000250bcc563c0: 3ce2 85ff 

  0x00000250bcc563c4: ;   {other}
  0x00000250bcc563c4: 0f1f 8400 | 341f 0040 | baf6 ffff | ff49 8bea 

  0x00000250bcc563d4: ;   {runtime_call UncommonTrapBlob}
  0x00000250bcc563d4: 6666 90e8 

  0x00000250bcc563d8: ; ImmutableOopMap {rbp=Oop }
                      ;*invokevirtual setScale {reexecute=0 rethrow=0 return_oop=0}
                      ; - game.items.weapons.Weapon::updateVisuals@84 (line 246)
                      ; - game.items.weapons.Weapon::_process@47 (line 196)
                      ; - godot.entry.WeaponRegistrar$register$1$1$2::invoke@8 (line 41)
                      ; - godot.entry.WeaponRegistrar$register$1$1$2::invoke@12 (line 41)
  0x00000250bcc563d8: 24e2 85ff 

  0x00000250bcc563dc: ;   {other}
  0x00000250bcc563dc: 0f1f 8400 | 4c1f 0041 | bade ffff | ff41 8be9 | 894c 2420 | 4c89 5424 

  0x00000250bcc563f4: ;   {runtime_call UncommonTrapBlob}
  0x00000250bcc563f4: 2866 90e8 

  0x00000250bcc563f8: ; ImmutableOopMap {rbp=NarrowOop [32]=NarrowOop [40]=Oop }
                      ;*invokevirtual get {reexecute=0 rethrow=0 return_oop=0}
                      ; - godot.common.util.ThreadLocalDelegate::getValue@10 (line 7)
                      ; - godot.internal.memory.TransferContext::getBuffer@9 (line 28)
                      ; - godot.internal.memory.TransferContext::writeArguments@7 (line 34)
                      ; - godot.api.Node2D::setScale@25 (line 383)
                      ; - game.items.weapons.Weapon::updateVisuals@84 (line 246)
                      ; - game.items.weapons.Weapon::_process@47 (line 196)
                      ; - godot.entry.WeaponRegistrar$register$1$1$2::invoke@8 (line 41)
                      ; - godot.entry.WeaponRegistrar$register$1$1$2::invoke@12 (line 41)
  0x00000250bcc563f8: 04e2 85ff 

  0x00000250bcc563fc: ;   {other}
  0x00000250bcc563fc: 0f1f 8400 | 6c1f 0042 | bae4 ffff | ff41 8be9 | 4c89 4424 | 2844 895c | 2430 4889 | 7424 3889 
  0x00000250bcc5641c: 5c24 4089 | 7c24 444c | 8954 2448 

  0x00000250bcc56428: ;   {runtime_call UncommonTrapBlob}
  0x00000250bcc56428: 6666 90e8 

  0x00000250bcc5642c: ; ImmutableOopMap {rbp=NarrowOop [40]=Oop [48]=NarrowOop [56]=Oop [64]=NarrowOop [72]=Oop }
                      ;*aaload {reexecute=0 rethrow=0 return_oop=0}
                      ; - java.lang.ThreadLocal$ThreadLocalMap::getEntry@18 (line 500)
                      ; - java.lang.ThreadLocal::get@12 (line 187)
                      ; - java.lang.ThreadLocal::get@4 (line 172)
                      ; - godot.common.util.ThreadLocalDelegate::getValue@10 (line 7)
                      ; - godot.internal.memory.TransferContext::getBuffer@9 (line 28)
                      ; - godot.internal.memory.TransferContext::writeArguments@7 (line 34)
                      ; - godot.api.Node2D::setScale@25 (line 383)
                      ; - game.items.weapons.Weapon::updateVisuals@84 (line 246)
                      ; - game.items.weapons.Weapon::_process@47 (line 196)
                      ; - godot.entry.WeaponRegistrar$register$1$1$2::invoke@8 (line 41)
                      ; - godot.entry.WeaponRegistrar$register$1$1$2::invoke@12 (line 41)
  0x00000250bcc5642c: d0e1 85ff 

  0x00000250bcc56430: ;   {other}
  0x00000250bcc56430: 0f1f 8400 | a01f 0043 | ba45 ffff | ff44 894c | 2420 4c89 | 4424 3044 | 895c 2424 | 4889 7424 
  0x00000250bcc56450: 3889 7c24 | 404c 8954 

  0x00000250bcc56458: ;   {runtime_call UncommonTrapBlob}
  0x00000250bcc56458: 2448 90e8 

  0x00000250bcc5645c: ; ImmutableOopMap {rbp=NarrowOop [32]=NarrowOop [36]=NarrowOop [48]=Oop [56]=Oop [72]=Oop }
                      ;*ifeq {reexecute=1 rethrow=0 return_oop=0}
                      ; - (reexecute) java.lang.ThreadLocal$ThreadLocalMap::getEntry@29 (line 501)
                      ; - java.lang.ThreadLocal::get@12 (line 187)
                      ; - java.lang.ThreadLocal::get@4 (line 172)
                      ; - godot.common.util.ThreadLocalDelegate::getValue@10 (line 7)
                      ; - godot.internal.memory.TransferContext::getBuffer@9 (line 28)
                      ; - godot.internal.memory.TransferContext::writeArguments@7 (line 34)
                      ; - godot.api.Node2D::setScale@25 (line 383)
                      ; - game.items.weapons.Weapon::updateVisuals@84 (line 246)
                      ; - game.items.weapons.Weapon::_process@47 (line 196)
                      ; - godot.entry.WeaponRegistrar$register$1$1$2::invoke@8 (line 41)
                      ; - godot.entry.WeaponRegistrar$register$1$1$2::invoke@12 (line 41)
  0x00000250bcc5645c: a0e1 85ff 

  0x00000250bcc56460: ;   {other}
  0x00000250bcc56460: 0f1f 8400 | d01f 0044 | baec ffff | ff41 8be9 | 4c89 4424 | 284c 8944 | 2430 4889 | 4c24 3844 
  0x00000250bcc56480: 895c 2448 | 4c89 5424 

  0x00000250bcc56488: ;   {runtime_call UncommonTrapBlob}
  0x00000250bcc56488: 5066 90e8 

  0x00000250bcc5648c: ; ImmutableOopMap {rbp=NarrowOop [40]=Oop [48]=Oop [72]=NarrowOop [80]=Oop }
                      ;*ifnull {reexecute=1 rethrow=0 return_oop=0}
                      ; - (reexecute) java.nio.Buffer::session@4 (line 792)
                      ; - java.nio.DirectByteBuffer::putInt@7 (line 773)
                      ; - java.nio.DirectByteBuffer::putInt@11 (line 785)
                      ; - godot.internal.memory.TransferContext::writeArguments@21 (line 36)
                      ; - godot.api.Node2D::setScale@25 (line 383)
                      ; - game.items.weapons.Weapon::updateVisuals@84 (line 246)
                      ; - game.items.weapons.Weapon::_process@47 (line 196)
                      ; - godot.entry.WeaponRegistrar$register$1$1$2::invoke@8 (line 41)
                      ; - godot.entry.WeaponRegistrar$register$1$1$2::invoke@12 (line 41)
  0x00000250bcc5648c: 70e1 85ff 

  0x00000250bcc56490: ;   {other}
  0x00000250bcc56490: 0f1f 8400 | 0020 0045 | ba45 ffff | ff44 8944 | 2430 4c89 | 5424 404c | 8954 2448 | 4c89 4c24 
  0x00000250bcc564b0: ;   {runtime_call UncommonTrapBlob}
  0x00000250bcc564b0: 5066 90e8 

  0x00000250bcc564b4: ; ImmutableOopMap {[32]=Oop [48]=NarrowOop [64]=Oop [72]=Oop }
                      ;*if_icmpne {reexecute=1 rethrow=0 return_oop=0}
                      ; - (reexecute) jdk.internal.misc.Unsafe::convEndian@4 (line 3818)
                      ; - jdk.internal.misc.Unsafe::putIntUnaligned@7 (line 3698)
                      ; - jdk.internal.misc.ScopedMemoryAccess::putIntUnalignedInternal@17 (line 1930)
                      ; - jdk.internal.misc.ScopedMemoryAccess::putIntUnaligned@8 (line 1918)
                      ; - java.nio.DirectByteBuffer::putInt@18 (line 773)
                      ; - java.nio.DirectByteBuffer::putInt@11 (line 785)
                      ; - godot.internal.memory.TransferContext::writeArguments@21 (line 36)
                      ; - godot.api.Timer::isStopped@7 (line 232)
                      ; - game.items.weapons.Weapon::canUseWeapon@4 (line 82)
                      ; - game.items.weapons.Weapon::_process@36 (line 194)
                      ; - godot.entry.WeaponRegistrar$register$1$1$2::invoke@8 (line 41)
                      ; - godot.entry.WeaponRegistrar$register$1$1$2::invoke@12 (line 41)
  0x00000250bcc564b4: 48e1 85ff 

  0x00000250bcc564b8: ;   {other}
  0x00000250bcc564b8: 0f1f 8400 | 2820 0046 | ba45 ffff | ff48 8b6c | 2420 4889 | 4c24 3048 | 894c 2438 | 4489 4424 
  0x00000250bcc564d8: 4044 8954 

  0x00000250bcc564dc: ;   {runtime_call UncommonTrapBlob}
  0x00000250bcc564dc: 2444 90e8 

  0x00000250bcc564e0: ; ImmutableOopMap {rbp=Oop [48]=Oop [56]=Oop }
                      ;*if_icmpne {reexecute=1 rethrow=0 return_oop=0}
                      ; - (reexecute) jdk.internal.misc.Unsafe::convEndian@4 (line 3818)
                      ; - jdk.internal.misc.Unsafe::getIntUnaligned@8 (line 3575)
                      ; - jdk.internal.misc.ScopedMemoryAccess::getIntUnalignedInternal@15 (line 1909)
                      ; - jdk.internal.misc.ScopedMemoryAccess::getIntUnaligned@6 (line 1897)
                      ; - java.nio.DirectByteBuffer::getInt@13 (line 744)
                      ; - java.nio.DirectByteBuffer::getInt@10 (line 753)
                      ; - godot.core.VariantKt::getVariantType@1 (line 104)
                      ; - godot.core.VariantKt::access$getVariantType@1 (line 1)
                      ; - godot.core.VariantParser::toKotlin@7 (line 477)
                      ; - godot.internal.memory.TransferContext::readReturnValue@20 (line 75)
                      ; - godot.api.Timer::isStopped@41 (line 234)
                      ; - game.items.weapons.Weapon::canUseWeapon@4 (line 82)
                      ; - game.items.weapons.Weapon::_process@36 (line 194)
                      ; - godot.entry.WeaponRegistrar$register$1$1$2::invoke@8 (line 41)
                      ; - godot.entry.WeaponRegistrar$register$1$1$2::invoke@12 (line 41)
  0x00000250bcc564e0: 1ce1 85ff 

  0x00000250bcc564e4: ;   {other}
  0x00000250bcc564e4: 0f1f 8400 | 5420 0047 | ba45 ffff | ff44 8944 

  0x00000250bcc564f4: ;   {runtime_call UncommonTrapBlob}
  0x00000250bcc564f4: 2434 90e8 

  0x00000250bcc564f8: ; ImmutableOopMap {[32]=Oop }
                      ;*if_icmpne {reexecute=1 rethrow=0 return_oop=0}
                      ; - (reexecute) godot.core.VariantParser::toKotlin@16 (line 478)
                      ; - godot.internal.memory.TransferContext::readReturnValue@20 (line 75)
                      ; - godot.api.Timer::isStopped@41 (line 234)
                      ; - game.items.weapons.Weapon::canUseWeapon@4 (line 82)
                      ; - game.items.weapons.Weapon::_process@36 (line 194)
                      ; - godot.entry.WeaponRegistrar$register$1$1$2::invoke@8 (line 41)
                      ; - godot.entry.WeaponRegistrar$register$1$1$2::invoke@12 (line 41)
  0x00000250bcc564f8: 04e1 85ff 

  0x00000250bcc564fc: ;   {other}
  0x00000250bcc564fc: 0f1f 8400 | 6c20 0048 | ba45 ffff | ff4c 895c | 2438 4c89 | 5c24 404c | 894c 2448 

  0x00000250bcc56518: ;   {runtime_call UncommonTrapBlob}
  0x00000250bcc56518: 6666 90e8 

  0x00000250bcc5651c: ; ImmutableOopMap {[32]=Oop [56]=Oop [64]=Oop }
                      ;*if_icmpne {reexecute=1 rethrow=0 return_oop=0}
                      ; - (reexecute) jdk.internal.misc.Unsafe::convEndian@4 (line 3818)
                      ; - jdk.internal.misc.Unsafe::putIntUnaligned@7 (line 3698)
                      ; - jdk.internal.misc.ScopedMemoryAccess::putIntUnalignedInternal@17 (line 1930)
                      ; - jdk.internal.misc.ScopedMemoryAccess::putIntUnaligned@8 (line 1918)
                      ; - java.nio.DirectByteBuffer::putInt@18 (line 773)
                      ; - java.nio.DirectByteBuffer::putInt@11 (line 785)
                      ; - godot.internal.memory.TransferContext::writeArguments@21 (line 36)
                      ; - godot.api.Node2D::getRotation@7 (line 394)
                      ; - game.items.weapons.Weapon::updateVisuals@9 (line 235)
                      ; - game.items.weapons.Weapon::_process@47 (line 196)
                      ; - godot.entry.WeaponRegistrar$register$1$1$2::invoke@8 (line 41)
                      ; - godot.entry.WeaponRegistrar$register$1$1$2::invoke@12 (line 41)
  0x00000250bcc5651c: e0e0 85ff 

  0x00000250bcc56520: ;   {other}
  0x00000250bcc56520: 0f1f 8400 | 9020 0049 | ba45 ffff | ff48 8b6c | 2420 4c89 | 5424 284c | 8954 2430 | 894c 2438 
  0x00000250bcc56540: 4489 5c24 

  0x00000250bcc56544: ;   {runtime_call UncommonTrapBlob}
  0x00000250bcc56544: 3c66 90e8 

  0x00000250bcc56548: ; ImmutableOopMap {rbp=Oop [40]=Oop [48]=Oop }
                      ;*if_icmpne {reexecute=1 rethrow=0 return_oop=0}
                      ; - (reexecute) jdk.internal.misc.Unsafe::convEndian@4 (line 3818)
                      ; - jdk.internal.misc.Unsafe::getIntUnaligned@8 (line 3575)
                      ; - jdk.internal.misc.ScopedMemoryAccess::getIntUnalignedInternal@15 (line 1909)
                      ; - jdk.internal.misc.ScopedMemoryAccess::getIntUnaligned@6 (line 1897)
                      ; - java.nio.DirectByteBuffer::getInt@13 (line 744)
                      ; - java.nio.DirectByteBuffer::getInt@10 (line 753)
                      ; - godot.core.VariantKt::getVariantType@1 (line 104)
                      ; - godot.core.VariantKt::access$getVariantType@1 (line 1)
                      ; - godot.core.VariantParser::toKotlin@7 (line 477)
                      ; - godot.internal.memory.TransferContext::readReturnValue@20 (line 75)
                      ; - godot.api.Node2D::getRotation@41 (line 396)
                      ; - game.items.weapons.Weapon::updateVisuals@9 (line 235)
                      ; - game.items.weapons.Weapon::_process@47 (line 196)
                      ; - godot.entry.WeaponRegistrar$register$1$1$2::invoke@8 (line 41)
                      ; - godot.entry.WeaponRegistrar$register$1$1$2::invoke@12 (line 41)
  0x00000250bcc56548: b4e0 85ff 

  0x00000250bcc5654c: ;   {other}
  0x00000250bcc5654c: 0f1f 8400 | bc20 004a | ba45 ffff | ff89 4c24 

  0x00000250bcc5655c: ;   {runtime_call UncommonTrapBlob}
  0x00000250bcc5655c: 2c66 90e8 

  0x00000250bcc56560: ; ImmutableOopMap {[32]=Oop }
                      ;*if_icmpne {reexecute=1 rethrow=0 return_oop=0}
                      ; - (reexecute) godot.core.VariantParser::toKotlin@16 (line 478)
                      ; - godot.internal.memory.TransferContext::readReturnValue@20 (line 75)
                      ; - godot.api.Node2D::getRotation@41 (line 396)
                      ; - game.items.weapons.Weapon::updateVisuals@9 (line 235)
                      ; - game.items.weapons.Weapon::_process@47 (line 196)
                      ; - godot.entry.WeaponRegistrar$register$1$1$2::invoke@8 (line 41)
                      ; - godot.entry.WeaponRegistrar$register$1$1$2::invoke@12 (line 41)
  0x00000250bcc56560: 9ce0 85ff 

  0x00000250bcc56564: ;   {other}
  0x00000250bcc56564: 0f1f 8400 | d420 004b | ba45 ffff | ffc5 fb11 | 4424 2844 | 8944 2430 | 4889 4c24 | 4048 894c 
  0x00000250bcc56584: 2448 4c89 

  0x00000250bcc56588: ;   {runtime_call UncommonTrapBlob}
  0x00000250bcc56588: 4c24 50e8 

  0x00000250bcc5658c: ; ImmutableOopMap {[32]=Oop [48]=NarrowOop [64]=Oop [72]=Oop }
                      ;*if_icmpne {reexecute=1 rethrow=0 return_oop=0}
                      ; - (reexecute) jdk.internal.misc.Unsafe::convEndian@4 (line 3818)
                      ; - jdk.internal.misc.Unsafe::putIntUnaligned@7 (line 3698)
                      ; - jdk.internal.misc.ScopedMemoryAccess::putIntUnalignedInternal@17 (line 1930)
                      ; - jdk.internal.misc.ScopedMemoryAccess::putIntUnaligned@8 (line 1918)
                      ; - java.nio.DirectByteBuffer::putInt@18 (line 773)
                      ; - java.nio.DirectByteBuffer::putInt@11 (line 785)
                      ; - godot.internal.memory.TransferContext::writeArguments@21 (line 36)
                      ; - godot.api.Node2D::getScale@7 (line 412)
                      ; - game.items.weapons.Weapon::updateVisuals@18 (line 238)
                      ; - game.items.weapons.Weapon::_process@47 (line 196)
                      ; - godot.entry.WeaponRegistrar$register$1$1$2::invoke@8 (line 41)
                      ; - godot.entry.WeaponRegistrar$register$1$1$2::invoke@12 (line 41)
  0x00000250bcc5658c: 70e0 85ff 

  0x00000250bcc56590: ;   {other}
  0x00000250bcc56590: 0f1f 8400 | 0021 004c | ba45 ffff | ff48 8b6c | 2420 c5fb | 1044 2430 | c5fb 1144 | 2420 4c89 
  0x00000250bcc565b0: 4c24 304c | 894c 2438 | 4489 5c24 | 4044 8954 

  0x00000250bcc565c0: ;   {runtime_call UncommonTrapBlob}
  0x00000250bcc565c0: 2444 90e8 

  0x00000250bcc565c4: ; ImmutableOopMap {rbp=Oop [48]=Oop [56]=Oop }
                      ;*if_icmpne {reexecute=1 rethrow=0 return_oop=0}
                      ; - (reexecute) jdk.internal.misc.Unsafe::convEndian@4 (line 3818)
                      ; - jdk.internal.misc.Unsafe::getIntUnaligned@8 (line 3575)
                      ; - jdk.internal.misc.ScopedMemoryAccess::getIntUnalignedInternal@15 (line 1909)
                      ; - jdk.internal.misc.ScopedMemoryAccess::getIntUnaligned@6 (line 1897)
                      ; - java.nio.DirectByteBuffer::getInt@13 (line 744)
                      ; - java.nio.DirectByteBuffer::getInt@10 (line 753)
                      ; - godot.core.VariantKt::getVariantType@1 (line 104)
                      ; - godot.core.VariantKt::access$getVariantType@1 (line 1)
                      ; - godot.core.VariantParser::toKotlin@7 (line 477)
                      ; - godot.internal.memory.TransferContext::readReturnValue@20 (line 75)
                      ; - godot.api.Node2D::getScale@41 (line 414)
                      ; - game.items.weapons.Weapon::updateVisuals@18 (line 238)
                      ; - game.items.weapons.Weapon::_process@47 (line 196)
                      ; - godot.entry.WeaponRegistrar$register$1$1$2::invoke@8 (line 41)
                      ; - godot.entry.WeaponRegistrar$register$1$1$2::invoke@12 (line 41)
  0x00000250bcc565c4: 38e0 85ff 

  0x00000250bcc565c8: ;   {other}
  0x00000250bcc565c8: 0f1f 8400 | 3821 004d | ba45 ffff | ffc5 fb10 | 4424 30c5 | fb11 4424 | 2844 895c 

  0x00000250bcc565e4: ;   {runtime_call UncommonTrapBlob}
  0x00000250bcc565e4: 2434 90e8 

  0x00000250bcc565e8: ; ImmutableOopMap {[32]=Oop }
                      ;*if_icmpne {reexecute=1 rethrow=0 return_oop=0}
                      ; - (reexecute) godot.core.VariantParser::toKotlin@16 (line 478)
                      ; - godot.internal.memory.TransferContext::readReturnValue@20 (line 75)
                      ; - godot.api.Node2D::getScale@41 (line 414)
                      ; - game.items.weapons.Weapon::updateVisuals@18 (line 238)
                      ; - game.items.weapons.Weapon::_process@47 (line 196)
                      ; - godot.entry.WeaponRegistrar$register$1$1$2::invoke@8 (line 41)
                      ; - godot.entry.WeaponRegistrar$register$1$1$2::invoke@12 (line 41)
  0x00000250bcc565e8: 14e0 85ff 

  0x00000250bcc565ec: ;   {other}
  0x00000250bcc565ec: 0f1f 8400 | 5c21 004e | ba45 ffff | ff4c 8954 | 2428 4489 

  0x00000250bcc56600: ;   {runtime_call UncommonTrapBlob}
  0x00000250bcc56600: 4424 30e8 

  0x00000250bcc56604: ; ImmutableOopMap {rbp=NarrowOop [40]=Oop [48]=NarrowOop }
                      ;*ifnonnull {reexecute=1 rethrow=0 return_oop=0}
                      ; - (reexecute) kotlin.jvm.internal.Intrinsics::checkNotNullParameter@1 (line 130)
                      ; - godot.common.util.ThreadLocalDelegate::getValue@3
                      ; - godot.internal.memory.TransferContext::getBuffer@9 (line 28)
                      ; - godot.internal.memory.TransferContext::writeArguments@7 (line 34)
                      ; - godot.api.Timer::isStopped@7 (line 232)
                      ; - game.items.weapons.Weapon::canUseWeapon@4 (line 82)
                      ; - game.items.weapons.Weapon::_process@36 (line 194)
                      ; - godot.entry.WeaponRegistrar$register$1$1$2::invoke@8 (line 41)
                      ; - godot.entry.WeaponRegistrar$register$1$1$2::invoke@12 (line 41)
  0x00000250bcc56604: f8df 85ff 

  0x00000250bcc56608: ;   {other}
  0x00000250bcc56608: 0f1f 8400 | 7821 004f | ba45 ffff | ff44 8944 | 2430 4c89 | 5424 404c | 8954 2448 

  0x00000250bcc56624: ;   {runtime_call UncommonTrapBlob}
  0x00000250bcc56624: 6666 90e8 

  0x00000250bcc56628: ; ImmutableOopMap {[32]=Oop [48]=NarrowOop [64]=Oop [72]=Oop }
                      ;*if_icmpge {reexecute=1 rethrow=0 return_oop=0}
                      ; - (reexecute) java.nio.Buffer::nextPutIndex@12 (line 743)
                      ; - java.nio.DirectByteBuffer::putInt@4 (line 785)
                      ; - godot.internal.memory.TransferContext::writeArguments@21 (line 36)
                      ; - godot.api.Timer::isStopped@7 (line 232)
                      ; - game.items.weapons.Weapon::canUseWeapon@4 (line 82)
                      ; - game.items.weapons.Weapon::_process@36 (line 194)
                      ; - godot.entry.WeaponRegistrar$register$1$1$2::invoke@8 (line 41)
                      ; - godot.entry.WeaponRegistrar$register$1$1$2::invoke@12 (line 41)
  0x00000250bcc56628: d4df 85ff 

  0x00000250bcc5662c: ;   {other}
  0x00000250bcc5662c: 0f1f 8400 | 9c21 0050 | ba45 ffff 

  0x00000250bcc56638: ;   {runtime_call UncommonTrapBlob}
  0x00000250bcc56638: ff66 90e8 

  0x00000250bcc5663c: ; ImmutableOopMap {rbp=NarrowOop [32]=Oop }
                      ;*ifnonnull {reexecute=1 rethrow=0 return_oop=0}
                      ; - (reexecute) kotlin.jvm.internal.Intrinsics::checkNotNullParameter@1 (line 130)
                      ; - godot.common.util.ThreadLocalDelegate::getValue@3
                      ; - godot.internal.memory.TransferContext::getBuffer@9 (line 28)
                      ; - godot.internal.memory.TransferContext::readReturnValue@7 (line 73)
                      ; - godot.api.Timer::isStopped@41 (line 234)
                      ; - game.items.weapons.Weapon::canUseWeapon@4 (line 82)
                      ; - game.items.weapons.Weapon::_process@36 (line 194)
                      ; - godot.entry.WeaponRegistrar$register$1$1$2::invoke@8 (line 41)
                      ; - godot.entry.WeaponRegistrar$register$1$1$2::invoke@12 (line 41)
  0x00000250bcc5663c: c0df 85ff 

  0x00000250bcc56640: ;   {other}
  0x00000250bcc56640: 0f1f 8400 | b021 0051 | ba45 ffff | ff48 8b6c | 2420 4889 | 4c24 3048 | 894c 2438 | 4489 5424 
  0x00000250bcc56660: ;   {runtime_call UncommonTrapBlob}
  0x00000250bcc56660: 4866 90e8 

  0x00000250bcc56664: ; ImmutableOopMap {rbp=Oop [48]=Oop [56]=Oop }
                      ;*if_icmpge {reexecute=1 rethrow=0 return_oop=0}
                      ; - (reexecute) java.nio.Buffer::nextGetIndex@12 (line 720)
                      ; - java.nio.DirectByteBuffer::getInt@4 (line 753)
                      ; - godot.core.VariantKt::getVariantType@1 (line 104)
                      ; - godot.core.VariantKt::access$getVariantType@1 (line 1)
                      ; - godot.core.VariantParser::toKotlin@7 (line 477)
                      ; - godot.internal.memory.TransferContext::readReturnValue@20 (line 75)
                      ; - godot.api.Timer::isStopped@41 (line 234)
                      ; - game.items.weapons.Weapon::canUseWeapon@4 (line 82)
                      ; - game.items.weapons.Weapon::_process@36 (line 194)
                      ; - godot.entry.WeaponRegistrar$register$1$1$2::invoke@8 (line 41)
                      ; - godot.entry.WeaponRegistrar$register$1$1$2::invoke@12 (line 41)
  0x00000250bcc56664: 98df 85ff 

  0x00000250bcc56668: ;   {other}
  0x00000250bcc56668: 0f1f 8400 | d821 0052 | ba45 ffff | ff48 8b6c | 2420 4889 | 4c24 3048 | 894c 2438 | 4489 5424 
  0x00000250bcc56688: ;   {runtime_call UncommonTrapBlob}
  0x00000250bcc56688: 4066 90e8 

  0x00000250bcc5668c: ; ImmutableOopMap {rbp=Oop [48]=Oop [56]=Oop }
                      ;*if_icmpge {reexecute=1 rethrow=0 return_oop=0}
                      ; - (reexecute) java.nio.Buffer::nextGetIndex@12 (line 720)
                      ; - java.nio.DirectByteBuffer::getInt@4 (line 753)
                      ; - godot.core.VariantKt::getBool@1 (line 13)
                      ; - godot.core.VariantKt::access$getBool@1 (line 1)
                      ; - godot.core.VariantParser$BOOL::toUnsafeKotlin@7 (line 117)
                      ; - godot.core.VariantParser$BOOL::toUnsafeKotlin@2 (line 116)
                      ; - godot.core.VariantParser::toKotlin@21 (line 479)
                      ; - godot.internal.memory.TransferContext::readReturnValue@20 (line 75)
                      ; - godot.api.Timer::isStopped@41 (line 234)
                      ; - game.items.weapons.Weapon::canUseWeapon@4 (line 82)
                      ; - game.items.weapons.Weapon::_process@36 (line 194)
                      ; - godot.entry.WeaponRegistrar$register$1$1$2::invoke@8 (line 41)
                      ; - godot.entry.WeaponRegistrar$register$1$1$2::invoke@12 (line 41)
  0x00000250bcc5668c: 70df 85ff 

  0x00000250bcc56690: ;   {other}
  0x00000250bcc56690: 0f1f 8400 | 0022 0053 | ba45 ffff 

  0x00000250bcc5669c: ;   {runtime_call UncommonTrapBlob}
  0x00000250bcc5669c: ff66 90e8 

  0x00000250bcc566a0: ; ImmutableOopMap {rbp=NarrowOop }
                      ;*ifnonnull {reexecute=1 rethrow=0 return_oop=0}
                      ; - (reexecute) game.items.weapons.Weapon::updateVisuals@4 (line 232)
                      ; - game.items.weapons.Weapon::_process@47 (line 196)
                      ; - godot.entry.WeaponRegistrar$register$1$1$2::invoke@8 (line 41)
                      ; - godot.entry.WeaponRegistrar$register$1$1$2::invoke@12 (line 41)
  0x00000250bcc566a0: 5cdf 85ff 

  0x00000250bcc566a4: ;   {other}
  0x00000250bcc566a4: 0f1f 8400 | 1422 0054 | ba45 ffff | ff4c 894c 

  0x00000250bcc566b4: ;   {runtime_call UncommonTrapBlob}
  0x00000250bcc566b4: 2428 90e8 

  0x00000250bcc566b8: ; ImmutableOopMap {rbp=NarrowOop [40]=Oop }
                      ;*ifnonnull {reexecute=1 rethrow=0 return_oop=0}
                      ; - (reexecute) kotlin.jvm.internal.Intrinsics::checkNotNullParameter@1 (line 130)
                      ; - godot.common.util.ThreadLocalDelegate::getValue@3
                      ; - godot.internal.memory.TransferContext::getBuffer@9 (line 28)
                      ; - godot.internal.memory.TransferContext::writeArguments@7 (line 34)
                      ; - godot.api.Node2D::getRotation@7 (line 394)
                      ; - game.items.weapons.Weapon::updateVisuals@9 (line 235)
                      ; - game.items.weapons.Weapon::_process@47 (line 196)
                      ; - godot.entry.WeaponRegistrar$register$1$1$2::invoke@8 (line 41)
                      ; - godot.entry.WeaponRegistrar$register$1$1$2::invoke@12 (line 41)
  0x00000250bcc566b8: 44df 85ff 

  0x00000250bcc566bc: ;   {other}
  0x00000250bcc566bc: 0f1f 8400 | 2c22 0055 | ba45 ffff | ff4c 895c | 2438 4c89 

  0x00000250bcc566d0: ;   {runtime_call UncommonTrapBlob}
  0x00000250bcc566d0: 5c24 40e8 

  0x00000250bcc566d4: ; ImmutableOopMap {[32]=Oop [56]=Oop [64]=Oop }
                      ;*if_icmpge {reexecute=1 rethrow=0 return_oop=0}
                      ; - (reexecute) java.nio.Buffer::nextPutIndex@12 (line 743)
                      ; - java.nio.DirectByteBuffer::putInt@4 (line 785)
                      ; - godot.internal.memory.TransferContext::writeArguments@21 (line 36)
                      ; - godot.api.Node2D::getRotation@7 (line 394)
                      ; - game.items.weapons.Weapon::updateVisuals@9 (line 235)
                      ; - game.items.weapons.Weapon::_process@47 (line 196)
                      ; - godot.entry.WeaponRegistrar$register$1$1$2::invoke@8 (line 41)
                      ; - godot.entry.WeaponRegistrar$register$1$1$2::invoke@12 (line 41)
  0x00000250bcc566d4: 28df 85ff 

  0x00000250bcc566d8: ;   {other}
  0x00000250bcc566d8: 0f1f 8400 | 4822 0056 | ba45 ffff 

  0x00000250bcc566e4: ;   {runtime_call UncommonTrapBlob}
  0x00000250bcc566e4: ff66 90e8 

  0x00000250bcc566e8: ; ImmutableOopMap {rbp=NarrowOop [32]=Oop }
                      ;*ifnonnull {reexecute=1 rethrow=0 return_oop=0}
                      ; - (reexecute) kotlin.jvm.internal.Intrinsics::checkNotNullParameter@1 (line 130)
                      ; - godot.common.util.ThreadLocalDelegate::getValue@3
                      ; - godot.internal.memory.TransferContext::getBuffer@9 (line 28)
                      ; - godot.internal.memory.TransferContext::readReturnValue@7 (line 73)
                      ; - godot.api.Node2D::getRotation@41 (line 396)
                      ; - game.items.weapons.Weapon::updateVisuals@9 (line 235)
                      ; - game.items.weapons.Weapon::_process@47 (line 196)
                      ; - godot.entry.WeaponRegistrar$register$1$1$2::invoke@8 (line 41)
                      ; - godot.entry.WeaponRegistrar$register$1$1$2::invoke@12 (line 41)
  0x00000250bcc566e8: 14df 85ff 

  0x00000250bcc566ec: ;   {other}
  0x00000250bcc566ec: 0f1f 8400 | 5c22 0057 | ba45 ffff | ff48 8b6c | 2420 4c89 | 4424 284c | 8944 2430 | 4489 5424 
  0x00000250bcc5670c: ;   {runtime_call UncommonTrapBlob}
  0x00000250bcc5670c: 4066 90e8 

  0x00000250bcc56710: ; ImmutableOopMap {rbp=Oop [40]=Oop [48]=Oop }
                      ;*if_icmpge {reexecute=1 rethrow=0 return_oop=0}
                      ; - (reexecute) java.nio.Buffer::nextGetIndex@12 (line 720)
                      ; - java.nio.DirectByteBuffer::getInt@4 (line 753)
                      ; - godot.core.VariantKt::getVariantType@1 (line 104)
                      ; - godot.core.VariantKt::access$getVariantType@1 (line 1)
                      ; - godot.core.VariantParser::toKotlin@7 (line 477)
                      ; - godot.internal.memory.TransferContext::readReturnValue@20 (line 75)
                      ; - godot.api.Node2D::getRotation@41 (line 396)
                      ; - game.items.weapons.Weapon::updateVisuals@9 (line 235)
                      ; - game.items.weapons.Weapon::_process@47 (line 196)
                      ; - godot.entry.WeaponRegistrar$register$1$1$2::invoke@8 (line 41)
                      ; - godot.entry.WeaponRegistrar$register$1$1$2::invoke@12 (line 41)
  0x00000250bcc56710: ecde 85ff 

  0x00000250bcc56714: ;   {other}
  0x00000250bcc56714: 0f1f 8400 | 8422 0058 | ba45 ffff | ff48 8b6c | 2420 4c89 | 5424 284c | 8954 2430 | 897c 2438 
  0x00000250bcc56734: ;   {runtime_call UncommonTrapBlob}
  0x00000250bcc56734: 6666 90e8 

  0x00000250bcc56738: ; ImmutableOopMap {rbp=Oop [40]=Oop [48]=Oop }
                      ;*if_icmpge {reexecute=1 rethrow=0 return_oop=0}
                      ; - (reexecute) java.nio.Buffer::nextGetIndex@12 (line 720)
                      ; - java.nio.DirectByteBuffer::getDouble@5 (line 1053)
                      ; - godot.core.VariantParser$DOUBLE::toUnsafeKotlin@7 (line 131)
                      ; - godot.core.VariantParser$DOUBLE::toUnsafeKotlin@2 (line 130)
                      ; - godot.core.VariantParser::toKotlin@21 (line 479)
                      ; - godot.internal.memory.TransferContext::readReturnValue@20 (line 75)
                      ; - godot.api.Node2D::getRotation@41 (line 396)
                      ; - game.items.weapons.Weapon::updateVisuals@9 (line 235)
                      ; - game.items.weapons.Weapon::_process@47 (line 196)
                      ; - godot.entry.WeaponRegistrar$register$1$1$2::invoke@8 (line 41)
                      ; - godot.entry.WeaponRegistrar$register$1$1$2::invoke@12 (line 41)
  0x00000250bcc56738: c4de 85ff 

  0x00000250bcc5673c: ;   {other}
  0x00000250bcc5673c: 0f1f 8400 | ac22 0059 | ba45 ffff | ffc5 fb11 | 4424 2844 | 8954 2430 

  0x00000250bcc56754: ;   {runtime_call UncommonTrapBlob}
  0x00000250bcc56754: 6666 90e8 

  0x00000250bcc56758: ; ImmutableOopMap {rbp=NarrowOop [32]=Oop [48]=NarrowOop }
                      ;*ifnonnull {reexecute=1 rethrow=0 return_oop=0}
                      ; - (reexecute) kotlin.jvm.internal.Intrinsics::checkNotNullParameter@1 (line 130)
                      ; - godot.common.util.ThreadLocalDelegate::getValue@3
                      ; - godot.internal.memory.TransferContext::getBuffer@9 (line 28)
                      ; - godot.internal.memory.TransferContext::writeArguments@7 (line 34)
                      ; - godot.api.Node2D::getScale@7 (line 412)
                      ; - game.items.weapons.Weapon::updateVisuals@18 (line 238)
                      ; - game.items.weapons.Weapon::_process@47 (line 196)
                      ; - godot.entry.WeaponRegistrar$register$1$1$2::invoke@8 (line 41)
                      ; - godot.entry.WeaponRegistrar$register$1$1$2::invoke@12 (line 41)
  0x00000250bcc56758: a4de 85ff 

  0x00000250bcc5675c: ;   {other}
  0x00000250bcc5675c: 0f1f 8400 | cc22 005a | ba45 ffff | ffc5 fb11 | 4424 2844 | 8944 2430 | 4889 4c24 | 4048 894c 
  0x00000250bcc5677c: ;   {runtime_call UncommonTrapBlob}
  0x00000250bcc5677c: 2448 90e8 

  0x00000250bcc56780: ; ImmutableOopMap {[32]=Oop [48]=NarrowOop [64]=Oop [72]=Oop }
                      ;*if_icmpge {reexecute=1 rethrow=0 return_oop=0}
                      ; - (reexecute) java.nio.Buffer::nextPutIndex@12 (line 743)
                      ; - java.nio.DirectByteBuffer::putInt@4 (line 785)
                      ; - godot.internal.memory.TransferContext::writeArguments@21 (line 36)
                      ; - godot.api.Node2D::getScale@7 (line 412)
                      ; - game.items.weapons.Weapon::updateVisuals@18 (line 238)
                      ; - game.items.weapons.Weapon::_process@47 (line 196)
                      ; - godot.entry.WeaponRegistrar$register$1$1$2::invoke@8 (line 41)
                      ; - godot.entry.WeaponRegistrar$register$1$1$2::invoke@12 (line 41)
  0x00000250bcc56780: 7cde 85ff 

  0x00000250bcc56784: ;   {other}
  0x00000250bcc56784: 0f1f 8400 | f422 005b | ba45 ffff 

  0x00000250bcc56790: ;   {runtime_call UncommonTrapBlob}
  0x00000250bcc56790: ff66 90e8 

  0x00000250bcc56794: ; ImmutableOopMap {rbp=NarrowOop [32]=Oop }
                      ;*ifnonnull {reexecute=1 rethrow=0 return_oop=0}
                      ; - (reexecute) kotlin.jvm.internal.Intrinsics::checkNotNullParameter@1 (line 130)
                      ; - godot.common.util.ThreadLocalDelegate::getValue@3
                      ; - godot.internal.memory.TransferContext::getBuffer@9 (line 28)
                      ; - godot.internal.memory.TransferContext::readReturnValue@7 (line 73)
                      ; - godot.api.Node2D::getScale@41 (line 414)
                      ; - game.items.weapons.Weapon::updateVisuals@18 (line 238)
                      ; - game.items.weapons.Weapon::_process@47 (line 196)
                      ; - godot.entry.WeaponRegistrar$register$1$1$2::invoke@8 (line 41)
                      ; - godot.entry.WeaponRegistrar$register$1$1$2::invoke@12 (line 41)
  0x00000250bcc56794: 68de 85ff 

  0x00000250bcc56798: ;   {other}
  0x00000250bcc56798: 0f1f 8400 | 0823 005c | ba45 ffff | ff48 8b6c | 2420 c5fb | 1044 2430 | c5fb 1144 | 2420 4c89 
  0x00000250bcc567b8: 4c24 304c | 894c 2438 | 895c 2448 

  0x00000250bcc567c4: ;   {runtime_call UncommonTrapBlob}
  0x00000250bcc567c4: 6666 90e8 

  0x00000250bcc567c8: ; ImmutableOopMap {rbp=Oop [48]=Oop [56]=Oop }
                      ;*if_icmpge {reexecute=1 rethrow=0 return_oop=0}
                      ; - (reexecute) java.nio.Buffer::nextGetIndex@12 (line 720)
                      ; - java.nio.DirectByteBuffer::getInt@4 (line 753)
                      ; - godot.core.VariantKt::getVariantType@1 (line 104)
                      ; - godot.core.VariantKt::access$getVariantType@1 (line 1)
                      ; - godot.core.VariantParser::toKotlin@7 (line 477)
                      ; - godot.internal.memory.TransferContext::readReturnValue@20 (line 75)
                      ; - godot.api.Node2D::getScale@41 (line 414)
                      ; - game.items.weapons.Weapon::updateVisuals@18 (line 238)
                      ; - game.items.weapons.Weapon::_process@47 (line 196)
                      ; - godot.entry.WeaponRegistrar$register$1$1$2::invoke@8 (line 41)
                      ; - godot.entry.WeaponRegistrar$register$1$1$2::invoke@12 (line 41)
  0x00000250bcc567c8: 34de 85ff 

  0x00000250bcc567cc: ;   {other}
  0x00000250bcc567cc: 0f1f 8400 | 3c23 005d | ba45 ffff | ffc5 fb10 | 4424 30c5 | fb11 4424 | 284c 894c | 2438 4c89 
  0x00000250bcc567ec: ;   {runtime_call UncommonTrapBlob}
  0x00000250bcc567ec: 4c24 40e8 

  0x00000250bcc567f0: ; ImmutableOopMap {[32]=Oop [56]=Oop [64]=Oop }
                      ;*if_icmpge {reexecute=1 rethrow=0 return_oop=0}
                      ; - (reexecute) java.nio.Buffer::nextGetIndex@12 (line 720)
                      ; - java.nio.DirectByteBuffer::getFloat@4 (line 953)
                      ; - godot.core.VariantKt::getVector2@5 (line 19)
                      ; - godot.core.VariantKt::access$getVector2@1 (line 1)
                      ; - godot.core.VariantParser$VECTOR2::toUnsafeKotlin@7 (line 176)
                      ; - godot.core.VariantParser$VECTOR2::toUnsafeKotlin@2 (line 175)
                      ; - godot.core.VariantParser::toKotlin@21 (line 479)
                      ; - godot.internal.memory.TransferContext::readReturnValue@20 (line 75)
                      ; - godot.api.Node2D::getScale@41 (line 414)
                      ; - game.items.weapons.Weapon::updateVisuals@18 (line 238)
                      ; - game.items.weapons.Weapon::_process@47 (line 196)
                      ; - godot.entry.WeaponRegistrar$register$1$1$2::invoke@8 (line 41)
                      ; - godot.entry.WeaponRegistrar$register$1$1$2::invoke@12 (line 41)
  0x00000250bcc567f0: 0cde 85ff 

  0x00000250bcc567f4: ;   {other}
  0x00000250bcc567f4: 0f1f 8400 | 6423 005e | ba45 ffff | ff48 8b6c | 2420 c5fb | 1044 2430 | c5fb 1144 | 2420 c5fb 
  0x00000250bcc56814: 114c 2428 | 4c89 4c24 | 384c 894c | 2440 895c 

  0x00000250bcc56824: ;   {runtime_call UncommonTrapBlob}
  0x00000250bcc56824: 2448 90e8 

  0x00000250bcc56828: ; ImmutableOopMap {rbp=Oop [56]=Oop [64]=Oop }
                      ;*if_icmpge {reexecute=1 rethrow=0 return_oop=0}
                      ; - (reexecute) java.nio.Buffer::nextGetIndex@12 (line 720)
                      ; - java.nio.DirectByteBuffer::getFloat@4 (line 953)
                      ; - godot.core.VariantKt::getVector2@14 (line 19)
                      ; - godot.core.VariantKt::access$getVector2@1 (line 1)
                      ; - godot.core.VariantParser$VECTOR2::toUnsafeKotlin@7 (line 176)
                      ; - godot.core.VariantParser$VECTOR2::toUnsafeKotlin@2 (line 175)
                      ; - godot.core.VariantParser::toKotlin@21 (line 479)
                      ; - godot.internal.memory.TransferContext::readReturnValue@20 (line 75)
                      ; - godot.api.Node2D::getScale@41 (line 414)
                      ; - game.items.weapons.Weapon::updateVisuals@18 (line 238)
                      ; - game.items.weapons.Weapon::_process@47 (line 196)
                      ; - godot.entry.WeaponRegistrar$register$1$1$2::invoke@8 (line 41)
                      ; - godot.entry.WeaponRegistrar$register$1$1$2::invoke@12 (line 41)
  0x00000250bcc56828: d4dd 85ff 

  0x00000250bcc5682c: ;   {other}
  0x00000250bcc5682c: 0f1f 8400 | 9c23 005f | ba45 ffff | ff48 894c | 2440 4889 | 4c24 484c | 8954 2450 

  0x00000250bcc56848: ;   {runtime_call UncommonTrapBlob}
  0x00000250bcc56848: 6666 90e8 

  0x00000250bcc5684c: ; ImmutableOopMap {[40]=Oop [48]=Oop [64]=Oop [72]=Oop }
                      ;*if_icmpne {reexecute=1 rethrow=0 return_oop=0}
                      ; - (reexecute) jdk.internal.misc.Unsafe::convEndian@4 (line 3818)
                      ; - jdk.internal.misc.Unsafe::putIntUnaligned@7 (line 3698)
                      ; - jdk.internal.misc.ScopedMemoryAccess::putIntUnalignedInternal@17 (line 1930)
                      ; - jdk.internal.misc.ScopedMemoryAccess::putIntUnaligned@8 (line 1918)
                      ; - java.nio.DirectByteBuffer::putInt@18 (line 773)
                      ; - java.nio.DirectByteBuffer::putInt@11 (line 785)
                      ; - godot.internal.memory.TransferContext::writeArguments@21 (line 36)
                      ; - godot.api.Node2D::setRotation@23 (line 368)
                      ; - game.items.weapons.Weapon::rotateToTarget@25 (line 177)
                      ; - game.items.weapons.Weapon::_process@32 (line 192)
                      ; - godot.entry.WeaponRegistrar$register$1$1$2::invoke@8 (line 41)
                      ; - godot.entry.WeaponRegistrar$register$1$1$2::invoke@12 (line 41)
  0x00000250bcc5684c: b0dd 85ff 

  0x00000250bcc56850: ;   {other}
  0x00000250bcc56850: 0f1f 8400 | c023 0060 | ba45 ffff | ff4c 8b54 | 2430 4c89 | 5424 2844 | 894c 2430 | 4889 4c24 
  0x00000250bcc56870: 4048 894c | 2448 4c89 

  0x00000250bcc56878: ;   {runtime_call UncommonTrapBlob}
  0x00000250bcc56878: 5c24 50e8 

  0x00000250bcc5687c: ; ImmutableOopMap {[40]=Oop [48]=NarrowOop [64]=Oop [72]=Oop }
                      ;*if_icmpne {reexecute=1 rethrow=0 return_oop=0}
                      ; - (reexecute) jdk.internal.misc.Unsafe::convEndian@4 (line 3818)
                      ; - jdk.internal.misc.Unsafe::putIntUnaligned@7 (line 3698)
                      ; - jdk.internal.misc.ScopedMemoryAccess::putIntUnalignedInternal@17 (line 1930)
                      ; - jdk.internal.misc.ScopedMemoryAccess::putIntUnaligned@8 (line 1918)
                      ; - java.nio.DirectByteBuffer::putInt@18 (line 773)
                      ; - java.nio.DirectByteBuffer::putInt@11 (line 785)
                      ; - godot.internal.memory.TransferContext::writeArguments@21 (line 36)
                      ; - godot.api.Node2D::getScale@7 (line 412)
                      ; - game.entity.Player::isFacingRight@4 (line 261)
                      ; - game.items.weapons.Weapon::getIdleRotation@9 (line 139)
                      ; - game.items.weapons.Weapon::getRotationToTarget@20 (line 156)
                      ; - game.items.weapons.Weapon::rotateToTarget@21 (line 177)
                      ; - game.items.weapons.Weapon::_process@32 (line 192)
                      ; - godot.entry.WeaponRegistrar$register$1$1$2::invoke@8 (line 41)
                      ; - godot.entry.WeaponRegistrar$register$1$1$2::invoke@12 (line 41)
  0x00000250bcc5687c: 80dd 85ff 

  0x00000250bcc56880: ;   {other}
  0x00000250bcc56880: 0f1f 8400 | f023 0061 | ba45 ffff | ff4c 8b54 | 2430 4c89 | 5424 2889 

  0x00000250bcc56898: ;   {runtime_call UncommonTrapBlob}
  0x00000250bcc56898: 4424 34e8 

  0x00000250bcc5689c: ; ImmutableOopMap {[40]=Oop }
                      ;*if_icmpne {reexecute=1 rethrow=0 return_oop=0}
                      ; - (reexecute) godot.core.VariantParser::toKotlin@16 (line 478)
                      ; - godot.internal.memory.TransferContext::readReturnValue@20 (line 75)
                      ; - godot.api.Node2D::getScale@41 (line 414)
                      ; - game.entity.Player::isFacingRight@4 (line 261)
                      ; - game.items.weapons.Weapon::getIdleRotation@9 (line 139)
                      ; - game.items.weapons.Weapon::getRotationToTarget@20 (line 156)
                      ; - game.items.weapons.Weapon::rotateToTarget@21 (line 177)
                      ; - game.items.weapons.Weapon::_process@32 (line 192)
                      ; - godot.entry.WeaponRegistrar$register$1$1$2::invoke@8 (line 41)
                      ; - godot.entry.WeaponRegistrar$register$1$1$2::invoke@12 (line 41)
  0x00000250bcc5689c: 60dd 85ff 

  0x00000250bcc568a0: ;   {other}
  0x00000250bcc568a0: 0f1f 8400 | 1024 0062 | 498b da49 | 8bd7 49ba | d001 fed2 | fe7f 0000 

  0x00000250bcc568b8: ;   {other}
  0x00000250bcc568b8: 41ff d20f | 1f84 0000 | 0000 004c | 8bd3 e9df | e2ff ffba | 45ff ffff | 4c8b 5424 | 304c 8954 
  0x00000250bcc568d8: 2428 4889 

  0x00000250bcc568dc: ;   {runtime_call UncommonTrapBlob}
  0x00000250bcc568dc: 4424 30e8 

  0x00000250bcc568e0: ; ImmutableOopMap {rbp=NarrowOop [40]=Oop [48]=Oop }
                      ;*ifnonnull {reexecute=1 rethrow=0 return_oop=0}
                      ; - (reexecute) kotlin.jvm.internal.Intrinsics::checkNotNullParameter@1 (line 130)
                      ; - godot.common.util.ThreadLocalDelegate::getValue@3
                      ; - godot.internal.memory.TransferContext::getBuffer@9 (line 28)
                      ; - godot.internal.memory.TransferContext::writeArguments@7 (line 34)
                      ; - godot.api.Node2D::setRotation@23 (line 368)
                      ; - game.items.weapons.Weapon::rotateToTarget@25 (line 177)
                      ; - game.items.weapons.Weapon::_process@32 (line 192)
                      ; - godot.entry.WeaponRegistrar$register$1$1$2::invoke@8 (line 41)
                      ; - godot.entry.WeaponRegistrar$register$1$1$2::invoke@12 (line 41)
  0x00000250bcc568e0: 1cdd 85ff 

  0x00000250bcc568e4: ;   {other}
  0x00000250bcc568e4: 0f1f 8400 | 5424 0063 | ba45 ffff | ff48 894c | 2440 4889 

  0x00000250bcc568f8: ;   {runtime_call UncommonTrapBlob}
  0x00000250bcc568f8: 4c24 48e8 

  0x00000250bcc568fc: ; ImmutableOopMap {[40]=Oop [48]=Oop [64]=Oop [72]=Oop }
                      ;*if_icmpge {reexecute=1 rethrow=0 return_oop=0}
                      ; - (reexecute) java.nio.Buffer::nextPutIndex@12 (line 743)
                      ; - java.nio.DirectByteBuffer::putInt@4 (line 785)
                      ; - godot.internal.memory.TransferContext::writeArguments@21 (line 36)
                      ; - godot.api.Node2D::setRotation@23 (line 368)
                      ; - game.items.weapons.Weapon::rotateToTarget@25 (line 177)
                      ; - game.items.weapons.Weapon::_process@32 (line 192)
                      ; - godot.entry.WeaponRegistrar$register$1$1$2::invoke@8 (line 41)
                      ; - godot.entry.WeaponRegistrar$register$1$1$2::invoke@12 (line 41)
  0x00000250bcc568fc: 00dd 85ff 

  0x00000250bcc56900: ;   {other}
  0x00000250bcc56900: 0f1f 8400 | 7024 0064 | ba45 ffff | ff4c 8954 | 2428 4489 

  0x00000250bcc56914: ;   {runtime_call UncommonTrapBlob}
  0x00000250bcc56914: 5c24 30e8 

  0x00000250bcc56918: ; ImmutableOopMap {rbp=NarrowOop [40]=Oop [48]=NarrowOop }
                      ;*ifnonnull {reexecute=1 rethrow=0 return_oop=0}
                      ; - (reexecute) kotlin.jvm.internal.Intrinsics::checkNotNullParameter@1 (line 130)
                      ; - godot.common.util.ThreadLocalDelegate::getValue@3
                      ; - godot.internal.memory.TransferContext::getBuffer@9 (line 28)
                      ; - godot.internal.memory.TransferContext::writeArguments@7 (line 34)
                      ; - godot.api.Node2D::getScale@7 (line 412)
                      ; - game.entity.Player::isFacingRight@4 (line 261)
                      ; - game.items.weapons.Weapon::getIdleRotation@9 (line 139)
                      ; - game.items.weapons.Weapon::getRotationToTarget@20 (line 156)
                      ; - game.items.weapons.Weapon::rotateToTarget@21 (line 177)
                      ; - game.items.weapons.Weapon::_process@32 (line 192)
                      ; - godot.entry.WeaponRegistrar$register$1$1$2::invoke@8 (line 41)
                      ; - godot.entry.WeaponRegistrar$register$1$1$2::invoke@12 (line 41)
  0x00000250bcc56918: e4dc 85ff 

  0x00000250bcc5691c: ;   {other}
  0x00000250bcc5691c: 0f1f 8400 | 8c24 0065 | ba45 ffff | ff4c 8b54 | 2430 4c89 | 5424 2844 | 894c 2430 | 4889 4c24 
  0x00000250bcc5693c: 4048 894c 

  0x00000250bcc56940: ;   {runtime_call UncommonTrapBlob}
  0x00000250bcc56940: 2448 90e8 

  0x00000250bcc56944: ; ImmutableOopMap {[40]=Oop [48]=NarrowOop [64]=Oop [72]=Oop }
                      ;*if_icmpge {reexecute=1 rethrow=0 return_oop=0}
                      ; - (reexecute) java.nio.Buffer::nextPutIndex@12 (line 743)
                      ; - java.nio.DirectByteBuffer::putInt@4 (line 785)
                      ; - godot.internal.memory.TransferContext::writeArguments@21 (line 36)
                      ; - godot.api.Node2D::getScale@7 (line 412)
                      ; - game.entity.Player::isFacingRight@4 (line 261)
                      ; - game.items.weapons.Weapon::getIdleRotation@9 (line 139)
                      ; - game.items.weapons.Weapon::getRotationToTarget@20 (line 156)
                      ; - game.items.weapons.Weapon::rotateToTarget@21 (line 177)
                      ; - game.items.weapons.Weapon::_process@32 (line 192)
                      ; - godot.entry.WeaponRegistrar$register$1$1$2::invoke@8 (line 41)
                      ; - godot.entry.WeaponRegistrar$register$1$1$2::invoke@12 (line 41)
  0x00000250bcc56944: b8dc 85ff 

  0x00000250bcc56948: ;   {other}
  0x00000250bcc56948: 0f1f 8400 | b824 0066 | ba45 ffff | ff4c 8b54 | 2430 4c89 

  0x00000250bcc5695c: ;   {runtime_call UncommonTrapBlob}
  0x00000250bcc5695c: 5424 28e8 

  0x00000250bcc56960: ; ImmutableOopMap {rbp=NarrowOop [40]=Oop [48]=Oop }
                      ;*ifnonnull {reexecute=1 rethrow=0 return_oop=0}
                      ; - (reexecute) kotlin.jvm.internal.Intrinsics::checkNotNullParameter@1 (line 130)
                      ; - godot.common.util.ThreadLocalDelegate::getValue@3
                      ; - godot.internal.memory.TransferContext::getBuffer@9 (line 28)
                      ; - godot.internal.memory.TransferContext::readReturnValue@7 (line 73)
                      ; - godot.api.Node2D::getScale@41 (line 414)
                      ; - game.entity.Player::isFacingRight@4 (line 261)
                      ; - game.items.weapons.Weapon::getIdleRotation@9 (line 139)
                      ; - game.items.weapons.Weapon::getRotationToTarget@20 (line 156)
                      ; - game.items.weapons.Weapon::rotateToTarget@21 (line 177)
                      ; - game.items.weapons.Weapon::_process@32 (line 192)
                      ; - godot.entry.WeaponRegistrar$register$1$1$2::invoke@8 (line 41)
                      ; - godot.entry.WeaponRegistrar$register$1$1$2::invoke@12 (line 41)
  0x00000250bcc56960: 9cdc 85ff 

  0x00000250bcc56964: ;   {other}
  0x00000250bcc56964: 0f1f 8400 | d424 0067 | ba45 ffff | ff4c 8b5c | 2430 4c89 | 5c24 284c | 8954 2438 | 4c89 5424 
  0x00000250bcc56984: ;   {runtime_call UncommonTrapBlob}
  0x00000250bcc56984: 4066 90e8 

  0x00000250bcc56988: ; ImmutableOopMap {[40]=Oop [56]=Oop [64]=Oop }
                      ;*if_icmpge {reexecute=1 rethrow=0 return_oop=0}
                      ; - (reexecute) java.nio.Buffer::nextGetIndex@12 (line 720)
                      ; - java.nio.DirectByteBuffer::getInt@4 (line 753)
                      ; - godot.core.VariantKt::getVariantType@1 (line 104)
                      ; - godot.core.VariantKt::access$getVariantType@1 (line 1)
                      ; - godot.core.VariantParser::toKotlin@7 (line 477)
                      ; - godot.internal.memory.TransferContext::readReturnValue@20 (line 75)
                      ; - godot.api.Node2D::getScale@41 (line 414)
                      ; - game.entity.Player::isFacingRight@4 (line 261)
                      ; - game.items.weapons.Weapon::getIdleRotation@9 (line 139)
                      ; - game.items.weapons.Weapon::getRotationToTarget@20 (line 156)
                      ; - game.items.weapons.Weapon::rotateToTarget@21 (line 177)
                      ; - game.items.weapons.Weapon::_process@32 (line 192)
                      ; - godot.entry.WeaponRegistrar$register$1$1$2::invoke@8 (line 41)
                      ; - godot.entry.WeaponRegistrar$register$1$1$2::invoke@12 (line 41)
  0x00000250bcc56988: 74dc 85ff 

  0x00000250bcc5698c: ;   {other}
  0x00000250bcc5698c: 0f1f 8400 | fc24 0068 | ba45 ffff | ff4c 8b54 | 2430 4c89 | 5424 284c | 8944 2438 | 4c89 4424 
  0x00000250bcc569ac: ;   {runtime_call UncommonTrapBlob}
  0x00000250bcc569ac: 4066 90e8 

  0x00000250bcc569b0: ; ImmutableOopMap {[40]=Oop [56]=Oop [64]=Oop }
                      ;*if_icmpge {reexecute=1 rethrow=0 return_oop=0}
                      ; - (reexecute) java.nio.Buffer::nextGetIndex@12 (line 720)
                      ; - java.nio.DirectByteBuffer::getFloat@4 (line 953)
                      ; - godot.core.VariantKt::getVector2@5 (line 19)
                      ; - godot.core.VariantKt::access$getVector2@1 (line 1)
                      ; - godot.core.VariantParser$VECTOR2::toUnsafeKotlin@7 (line 176)
                      ; - godot.core.VariantParser$VECTOR2::toUnsafeKotlin@2 (line 175)
                      ; - godot.core.VariantParser::toKotlin@21 (line 479)
                      ; - godot.internal.memory.TransferContext::readReturnValue@20 (line 75)
                      ; - godot.api.Node2D::getScale@41 (line 414)
                      ; - game.entity.Player::isFacingRight@4 (line 261)
                      ; - game.items.weapons.Weapon::getIdleRotation@9 (line 139)
                      ; - game.items.weapons.Weapon::getRotationToTarget@20 (line 156)
                      ; - game.items.weapons.Weapon::rotateToTarget@21 (line 177)
                      ; - game.items.weapons.Weapon::_process@32 (line 192)
                      ; - godot.entry.WeaponRegistrar$register$1$1$2::invoke@8 (line 41)
                      ; - godot.entry.WeaponRegistrar$register$1$1$2::invoke@12 (line 41)
  0x00000250bcc569b0: 4cdc 85ff 

  0x00000250bcc569b4: ;   {other}
  0x00000250bcc569b4: 0f1f 8400 | 2425 0069 | ba45 ffff | ffc5 fb11 

  0x00000250bcc569c4: ;   {runtime_call UncommonTrapBlob}
  0x00000250bcc569c4: 4424 38e8 

  0x00000250bcc569c8: ; ImmutableOopMap {[40]=Oop [48]=Oop }
                      ;*if_icmpge {reexecute=1 rethrow=0 return_oop=0}
                      ; - (reexecute) java.nio.Buffer::nextGetIndex@12 (line 720)
                      ; - java.nio.DirectByteBuffer::getFloat@4 (line 953)
                      ; - godot.core.VariantKt::getVector2@14 (line 19)
                      ; - godot.core.VariantKt::access$getVector2@1 (line 1)
                      ; - godot.core.VariantParser$VECTOR2::toUnsafeKotlin@7 (line 176)
                      ; - godot.core.VariantParser$VECTOR2::toUnsafeKotlin@2 (line 175)
                      ; - godot.core.VariantParser::toKotlin@21 (line 479)
                      ; - godot.internal.memory.TransferContext::readReturnValue@20 (line 75)
                      ; - godot.api.Node2D::getScale@41 (line 414)
                      ; - game.entity.Player::isFacingRight@4 (line 261)
                      ; - game.items.weapons.Weapon::getIdleRotation@9 (line 139)
                      ; - game.items.weapons.Weapon::getRotationToTarget@20 (line 156)
                      ; - game.items.weapons.Weapon::rotateToTarget@21 (line 177)
                      ; - game.items.weapons.Weapon::_process@32 (line 192)
                      ; - godot.entry.WeaponRegistrar$register$1$1$2::invoke@8 (line 41)
                      ; - godot.entry.WeaponRegistrar$register$1$1$2::invoke@12 (line 41)
  0x00000250bcc569c8: 34dc 85ff 

  0x00000250bcc569cc: ;   {other}
  0x00000250bcc569cc: 0f1f 8400 | 3c25 006a | ba45 ffff | ff44 894c | 2420 4c89 | 4424 304c | 8944 2438 | 4889 4c24 
  0x00000250bcc569ec: 404c 8954 

  0x00000250bcc569f0: ;   {runtime_call UncommonTrapBlob}
  0x00000250bcc569f0: 2448 90e8 

  0x00000250bcc569f4: ; ImmutableOopMap {[32]=NarrowOop [48]=Oop [56]=Oop [72]=Oop }
                      ;*if_icmpne {reexecute=1 rethrow=0 return_oop=0}
                      ; - (reexecute) jdk.internal.misc.Unsafe::convEndian@4 (line 3818)
                      ; - jdk.internal.misc.Unsafe::putIntUnaligned@7 (line 3698)
                      ; - jdk.internal.misc.ScopedMemoryAccess::putIntUnalignedInternal@17 (line 1930)
                      ; - jdk.internal.misc.ScopedMemoryAccess::putIntUnaligned@8 (line 1918)
                      ; - java.nio.DirectByteBuffer::putInt@18 (line 773)
                      ; - java.nio.DirectByteBuffer::putInt@11 (line 785)
                      ; - godot.internal.memory.TransferContext::writeArguments@21 (line 36)
                      ; - godot.api.Node2D::setScale@25 (line 383)
                      ; - game.items.weapons.Weapon::updateVisuals@84 (line 246)
                      ; - game.items.weapons.Weapon::_process@47 (line 196)
                      ; - godot.entry.WeaponRegistrar$register$1$1$2::invoke@8 (line 41)
                      ; - godot.entry.WeaponRegistrar$register$1$1$2::invoke@12 (line 41)
  0x00000250bcc569f4: 08dc 85ff 

  0x00000250bcc569f8: ;   {other}
  0x00000250bcc569f8: 0f1f 8400 | 6825 006b | ba45 ffff | ff41 8be9 | 897c 2420 | 4c89 5424 

  0x00000250bcc56a10: ;   {runtime_call UncommonTrapBlob}
  0x00000250bcc56a10: 2866 90e8 

  0x00000250bcc56a14: ; ImmutableOopMap {rbp=NarrowOop [32]=NarrowOop [40]=Oop }
                      ;*ifnonnull {reexecute=1 rethrow=0 return_oop=0}
                      ; - (reexecute) kotlin.jvm.internal.Intrinsics::checkNotNullParameter@1 (line 130)
                      ; - godot.common.util.ThreadLocalDelegate::getValue@3
                      ; - godot.internal.memory.TransferContext::getBuffer@9 (line 28)
                      ; - godot.internal.memory.TransferContext::writeArguments@7 (line 34)
                      ; - godot.api.Node2D::setScale@25 (line 383)
                      ; - game.items.weapons.Weapon::updateVisuals@84 (line 246)
                      ; - game.items.weapons.Weapon::_process@47 (line 196)
                      ; - godot.entry.WeaponRegistrar$register$1$1$2::invoke@8 (line 41)
                      ; - godot.entry.WeaponRegistrar$register$1$1$2::invoke@12 (line 41)
  0x00000250bcc56a14: e8db 85ff 

  0x00000250bcc56a18: ;   {other}
  0x00000250bcc56a18: 0f1f 8400 | 8825 006c | ba45 ffff | ff44 894c | 2420 4c89 | 4424 304c | 8944 2438 | 4c89 5424 
  0x00000250bcc56a38: ;   {runtime_call UncommonTrapBlob}
  0x00000250bcc56a38: 4866 90e8 

  0x00000250bcc56a3c: ; ImmutableOopMap {[32]=NarrowOop [48]=Oop [56]=Oop [72]=Oop }
                      ;*if_icmpge {reexecute=1 rethrow=0 return_oop=0}
                      ; - (reexecute) java.nio.Buffer::nextPutIndex@12 (line 743)
                      ; - java.nio.DirectByteBuffer::putInt@4 (line 785)
                      ; - godot.internal.memory.TransferContext::writeArguments@21 (line 36)
                      ; - godot.api.Node2D::setScale@25 (line 383)
                      ; - game.items.weapons.Weapon::updateVisuals@84 (line 246)
                      ; - game.items.weapons.Weapon::_process@47 (line 196)
                      ; - godot.entry.WeaponRegistrar$register$1$1$2::invoke@8 (line 41)
                      ; - godot.entry.WeaponRegistrar$register$1$1$2::invoke@12 (line 41)
  0x00000250bcc56a3c: c0db 85ff 

  0x00000250bcc56a40: ;   {other}
  0x00000250bcc56a40: 0f1f 8400 | b025 006d | baf6 ffff | ff49 8bea 

  0x00000250bcc56a50: ;   {runtime_call UncommonTrapBlob}
  0x00000250bcc56a50: 6666 90e8 

  0x00000250bcc56a54: ; ImmutableOopMap {rbp=Oop }
                      ;*invokevirtual setScale {reexecute=0 rethrow=0 return_oop=0}
                      ; - game.items.weapons.Weapon::updateVisuals@56 (line 243)
                      ; - game.items.weapons.Weapon::_process@47 (line 196)
                      ; - godot.entry.WeaponRegistrar$register$1$1$2::invoke@8 (line 41)
                      ; - godot.entry.WeaponRegistrar$register$1$1$2::invoke@12 (line 41)
  0x00000250bcc56a54: a8db 85ff 

  0x00000250bcc56a58: ;   {other}
  0x00000250bcc56a58: 0f1f 8400 | c825 006e | bade ffff | ff41 8be9 | 894c 2420 | 4c89 5424 

  0x00000250bcc56a70: ;   {runtime_call UncommonTrapBlob}
  0x00000250bcc56a70: 2866 90e8 

  0x00000250bcc56a74: ; ImmutableOopMap {rbp=NarrowOop [32]=NarrowOop [40]=Oop }
                      ;*invokevirtual get {reexecute=0 rethrow=0 return_oop=0}
                      ; - godot.common.util.ThreadLocalDelegate::getValue@10 (line 7)
                      ; - godot.internal.memory.TransferContext::getBuffer@9 (line 28)
                      ; - godot.internal.memory.TransferContext::writeArguments@7 (line 34)
                      ; - godot.api.Node2D::setScale@25 (line 383)
                      ; - game.items.weapons.Weapon::updateVisuals@56 (line 243)
                      ; - game.items.weapons.Weapon::_process@47 (line 196)
                      ; - godot.entry.WeaponRegistrar$register$1$1$2::invoke@8 (line 41)
                      ; - godot.entry.WeaponRegistrar$register$1$1$2::invoke@12 (line 41)
  0x00000250bcc56a74: 88db 85ff 

  0x00000250bcc56a78: ;   {other}
  0x00000250bcc56a78: 0f1f 8400 | e825 006f | bae4 ffff | ff41 8be9 | 4c89 4424 | 2844 895c | 2430 4889 | 5c24 3889 
  0x00000250bcc56a98: 4c24 4089 | 7424 444c | 8954 2448 

  0x00000250bcc56aa4: ;   {runtime_call UncommonTrapBlob}
  0x00000250bcc56aa4: 6666 90e8 

  0x00000250bcc56aa8: ; ImmutableOopMap {rbp=NarrowOop [40]=Oop [48]=NarrowOop [56]=Oop [64]=NarrowOop [72]=Oop }
                      ;*aaload {reexecute=0 rethrow=0 return_oop=0}
                      ; - java.lang.ThreadLocal$ThreadLocalMap::getEntry@18 (line 500)
                      ; - java.lang.ThreadLocal::get@12 (line 187)
                      ; - java.lang.ThreadLocal::get@4 (line 172)
                      ; - godot.common.util.ThreadLocalDelegate::getValue@10 (line 7)
                      ; - godot.internal.memory.TransferContext::getBuffer@9 (line 28)
                      ; - godot.internal.memory.TransferContext::writeArguments@7 (line 34)
                      ; - godot.api.Node2D::setScale@25 (line 383)
                      ; - game.items.weapons.Weapon::updateVisuals@56 (line 243)
                      ; - game.items.weapons.Weapon::_process@47 (line 196)
                      ; - godot.entry.WeaponRegistrar$register$1$1$2::invoke@8 (line 41)
                      ; - godot.entry.WeaponRegistrar$register$1$1$2::invoke@12 (line 41)
  0x00000250bcc56aa8: 54db 85ff 

  0x00000250bcc56aac: ;   {other}
  0x00000250bcc56aac: 0f1f 8400 | 1c26 0070 | ba45 ffff | ff44 894c | 2420 4c89 | 4424 3044 | 895c 2424 | 4889 5c24 
  0x00000250bcc56acc: 3889 7424 | 404c 8954 

  0x00000250bcc56ad4: ;   {runtime_call UncommonTrapBlob}
  0x00000250bcc56ad4: 2448 90e8 

  0x00000250bcc56ad8: ; ImmutableOopMap {rbp=NarrowOop [32]=NarrowOop [36]=NarrowOop [48]=Oop [56]=Oop [72]=Oop }
                      ;*ifeq {reexecute=1 rethrow=0 return_oop=0}
                      ; - (reexecute) java.lang.ThreadLocal$ThreadLocalMap::getEntry@29 (line 501)
                      ; - java.lang.ThreadLocal::get@12 (line 187)
                      ; - java.lang.ThreadLocal::get@4 (line 172)
                      ; - godot.common.util.ThreadLocalDelegate::getValue@10 (line 7)
                      ; - godot.internal.memory.TransferContext::getBuffer@9 (line 28)
                      ; - godot.internal.memory.TransferContext::writeArguments@7 (line 34)
                      ; - godot.api.Node2D::setScale@25 (line 383)
                      ; - game.items.weapons.Weapon::updateVisuals@56 (line 243)
                      ; - game.items.weapons.Weapon::_process@47 (line 196)
                      ; - godot.entry.WeaponRegistrar$register$1$1$2::invoke@8 (line 41)
                      ; - godot.entry.WeaponRegistrar$register$1$1$2::invoke@12 (line 41)
  0x00000250bcc56ad8: 24db 85ff 

  0x00000250bcc56adc: ;   {other}
  0x00000250bcc56adc: 0f1f 8400 | 4c26 0071 | baec ffff | ff41 8be9 | 4c89 5c24 | 284c 895c | 2430 4889 | 4c24 3844 
  0x00000250bcc56afc: 8944 2448 | 4c89 5424 

  0x00000250bcc56b04: ;   {runtime_call UncommonTrapBlob}
  0x00000250bcc56b04: 5066 90e8 

  0x00000250bcc56b08: ; ImmutableOopMap {rbp=NarrowOop [40]=Oop [48]=Oop [72]=NarrowOop [80]=Oop }
                      ;*ifnull {reexecute=1 rethrow=0 return_oop=0}
                      ; - (reexecute) java.nio.Buffer::session@4 (line 792)
                      ; - java.nio.DirectByteBuffer::putInt@7 (line 773)
                      ; - java.nio.DirectByteBuffer::putInt@11 (line 785)
                      ; - godot.internal.memory.TransferContext::writeArguments@21 (line 36)
                      ; - godot.api.Node2D::setScale@25 (line 383)
                      ; - game.items.weapons.Weapon::updateVisuals@56 (line 243)
                      ; - game.items.weapons.Weapon::_process@47 (line 196)
                      ; - godot.entry.WeaponRegistrar$register$1$1$2::invoke@8 (line 41)
                      ; - godot.entry.WeaponRegistrar$register$1$1$2::invoke@12 (line 41)
  0x00000250bcc56b08: f4da 85ff 

  0x00000250bcc56b0c: ;   {other}
  0x00000250bcc56b0c: 0f1f 8400 | 7c26 0072 | ba45 ffff | ff44 894c | 2420 4c89 | 5c24 304c | 895c 2438 | 4889 4c24 
  0x00000250bcc56b2c: 404c 8954 

  0x00000250bcc56b30: ;   {runtime_call UncommonTrapBlob}
  0x00000250bcc56b30: 2448 90e8 

  0x00000250bcc56b34: ; ImmutableOopMap {[32]=NarrowOop [48]=Oop [56]=Oop [72]=Oop }
                      ;*if_icmpne {reexecute=1 rethrow=0 return_oop=0}
                      ; - (reexecute) jdk.internal.misc.Unsafe::convEndian@4 (line 3818)
                      ; - jdk.internal.misc.Unsafe::putIntUnaligned@7 (line 3698)
                      ; - jdk.internal.misc.ScopedMemoryAccess::putIntUnalignedInternal@17 (line 1930)
                      ; - jdk.internal.misc.ScopedMemoryAccess::putIntUnaligned@8 (line 1918)
                      ; - java.nio.DirectByteBuffer::putInt@18 (line 773)
                      ; - java.nio.DirectByteBuffer::putInt@11 (line 785)
                      ; - godot.internal.memory.TransferContext::writeArguments@21 (line 36)
                      ; - godot.api.Node2D::setScale@25 (line 383)
                      ; - game.items.weapons.Weapon::updateVisuals@56 (line 243)
                      ; - game.items.weapons.Weapon::_process@47 (line 196)
                      ; - godot.entry.WeaponRegistrar$register$1$1$2::invoke@8 (line 41)
                      ; - godot.entry.WeaponRegistrar$register$1$1$2::invoke@12 (line 41)
  0x00000250bcc56b34: c8da 85ff 

  0x00000250bcc56b38: ;   {other}
  0x00000250bcc56b38: 0f1f 8400 | a826 0073 | ba45 ffff | ff41 8be9 | 897c 2420 | 4c89 5424 

  0x00000250bcc56b50: ;   {runtime_call UncommonTrapBlob}
  0x00000250bcc56b50: 2866 90e8 

  0x00000250bcc56b54: ; ImmutableOopMap {rbp=NarrowOop [32]=NarrowOop [40]=Oop }
                      ;*ifnonnull {reexecute=1 rethrow=0 return_oop=0}
                      ; - (reexecute) kotlin.jvm.internal.Intrinsics::checkNotNullParameter@1 (line 130)
                      ; - godot.common.util.ThreadLocalDelegate::getValue@3
                      ; - godot.internal.memory.TransferContext::getBuffer@9 (line 28)
                      ; - godot.internal.memory.TransferContext::writeArguments@7 (line 34)
                      ; - godot.api.Node2D::setScale@25 (line 383)
                      ; - game.items.weapons.Weapon::updateVisuals@56 (line 243)
                      ; - game.items.weapons.Weapon::_process@47 (line 196)
                      ; - godot.entry.WeaponRegistrar$register$1$1$2::invoke@8 (line 41)
                      ; - godot.entry.WeaponRegistrar$register$1$1$2::invoke@12 (line 41)
  0x00000250bcc56b54: a8da 85ff 

  0x00000250bcc56b58: ;   {other}
  0x00000250bcc56b58: 0f1f 8400 | c826 0074 | ba45 ffff | ff44 894c | 2420 4c89 | 5c24 304c | 895c 2438 | 4c89 5424 
  0x00000250bcc56b78: ;   {runtime_call UncommonTrapBlob}
  0x00000250bcc56b78: 4866 90e8 

  0x00000250bcc56b7c: ; ImmutableOopMap {[32]=NarrowOop [48]=Oop [56]=Oop [72]=Oop }
                      ;*if_icmpge {reexecute=1 rethrow=0 return_oop=0}
                      ; - (reexecute) java.nio.Buffer::nextPutIndex@12 (line 743)
                      ; - java.nio.DirectByteBuffer::putInt@4 (line 785)
                      ; - godot.internal.memory.TransferContext::writeArguments@21 (line 36)
                      ; - godot.api.Node2D::setScale@25 (line 383)
                      ; - game.items.weapons.Weapon::updateVisuals@56 (line 243)
                      ; - game.items.weapons.Weapon::_process@47 (line 196)
                      ; - godot.entry.WeaponRegistrar$register$1$1$2::invoke@8 (line 41)
                      ; - godot.entry.WeaponRegistrar$register$1$1$2::invoke@12 (line 41)
  0x00000250bcc56b7c: 80da 85ff 

  0x00000250bcc56b80: ;   {other}
  0x00000250bcc56b80: 0f1f 8400 | f026 0075 | baf6 ffff 

  0x00000250bcc56b8c: ;   {runtime_call UncommonTrapBlob}
  0x00000250bcc56b8c: ff66 90e8 

  0x00000250bcc56b90: ; ImmutableOopMap {}
                      ;*invokeinterface isEmpty {reexecute=0 rethrow=0 return_oop=0}
                      ; - game.items.weapons.Weapon::getRotationToTarget@4 (line 155)
                      ; - game.items.weapons.Weapon::rotateToTarget@21 (line 177)
                      ; - game.items.weapons.Weapon::_process@32 (line 192)
                      ; - godot.entry.WeaponRegistrar$register$1$1$2::invoke@8 (line 41)
                      ; - godot.entry.WeaponRegistrar$register$1$1$2::invoke@12 (line 41)
  0x00000250bcc56b90: 6cda 85ff 

  0x00000250bcc56b94: ;   {other}
  0x00000250bcc56b94: 0f1f 8400 | 0427 0076 | baf6 ffff | ff48 8be8 

  0x00000250bcc56ba4: ;   {runtime_call UncommonTrapBlob}
  0x00000250bcc56ba4: 6666 90e8 

  0x00000250bcc56ba8: ; ImmutableOopMap {rbp=Oop }
                      ;*invokevirtual directionTo {reexecute=0 rethrow=0 return_oop=0}
                      ; - game.items.weapons.Weapon::getRotationToTarget@38 (line 159)
                      ; - game.items.weapons.Weapon::rotateToTarget@21 (line 177)
                      ; - game.items.weapons.Weapon::_process@32 (line 192)
                      ; - godot.entry.WeaponRegistrar$register$1$1$2::invoke@8 (line 41)
                      ; - godot.entry.WeaponRegistrar$register$1$1$2::invoke@12 (line 41)
  0x00000250bcc56ba8: 54da 85ff 

  0x00000250bcc56bac: ;   {other}
  0x00000250bcc56bac: 0f1f 8400 | 1c27 0077 | baf6 ffff 

  0x00000250bcc56bb8: ;   {runtime_call UncommonTrapBlob}
  0x00000250bcc56bb8: ff66 90e8 

  0x00000250bcc56bbc: ; ImmutableOopMap {}
                      ;*invokevirtual angle {reexecute=0 rethrow=0 return_oop=0}
                      ; - game.items.weapons.Weapon::getRotationToTarget@41 (line 159)
                      ; - game.items.weapons.Weapon::rotateToTarget@21 (line 177)
                      ; - game.items.weapons.Weapon::_process@32 (line 192)
                      ; - godot.entry.WeaponRegistrar$register$1$1$2::invoke@8 (line 41)
                      ; - godot.entry.WeaponRegistrar$register$1$1$2::invoke@12 (line 41)
  0x00000250bcc56bbc: 40da 85ff 

  0x00000250bcc56bc0: ;   {other}
  0x00000250bcc56bc0: 0f1f 8400 | 3027 0078 | ba45 ffff | ff4c 8954 

  0x00000250bcc56bd0: ;   {runtime_call UncommonTrapBlob}
  0x00000250bcc56bd0: 2428 90e8 

  0x00000250bcc56bd4: ; ImmutableOopMap {[40]=Oop }
                      ;*ifeq {reexecute=1 rethrow=0 return_oop=0}
                      ; - (reexecute) game.items.weapons.Weapon::rotateToTarget@4 (line 174)
                      ; - game.items.weapons.Weapon::_process@32 (line 192)
                      ; - godot.entry.WeaponRegistrar$register$1$1$2::invoke@8 (line 41)
                      ; - godot.entry.WeaponRegistrar$register$1$1$2::invoke@12 (line 41)
  0x00000250bcc56bd4: 28da 85ff 

  0x00000250bcc56bd8: ;   {other}
  0x00000250bcc56bd8: 0f1f 8400 | 4827 0079 | bade ffff | ff49 8be9 | 4c89 5c24 | 204c 8944 

  0x00000250bcc56bf0: ;   {runtime_call UncommonTrapBlob}
  0x00000250bcc56bf0: 2428 90e8 

  0x00000250bcc56bf4: ; ImmutableOopMap {rbp=Oop [32]=Oop [40]=Oop }
                      ;*checkcast {reexecute=0 rethrow=0 return_oop=0}
                      ; - godot.entry.WeaponRegistrar$register$1$1$2::invoke@2 (line 41)
  0x00000250bcc56bf4: 08da 85ff 

  0x00000250bcc56bf8: ;   {other}
  0x00000250bcc56bf8: 0f1f 8400 | 6827 007a | bade ffff | ff49 8beb | 4c89 4c24 | 204c 8954 

  0x00000250bcc56c10: ;   {runtime_call UncommonTrapBlob}
  0x00000250bcc56c10: 2428 90e8 

  0x00000250bcc56c14: ; ImmutableOopMap {rbp=Oop [32]=Oop [40]=Oop }
                      ;*checkcast {reexecute=0 rethrow=0 return_oop=0}
                      ; - godot.entry.WeaponRegistrar$register$1$1$2::invoke@6 (line 41)
  0x00000250bcc56c14: e8d9 85ff 

  0x00000250bcc56c18: ;   {other}
  0x00000250bcc56c18: 0f1f 8400 | 8827 007b | bade ffff | ff44 8944 

  0x00000250bcc56c28: ;   {runtime_call UncommonTrapBlob}
  0x00000250bcc56c28: 2430 90e8 

  0x00000250bcc56c2c: ; ImmutableOopMap {rbp=NarrowOop [32]=Oop [48]=NarrowOop }
                      ;*checkcast {reexecute=0 rethrow=0 return_oop=0}
                      ; - godot.internal.memory.TransferContext::getBuffer@12 (line 28)
                      ; - godot.internal.memory.TransferContext::writeArguments@7 (line 34)
                      ; - godot.api.Timer::isStopped@7 (line 232)
                      ; - game.items.weapons.Weapon::canUseWeapon@4 (line 82)
                      ; - game.items.weapons.Weapon::_process@36 (line 194)
                      ; - godot.entry.WeaponRegistrar$register$1$1$2::invoke@8 (line 41)
                      ; - godot.entry.WeaponRegistrar$register$1$1$2::invoke@12 (line 41)
  0x00000250bcc56c2c: d0d9 85ff 

  0x00000250bcc56c30: ;   {other}
  0x00000250bcc56c30: 0f1f 8400 | a027 007c | bade ffff 

  0x00000250bcc56c3c: ;   {runtime_call UncommonTrapBlob}
  0x00000250bcc56c3c: ff66 90e8 

  0x00000250bcc56c40: ; ImmutableOopMap {rbp=NarrowOop [32]=Oop }
                      ;*checkcast {reexecute=0 rethrow=0 return_oop=0}
                      ; - godot.internal.memory.TransferContext::getBuffer@12 (line 28)
                      ; - godot.internal.memory.TransferContext::readReturnValue@7 (line 73)
                      ; - godot.api.Timer::isStopped@41 (line 234)
                      ; - game.items.weapons.Weapon::canUseWeapon@4 (line 82)
                      ; - game.items.weapons.Weapon::_process@36 (line 194)
                      ; - godot.entry.WeaponRegistrar$register$1$1$2::invoke@8 (line 41)
                      ; - godot.entry.WeaponRegistrar$register$1$1$2::invoke@12 (line 41)
  0x00000250bcc56c40: bcd9 85ff 

  0x00000250bcc56c44: ;   {other}
  0x00000250bcc56c44: 0f1f 8400 | b427 007d | bade ffff 

  0x00000250bcc56c50: ;   {runtime_call UncommonTrapBlob}
  0x00000250bcc56c50: ff66 90e8 

  0x00000250bcc56c54: ; ImmutableOopMap {rbp=NarrowOop [32]=Oop }
                      ;*checkcast {reexecute=0 rethrow=0 return_oop=0}
                      ; - godot.internal.memory.TransferContext::getBuffer@12 (line 28)
                      ; - godot.internal.memory.TransferContext::writeArguments@7 (line 34)
                      ; - godot.api.Node2D::getRotation@7 (line 394)
                      ; - game.items.weapons.Weapon::updateVisuals@9 (line 235)
                      ; - game.items.weapons.Weapon::_process@47 (line 196)
                      ; - godot.entry.WeaponRegistrar$register$1$1$2::invoke@8 (line 41)
                      ; - godot.entry.WeaponRegistrar$register$1$1$2::invoke@12 (line 41)
  0x00000250bcc56c54: a8d9 85ff 

  0x00000250bcc56c58: ;   {other}
  0x00000250bcc56c58: 0f1f 8400 | c827 007e | bade ffff 

  0x00000250bcc56c64: ;   {runtime_call UncommonTrapBlob}
  0x00000250bcc56c64: ff66 90e8 

  0x00000250bcc56c68: ; ImmutableOopMap {rbp=NarrowOop [32]=Oop }
                      ;*checkcast {reexecute=0 rethrow=0 return_oop=0}
                      ; - godot.internal.memory.TransferContext::getBuffer@12 (line 28)
                      ; - godot.internal.memory.TransferContext::readReturnValue@7 (line 73)
                      ; - godot.api.Node2D::getRotation@41 (line 396)
                      ; - game.items.weapons.Weapon::updateVisuals@9 (line 235)
                      ; - game.items.weapons.Weapon::_process@47 (line 196)
                      ; - godot.entry.WeaponRegistrar$register$1$1$2::invoke@8 (line 41)
                      ; - godot.entry.WeaponRegistrar$register$1$1$2::invoke@12 (line 41)
  0x00000250bcc56c68: 94d9 85ff 

  0x00000250bcc56c6c: ;   {other}
  0x00000250bcc56c6c: 0f1f 8400 | dc27 007f | bade ffff | ffc5 fb11 | 4424 2844 | 8944 2430 

  0x00000250bcc56c84: ;   {runtime_call UncommonTrapBlob}
  0x00000250bcc56c84: 6666 90e8 

  0x00000250bcc56c88: ; ImmutableOopMap {rbp=NarrowOop [32]=Oop [48]=NarrowOop }
                      ;*checkcast {reexecute=0 rethrow=0 return_oop=0}
                      ; - godot.internal.memory.TransferContext::getBuffer@12 (line 28)
                      ; - godot.internal.memory.TransferContext::writeArguments@7 (line 34)
                      ; - godot.api.Node2D::getScale@7 (line 412)
                      ; - game.items.weapons.Weapon::updateVisuals@18 (line 238)
                      ; - game.items.weapons.Weapon::_process@47 (line 196)
                      ; - godot.entry.WeaponRegistrar$register$1$1$2::invoke@8 (line 41)
                      ; - godot.entry.WeaponRegistrar$register$1$1$2::invoke@12 (line 41)
  0x00000250bcc56c88: 74d9 85ff 

  0x00000250bcc56c8c: ;   {other}
  0x00000250bcc56c8c: 0f1f 8400 | fc27 0080 | bade ffff | ff4c 8b54 | 2430 4c89 | 5424 2844 | 894c 2430 

  0x00000250bcc56ca8: ;   {runtime_call UncommonTrapBlob}
  0x00000250bcc56ca8: 6666 90e8 

  0x00000250bcc56cac: ; ImmutableOopMap {rbp=NarrowOop [40]=Oop [48]=NarrowOop }
                      ;*checkcast {reexecute=0 rethrow=0 return_oop=0}
                      ; - godot.internal.memory.TransferContext::getBuffer@12 (line 28)
                      ; - godot.internal.memory.TransferContext::writeArguments@7 (line 34)
                      ; - godot.api.Node2D::getScale@7 (line 412)
                      ; - game.entity.Player::isFacingRight@4 (line 261)
                      ; - game.items.weapons.Weapon::getIdleRotation@9 (line 139)
                      ; - game.items.weapons.Weapon::getRotationToTarget@20 (line 156)
                      ; - game.items.weapons.Weapon::rotateToTarget@21 (line 177)
                      ; - game.items.weapons.Weapon::_process@32 (line 192)
                      ; - godot.entry.WeaponRegistrar$register$1$1$2::invoke@8 (line 41)
                      ; - godot.entry.WeaponRegistrar$register$1$1$2::invoke@12 (line 41)
  0x00000250bcc56cac: 50d9 85ff 

  0x00000250bcc56cb0: ;   {other}
  0x00000250bcc56cb0: 0f1f 8400 | 2028 0081 | bade ffff 

  0x00000250bcc56cbc: ;   {runtime_call UncommonTrapBlob}
  0x00000250bcc56cbc: ff66 90e8 

  0x00000250bcc56cc0: ; ImmutableOopMap {rbp=NarrowOop [32]=Oop }
                      ;*checkcast {reexecute=0 rethrow=0 return_oop=0}
                      ; - godot.internal.memory.TransferContext::getBuffer@12 (line 28)
                      ; - godot.internal.memory.TransferContext::readReturnValue@7 (line 73)
                      ; - godot.api.Node2D::getScale@41 (line 414)
                      ; - game.items.weapons.Weapon::updateVisuals@18 (line 238)
                      ; - game.items.weapons.Weapon::_process@47 (line 196)
                      ; - godot.entry.WeaponRegistrar$register$1$1$2::invoke@8 (line 41)
                      ; - godot.entry.WeaponRegistrar$register$1$1$2::invoke@12 (line 41)
  0x00000250bcc56cc0: 3cd9 85ff 

  0x00000250bcc56cc4: ;   {other}
  0x00000250bcc56cc4: 0f1f 8400 | 3428 0082 | bade ffff | ff4c 8b54 | 2430 4c89 

  0x00000250bcc56cd8: ;   {runtime_call UncommonTrapBlob}
  0x00000250bcc56cd8: 5424 28e8 

  0x00000250bcc56cdc: ; ImmutableOopMap {rbp=NarrowOop [40]=Oop [48]=Oop }
                      ;*checkcast {reexecute=0 rethrow=0 return_oop=0}
                      ; - godot.internal.memory.TransferContext::getBuffer@12 (line 28)
                      ; - godot.internal.memory.TransferContext::readReturnValue@7 (line 73)
                      ; - godot.api.Node2D::getScale@41 (line 414)
                      ; - game.entity.Player::isFacingRight@4 (line 261)
                      ; - game.items.weapons.Weapon::getIdleRotation@9 (line 139)
                      ; - game.items.weapons.Weapon::getRotationToTarget@20 (line 156)
                      ; - game.items.weapons.Weapon::rotateToTarget@21 (line 177)
                      ; - game.items.weapons.Weapon::_process@32 (line 192)
                      ; - godot.entry.WeaponRegistrar$register$1$1$2::invoke@8 (line 41)
                      ; - godot.entry.WeaponRegistrar$register$1$1$2::invoke@12 (line 41)
  0x00000250bcc56cdc: 20d9 85ff 

  0x00000250bcc56ce0: ;   {other}
  0x00000250bcc56ce0: 0f1f 8400 | 5028 0083 | bade ffff | ff44 894c | 2420 4c89 

  0x00000250bcc56cf4: ;   {runtime_call UncommonTrapBlob}
  0x00000250bcc56cf4: 5424 28e8 

  0x00000250bcc56cf8: ; ImmutableOopMap {rbp=NarrowOop [32]=NarrowOop [40]=Oop }
                      ;*checkcast {reexecute=0 rethrow=0 return_oop=0}
                      ; - godot.internal.memory.TransferContext::getBuffer@12 (line 28)
                      ; - godot.internal.memory.TransferContext::writeArguments@7 (line 34)
                      ; - godot.api.Node2D::setScale@25 (line 383)
                      ; - game.items.weapons.Weapon::updateVisuals@56 (line 243)
                      ; - game.items.weapons.Weapon::_process@47 (line 196)
                      ; - godot.entry.WeaponRegistrar$register$1$1$2::invoke@8 (line 41)
                      ; - godot.entry.WeaponRegistrar$register$1$1$2::invoke@12 (line 41)
  0x00000250bcc56cf8: 04d9 85ff 

  0x00000250bcc56cfc: ;   {other}
  0x00000250bcc56cfc: 0f1f 8400 | 6c28 0084 | bade ffff | ff44 894c | 2420 4c89 

  0x00000250bcc56d10: ;   {runtime_call UncommonTrapBlob}
  0x00000250bcc56d10: 5424 28e8 

  0x00000250bcc56d14: ; ImmutableOopMap {rbp=NarrowOop [32]=NarrowOop [40]=Oop }
                      ;*checkcast {reexecute=0 rethrow=0 return_oop=0}
                      ; - godot.internal.memory.TransferContext::getBuffer@12 (line 28)
                      ; - godot.internal.memory.TransferContext::writeArguments@7 (line 34)
                      ; - godot.api.Node2D::setScale@25 (line 383)
                      ; - game.items.weapons.Weapon::updateVisuals@84 (line 246)
                      ; - game.items.weapons.Weapon::_process@47 (line 196)
                      ; - godot.entry.WeaponRegistrar$register$1$1$2::invoke@8 (line 41)
                      ; - godot.entry.WeaponRegistrar$register$1$1$2::invoke@12 (line 41)
  0x00000250bcc56d14: e8d8 85ff 

  0x00000250bcc56d18: ;   {other}
  0x00000250bcc56d18: 0f1f 8400 | 8828 0085 | bade ffff 

  0x00000250bcc56d24: ;   {runtime_call UncommonTrapBlob}
  0x00000250bcc56d24: ff66 90e8 

  0x00000250bcc56d28: ; ImmutableOopMap {rbp=NarrowOop [40]=Oop [48]=Oop }
                      ;*checkcast {reexecute=0 rethrow=0 return_oop=0}
                      ; - godot.internal.memory.TransferContext::getBuffer@12 (line 28)
                      ; - godot.internal.memory.TransferContext::writeArguments@7 (line 34)
                      ; - godot.api.Node2D::setRotation@23 (line 368)
                      ; - game.items.weapons.Weapon::rotateToTarget@25 (line 177)
                      ; - game.items.weapons.Weapon::_process@32 (line 192)
                      ; - godot.entry.WeaponRegistrar$register$1$1$2::invoke@8 (line 41)
                      ; - godot.entry.WeaponRegistrar$register$1$1$2::invoke@12 (line 41)
  0x00000250bcc56d28: d4d8 85ff 

  0x00000250bcc56d2c: ;   {other}
  0x00000250bcc56d2c: 0f1f 8400 | 9c28 0086 | bade ffff | ff4c 895c 

  0x00000250bcc56d3c: ;   {runtime_call UncommonTrapBlob}
  0x00000250bcc56d3c: 2430 90e8 

  0x00000250bcc56d40: ; ImmutableOopMap {rbp=NarrowOop [40]=Oop [48]=Oop }
                      ;*checkcast {reexecute=0 rethrow=0 return_oop=0}
                      ; - game.items.weapons.Weapon::getRotationToTarget@32 (line 159)
                      ; - game.items.weapons.Weapon::rotateToTarget@21 (line 177)
                      ; - game.items.weapons.Weapon::_process@32 (line 192)
                      ; - godot.entry.WeaponRegistrar$register$1$1$2::invoke@8 (line 41)
                      ; - godot.entry.WeaponRegistrar$register$1$1$2::invoke@12 (line 41)
  0x00000250bcc56d40: bcd8 85ff 

  0x00000250bcc56d44: ;   {other}
  0x00000250bcc56d44: 0f1f 8400 | b428 0087 | 488b d048 | 8b6c 2430 

  0x00000250bcc56d54: ;   {runtime_call _rethrow_Java}
  0x00000250bcc56d54: 6666 90e8 

  0x00000250bcc56d58: ; ImmutableOopMap {rbp=Oop [40]=Oop }
                      ;*invokevirtual getIntUnalignedInternal {reexecute=0 rethrow=0 return_oop=1}
                      ; - jdk.internal.misc.ScopedMemoryAccess::getIntUnaligned@6 (line 1897)
                      ; - java.nio.DirectByteBuffer::getInt@13 (line 744)
                      ; - java.nio.DirectByteBuffer::getInt@10 (line 753)
                      ; - godot.core.VariantKt::getVariantType@1 (line 104)
                      ; - godot.core.VariantKt::access$getVariantType@1 (line 1)
                      ; - godot.core.VariantParser::toKotlin@7 (line 477)
                      ; - godot.internal.memory.TransferContext::readReturnValue@20 (line 75)
                      ; - godot.api.Node2D::getScale@41 (line 414)
                      ; - game.entity.Player::isFacingRight@4 (line 261)
                      ; - game.items.weapons.Weapon::getIdleRotation@9 (line 139)
                      ; - game.items.weapons.Weapon::getRotationToTarget@20 (line 156)
                      ; - game.items.weapons.Weapon::rotateToTarget@21 (line 177)
                      ; - game.items.weapons.Weapon::_process@32 (line 192)
                      ; - godot.entry.WeaponRegistrar$register$1$1$2::invoke@8 (line 41)
                      ; - godot.entry.WeaponRegistrar$register$1$1$2::invoke@12 (line 41)
  0x00000250bcc56d58: a4bf 9bff 

  0x00000250bcc56d5c: ;   {other}
  0x00000250bcc56d5c: 0f1f 8400 | cc28 0088 | 488b d048 | 8b6c 2430 

  0x00000250bcc56d6c: ;   {runtime_call _rethrow_Java}
  0x00000250bcc56d6c: 6666 90e8 

  0x00000250bcc56d70: ; ImmutableOopMap {rbp=Oop [40]=Oop }
                      ;*invokevirtual getIntUnalignedInternal {reexecute=0 rethrow=0 return_oop=1}
                      ; - jdk.internal.misc.ScopedMemoryAccess::getIntUnaligned@6 (line 1897)
                      ; - java.nio.DirectByteBuffer::getFloat@13 (line 944)
                      ; - java.nio.DirectByteBuffer::getFloat@10 (line 953)
                      ; - godot.core.VariantKt::getVector2@5 (line 19)
                      ; - godot.core.VariantKt::access$getVector2@1 (line 1)
                      ; - godot.core.VariantParser$VECTOR2::toUnsafeKotlin@7 (line 176)
                      ; - godot.core.VariantParser$VECTOR2::toUnsafeKotlin@2 (line 175)
                      ; - godot.core.VariantParser::toKotlin@21 (line 479)
                      ; - godot.internal.memory.TransferContext::readReturnValue@20 (line 75)
                      ; - godot.api.Node2D::getScale@41 (line 414)
                      ; - game.entity.Player::isFacingRight@4 (line 261)
                      ; - game.items.weapons.Weapon::getIdleRotation@9 (line 139)
                      ; - game.items.weapons.Weapon::getRotationToTarget@20 (line 156)
                      ; - game.items.weapons.Weapon::rotateToTarget@21 (line 177)
                      ; - game.items.weapons.Weapon::_process@32 (line 192)
                      ; - godot.entry.WeaponRegistrar$register$1$1$2::invoke@8 (line 41)
                      ; - godot.entry.WeaponRegistrar$register$1$1$2::invoke@12 (line 41)
  0x00000250bcc56d70: 8cbf 9bff 

  0x00000250bcc56d74: ;   {other}
  0x00000250bcc56d74: 0f1f 8400 | e428 0089 | 488b d04c | 8b54 2430 | 4c89 5424 

  0x00000250bcc56d88: ;   {runtime_call _rethrow_Java}
  0x00000250bcc56d88: 2066 90e8 

  0x00000250bcc56d8c: ; ImmutableOopMap {[32]=Oop [40]=Oop [48]=Oop }
                      ;*invokevirtual getIntUnalignedInternal {reexecute=0 rethrow=0 return_oop=1}
                      ; - jdk.internal.misc.ScopedMemoryAccess::getIntUnaligned@6 (line 1897)
                      ; - java.nio.DirectByteBuffer::getFloat@13 (line 944)
                      ; - java.nio.DirectByteBuffer::getFloat@10 (line 953)
                      ; - godot.core.VariantKt::getVector2@14 (line 19)
                      ; - godot.core.VariantKt::access$getVector2@1 (line 1)
                      ; - godot.core.VariantParser$VECTOR2::toUnsafeKotlin@7 (line 176)
                      ; - godot.core.VariantParser$VECTOR2::toUnsafeKotlin@2 (line 175)
                      ; - godot.core.VariantParser::toKotlin@21 (line 479)
                      ; - godot.internal.memory.TransferContext::readReturnValue@20 (line 75)
                      ; - godot.api.Node2D::getScale@41 (line 414)
                      ; - game.entity.Player::isFacingRight@4 (line 261)
                      ; - game.items.weapons.Weapon::getIdleRotation@9 (line 139)
                      ; - game.items.weapons.Weapon::getRotationToTarget@20 (line 156)
                      ; - game.items.weapons.Weapon::rotateToTarget@21 (line 177)
                      ; - game.items.weapons.Weapon::_process@32 (line 192)
                      ; - godot.entry.WeaponRegistrar$register$1$1$2::invoke@8 (line 41)
                      ; - godot.entry.WeaponRegistrar$register$1$1$2::invoke@12 (line 41)
  0x00000250bcc56d8c: 70bf 9bff 

  0x00000250bcc56d90: ;   {other}
  0x00000250bcc56d90: 0f1f 8400 | 0029 008a | baf4 ffff | ff49 8be9 | 4c89 5c24 

  0x00000250bcc56da4: ;   {runtime_call UncommonTrapBlob}
  0x00000250bcc56da4: 2066 90e8 

  0x00000250bcc56da8: ; ImmutableOopMap {rbp=Oop [32]=Oop }
                      ;*checkcast {reexecute=0 rethrow=0 return_oop=0}
                      ; - godot.entry.WeaponRegistrar$register$1$1$2::invoke@2 (line 41)
  0x00000250bcc56da8: 54d8 85ff 

  0x00000250bcc56dac: ;   {other}
  0x00000250bcc56dac: 0f1f 8400 | 1c29 008b | baf4 ffff | ff49 8beb | 4c89 5424 

  0x00000250bcc56dc0: ;   {runtime_call UncommonTrapBlob}
  0x00000250bcc56dc0: 2066 90e8 

  0x00000250bcc56dc4: ; ImmutableOopMap {rbp=Oop [32]=Oop }
                      ;*checkcast {reexecute=0 rethrow=0 return_oop=0}
                      ; - godot.entry.WeaponRegistrar$register$1$1$2::invoke@6 (line 41)
  0x00000250bcc56dc4: 38d8 85ff 

  0x00000250bcc56dc8: ;   {other}
  0x00000250bcc56dc8: 0f1f 8400 | 3829 008c | baf6 ffff 

  0x00000250bcc56dd4: ;   {runtime_call UncommonTrapBlob}
  0x00000250bcc56dd4: ff66 90e8 

  0x00000250bcc56dd8: ; ImmutableOopMap {}
                      ;*invokevirtual get {reexecute=0 rethrow=0 return_oop=0}
                      ; - godot.common.util.ThreadLocalDelegate::getValue@10 (line 7)
                      ; - godot.internal.memory.TransferContext::getBuffer@9 (line 28)
                      ; - godot.internal.memory.TransferContext::writeArguments@7 (line 34)
                      ; - godot.api.Timer::isStopped@7 (line 232)
                      ; - game.items.weapons.Weapon::canUseWeapon@4 (line 82)
                      ; - game.items.weapons.Weapon::_process@36 (line 194)
                      ; - godot.entry.WeaponRegistrar$register$1$1$2::invoke@8 (line 41)
                      ; - godot.entry.WeaponRegistrar$register$1$1$2::invoke@12 (line 41)
  0x00000250bcc56dd8: 24d8 85ff 

  0x00000250bcc56ddc: ;   {other}
  0x00000250bcc56ddc: 0f1f 8400 | 4c29 008d | baf6 ffff 

  0x00000250bcc56de8: ;   {runtime_call UncommonTrapBlob}
  0x00000250bcc56de8: ff66 90e8 

  0x00000250bcc56dec: ; ImmutableOopMap {}
                      ;*arraylength {reexecute=0 rethrow=0 return_oop=0}
                      ; - java.lang.ThreadLocal$ThreadLocalMap::getEntry@8 (line 499)
                      ; - java.lang.ThreadLocal::get@12 (line 187)
                      ; - java.lang.ThreadLocal::get@4 (line 172)
                      ; - godot.common.util.ThreadLocalDelegate::getValue@10 (line 7)
                      ; - godot.internal.memory.TransferContext::getBuffer@9 (line 28)
                      ; - godot.internal.memory.TransferContext::writeArguments@7 (line 34)
                      ; - godot.api.Timer::isStopped@7 (line 232)
                      ; - game.items.weapons.Weapon::canUseWeapon@4 (line 82)
                      ; - game.items.weapons.Weapon::_process@36 (line 194)
                      ; - godot.entry.WeaponRegistrar$register$1$1$2::invoke@8 (line 41)
                      ; - godot.entry.WeaponRegistrar$register$1$1$2::invoke@12 (line 41)
  0x00000250bcc56dec: 10d8 85ff 

  0x00000250bcc56df0: ;   {other}
  0x00000250bcc56df0: 0f1f 8400 | 6029 008e | baf4 ffff | ff48 8b6c | 2420 4489 

  0x00000250bcc56e04: ;   {runtime_call UncommonTrapBlob}
  0x00000250bcc56e04: 4424 28e8 

  0x00000250bcc56e08: ; ImmutableOopMap {rbp=Oop [40]=NarrowOop }
                      ;*checkcast {reexecute=0 rethrow=0 return_oop=0}
                      ; - godot.internal.memory.TransferContext::getBuffer@12 (line 28)
                      ; - godot.internal.memory.TransferContext::writeArguments@7 (line 34)
                      ; - godot.api.Timer::isStopped@7 (line 232)
                      ; - game.items.weapons.Weapon::canUseWeapon@4 (line 82)
                      ; - game.items.weapons.Weapon::_process@36 (line 194)
                      ; - godot.entry.WeaponRegistrar$register$1$1$2::invoke@8 (line 41)
                      ; - godot.entry.WeaponRegistrar$register$1$1$2::invoke@12 (line 41)
  0x00000250bcc56e08: f4d7 85ff 

  0x00000250bcc56e0c: ;   {other}
  0x00000250bcc56e0c: 0f1f 8400 | 7c29 008f | baf6 ffff 

  0x00000250bcc56e18: ;   {runtime_call UncommonTrapBlob}
  0x00000250bcc56e18: ff66 90e8 

  0x00000250bcc56e1c: ; ImmutableOopMap {}
                      ;*invokevirtual get {reexecute=0 rethrow=0 return_oop=0}
                      ; - godot.common.util.ThreadLocalDelegate::getValue@10 (line 7)
                      ; - godot.internal.memory.TransferContext::getBuffer@9 (line 28)
                      ; - godot.internal.memory.TransferContext::readReturnValue@7 (line 73)
                      ; - godot.api.Timer::isStopped@41 (line 234)
                      ; - game.items.weapons.Weapon::canUseWeapon@4 (line 82)
                      ; - game.items.weapons.Weapon::_process@36 (line 194)
                      ; - godot.entry.WeaponRegistrar$register$1$1$2::invoke@8 (line 41)
                      ; - godot.entry.WeaponRegistrar$register$1$1$2::invoke@12 (line 41)
  0x00000250bcc56e1c: e0d7 85ff 

  0x00000250bcc56e20: ;   {other}
  0x00000250bcc56e20: 0f1f 8400 | 9029 0090 | baf6 ffff 

  0x00000250bcc56e2c: ;   {runtime_call UncommonTrapBlob}
  0x00000250bcc56e2c: ff66 90e8 

  0x00000250bcc56e30: ; ImmutableOopMap {}
                      ;*arraylength {reexecute=0 rethrow=0 return_oop=0}
                      ; - java.lang.ThreadLocal$ThreadLocalMap::getEntry@8 (line 499)
                      ; - java.lang.ThreadLocal::get@12 (line 187)
                      ; - java.lang.ThreadLocal::get@4 (line 172)
                      ; - godot.common.util.ThreadLocalDelegate::getValue@10 (line 7)
                      ; - godot.internal.memory.TransferContext::getBuffer@9 (line 28)
                      ; - godot.internal.memory.TransferContext::readReturnValue@7 (line 73)
                      ; - godot.api.Timer::isStopped@41 (line 234)
                      ; - game.items.weapons.Weapon::canUseWeapon@4 (line 82)
                      ; - game.items.weapons.Weapon::_process@36 (line 194)
                      ; - godot.entry.WeaponRegistrar$register$1$1$2::invoke@8 (line 41)
                      ; - godot.entry.WeaponRegistrar$register$1$1$2::invoke@12 (line 41)
  0x00000250bcc56e30: ccd7 85ff 

  0x00000250bcc56e34: ;   {other}
  0x00000250bcc56e34: 0f1f 8400 | a429 0091 | baf4 ffff | ff48 8b6c 

  0x00000250bcc56e44: ;   {runtime_call UncommonTrapBlob}
  0x00000250bcc56e44: 2420 90e8 

  0x00000250bcc56e48: ; ImmutableOopMap {rbp=Oop }
                      ;*checkcast {reexecute=0 rethrow=0 return_oop=0}
                      ; - godot.internal.memory.TransferContext::getBuffer@12 (line 28)
                      ; - godot.internal.memory.TransferContext::readReturnValue@7 (line 73)
                      ; - godot.api.Timer::isStopped@41 (line 234)
                      ; - game.items.weapons.Weapon::canUseWeapon@4 (line 82)
                      ; - game.items.weapons.Weapon::_process@36 (line 194)
                      ; - godot.entry.WeaponRegistrar$register$1$1$2::invoke@8 (line 41)
                      ; - godot.entry.WeaponRegistrar$register$1$1$2::invoke@12 (line 41)
  0x00000250bcc56e48: b4d7 85ff 

  0x00000250bcc56e4c: ;   {other}
  0x00000250bcc56e4c: 0f1f 8400 | bc29 0092 | baf6 ffff 

  0x00000250bcc56e58: ;   {runtime_call UncommonTrapBlob}
  0x00000250bcc56e58: ff66 90e8 

  0x00000250bcc56e5c: ; ImmutableOopMap {}
                      ;*invokevirtual get {reexecute=0 rethrow=0 return_oop=0}
                      ; - godot.common.util.ThreadLocalDelegate::getValue@10 (line 7)
                      ; - godot.internal.memory.TransferContext::getBuffer@9 (line 28)
                      ; - godot.internal.memory.TransferContext::writeArguments@7 (line 34)
                      ; - godot.api.Node2D::getRotation@7 (line 394)
                      ; - game.items.weapons.Weapon::updateVisuals@9 (line 235)
                      ; - game.items.weapons.Weapon::_process@47 (line 196)
                      ; - godot.entry.WeaponRegistrar$register$1$1$2::invoke@8 (line 41)
                      ; - godot.entry.WeaponRegistrar$register$1$1$2::invoke@12 (line 41)
  0x00000250bcc56e5c: a0d7 85ff 

  0x00000250bcc56e60: ;   {other}
  0x00000250bcc56e60: 0f1f 8400 | d029 0093 | baf6 ffff 

  0x00000250bcc56e6c: ;   {runtime_call UncommonTrapBlob}
  0x00000250bcc56e6c: ff66 90e8 

  0x00000250bcc56e70: ; ImmutableOopMap {}
                      ;*arraylength {reexecute=0 rethrow=0 return_oop=0}
                      ; - java.lang.ThreadLocal$ThreadLocalMap::getEntry@8 (line 499)
                      ; - java.lang.ThreadLocal::get@12 (line 187)
                      ; - java.lang.ThreadLocal::get@4 (line 172)
                      ; - godot.common.util.ThreadLocalDelegate::getValue@10 (line 7)
                      ; - godot.internal.memory.TransferContext::getBuffer@9 (line 28)
                      ; - godot.internal.memory.TransferContext::writeArguments@7 (line 34)
                      ; - godot.api.Node2D::getRotation@7 (line 394)
                      ; - game.items.weapons.Weapon::updateVisuals@9 (line 235)
                      ; - game.items.weapons.Weapon::_process@47 (line 196)
                      ; - godot.entry.WeaponRegistrar$register$1$1$2::invoke@8 (line 41)
                      ; - godot.entry.WeaponRegistrar$register$1$1$2::invoke@12 (line 41)
  0x00000250bcc56e70: 8cd7 85ff 

  0x00000250bcc56e74: ;   {other}
  0x00000250bcc56e74: 0f1f 8400 | e429 0094 | baf4 ffff | ff48 8b6c 

  0x00000250bcc56e84: ;   {runtime_call UncommonTrapBlob}
  0x00000250bcc56e84: 2420 90e8 

  0x00000250bcc56e88: ; ImmutableOopMap {rbp=Oop }
                      ;*checkcast {reexecute=0 rethrow=0 return_oop=0}
                      ; - godot.internal.memory.TransferContext::getBuffer@12 (line 28)
                      ; - godot.internal.memory.TransferContext::writeArguments@7 (line 34)
                      ; - godot.api.Node2D::getRotation@7 (line 394)
                      ; - game.items.weapons.Weapon::updateVisuals@9 (line 235)
                      ; - game.items.weapons.Weapon::_process@47 (line 196)
                      ; - godot.entry.WeaponRegistrar$register$1$1$2::invoke@8 (line 41)
                      ; - godot.entry.WeaponRegistrar$register$1$1$2::invoke@12 (line 41)
  0x00000250bcc56e88: 74d7 85ff 

  0x00000250bcc56e8c: ;   {other}
  0x00000250bcc56e8c: 0f1f 8400 | fc29 0095 | baf6 ffff 

  0x00000250bcc56e98: ;   {runtime_call UncommonTrapBlob}
  0x00000250bcc56e98: ff66 90e8 

  0x00000250bcc56e9c: ; ImmutableOopMap {}
                      ;*invokevirtual get {reexecute=0 rethrow=0 return_oop=0}
                      ; - godot.common.util.ThreadLocalDelegate::getValue@10 (line 7)
                      ; - godot.internal.memory.TransferContext::getBuffer@9 (line 28)
                      ; - godot.internal.memory.TransferContext::readReturnValue@7 (line 73)
                      ; - godot.api.Node2D::getRotation@41 (line 396)
                      ; - game.items.weapons.Weapon::updateVisuals@9 (line 235)
                      ; - game.items.weapons.Weapon::_process@47 (line 196)
                      ; - godot.entry.WeaponRegistrar$register$1$1$2::invoke@8 (line 41)
                      ; - godot.entry.WeaponRegistrar$register$1$1$2::invoke@12 (line 41)
  0x00000250bcc56e9c: 60d7 85ff 

  0x00000250bcc56ea0: ;   {other}
  0x00000250bcc56ea0: 0f1f 8400 | 102a 0096 | baf6 ffff 

  0x00000250bcc56eac: ;   {runtime_call UncommonTrapBlob}
  0x00000250bcc56eac: ff66 90e8 

  0x00000250bcc56eb0: ; ImmutableOopMap {}
                      ;*arraylength {reexecute=0 rethrow=0 return_oop=0}
                      ; - java.lang.ThreadLocal$ThreadLocalMap::getEntry@8 (line 499)
                      ; - java.lang.ThreadLocal::get@12 (line 187)
                      ; - java.lang.ThreadLocal::get@4 (line 172)
                      ; - godot.common.util.ThreadLocalDelegate::getValue@10 (line 7)
                      ; - godot.internal.memory.TransferContext::getBuffer@9 (line 28)
                      ; - godot.internal.memory.TransferContext::readReturnValue@7 (line 73)
                      ; - godot.api.Node2D::getRotation@41 (line 396)
                      ; - game.items.weapons.Weapon::updateVisuals@9 (line 235)
                      ; - game.items.weapons.Weapon::_process@47 (line 196)
                      ; - godot.entry.WeaponRegistrar$register$1$1$2::invoke@8 (line 41)
                      ; - godot.entry.WeaponRegistrar$register$1$1$2::invoke@12 (line 41)
  0x00000250bcc56eb0: 4cd7 85ff 

  0x00000250bcc56eb4: ;   {other}
  0x00000250bcc56eb4: 0f1f 8400 | 242a 0097 | baf4 ffff | ff48 8b6c 

  0x00000250bcc56ec4: ;   {runtime_call UncommonTrapBlob}
  0x00000250bcc56ec4: 2420 90e8 

  0x00000250bcc56ec8: ; ImmutableOopMap {rbp=Oop }
                      ;*checkcast {reexecute=0 rethrow=0 return_oop=0}
                      ; - godot.internal.memory.TransferContext::getBuffer@12 (line 28)
                      ; - godot.internal.memory.TransferContext::readReturnValue@7 (line 73)
                      ; - godot.api.Node2D::getRotation@41 (line 396)
                      ; - game.items.weapons.Weapon::updateVisuals@9 (line 235)
                      ; - game.items.weapons.Weapon::_process@47 (line 196)
                      ; - godot.entry.WeaponRegistrar$register$1$1$2::invoke@8 (line 41)
                      ; - godot.entry.WeaponRegistrar$register$1$1$2::invoke@12 (line 41)
  0x00000250bcc56ec8: 34d7 85ff 

  0x00000250bcc56ecc: ;   {other}
  0x00000250bcc56ecc: 0f1f 8400 | 3c2a 0098 | baf6 ffff 

  0x00000250bcc56ed8: ;   {runtime_call UncommonTrapBlob}
  0x00000250bcc56ed8: ff66 90e8 

  0x00000250bcc56edc: ; ImmutableOopMap {}
                      ;*invokevirtual get {reexecute=0 rethrow=0 return_oop=0}
                      ; - godot.common.util.ThreadLocalDelegate::getValue@10 (line 7)
                      ; - godot.internal.memory.TransferContext::getBuffer@9 (line 28)
                      ; - godot.internal.memory.TransferContext::writeArguments@7 (line 34)
                      ; - godot.api.Node2D::getScale@7 (line 412)
                      ; - game.items.weapons.Weapon::updateVisuals@18 (line 238)
                      ; - game.items.weapons.Weapon::_process@47 (line 196)
                      ; - godot.entry.WeaponRegistrar$register$1$1$2::invoke@8 (line 41)
                      ; - godot.entry.WeaponRegistrar$register$1$1$2::invoke@12 (line 41)
  0x00000250bcc56edc: 20d7 85ff 

  0x00000250bcc56ee0: ;   {other}
  0x00000250bcc56ee0: 0f1f 8400 | 502a 0099 | baf6 ffff 

  0x00000250bcc56eec: ;   {runtime_call UncommonTrapBlob}
  0x00000250bcc56eec: ff66 90e8 

  0x00000250bcc56ef0: ; ImmutableOopMap {}
                      ;*arraylength {reexecute=0 rethrow=0 return_oop=0}
                      ; - java.lang.ThreadLocal$ThreadLocalMap::getEntry@8 (line 499)
                      ; - java.lang.ThreadLocal::get@12 (line 187)
                      ; - java.lang.ThreadLocal::get@4 (line 172)
                      ; - godot.common.util.ThreadLocalDelegate::getValue@10 (line 7)
                      ; - godot.internal.memory.TransferContext::getBuffer@9 (line 28)
                      ; - godot.internal.memory.TransferContext::writeArguments@7 (line 34)
                      ; - godot.api.Node2D::getScale@7 (line 412)
                      ; - game.items.weapons.Weapon::updateVisuals@18 (line 238)
                      ; - game.items.weapons.Weapon::_process@47 (line 196)
                      ; - godot.entry.WeaponRegistrar$register$1$1$2::invoke@8 (line 41)
                      ; - godot.entry.WeaponRegistrar$register$1$1$2::invoke@12 (line 41)
  0x00000250bcc56ef0: 0cd7 85ff 

  0x00000250bcc56ef4: ;   {other}
  0x00000250bcc56ef4: 0f1f 8400 | 642a 009a | baf4 ffff | ff48 8b6c | 2420 c5fb | 1144 2420 | 4489 4424 

  0x00000250bcc56f10: ;   {runtime_call UncommonTrapBlob}
  0x00000250bcc56f10: 2866 90e8 

  0x00000250bcc56f14: ; ImmutableOopMap {rbp=Oop [40]=NarrowOop }
                      ;*checkcast {reexecute=0 rethrow=0 return_oop=0}
                      ; - godot.internal.memory.TransferContext::getBuffer@12 (line 28)
                      ; - godot.internal.memory.TransferContext::writeArguments@7 (line 34)
                      ; - godot.api.Node2D::getScale@7 (line 412)
                      ; - game.items.weapons.Weapon::updateVisuals@18 (line 238)
                      ; - game.items.weapons.Weapon::_process@47 (line 196)
                      ; - godot.entry.WeaponRegistrar$register$1$1$2::invoke@8 (line 41)
                      ; - godot.entry.WeaponRegistrar$register$1$1$2::invoke@12 (line 41)
  0x00000250bcc56f14: e8d6 85ff 

  0x00000250bcc56f18: ;   {other}
  0x00000250bcc56f18: 0f1f 8400 | 882a 009b | baf6 ffff 

  0x00000250bcc56f24: ;   {runtime_call UncommonTrapBlob}
  0x00000250bcc56f24: ff66 90e8 

  0x00000250bcc56f28: ; ImmutableOopMap {}
                      ;*invokevirtual get {reexecute=0 rethrow=0 return_oop=0}
                      ; - godot.common.util.ThreadLocalDelegate::getValue@10 (line 7)
                      ; - godot.internal.memory.TransferContext::getBuffer@9 (line 28)
                      ; - godot.internal.memory.TransferContext::readReturnValue@7 (line 73)
                      ; - godot.api.Node2D::getScale@41 (line 414)
                      ; - game.items.weapons.Weapon::updateVisuals@18 (line 238)
                      ; - game.items.weapons.Weapon::_process@47 (line 196)
                      ; - godot.entry.WeaponRegistrar$register$1$1$2::invoke@8 (line 41)
                      ; - godot.entry.WeaponRegistrar$register$1$1$2::invoke@12 (line 41)
  0x00000250bcc56f28: d4d6 85ff 

  0x00000250bcc56f2c: ;   {other}
  0x00000250bcc56f2c: 0f1f 8400 | 9c2a 009c | baf6 ffff 

  0x00000250bcc56f38: ;   {runtime_call UncommonTrapBlob}
  0x00000250bcc56f38: ff66 90e8 

  0x00000250bcc56f3c: ; ImmutableOopMap {}
                      ;*arraylength {reexecute=0 rethrow=0 return_oop=0}
                      ; - java.lang.ThreadLocal$ThreadLocalMap::getEntry@8 (line 499)
                      ; - java.lang.ThreadLocal::get@12 (line 187)
                      ; - java.lang.ThreadLocal::get@4 (line 172)
                      ; - godot.common.util.ThreadLocalDelegate::getValue@10 (line 7)
                      ; - godot.internal.memory.TransferContext::getBuffer@9 (line 28)
                      ; - godot.internal.memory.TransferContext::readReturnValue@7 (line 73)
                      ; - godot.api.Node2D::getScale@41 (line 414)
                      ; - game.items.weapons.Weapon::updateVisuals@18 (line 238)
                      ; - game.items.weapons.Weapon::_process@47 (line 196)
                      ; - godot.entry.WeaponRegistrar$register$1$1$2::invoke@8 (line 41)
                      ; - godot.entry.WeaponRegistrar$register$1$1$2::invoke@12 (line 41)
  0x00000250bcc56f3c: c0d6 85ff 

  0x00000250bcc56f40: ;   {other}
  0x00000250bcc56f40: 0f1f 8400 | b02a 009d | baf4 ffff | ff48 8b6c 

  0x00000250bcc56f50: ;   {runtime_call UncommonTrapBlob}
  0x00000250bcc56f50: 2420 90e8 

  0x00000250bcc56f54: ; ImmutableOopMap {rbp=Oop }
                      ;*checkcast {reexecute=0 rethrow=0 return_oop=0}
                      ; - godot.internal.memory.TransferContext::getBuffer@12 (line 28)
                      ; - godot.internal.memory.TransferContext::readReturnValue@7 (line 73)
                      ; - godot.api.Node2D::getScale@41 (line 414)
                      ; - game.items.weapons.Weapon::updateVisuals@18 (line 238)
                      ; - game.items.weapons.Weapon::_process@47 (line 196)
                      ; - godot.entry.WeaponRegistrar$register$1$1$2::invoke@8 (line 41)
                      ; - godot.entry.WeaponRegistrar$register$1$1$2::invoke@12 (line 41)
  0x00000250bcc56f54: a8d6 85ff 

  0x00000250bcc56f58: ;   {other}
  0x00000250bcc56f58: 0f1f 8400 | c82a 009e | baf6 ffff 

  0x00000250bcc56f64: ;   {runtime_call UncommonTrapBlob}
  0x00000250bcc56f64: ff66 90e8 

  0x00000250bcc56f68: ; ImmutableOopMap {}
                      ;*invokeinterface isEmpty {reexecute=0 rethrow=0 return_oop=0}
                      ; - game.items.weapons.Weapon::_process@11 (line 187)
                      ; - godot.entry.WeaponRegistrar$register$1$1$2::invoke@8 (line 41)
                      ; - godot.entry.WeaponRegistrar$register$1$1$2::invoke@12 (line 41)
  0x00000250bcc56f68: 94d6 85ff 

  0x00000250bcc56f6c: ;   {other}
  0x00000250bcc56f6c: 0f1f 8400 | dc2a 009f | baf6 ffff 

  0x00000250bcc56f78: ;   {runtime_call UncommonTrapBlob}
  0x00000250bcc56f78: ff66 90e8 

  0x00000250bcc56f7c: ; ImmutableOopMap {}
                      ;*invokevirtual get {reexecute=0 rethrow=0 return_oop=0}
                      ; - godot.common.util.ThreadLocalDelegate::getValue@10 (line 7)
                      ; - godot.internal.memory.TransferContext::getBuffer@9 (line 28)
                      ; - godot.internal.memory.TransferContext::writeArguments@7 (line 34)
                      ; - godot.api.Node2D::setRotation@23 (line 368)
                      ; - game.items.weapons.Weapon::rotateToTarget@25 (line 177)
                      ; - game.items.weapons.Weapon::_process@32 (line 192)
                      ; - godot.entry.WeaponRegistrar$register$1$1$2::invoke@8 (line 41)
                      ; - godot.entry.WeaponRegistrar$register$1$1$2::invoke@12 (line 41)
  0x00000250bcc56f7c: 80d6 85ff 

  0x00000250bcc56f80: ;   {other}
  0x00000250bcc56f80: 0f1f 8400 | f02a 00a0 | baf6 ffff 

  0x00000250bcc56f8c: ;   {runtime_call UncommonTrapBlob}
  0x00000250bcc56f8c: ff66 90e8 

  0x00000250bcc56f90: ; ImmutableOopMap {}
                      ;*arraylength {reexecute=0 rethrow=0 return_oop=0}
                      ; - java.lang.ThreadLocal$ThreadLocalMap::getEntry@8 (line 499)
                      ; - java.lang.ThreadLocal::get@12 (line 187)
                      ; - java.lang.ThreadLocal::get@4 (line 172)
                      ; - godot.common.util.ThreadLocalDelegate::getValue@10 (line 7)
                      ; - godot.internal.memory.TransferContext::getBuffer@9 (line 28)
                      ; - godot.internal.memory.TransferContext::writeArguments@7 (line 34)
                      ; - godot.api.Node2D::setRotation@23 (line 368)
                      ; - game.items.weapons.Weapon::rotateToTarget@25 (line 177)
                      ; - game.items.weapons.Weapon::_process@32 (line 192)
                      ; - godot.entry.WeaponRegistrar$register$1$1$2::invoke@8 (line 41)
                      ; - godot.entry.WeaponRegistrar$register$1$1$2::invoke@12 (line 41)
  0x00000250bcc56f90: 6cd6 85ff 

  0x00000250bcc56f94: ;   {other}
  0x00000250bcc56f94: 0f1f 8400 | 042b 00a1 | baf4 ffff 

  0x00000250bcc56fa0: ;   {runtime_call UncommonTrapBlob}
  0x00000250bcc56fa0: ff66 90e8 

  0x00000250bcc56fa4: ; ImmutableOopMap {[40]=Oop [48]=Oop }
                      ;*checkcast {reexecute=0 rethrow=0 return_oop=0}
                      ; - godot.internal.memory.TransferContext::getBuffer@12 (line 28)
                      ; - godot.internal.memory.TransferContext::writeArguments@7 (line 34)
                      ; - godot.api.Node2D::setRotation@23 (line 368)
                      ; - game.items.weapons.Weapon::rotateToTarget@25 (line 177)
                      ; - game.items.weapons.Weapon::_process@32 (line 192)
                      ; - godot.entry.WeaponRegistrar$register$1$1$2::invoke@8 (line 41)
                      ; - godot.entry.WeaponRegistrar$register$1$1$2::invoke@12 (line 41)
  0x00000250bcc56fa4: 58d6 85ff 

  0x00000250bcc56fa8: ;   {other}
  0x00000250bcc56fa8: 0f1f 8400 | 182b 00a2 | baf6 ffff 

  0x00000250bcc56fb4: ;   {runtime_call UncommonTrapBlob}
  0x00000250bcc56fb4: ff66 90e8 

  0x00000250bcc56fb8: ; ImmutableOopMap {}
                      ;*invokevirtual get {reexecute=0 rethrow=0 return_oop=0}
                      ; - godot.common.util.ThreadLocalDelegate::getValue@10 (line 7)
                      ; - godot.internal.memory.TransferContext::getBuffer@9 (line 28)
                      ; - godot.internal.memory.TransferContext::writeArguments@7 (line 34)
                      ; - godot.api.Node2D::getScale@7 (line 412)
                      ; - game.entity.Player::isFacingRight@4 (line 261)
                      ; - game.items.weapons.Weapon::getIdleRotation@9 (line 139)
                      ; - game.items.weapons.Weapon::getRotationToTarget@20 (line 156)
                      ; - game.items.weapons.Weapon::rotateToTarget@21 (line 177)
                      ; - game.items.weapons.Weapon::_process@32 (line 192)
                      ; - godot.entry.WeaponRegistrar$register$1$1$2::invoke@8 (line 41)
                      ; - godot.entry.WeaponRegistrar$register$1$1$2::invoke@12 (line 41)
  0x00000250bcc56fb8: 44d6 85ff 

  0x00000250bcc56fbc: ;   {other}
  0x00000250bcc56fbc: 0f1f 8400 | 2c2b 00a3 | baf6 ffff 

  0x00000250bcc56fc8: ;   {runtime_call UncommonTrapBlob}
  0x00000250bcc56fc8: ff66 90e8 

  0x00000250bcc56fcc: ; ImmutableOopMap {}
                      ;*arraylength {reexecute=0 rethrow=0 return_oop=0}
                      ; - java.lang.ThreadLocal$ThreadLocalMap::getEntry@8 (line 499)
                      ; - java.lang.ThreadLocal::get@12 (line 187)
                      ; - java.lang.ThreadLocal::get@4 (line 172)
                      ; - godot.common.util.ThreadLocalDelegate::getValue@10 (line 7)
                      ; - godot.internal.memory.TransferContext::getBuffer@9 (line 28)
                      ; - godot.internal.memory.TransferContext::writeArguments@7 (line 34)
                      ; - godot.api.Node2D::getScale@7 (line 412)
                      ; - game.entity.Player::isFacingRight@4 (line 261)
                      ; - game.items.weapons.Weapon::getIdleRotation@9 (line 139)
                      ; - game.items.weapons.Weapon::getRotationToTarget@20 (line 156)
                      ; - game.items.weapons.Weapon::rotateToTarget@21 (line 177)
                      ; - game.items.weapons.Weapon::_process@32 (line 192)
                      ; - godot.entry.WeaponRegistrar$register$1$1$2::invoke@8 (line 41)
                      ; - godot.entry.WeaponRegistrar$register$1$1$2::invoke@12 (line 41)
  0x00000250bcc56fcc: 30d6 85ff 

  0x00000250bcc56fd0: ;   {other}
  0x00000250bcc56fd0: 0f1f 8400 | 402b 00a4 | baf4 ffff | ff48 8b6c | 2430 4489 

  0x00000250bcc56fe4: ;   {runtime_call UncommonTrapBlob}
  0x00000250bcc56fe4: 4c24 28e8 

  0x00000250bcc56fe8: ; ImmutableOopMap {rbp=Oop [40]=NarrowOop }
                      ;*checkcast {reexecute=0 rethrow=0 return_oop=0}
                      ; - godot.internal.memory.TransferContext::getBuffer@12 (line 28)
                      ; - godot.internal.memory.TransferContext::writeArguments@7 (line 34)
                      ; - godot.api.Node2D::getScale@7 (line 412)
                      ; - game.entity.Player::isFacingRight@4 (line 261)
                      ; - game.items.weapons.Weapon::getIdleRotation@9 (line 139)
                      ; - game.items.weapons.Weapon::getRotationToTarget@20 (line 156)
                      ; - game.items.weapons.Weapon::rotateToTarget@21 (line 177)
                      ; - game.items.weapons.Weapon::_process@32 (line 192)
                      ; - godot.entry.WeaponRegistrar$register$1$1$2::invoke@8 (line 41)
                      ; - godot.entry.WeaponRegistrar$register$1$1$2::invoke@12 (line 41)
  0x00000250bcc56fe8: 14d6 85ff 

  0x00000250bcc56fec: ;   {other}
  0x00000250bcc56fec: 0f1f 8400 | 5c2b 00a5 | baf6 ffff 

  0x00000250bcc56ff8: ;   {runtime_call UncommonTrapBlob}
  0x00000250bcc56ff8: ff66 90e8 

  0x00000250bcc56ffc: ; ImmutableOopMap {}
                      ;*invokevirtual get {reexecute=0 rethrow=0 return_oop=0}
                      ; - godot.common.util.ThreadLocalDelegate::getValue@10 (line 7)
                      ; - godot.internal.memory.TransferContext::getBuffer@9 (line 28)
                      ; - godot.internal.memory.TransferContext::readReturnValue@7 (line 73)
                      ; - godot.api.Node2D::getScale@41 (line 414)
                      ; - game.entity.Player::isFacingRight@4 (line 261)
                      ; - game.items.weapons.Weapon::getIdleRotation@9 (line 139)
                      ; - game.items.weapons.Weapon::getRotationToTarget@20 (line 156)
                      ; - game.items.weapons.Weapon::rotateToTarget@21 (line 177)
                      ; - game.items.weapons.Weapon::_process@32 (line 192)
                      ; - godot.entry.WeaponRegistrar$register$1$1$2::invoke@8 (line 41)
                      ; - godot.entry.WeaponRegistrar$register$1$1$2::invoke@12 (line 41)
  0x00000250bcc56ffc: 00d6 85ff 

  0x00000250bcc57000: ;   {other}
  0x00000250bcc57000: 0f1f 8400 | 702b 00a6 | baf6 ffff 

  0x00000250bcc5700c: ;   {runtime_call UncommonTrapBlob}
  0x00000250bcc5700c: ff66 90e8 

  0x00000250bcc57010: ; ImmutableOopMap {}
                      ;*arraylength {reexecute=0 rethrow=0 return_oop=0}
                      ; - java.lang.ThreadLocal$ThreadLocalMap::getEntry@8 (line 499)
                      ; - java.lang.ThreadLocal::get@12 (line 187)
                      ; - java.lang.ThreadLocal::get@4 (line 172)
                      ; - godot.common.util.ThreadLocalDelegate::getValue@10 (line 7)
                      ; - godot.internal.memory.TransferContext::getBuffer@9 (line 28)
                      ; - godot.internal.memory.TransferContext::readReturnValue@7 (line 73)
                      ; - godot.api.Node2D::getScale@41 (line 414)
                      ; - game.entity.Player::isFacingRight@4 (line 261)
                      ; - game.items.weapons.Weapon::getIdleRotation@9 (line 139)
                      ; - game.items.weapons.Weapon::getRotationToTarget@20 (line 156)
                      ; - game.items.weapons.Weapon::rotateToTarget@21 (line 177)
                      ; - game.items.weapons.Weapon::_process@32 (line 192)
                      ; - godot.entry.WeaponRegistrar$register$1$1$2::invoke@8 (line 41)
                      ; - godot.entry.WeaponRegistrar$register$1$1$2::invoke@12 (line 41)
  0x00000250bcc57010: ecd5 85ff 

  0x00000250bcc57014: ;   {other}
  0x00000250bcc57014: 0f1f 8400 | 842b 00a7 | baf4 ffff | ff48 8b6c 

  0x00000250bcc57024: ;   {runtime_call UncommonTrapBlob}
  0x00000250bcc57024: 2430 90e8 

  0x00000250bcc57028: ; ImmutableOopMap {rbp=Oop }
                      ;*checkcast {reexecute=0 rethrow=0 return_oop=0}
                      ; - godot.internal.memory.TransferContext::getBuffer@12 (line 28)
                      ; - godot.internal.memory.TransferContext::readReturnValue@7 (line 73)
                      ; - godot.api.Node2D::getScale@41 (line 414)
                      ; - game.entity.Player::isFacingRight@4 (line 261)
                      ; - game.items.weapons.Weapon::getIdleRotation@9 (line 139)
                      ; - game.items.weapons.Weapon::getRotationToTarget@20 (line 156)
                      ; - game.items.weapons.Weapon::rotateToTarget@21 (line 177)
                      ; - game.items.weapons.Weapon::_process@32 (line 192)
                      ; - godot.entry.WeaponRegistrar$register$1$1$2::invoke@8 (line 41)
                      ; - godot.entry.WeaponRegistrar$register$1$1$2::invoke@12 (line 41)
  0x00000250bcc57028: d4d5 85ff 

  0x00000250bcc5702c: ;   {other}
  0x00000250bcc5702c: 0f1f 8400 | 9c2b 00a8 | baf6 ffff 

  0x00000250bcc57038: ;   {runtime_call UncommonTrapBlob}
  0x00000250bcc57038: ff66 90e8 

  0x00000250bcc5703c: ; ImmutableOopMap {}
                      ;*invokevirtual get {reexecute=0 rethrow=0 return_oop=0}
                      ; - godot.common.util.ThreadLocalDelegate::getValue@10 (line 7)
                      ; - godot.internal.memory.TransferContext::getBuffer@9 (line 28)
                      ; - godot.internal.memory.TransferContext::writeArguments@7 (line 34)
                      ; - godot.api.Node2D::setScale@25 (line 383)
                      ; - game.items.weapons.Weapon::updateVisuals@84 (line 246)
                      ; - game.items.weapons.Weapon::_process@47 (line 196)
                      ; - godot.entry.WeaponRegistrar$register$1$1$2::invoke@8 (line 41)
                      ; - godot.entry.WeaponRegistrar$register$1$1$2::invoke@12 (line 41)
  0x00000250bcc5703c: c0d5 85ff 

  0x00000250bcc57040: ;   {other}
  0x00000250bcc57040: 0f1f 8400 | b02b 00a9 | baf6 ffff 

  0x00000250bcc5704c: ;   {runtime_call UncommonTrapBlob}
  0x00000250bcc5704c: ff66 90e8 

  0x00000250bcc57050: ; ImmutableOopMap {}
                      ;*arraylength {reexecute=0 rethrow=0 return_oop=0}
                      ; - java.lang.ThreadLocal$ThreadLocalMap::getEntry@8 (line 499)
                      ; - java.lang.ThreadLocal::get@12 (line 187)
                      ; - java.lang.ThreadLocal::get@4 (line 172)
                      ; - godot.common.util.ThreadLocalDelegate::getValue@10 (line 7)
                      ; - godot.internal.memory.TransferContext::getBuffer@9 (line 28)
                      ; - godot.internal.memory.TransferContext::writeArguments@7 (line 34)
                      ; - godot.api.Node2D::setScale@25 (line 383)
                      ; - game.items.weapons.Weapon::updateVisuals@84 (line 246)
                      ; - game.items.weapons.Weapon::_process@47 (line 196)
                      ; - godot.entry.WeaponRegistrar$register$1$1$2::invoke@8 (line 41)
                      ; - godot.entry.WeaponRegistrar$register$1$1$2::invoke@12 (line 41)
  0x00000250bcc57050: acd5 85ff 

  0x00000250bcc57054: ;   {other}
  0x00000250bcc57054: 0f1f 8400 | c42b 00aa | baf4 ffff | ff41 8be9 | 4c89 5424 

  0x00000250bcc57068: ;   {runtime_call UncommonTrapBlob}
  0x00000250bcc57068: 2066 90e8 

  0x00000250bcc5706c: ; ImmutableOopMap {rbp=NarrowOop [32]=Oop }
                      ;*checkcast {reexecute=0 rethrow=0 return_oop=0}
                      ; - godot.internal.memory.TransferContext::getBuffer@12 (line 28)
                      ; - godot.internal.memory.TransferContext::writeArguments@7 (line 34)
                      ; - godot.api.Node2D::setScale@25 (line 383)
                      ; - game.items.weapons.Weapon::updateVisuals@84 (line 246)
                      ; - game.items.weapons.Weapon::_process@47 (line 196)
                      ; - godot.entry.WeaponRegistrar$register$1$1$2::invoke@8 (line 41)
                      ; - godot.entry.WeaponRegistrar$register$1$1$2::invoke@12 (line 41)
  0x00000250bcc5706c: 90d5 85ff 

  0x00000250bcc57070: ;   {other}
  0x00000250bcc57070: 0f1f 8400 | e02b 00ab | ba45 ffff | ff4c 8954 | 2420 4489 | 4424 284c | 894c 2430 | 4889 7c24 
  0x00000250bcc57090: 3844 895c 

  0x00000250bcc57094: ;   {runtime_call UncommonTrapBlob}
  0x00000250bcc57094: 2440 90e8 

  0x00000250bcc57098: ; ImmutableOopMap {[32]=Oop [40]=NarrowOop [48]=Oop [56]=Oop [64]=NarrowOop }
                      ;*ifnull {reexecute=1 rethrow=0 return_oop=0}
                      ; - (reexecute) java.lang.ThreadLocal::get@7 (line 186)
                      ; - java.lang.ThreadLocal::get@4 (line 172)
                      ; - godot.common.util.ThreadLocalDelegate::getValue@10 (line 7)
                      ; - godot.internal.memory.TransferContext::getBuffer@9 (line 28)
                      ; - godot.internal.memory.TransferContext::writeArguments@7 (line 34)
                      ; - godot.api.Timer::isStopped@7 (line 232)
                      ; - game.items.weapons.Weapon::canUseWeapon@4 (line 82)
                      ; - game.items.weapons.Weapon::_process@36 (line 194)
                      ; - godot.entry.WeaponRegistrar$register$1$1$2::invoke@8 (line 41)
                      ; - godot.entry.WeaponRegistrar$register$1$1$2::invoke@12 (line 41)
  0x00000250bcc57098: 64d5 85ff 

  0x00000250bcc5709c: ;   {other}
  0x00000250bcc5709c: 0f1f 8400 | 0c2c 00ac | ba45 ffff | ff44 8944 | 2438 894c | 243c 4c89 | 4c24 4844 | 8954 2450 
  0x00000250bcc570bc: ;   {runtime_call UncommonTrapBlob}
  0x00000250bcc570bc: 6666 90e8 

  0x00000250bcc570c0: ; ImmutableOopMap {rbp=NarrowOop [32]=Oop [40]=Oop [56]=NarrowOop [60]=NarrowOop [72]=Oop }
                      ;*ifnull {reexecute=1 rethrow=0 return_oop=0}
                      ; - (reexecute) java.lang.ThreadLocal$ThreadLocalMap::getEntry@21 (line 501)
                      ; - java.lang.ThreadLocal::get@12 (line 187)
                      ; - java.lang.ThreadLocal::get@4 (line 172)
                      ; - godot.common.util.ThreadLocalDelegate::getValue@10 (line 7)
                      ; - godot.internal.memory.TransferContext::getBuffer@9 (line 28)
                      ; - godot.internal.memory.TransferContext::writeArguments@7 (line 34)
                      ; - godot.api.Timer::isStopped@7 (line 232)
                      ; - game.items.weapons.Weapon::canUseWeapon@4 (line 82)
                      ; - game.items.weapons.Weapon::_process@36 (line 194)
                      ; - godot.entry.WeaponRegistrar$register$1$1$2::invoke@8 (line 41)
                      ; - godot.entry.WeaponRegistrar$register$1$1$2::invoke@12 (line 41)
  0x00000250bcc570c0: 3cd5 85ff 

  0x00000250bcc570c4: ;   {other}
  0x00000250bcc570c4: 0f1f 8400 | 342c 00ad | ba45 ffff | ff48 8b6c | 2420 4c89 | 4424 284c | 894c 2430 | 4489 5424 
  0x00000250bcc570e4: ;   {runtime_call UncommonTrapBlob}
  0x00000250bcc570e4: 3c66 90e8 

  0x00000250bcc570e8: ; ImmutableOopMap {rbp=Oop [40]=Oop [48]=Oop [60]=NarrowOop }
                      ;*ifnull {reexecute=1 rethrow=0 return_oop=0}
                      ; - (reexecute) java.lang.ThreadLocal::get@7 (line 186)
                      ; - java.lang.ThreadLocal::get@4 (line 172)
                      ; - godot.common.util.ThreadLocalDelegate::getValue@10 (line 7)
                      ; - godot.internal.memory.TransferContext::getBuffer@9 (line 28)
                      ; - godot.internal.memory.TransferContext::readReturnValue@7 (line 73)
                      ; - godot.api.Timer::isStopped@41 (line 234)
                      ; - game.items.weapons.Weapon::canUseWeapon@4 (line 82)
                      ; - game.items.weapons.Weapon::_process@36 (line 194)
                      ; - godot.entry.WeaponRegistrar$register$1$1$2::invoke@8 (line 41)
                      ; - godot.entry.WeaponRegistrar$register$1$1$2::invoke@12 (line 41)
  0x00000250bcc570e8: 14d5 85ff 

  0x00000250bcc570ec: ;   {other}
  0x00000250bcc570ec: 0f1f 8400 | 5c2c 00ae | ba45 ffff | ff44 8954 | 2440 4c89 | 4424 4844 | 894c 2444 

  0x00000250bcc57108: ;   {runtime_call UncommonTrapBlob}
  0x00000250bcc57108: 6666 90e8 

  0x00000250bcc5710c: ; ImmutableOopMap {rbp=NarrowOop [32]=Oop [40]=Oop [64]=NarrowOop [72]=Oop }
                      ;*ifnull {reexecute=1 rethrow=0 return_oop=0}
                      ; - (reexecute) java.lang.ThreadLocal$ThreadLocalMap::getEntry@21 (line 501)
                      ; - java.lang.ThreadLocal::get@12 (line 187)
                      ; - java.lang.ThreadLocal::get@4 (line 172)
                      ; - godot.common.util.ThreadLocalDelegate::getValue@10 (line 7)
                      ; - godot.internal.memory.TransferContext::getBuffer@9 (line 28)
                      ; - godot.internal.memory.TransferContext::readReturnValue@7 (line 73)
                      ; - godot.api.Timer::isStopped@41 (line 234)
                      ; - game.items.weapons.Weapon::canUseWeapon@4 (line 82)
                      ; - game.items.weapons.Weapon::_process@36 (line 194)
                      ; - godot.entry.WeaponRegistrar$register$1$1$2::invoke@8 (line 41)
                      ; - godot.entry.WeaponRegistrar$register$1$1$2::invoke@12 (line 41)
  0x00000250bcc5710c: f0d4 85ff 

  0x00000250bcc57110: ;   {other}
  0x00000250bcc57110: 0f1f 8400 | 802c 00af | ba45 ffff | ff4c 894c | 2420 4c89 | 4424 2848 | 894c 2430 | 4489 5c24 
  0x00000250bcc57130: ;   {runtime_call UncommonTrapBlob}
  0x00000250bcc57130: 3c66 90e8 

  0x00000250bcc57134: ; ImmutableOopMap {[32]=Oop [40]=Oop [48]=Oop [60]=NarrowOop }
                      ;*ifnull {reexecute=1 rethrow=0 return_oop=0}
                      ; - (reexecute) java.lang.ThreadLocal::get@7 (line 186)
                      ; - java.lang.ThreadLocal::get@4 (line 172)
                      ; - godot.common.util.ThreadLocalDelegate::getValue@10 (line 7)
                      ; - godot.internal.memory.TransferContext::getBuffer@9 (line 28)
                      ; - godot.internal.memory.TransferContext::writeArguments@7 (line 34)
                      ; - godot.api.Node2D::getRotation@7 (line 394)
                      ; - game.items.weapons.Weapon::updateVisuals@9 (line 235)
                      ; - game.items.weapons.Weapon::_process@47 (line 196)
                      ; - godot.entry.WeaponRegistrar$register$1$1$2::invoke@8 (line 41)
                      ; - godot.entry.WeaponRegistrar$register$1$1$2::invoke@12 (line 41)
  0x00000250bcc57134: c8d4 85ff 

  0x00000250bcc57138: ;   {other}
  0x00000250bcc57138: 0f1f 8400 | a82c 00b0 | ba45 ffff | ff44 895c | 2440 4c89 | 4424 4844 | 894c 2444 

  0x00000250bcc57154: ;   {runtime_call UncommonTrapBlob}
  0x00000250bcc57154: 6666 90e8 

  0x00000250bcc57158: ; ImmutableOopMap {rbp=NarrowOop [32]=Oop [40]=Oop [64]=NarrowOop [72]=Oop }
                      ;*ifnull {reexecute=1 rethrow=0 return_oop=0}
                      ; - (reexecute) java.lang.ThreadLocal$ThreadLocalMap::getEntry@21 (line 501)
                      ; - java.lang.ThreadLocal::get@12 (line 187)
                      ; - java.lang.ThreadLocal::get@4 (line 172)
                      ; - godot.common.util.ThreadLocalDelegate::getValue@10 (line 7)
                      ; - godot.internal.memory.TransferContext::getBuffer@9 (line 28)
                      ; - godot.internal.memory.TransferContext::writeArguments@7 (line 34)
                      ; - godot.api.Node2D::getRotation@7 (line 394)
                      ; - game.items.weapons.Weapon::updateVisuals@9 (line 235)
                      ; - game.items.weapons.Weapon::_process@47 (line 196)
                      ; - godot.entry.WeaponRegistrar$register$1$1$2::invoke@8 (line 41)
                      ; - godot.entry.WeaponRegistrar$register$1$1$2::invoke@12 (line 41)
  0x00000250bcc57158: a4d4 85ff 

  0x00000250bcc5715c: ;   {other}
  0x00000250bcc5715c: 0f1f 8400 | cc2c 00b1 | ba45 ffff | ff48 8b6c | 2420 4889 | 4c24 2044 | 8944 2434 

  0x00000250bcc57178: ;   {runtime_call UncommonTrapBlob}
  0x00000250bcc57178: 6666 90e8 

  0x00000250bcc5717c: ; ImmutableOopMap {rbp=Oop [32]=Oop [40]=Oop [52]=NarrowOop }
                      ;*ifnull {reexecute=1 rethrow=0 return_oop=0}
                      ; - (reexecute) java.lang.ThreadLocal::get@7 (line 186)
                      ; - java.lang.ThreadLocal::get@4 (line 172)
                      ; - godot.common.util.ThreadLocalDelegate::getValue@10 (line 7)
                      ; - godot.internal.memory.TransferContext::getBuffer@9 (line 28)
                      ; - godot.internal.memory.TransferContext::readReturnValue@7 (line 73)
                      ; - godot.api.Node2D::getRotation@41 (line 396)
                      ; - game.items.weapons.Weapon::updateVisuals@9 (line 235)
                      ; - game.items.weapons.Weapon::_process@47 (line 196)
                      ; - godot.entry.WeaponRegistrar$register$1$1$2::invoke@8 (line 41)
                      ; - godot.entry.WeaponRegistrar$register$1$1$2::invoke@12 (line 41)
  0x00000250bcc5717c: 80d4 85ff 

  0x00000250bcc57180: ;   {other}
  0x00000250bcc57180: 0f1f 8400 | f02c 00b2 | ba45 ffff | ff4c 894c | 2430 4489 | 4424 3848 | 894c 2440 | 895c 243c 
  0x00000250bcc571a0: ;   {runtime_call UncommonTrapBlob}
  0x00000250bcc571a0: 6666 90e8 

  0x00000250bcc571a4: ; ImmutableOopMap {rbp=NarrowOop [32]=Oop [48]=Oop [56]=NarrowOop [64]=Oop }
                      ;*ifnull {reexecute=1 rethrow=0 return_oop=0}
                      ; - (reexecute) java.lang.ThreadLocal$ThreadLocalMap::getEntry@21 (line 501)
                      ; - java.lang.ThreadLocal::get@12 (line 187)
                      ; - java.lang.ThreadLocal::get@4 (line 172)
                      ; - godot.common.util.ThreadLocalDelegate::getValue@10 (line 7)
                      ; - godot.internal.memory.TransferContext::getBuffer@9 (line 28)
                      ; - godot.internal.memory.TransferContext::readReturnValue@7 (line 73)
                      ; - godot.api.Node2D::getRotation@41 (line 396)
                      ; - game.items.weapons.Weapon::updateVisuals@9 (line 235)
                      ; - game.items.weapons.Weapon::_process@47 (line 196)
                      ; - godot.entry.WeaponRegistrar$register$1$1$2::invoke@8 (line 41)
                      ; - godot.entry.WeaponRegistrar$register$1$1$2::invoke@12 (line 41)
  0x00000250bcc571a4: 58d4 85ff 

  0x00000250bcc571a8: ;   {other}
  0x00000250bcc571a8: 0f1f 8400 | 182d 00b3 | ba45 ffff | ff48 8be9 | c5fb 1144 | 2420 4489 | 5424 284c | 894c 2430 
  0x00000250bcc571c8: 4889 7424 | 3844 895c 

  0x00000250bcc571d0: ;   {runtime_call UncommonTrapBlob}
  0x00000250bcc571d0: 2440 90e8 

  0x00000250bcc571d4: ; ImmutableOopMap {rbp=Oop [40]=NarrowOop [48]=Oop [56]=Oop [64]=NarrowOop }
                      ;*ifnull {reexecute=1 rethrow=0 return_oop=0}
                      ; - (reexecute) java.lang.ThreadLocal::get@7 (line 186)
                      ; - java.lang.ThreadLocal::get@4 (line 172)
                      ; - godot.common.util.ThreadLocalDelegate::getValue@10 (line 7)
                      ; - godot.internal.memory.TransferContext::getBuffer@9 (line 28)
                      ; - godot.internal.memory.TransferContext::writeArguments@7 (line 34)
                      ; - godot.api.Node2D::getScale@7 (line 412)
                      ; - game.items.weapons.Weapon::updateVisuals@18 (line 238)
                      ; - game.items.weapons.Weapon::_process@47 (line 196)
                      ; - godot.entry.WeaponRegistrar$register$1$1$2::invoke@8 (line 41)
                      ; - godot.entry.WeaponRegistrar$register$1$1$2::invoke@12 (line 41)
  0x00000250bcc571d4: 28d4 85ff 

  0x00000250bcc571d8: ;   {other}
  0x00000250bcc571d8: 0f1f 8400 | 482d 00b4 | ba45 ffff | ff48 8b6c | 2420 c5fb | 1144 2420 | 4489 4424 | 3044 895c 
  0x00000250bcc571f8: 2434 4c89 | 4c24 4089 | 4c24 4844 | 8954 2450 

  0x00000250bcc57208: ;   {runtime_call UncommonTrapBlob}
  0x00000250bcc57208: 6666 90e8 

  0x00000250bcc5720c: ; ImmutableOopMap {rbp=Oop [40]=Oop [48]=NarrowOop [52]=NarrowOop [64]=Oop [80]=NarrowOop }
                      ;*ifnull {reexecute=1 rethrow=0 return_oop=0}
                      ; - (reexecute) java.lang.ThreadLocal$ThreadLocalMap::getEntry@21 (line 501)
                      ; - java.lang.ThreadLocal::get@12 (line 187)
                      ; - java.lang.ThreadLocal::get@4 (line 172)
                      ; - godot.common.util.ThreadLocalDelegate::getValue@10 (line 7)
                      ; - godot.internal.memory.TransferContext::getBuffer@9 (line 28)
                      ; - godot.internal.memory.TransferContext::writeArguments@7 (line 34)
                      ; - godot.api.Node2D::getScale@7 (line 412)
                      ; - game.items.weapons.Weapon::updateVisuals@18 (line 238)
                      ; - game.items.weapons.Weapon::_process@47 (line 196)
                      ; - godot.entry.WeaponRegistrar$register$1$1$2::invoke@8 (line 41)
                      ; - godot.entry.WeaponRegistrar$register$1$1$2::invoke@12 (line 41)
  0x00000250bcc5720c: f0d3 85ff 

  0x00000250bcc57210: ;   {other}
  0x00000250bcc57210: 0f1f 8400 | 802d 00b5 | ba45 ffff | ff48 8b6c | 2420 c5fb | 1044 2430 | c5fb 1144 | 2420 4889 
  0x00000250bcc57230: 4c24 284c | 8944 2430 | 4489 4c24 

  0x00000250bcc5723c: ;   {runtime_call UncommonTrapBlob}
  0x00000250bcc5723c: 3c66 90e8 

  0x00000250bcc57240: ; ImmutableOopMap {rbp=Oop [40]=Oop [48]=Oop [60]=NarrowOop }
                      ;*ifnull {reexecute=1 rethrow=0 return_oop=0}
                      ; - (reexecute) java.lang.ThreadLocal::get@7 (line 186)
                      ; - java.lang.ThreadLocal::get@4 (line 172)
                      ; - godot.common.util.ThreadLocalDelegate::getValue@10 (line 7)
                      ; - godot.internal.memory.TransferContext::getBuffer@9 (line 28)
                      ; - godot.internal.memory.TransferContext::readReturnValue@7 (line 73)
                      ; - godot.api.Node2D::getScale@41 (line 414)
                      ; - game.items.weapons.Weapon::updateVisuals@18 (line 238)
                      ; - game.items.weapons.Weapon::_process@47 (line 196)
                      ; - godot.entry.WeaponRegistrar$register$1$1$2::invoke@8 (line 41)
                      ; - godot.entry.WeaponRegistrar$register$1$1$2::invoke@12 (line 41)
  0x00000250bcc57240: bcd3 85ff 

  0x00000250bcc57244: ;   {other}
  0x00000250bcc57244: 0f1f 8400 | b42d 00b6 | ba45 ffff | ffc5 fb10 | 4424 30c5 | fb11 4424 | 284c 8944 | 2438 4489 
  0x00000250bcc57264: 4c24 4048 | 894c 2448 | 895c 2444 

  0x00000250bcc57270: ;   {runtime_call UncommonTrapBlob}
  0x00000250bcc57270: 6666 90e8 

  0x00000250bcc57274: ; ImmutableOopMap {rbp=NarrowOop [32]=Oop [56]=Oop [64]=NarrowOop [72]=Oop }
                      ;*ifnull {reexecute=1 rethrow=0 return_oop=0}
                      ; - (reexecute) java.lang.ThreadLocal$ThreadLocalMap::getEntry@21 (line 501)
                      ; - java.lang.ThreadLocal::get@12 (line 187)
                      ; - java.lang.ThreadLocal::get@4 (line 172)
                      ; - godot.common.util.ThreadLocalDelegate::getValue@10 (line 7)
                      ; - godot.internal.memory.TransferContext::getBuffer@9 (line 28)
                      ; - godot.internal.memory.TransferContext::readReturnValue@7 (line 73)
                      ; - godot.api.Node2D::getScale@41 (line 414)
                      ; - game.items.weapons.Weapon::updateVisuals@18 (line 238)
                      ; - game.items.weapons.Weapon::_process@47 (line 196)
                      ; - godot.entry.WeaponRegistrar$register$1$1$2::invoke@8 (line 41)
                      ; - godot.entry.WeaponRegistrar$register$1$1$2::invoke@12 (line 41)
  0x00000250bcc57274: 88d3 85ff 

  0x00000250bcc57278: ;   {other}
  0x00000250bcc57278: 0f1f 8400 | e82d 00b7 | ba45 ffff | ff48 8b6c | 2430 4c89 | 5424 284c | 8944 2430 | 4489 5c24 
  0x00000250bcc57298: 3c48 8944 

  0x00000250bcc5729c: ;   {runtime_call UncommonTrapBlob}
  0x00000250bcc5729c: 2440 90e8 

  0x00000250bcc572a0: ; ImmutableOopMap {rbp=Oop [40]=Oop [48]=Oop [60]=NarrowOop [64]=Oop }
                      ;*ifnull {reexecute=1 rethrow=0 return_oop=0}
                      ; - (reexecute) java.lang.ThreadLocal::get@7 (line 186)
                      ; - java.lang.ThreadLocal::get@4 (line 172)
                      ; - godot.common.util.ThreadLocalDelegate::getValue@10 (line 7)
                      ; - godot.internal.memory.TransferContext::getBuffer@9 (line 28)
                      ; - godot.internal.memory.TransferContext::writeArguments@7 (line 34)
                      ; - godot.api.Node2D::setRotation@23 (line 368)
                      ; - game.items.weapons.Weapon::rotateToTarget@25 (line 177)
                      ; - game.items.weapons.Weapon::_process@32 (line 192)
                      ; - godot.entry.WeaponRegistrar$register$1$1$2::invoke@8 (line 41)
                      ; - godot.entry.WeaponRegistrar$register$1$1$2::invoke@12 (line 41)
  0x00000250bcc572a0: 5cd3 85ff 

  0x00000250bcc572a4: ;   {other}
  0x00000250bcc572a4: 0f1f 8400 | 142e 00b8 | ba45 ffff | ff44 895c | 2448 4c89 | 5424 5044 | 8944 244c 

  0x00000250bcc572c0: ;   {runtime_call UncommonTrapBlob}
  0x00000250bcc572c0: 6666 90e8 

  0x00000250bcc572c4: ; ImmutableOopMap {rbp=NarrowOop [32]=Oop [40]=Oop [48]=Oop [72]=NarrowOop [80]=Oop }
                      ;*ifnull {reexecute=1 rethrow=0 return_oop=0}
                      ; - (reexecute) java.lang.ThreadLocal$ThreadLocalMap::getEntry@21 (line 501)
                      ; - java.lang.ThreadLocal::get@12 (line 187)
                      ; - java.lang.ThreadLocal::get@4 (line 172)
                      ; - godot.common.util.ThreadLocalDelegate::getValue@10 (line 7)
                      ; - godot.internal.memory.TransferContext::getBuffer@9 (line 28)
                      ; - godot.internal.memory.TransferContext::writeArguments@7 (line 34)
                      ; - godot.api.Node2D::setRotation@23 (line 368)
                      ; - game.items.weapons.Weapon::rotateToTarget@25 (line 177)
                      ; - game.items.weapons.Weapon::_process@32 (line 192)
                      ; - godot.entry.WeaponRegistrar$register$1$1$2::invoke@8 (line 41)
                      ; - godot.entry.WeaponRegistrar$register$1$1$2::invoke@12 (line 41)
  0x00000250bcc572c4: 38d3 85ff 

  0x00000250bcc572c8: ;   {other}
  0x00000250bcc572c8: 0f1f 8400 | 382e 00b9 | ba45 ffff | ff4c 8954 | 2420 4489 

  0x00000250bcc572dc: ;   {runtime_call UncommonTrapBlob}
  0x00000250bcc572dc: 4424 28e8 

  0x00000250bcc572e0: ; ImmutableOopMap {[32]=Oop [40]=NarrowOop }
                      ;*ifnull {reexecute=1 rethrow=0 return_oop=0}
                      ; - (reexecute) game.items.weapons.Weapon::getIdleRotation@3 (line 139)
                      ; - game.items.weapons.Weapon::getRotationToTarget@20 (line 156)
                      ; - game.items.weapons.Weapon::rotateToTarget@21 (line 177)
                      ; - game.items.weapons.Weapon::_process@32 (line 192)
                      ; - godot.entry.WeaponRegistrar$register$1$1$2::invoke@8 (line 41)
                      ; - godot.entry.WeaponRegistrar$register$1$1$2::invoke@12 (line 41)
  0x00000250bcc572e0: 1cd3 85ff 

  0x00000250bcc572e4: ;   {other}
  0x00000250bcc572e4: 0f1f 8400 | 542e 00ba | ba45 ffff | ff4c 8954 | 2420 4489 | 5c24 2848 | 894c 2430 | 4889 7c24 
  0x00000250bcc57304: 3844 8944 

  0x00000250bcc57308: ;   {runtime_call UncommonTrapBlob}
  0x00000250bcc57308: 2440 90e8 

  0x00000250bcc5730c: ; ImmutableOopMap {[32]=Oop [40]=NarrowOop [48]=Oop [56]=Oop [64]=NarrowOop }
                      ;*ifnull {reexecute=1 rethrow=0 return_oop=0}
                      ; - (reexecute) java.lang.ThreadLocal::get@7 (line 186)
                      ; - java.lang.ThreadLocal::get@4 (line 172)
                      ; - godot.common.util.ThreadLocalDelegate::getValue@10 (line 7)
                      ; - godot.internal.memory.TransferContext::getBuffer@9 (line 28)
                      ; - godot.internal.memory.TransferContext::writeArguments@7 (line 34)
                      ; - godot.api.Node2D::getScale@7 (line 412)
                      ; - game.entity.Player::isFacingRight@4 (line 261)
                      ; - game.items.weapons.Weapon::getIdleRotation@9 (line 139)
                      ; - game.items.weapons.Weapon::getRotationToTarget@20 (line 156)
                      ; - game.items.weapons.Weapon::rotateToTarget@21 (line 177)
                      ; - game.items.weapons.Weapon::_process@32 (line 192)
                      ; - godot.entry.WeaponRegistrar$register$1$1$2::invoke@8 (line 41)
                      ; - godot.entry.WeaponRegistrar$register$1$1$2::invoke@12 (line 41)
  0x00000250bcc5730c: f0d2 85ff 

  0x00000250bcc57310: ;   {other}
  0x00000250bcc57310: 0f1f 8400 | 802e 00bb | ba45 ffff | ff48 8b6c | 2430 4489 | 4c24 3044 | 8944 2434 | 4889 4c24 
  0x00000250bcc57330: 4089 7c24 | 4844 895c 

  0x00000250bcc57338: ;   {runtime_call UncommonTrapBlob}
  0x00000250bcc57338: 2450 90e8 

  0x00000250bcc5733c: ; ImmutableOopMap {rbp=Oop [32]=Oop [48]=NarrowOop [52]=NarrowOop [64]=Oop [80]=NarrowOop }
                      ;*ifnull {reexecute=1 rethrow=0 return_oop=0}
                      ; - (reexecute) java.lang.ThreadLocal$ThreadLocalMap::getEntry@21 (line 501)
                      ; - java.lang.ThreadLocal::get@12 (line 187)
                      ; - java.lang.ThreadLocal::get@4 (line 172)
                      ; - godot.common.util.ThreadLocalDelegate::getValue@10 (line 7)
                      ; - godot.internal.memory.TransferContext::getBuffer@9 (line 28)
                      ; - godot.internal.memory.TransferContext::writeArguments@7 (line 34)
                      ; - godot.api.Node2D::getScale@7 (line 412)
                      ; - game.entity.Player::isFacingRight@4 (line 261)
                      ; - game.items.weapons.Weapon::getIdleRotation@9 (line 139)
                      ; - game.items.weapons.Weapon::getRotationToTarget@20 (line 156)
                      ; - game.items.weapons.Weapon::rotateToTarget@21 (line 177)
                      ; - game.items.weapons.Weapon::_process@32 (line 192)
                      ; - godot.entry.WeaponRegistrar$register$1$1$2::invoke@8 (line 41)
                      ; - godot.entry.WeaponRegistrar$register$1$1$2::invoke@12 (line 41)
  0x00000250bcc5733c: c0d2 85ff 

  0x00000250bcc57340: ;   {other}
  0x00000250bcc57340: 0f1f 8400 | b02e 00bc | ba45 ffff | ff48 8b6c | 2430 4889 | 4c24 284c | 894c 2430 | 4489 5c24 
  0x00000250bcc57360: ;   {runtime_call UncommonTrapBlob}
  0x00000250bcc57360: 3c66 90e8 

  0x00000250bcc57364: ; ImmutableOopMap {rbp=Oop [40]=Oop [48]=Oop [60]=NarrowOop }
                      ;*ifnull {reexecute=1 rethrow=0 return_oop=0}
                      ; - (reexecute) java.lang.ThreadLocal::get@7 (line 186)
                      ; - java.lang.ThreadLocal::get@4 (line 172)
                      ; - godot.common.util.ThreadLocalDelegate::getValue@10 (line 7)
                      ; - godot.internal.memory.TransferContext::getBuffer@9 (line 28)
                      ; - godot.internal.memory.TransferContext::readReturnValue@7 (line 73)
                      ; - godot.api.Node2D::getScale@41 (line 414)
                      ; - game.entity.Player::isFacingRight@4 (line 261)
                      ; - game.items.weapons.Weapon::getIdleRotation@9 (line 139)
                      ; - game.items.weapons.Weapon::getRotationToTarget@20 (line 156)
                      ; - game.items.weapons.Weapon::rotateToTarget@21 (line 177)
                      ; - game.items.weapons.Weapon::_process@32 (line 192)
                      ; - godot.entry.WeaponRegistrar$register$1$1$2::invoke@8 (line 41)
                      ; - godot.entry.WeaponRegistrar$register$1$1$2::invoke@12 (line 41)
  0x00000250bcc57364: 98d2 85ff 

  0x00000250bcc57368: ;   {other}
  0x00000250bcc57368: 0f1f 8400 | d82e 00bd | ba45 ffff | ff48 8b6c | 2430 4489 | 5c24 3848 | 894c 2440 | 4489 4c24 
  0x00000250bcc57388: 3c44 8954 

  0x00000250bcc5738c: ;   {runtime_call UncommonTrapBlob}
  0x00000250bcc5738c: 244c 90e8 

  0x00000250bcc57390: ; ImmutableOopMap {rbp=Oop [32]=Oop [56]=NarrowOop [64]=Oop [76]=NarrowOop }
                      ;*ifnull {reexecute=1 rethrow=0 return_oop=0}
                      ; - (reexecute) java.lang.ThreadLocal$ThreadLocalMap::getEntry@21 (line 501)
                      ; - java.lang.ThreadLocal::get@12 (line 187)
                      ; - java.lang.ThreadLocal::get@4 (line 172)
                      ; - godot.common.util.ThreadLocalDelegate::getValue@10 (line 7)
                      ; - godot.internal.memory.TransferContext::getBuffer@9 (line 28)
                      ; - godot.internal.memory.TransferContext::readReturnValue@7 (line 73)
                      ; - godot.api.Node2D::getScale@41 (line 414)
                      ; - game.entity.Player::isFacingRight@4 (line 261)
                      ; - game.items.weapons.Weapon::getIdleRotation@9 (line 139)
                      ; - game.items.weapons.Weapon::getRotationToTarget@20 (line 156)
                      ; - game.items.weapons.Weapon::rotateToTarget@21 (line 177)
                      ; - game.items.weapons.Weapon::_process@32 (line 192)
                      ; - godot.entry.WeaponRegistrar$register$1$1$2::invoke@8 (line 41)
                      ; - godot.entry.WeaponRegistrar$register$1$1$2::invoke@12 (line 41)
  0x00000250bcc57390: 6cd2 85ff 

  0x00000250bcc57394: ;   {other}
  0x00000250bcc57394: 0f1f 8400 | 042f 00be | ba45 ffff | ff41 8be9 | 4889 7424 | 204c 8944 | 2428 4489 | 5c24 344c 
  0x00000250bcc573b4: 8954 2438 

  0x00000250bcc573b8: ;   {runtime_call UncommonTrapBlob}
  0x00000250bcc573b8: 6666 90e8 

  0x00000250bcc573bc: ; ImmutableOopMap {rbp=NarrowOop [32]=Oop [40]=Oop [52]=NarrowOop [56]=Oop }
                      ;*ifnull {reexecute=1 rethrow=0 return_oop=0}
                      ; - (reexecute) java.lang.ThreadLocal::get@7 (line 186)
                      ; - java.lang.ThreadLocal::get@4 (line 172)
                      ; - godot.common.util.ThreadLocalDelegate::getValue@10 (line 7)
                      ; - godot.internal.memory.TransferContext::getBuffer@9 (line 28)
                      ; - godot.internal.memory.TransferContext::writeArguments@7 (line 34)
                      ; - godot.api.Node2D::setScale@25 (line 383)
                      ; - game.items.weapons.Weapon::updateVisuals@84 (line 246)
                      ; - game.items.weapons.Weapon::_process@47 (line 196)
                      ; - godot.entry.WeaponRegistrar$register$1$1$2::invoke@8 (line 41)
                      ; - godot.entry.WeaponRegistrar$register$1$1$2::invoke@12 (line 41)
  0x00000250bcc573bc: 40d2 85ff 

  0x00000250bcc573c0: ;   {other}
  0x00000250bcc573c0: 0f1f 8400 | 302f 00bf | ba45 ffff | ff44 894c | 2420 4c89 | 4424 3044 | 895c 2424 | 4889 7424 
  0x00000250bcc573e0: 3889 7c24 | 404c 8954 

  0x00000250bcc573e8: ;   {runtime_call UncommonTrapBlob}
  0x00000250bcc573e8: 2448 90e8 

  0x00000250bcc573ec: ; ImmutableOopMap {rbp=NarrowOop [32]=NarrowOop [36]=NarrowOop [48]=Oop [56]=Oop [72]=Oop }
                      ;*ifnull {reexecute=1 rethrow=0 return_oop=0}
                      ; - (reexecute) java.lang.ThreadLocal$ThreadLocalMap::getEntry@21 (line 501)
                      ; - java.lang.ThreadLocal::get@12 (line 187)
                      ; - java.lang.ThreadLocal::get@4 (line 172)
                      ; - godot.common.util.ThreadLocalDelegate::getValue@10 (line 7)
                      ; - godot.internal.memory.TransferContext::getBuffer@9 (line 28)
                      ; - godot.internal.memory.TransferContext::writeArguments@7 (line 34)
                      ; - godot.api.Node2D::setScale@25 (line 383)
                      ; - game.items.weapons.Weapon::updateVisuals@84 (line 246)
                      ; - game.items.weapons.Weapon::_process@47 (line 196)
                      ; - godot.entry.WeaponRegistrar$register$1$1$2::invoke@8 (line 41)
                      ; - godot.entry.WeaponRegistrar$register$1$1$2::invoke@12 (line 41)
  0x00000250bcc573ec: 10d2 85ff 

  0x00000250bcc573f0: ;   {other}
  0x00000250bcc573f0: 0f1f 8400 | 602f 00c0 | baf6 ffff 

  0x00000250bcc573fc: ;   {runtime_call UncommonTrapBlob}
  0x00000250bcc573fc: ff66 90e8 

  0x00000250bcc57400: ; ImmutableOopMap {}
                      ;*invokevirtual get {reexecute=0 rethrow=0 return_oop=0}
                      ; - godot.common.util.ThreadLocalDelegate::getValue@10 (line 7)
                      ; - godot.internal.memory.TransferContext::getBuffer@9 (line 28)
                      ; - godot.internal.memory.TransferContext::writeArguments@7 (line 34)
                      ; - godot.api.Node2D::setScale@25 (line 383)
                      ; - game.items.weapons.Weapon::updateVisuals@56 (line 243)
                      ; - game.items.weapons.Weapon::_process@47 (line 196)
                      ; - godot.entry.WeaponRegistrar$register$1$1$2::invoke@8 (line 41)
                      ; - godot.entry.WeaponRegistrar$register$1$1$2::invoke@12 (line 41)
  0x00000250bcc57400: fcd1 85ff 

  0x00000250bcc57404: ;   {other}
  0x00000250bcc57404: 0f1f 8400 | 742f 00c1 | baf6 ffff 

  0x00000250bcc57410: ;   {runtime_call UncommonTrapBlob}
  0x00000250bcc57410: ff66 90e8 

  0x00000250bcc57414: ; ImmutableOopMap {}
                      ;*arraylength {reexecute=0 rethrow=0 return_oop=0}
                      ; - java.lang.ThreadLocal$ThreadLocalMap::getEntry@8 (line 499)
                      ; - java.lang.ThreadLocal::get@12 (line 187)
                      ; - java.lang.ThreadLocal::get@4 (line 172)
                      ; - godot.common.util.ThreadLocalDelegate::getValue@10 (line 7)
                      ; - godot.internal.memory.TransferContext::getBuffer@9 (line 28)
                      ; - godot.internal.memory.TransferContext::writeArguments@7 (line 34)
                      ; - godot.api.Node2D::setScale@25 (line 383)
                      ; - game.items.weapons.Weapon::updateVisuals@56 (line 243)
                      ; - game.items.weapons.Weapon::_process@47 (line 196)
                      ; - godot.entry.WeaponRegistrar$register$1$1$2::invoke@8 (line 41)
                      ; - godot.entry.WeaponRegistrar$register$1$1$2::invoke@12 (line 41)
  0x00000250bcc57414: e8d1 85ff 

  0x00000250bcc57418: ;   {other}
  0x00000250bcc57418: 0f1f 8400 | 882f 00c2 | baf4 ffff | ff41 8be9 | 4c89 5424 

  0x00000250bcc5742c: ;   {runtime_call UncommonTrapBlob}
  0x00000250bcc5742c: 2066 90e8 

  0x00000250bcc57430: ; ImmutableOopMap {rbp=NarrowOop [32]=Oop }
                      ;*checkcast {reexecute=0 rethrow=0 return_oop=0}
                      ; - godot.internal.memory.TransferContext::getBuffer@12 (line 28)
                      ; - godot.internal.memory.TransferContext::writeArguments@7 (line 34)
                      ; - godot.api.Node2D::setScale@25 (line 383)
                      ; - game.items.weapons.Weapon::updateVisuals@56 (line 243)
                      ; - game.items.weapons.Weapon::_process@47 (line 196)
                      ; - godot.entry.WeaponRegistrar$register$1$1$2::invoke@8 (line 41)
                      ; - godot.entry.WeaponRegistrar$register$1$1$2::invoke@12 (line 41)
  0x00000250bcc57430: ccd1 85ff 

  0x00000250bcc57434: ;   {other}
  0x00000250bcc57434: 0f1f 8400 | a42f 00c3 | ba45 ffff | ff41 8be9 | 4889 5c24 | 204c 8944 | 2428 4489 | 5c24 344c 
  0x00000250bcc57454: 8954 2438 

  0x00000250bcc57458: ;   {runtime_call UncommonTrapBlob}
  0x00000250bcc57458: 6666 90e8 

  0x00000250bcc5745c: ; ImmutableOopMap {rbp=NarrowOop [32]=Oop [40]=Oop [52]=NarrowOop [56]=Oop }
                      ;*ifnull {reexecute=1 rethrow=0 return_oop=0}
                      ; - (reexecute) java.lang.ThreadLocal::get@7 (line 186)
                      ; - java.lang.ThreadLocal::get@4 (line 172)
                      ; - godot.common.util.ThreadLocalDelegate::getValue@10 (line 7)
                      ; - godot.internal.memory.TransferContext::getBuffer@9 (line 28)
                      ; - godot.internal.memory.TransferContext::writeArguments@7 (line 34)
                      ; - godot.api.Node2D::setScale@25 (line 383)
                      ; - game.items.weapons.Weapon::updateVisuals@56 (line 243)
                      ; - game.items.weapons.Weapon::_process@47 (line 196)
                      ; - godot.entry.WeaponRegistrar$register$1$1$2::invoke@8 (line 41)
                      ; - godot.entry.WeaponRegistrar$register$1$1$2::invoke@12 (line 41)
  0x00000250bcc5745c: a0d1 85ff 

  0x00000250bcc57460: ;   {other}
  0x00000250bcc57460: 0f1f 8400 | d02f 00c4 | ba45 ffff | ff44 894c | 2420 4c89 | 4424 3044 | 895c 2424 | 4889 5c24 
  0x00000250bcc57480: 3889 7424 | 404c 8954 

  0x00000250bcc57488: ;   {runtime_call UncommonTrapBlob}
  0x00000250bcc57488: 2448 90e8 

  0x00000250bcc5748c: ; ImmutableOopMap {rbp=NarrowOop [32]=NarrowOop [36]=NarrowOop [48]=Oop [56]=Oop [72]=Oop }
                      ;*ifnull {reexecute=1 rethrow=0 return_oop=0}
                      ; - (reexecute) java.lang.ThreadLocal$ThreadLocalMap::getEntry@21 (line 501)
                      ; - java.lang.ThreadLocal::get@12 (line 187)
                      ; - java.lang.ThreadLocal::get@4 (line 172)
                      ; - godot.common.util.ThreadLocalDelegate::getValue@10 (line 7)
                      ; - godot.internal.memory.TransferContext::getBuffer@9 (line 28)
                      ; - godot.internal.memory.TransferContext::writeArguments@7 (line 34)
                      ; - godot.api.Node2D::setScale@25 (line 383)
                      ; - game.items.weapons.Weapon::updateVisuals@56 (line 243)
                      ; - game.items.weapons.Weapon::_process@47 (line 196)
                      ; - godot.entry.WeaponRegistrar$register$1$1$2::invoke@8 (line 41)
                      ; - godot.entry.WeaponRegistrar$register$1$1$2::invoke@12 (line 41)
  0x00000250bcc5748c: 70d1 85ff 

  0x00000250bcc57490: ;   {other}
  0x00000250bcc57490: 0f1f 8400 | 0030 00c5 | baf4 ffff | ff4c 895c 

  0x00000250bcc574a0: ;   {runtime_call UncommonTrapBlob}
  0x00000250bcc574a0: 2420 90e8 

  0x00000250bcc574a4: ; ImmutableOopMap {[32]=Oop [40]=Oop }
                      ;*checkcast {reexecute=0 rethrow=0 return_oop=0}
                      ; - game.items.weapons.Weapon::getRotationToTarget@32 (line 159)
                      ; - game.items.weapons.Weapon::rotateToTarget@21 (line 177)
                      ; - game.items.weapons.Weapon::_process@32 (line 192)
                      ; - godot.entry.WeaponRegistrar$register$1$1$2::invoke@8 (line 41)
                      ; - godot.entry.WeaponRegistrar$register$1$1$2::invoke@12 (line 41)
  0x00000250bcc574a4: 58d1 85ff 

  0x00000250bcc574a8: ;   {other}
  0x00000250bcc574a8: 0f1f 8400 | 1830 00c6 | bab5 ffff | ff48 8944 

  0x00000250bcc574b8: ;   {runtime_call UncommonTrapBlob}
  0x00000250bcc574b8: 2440 90e8 

  0x00000250bcc574bc: ; ImmutableOopMap {rbp=Oop [40]=Oop [64]=Oop }
                      ;*astore {reexecute=0 rethrow=0 return_oop=0}
                      ; - jdk.internal.misc.ScopedMemoryAccess::getIntUnaligned@10 (line 1898)
                      ; - java.nio.DirectByteBuffer::getInt@13 (line 744)
                      ; - java.nio.DirectByteBuffer::getInt@10 (line 753)
                      ; - godot.core.VariantKt::getVariantType@1 (line 104)
                      ; - godot.core.VariantKt::access$getVariantType@1 (line 1)
                      ; - godot.core.VariantParser::toKotlin@7 (line 477)
                      ; - godot.internal.memory.TransferContext::readReturnValue@20 (line 75)
                      ; - godot.api.Node2D::getScale@41 (line 414)
                      ; - game.entity.Player::isFacingRight@4 (line 261)
                      ; - game.items.weapons.Weapon::getIdleRotation@9 (line 139)
                      ; - game.items.weapons.Weapon::getRotationToTarget@20 (line 156)
                      ; - game.items.weapons.Weapon::rotateToTarget@21 (line 177)
                      ; - game.items.weapons.Weapon::_process@32 (line 192)
                      ; - godot.entry.WeaponRegistrar$register$1$1$2::invoke@8 (line 41)
                      ; - godot.entry.WeaponRegistrar$register$1$1$2::invoke@12 (line 41)
  0x00000250bcc574bc: 40d1 85ff 

  0x00000250bcc574c0: ;   {other}
  0x00000250bcc574c0: 0f1f 8400 | 3030 00c7 | bab5 ffff | ff48 8944 

  0x00000250bcc574d0: ;   {runtime_call UncommonTrapBlob}
  0x00000250bcc574d0: 2440 90e8 

  0x00000250bcc574d4: ; ImmutableOopMap {rbp=Oop [40]=Oop [64]=Oop }
                      ;*astore {reexecute=0 rethrow=0 return_oop=0}
                      ; - jdk.internal.misc.ScopedMemoryAccess::getIntUnaligned@10 (line 1898)
                      ; - java.nio.DirectByteBuffer::getFloat@13 (line 944)
                      ; - java.nio.DirectByteBuffer::getFloat@10 (line 953)
                      ; - godot.core.VariantKt::getVector2@5 (line 19)
                      ; - godot.core.VariantKt::access$getVector2@1 (line 1)
                      ; - godot.core.VariantParser$VECTOR2::toUnsafeKotlin@7 (line 176)
                      ; - godot.core.VariantParser$VECTOR2::toUnsafeKotlin@2 (line 175)
                      ; - godot.core.VariantParser::toKotlin@21 (line 479)
                      ; - godot.internal.memory.TransferContext::readReturnValue@20 (line 75)
                      ; - godot.api.Node2D::getScale@41 (line 414)
                      ; - game.entity.Player::isFacingRight@4 (line 261)
                      ; - game.items.weapons.Weapon::getIdleRotation@9 (line 139)
                      ; - game.items.weapons.Weapon::getRotationToTarget@20 (line 156)
                      ; - game.items.weapons.Weapon::rotateToTarget@21 (line 177)
                      ; - game.items.weapons.Weapon::_process@32 (line 192)
                      ; - godot.entry.WeaponRegistrar$register$1$1$2::invoke@8 (line 41)
                      ; - godot.entry.WeaponRegistrar$register$1$1$2::invoke@12 (line 41)
  0x00000250bcc574d4: 28d1 85ff 

  0x00000250bcc574d8: ;   {other}
  0x00000250bcc574d8: 0f1f 8400 | 4830 00c8 | bab5 ffff | ff4c 8b5c | 2420 498b | ebc5 fb10 | 4424 38c5 | fb11 4424 
  0x00000250bcc574f8: 3048 8944 

  0x00000250bcc574fc: ;   {runtime_call UncommonTrapBlob}
  0x00000250bcc574fc: 2440 90e8 

  0x00000250bcc57500: ; ImmutableOopMap {rbp=Oop [40]=Oop [64]=Oop }
                      ;*astore {reexecute=0 rethrow=0 return_oop=0}
                      ; - jdk.internal.misc.ScopedMemoryAccess::getIntUnaligned@10 (line 1898)
                      ; - java.nio.DirectByteBuffer::getFloat@13 (line 944)
                      ; - java.nio.DirectByteBuffer::getFloat@10 (line 953)
                      ; - godot.core.VariantKt::getVector2@14 (line 19)
                      ; - godot.core.VariantKt::access$getVector2@1 (line 1)
                      ; - godot.core.VariantParser$VECTOR2::toUnsafeKotlin@7 (line 176)
                      ; - godot.core.VariantParser$VECTOR2::toUnsafeKotlin@2 (line 175)
                      ; - godot.core.VariantParser::toKotlin@21 (line 479)
                      ; - godot.internal.memory.TransferContext::readReturnValue@20 (line 75)
                      ; - godot.api.Node2D::getScale@41 (line 414)
                      ; - game.entity.Player::isFacingRight@4 (line 261)
                      ; - game.items.weapons.Weapon::getIdleRotation@9 (line 139)
                      ; - game.items.weapons.Weapon::getRotationToTarget@20 (line 156)
                      ; - game.items.weapons.Weapon::rotateToTarget@21 (line 177)
                      ; - game.items.weapons.Weapon::_process@32 (line 192)
                      ; - godot.entry.WeaponRegistrar$register$1$1$2::invoke@8 (line 41)
                      ; - godot.entry.WeaponRegistrar$register$1$1$2::invoke@12 (line 41)
  0x00000250bcc57500: fcd0 85ff 

  0x00000250bcc57504: ;   {other}
  0x00000250bcc57504: 0f1f 8400 | 7430 00c9 | eb31 eb2f | eb2d eb37 | eb35 488b | d0eb 3348 | 8bd0 eb2e | eb1d eb1b 
  0x00000250bcc57524: eb19 eb17 | 488b d0eb | 21eb 1ceb | 1aeb 18eb | 1648 8bd0 | eb14 488b | d0eb 0f48 | 8bd0 eb0a 
  0x00000250bcc57544: 488b d0eb | 05eb 0048 | 8bd0 4883 

  0x00000250bcc57550: ;   {runtime_call _rethrow_Java}
  0x00000250bcc57550: c470 5de9 | a8b7 9bff 

  0x00000250bcc57558: ;   {internal_word}
  0x00000250bcc57558: 49ba c35a | c5bc 5002 | 0000 4d89 | 9768 0400 

  0x00000250bcc57568: ;   {runtime_call SafepointBlob}
  0x00000250bcc57568: 00e9 92e1 

  0x00000250bcc5756c: ;   {runtime_call StubRoutines (final stubs)}
  0x00000250bcc5756c: 85ff e8ed | d783 ffe9 | c2d5 ffff 
[Stub Code]
  0x00000250bcc57578: ;   {no_reloc}
  0x00000250bcc57578: 48bb 0000 | 0000 0000 

  0x00000250bcc57580: ;   {runtime_call}
  0x00000250bcc57580: 0000 e9fb 

  0x00000250bcc57584: ;   {static_stub}
  0x00000250bcc57584: ffff ff48 | bb00 0000 | 0000 0000 

  0x00000250bcc57590: ;   {runtime_call}
  0x00000250bcc57590: 00e9 fbff 

  0x00000250bcc57594: ;   {static_stub}
  0x00000250bcc57594: ffff 48bb | 0000 0000 | 0000 0000 

  0x00000250bcc575a0: ;   {runtime_call}
  0x00000250bcc575a0: e9fb ffff 

  0x00000250bcc575a4: ;   {static_stub}
  0x00000250bcc575a4: ff48 bb00 | 2571 0f51 

  0x00000250bcc575ac: ;   {runtime_call I2C/C2I adapters}
  0x00000250bcc575ac: 0200 00e9 | afbe 85ff 

  0x00000250bcc575b4: ;   {static_stub}
  0x00000250bcc575b4: 48bb f02d | 710f 5102 

  0x00000250bcc575bc: ;   {runtime_call I2C/C2I adapters}
  0x00000250bcc575bc: 0000 e9a0 

  0x00000250bcc575c0: ;   {static_stub}
  0x00000250bcc575c0: be85 ff48 | bb00 0000 | 0000 0000 

  0x00000250bcc575cc: ;   {runtime_call}
  0x00000250bcc575cc: 00e9 fbff 

  0x00000250bcc575d0: ;   {static_stub}
  0x00000250bcc575d0: ffff 48bb | 606d 610e | 5102 0000 

  0x00000250bcc575dc: ;   {runtime_call I2C/C2I adapters}
  0x00000250bcc575dc: e906 cc85 

  0x00000250bcc575e0: ;   {static_stub}
  0x00000250bcc575e0: ff48 bb70 | 6061 0e51 

  0x00000250bcc575e8: ;   {runtime_call I2C/C2I adapters}
  0x00000250bcc575e8: 0200 00e9 | 73be 85ff 

  0x00000250bcc575f0: ;   {static_stub}
  0x00000250bcc575f0: 48bb 0000 | 0000 0000 

  0x00000250bcc575f8: ;   {runtime_call}
  0x00000250bcc575f8: 0000 e9fb 

  0x00000250bcc575fc: ;   {static_stub}
  0x00000250bcc575fc: ffff ff48 | bb00 0000 | 0000 0000 

  0x00000250bcc57608: ;   {runtime_call}
  0x00000250bcc57608: 00e9 fbff 

  0x00000250bcc5760c: ;   {static_stub}
  0x00000250bcc5760c: ffff 48bb | 0000 0000 | 0000 0000 

  0x00000250bcc57618: ;   {runtime_call}
  0x00000250bcc57618: e9fb ffff 

  0x00000250bcc5761c: ;   {runtime_call ExceptionBlob}
  0x00000250bcc5761c: ffe9 5e56 | 92ff e800 | 0000 0048 | 832c 2405 

  0x00000250bcc5762c: ;   {runtime_call DeoptimizationBlob}
  0x00000250bcc5762c: e96f d385 | fff4 f4f4 | f4f4 f4f4 
[/MachCode]


---------------  P R O C E S S  ---------------

Threads class SMR info:
_java_thread_list=0x00000250a6d694f0, length=29, elements={
0x00000250abd35820, 0x00000250ac1f0c80, 0x00000250ac1f2300, 0x00000250ac24ca10,
0x00000250ac277ed0, 0x00000250ac278540, 0x00000250ac282520, 0x00000250ac2833b0,
0x000002509a768e40, 0x000002509a768770, 0x00000250a723b7d0, 0x00000250a723be60,
0x000002509a76a980, 0x00000250a723f970, 0x00000250a723f2e0, 0x00000250a723e5c0,
0x00000250a723ec50, 0x00000250a7240690, 0x00000250a723d210, 0x00000250a723d8a0,
0x0000025113d06d60, 0x0000025113d038e0, 0x0000025113d066d0, 0x0000025113d06040,
0x0000025113d073f0, 0x0000025113d04600, 0x0000025113d05320, 0x0000025113d059b0,
0x0000025113d03f70
}

Java Threads: ( => current thread )
=>0x00000250abd35820 JavaThread "main"                              [_thread_in_native, id=24596, stack(0x000000a068200000,0x000000a068a00000) (8192K)]
  0x00000250ac1f0c80 JavaThread "Reference Handler"          daemon [_thread_blocked, id=2724, stack(0x000000a005000000,0x000000a005800000) (8192K)]
  0x00000250ac1f2300 JavaThread "Finalizer"                  daemon [_thread_blocked, id=19576, stack(0x000000a005800000,0x000000a006000000) (8192K)]
  0x00000250ac24ca10 JavaThread "Signal Dispatcher"          daemon [_thread_blocked, id=26400, stack(0x000000a006000000,0x000000a006800000) (8192K)]
  0x00000250ac277ed0 JavaThread "Attach Listener"            daemon [_thread_blocked, id=18940, stack(0x000000a006800000,0x000000a007000000) (8192K)]
  0x00000250ac278540 JavaThread "Service Thread"             daemon [_thread_blocked, id=4412, stack(0x000000a007000000,0x000000a007800000) (8192K)]
  0x00000250ac282520 JavaThread "Monitor Deflation Thread"   daemon [_thread_blocked, id=3116, stack(0x000000a007800000,0x000000a008000000) (8192K)]
  0x00000250ac2833b0 JavaThread "C2 CompilerThread0"         daemon [_thread_blocked, id=23868, stack(0x000000a008000000,0x000000a008800000) (8192K)]
  0x000002509a768e40 JavaThread "C1 CompilerThread0"         daemon [_thread_blocked, id=2944, stack(0x000000a008800000,0x000000a009000000) (8192K)]
  0x000002509a768770 JavaThread "C1 CompilerThread1"         daemon [_thread_blocked, id=25744, stack(0x000000a009000000,0x000000a009800000) (8192K)]
  0x00000250a723b7d0 JavaThread "Notification Thread"        daemon [_thread_blocked, id=6912, stack(0x000000a009800000,0x000000a00a000000) (8192K)]
  0x00000250a723be60 JavaThread "Common-Cleaner"             daemon [_thread_blocked, id=4204, stack(0x000000a00a000000,0x000000a00a800000) (8192K)]
  0x000002509a76a980 JavaThread "C1 CompilerThread2"         daemon [_thread_blocked, id=26120, stack(0x000000a00b800000,0x000000a00c000000) (8192K)]
  0x00000250a723f970 JavaThread "Thread-0"                          [_thread_in_native, id=5612, stack(0x000000a06b200000,0x000000a06ba00000) (8192K)]
  0x00000250a723f2e0 JavaThread "Thread-1"                          [_thread_in_native, id=22832, stack(0x000000a06aa00000,0x000000a06b200000) (8192K)]
  0x00000250a723e5c0 JavaThread "Thread-2"                          [_thread_in_native, id=7096, stack(0x000000a06c200000,0x000000a06ca00000) (8192K)]
  0x00000250a723ec50 JavaThread "Thread-3"                          [_thread_in_native, id=25064, stack(0x000000a06ba00000,0x000000a06c200000) (8192K)]
  0x00000250a7240690 JavaThread "Thread-4"                          [_thread_in_native, id=25200, stack(0x000000a06d200000,0x000000a06da00000) (8192K)]
  0x00000250a723d210 JavaThread "Thread-5"                          [_thread_in_native, id=5740, stack(0x000000a06ca00000,0x000000a06d200000) (8192K)]
  0x00000250a723d8a0 JavaThread "Thread-6"                          [_thread_in_native, id=21416, stack(0x000000a06e200000,0x000000a06ea00000) (8192K)]
  0x0000025113d06d60 JavaThread "Thread-7"                          [_thread_in_native, id=10824, stack(0x000000a06da00000,0x000000a06e200000) (8192K)]
  0x0000025113d038e0 JavaThread "Thread-8"                          [_thread_in_native, id=26024, stack(0x000000a06f200000,0x000000a06fa00000) (8192K)]
  0x0000025113d066d0 JavaThread "Thread-9"                          [_thread_in_native, id=5564, stack(0x000000a06fa00000,0x000000a070200000) (8192K)]
  0x0000025113d06040 JavaThread "Thread-10"                         [_thread_in_native, id=11284, stack(0x000000a070200000,0x000000a070a00000) (8192K)]
  0x0000025113d073f0 JavaThread "Thread-11"                         [_thread_in_native, id=24264, stack(0x000000a070a00000,0x000000a071200000) (8192K)]
  0x0000025113d04600 JavaThread "Thread-12"                         [_thread_in_native, id=22256, stack(0x000000a071200000,0x000000a071a00000) (8192K)]
  0x0000025113d05320 JavaThread "Thread-13"                         [_thread_in_native, id=14804, stack(0x000000a071a00000,0x000000a072200000) (8192K)]
  0x0000025113d059b0 JavaThread "Thread-14"                         [_thread_in_native, id=8780, stack(0x000000a072200000,0x000000a072a00000) (8192K)]
  0x0000025113d03f70 JavaThread "Thread-15"                         [_thread_in_native, id=13840, stack(0x000000a06ea00000,0x000000a06f200000) (8192K)]
Total: 29

Other Threads:
  0x00000250ac172310 VMThread "VM Thread"                           [id=3572, stack(0x000000a004800000,0x000000a005000000) (8192K)]
  0x00000250a65cf780 WatcherThread "VM Periodic Task Thread"        [id=2296, stack(0x000000a004000000,0x000000a004800000) (8192K)]
  0x0000025090e10bd0 WorkerThread "GC Thread#0"                     [id=12636, stack(0x000000a001800000,0x000000a002000000) (8192K)]
  0x0000025112532280 WorkerThread "GC Thread#1"                     [id=26296, stack(0x000000a00c000000,0x000000a00c800000) (8192K)]
  0x00000251126018c0 WorkerThread "GC Thread#2"                     [id=25788, stack(0x000000a00c800000,0x000000a00d000000) (8192K)]
  0x00000251125f7620 WorkerThread "GC Thread#3"                     [id=13144, stack(0x000000a00d000000,0x000000a00d800000) (8192K)]
  0x00000251125f4dc0 WorkerThread "GC Thread#4"                     [id=23876, stack(0x000000a00d800000,0x000000a00e000000) (8192K)]
  0x00000251125f4660 WorkerThread "GC Thread#5"                     [id=19472, stack(0x000000a00e000000,0x000000a00e800000) (8192K)]
  0x0000025112a8e230 WorkerThread "GC Thread#6"                     [id=25716, stack(0x000000a00e800000,0x000000a00f000000) (8192K)]
  0x0000025112a8e5e0 WorkerThread "GC Thread#7"                     [id=22812, stack(0x000000a00f000000,0x000000a00f800000) (8192K)]
  0x0000025112a8b9a0 WorkerThread "GC Thread#8"                     [id=9260, stack(0x000000a00f800000,0x000000a010000000) (8192K)]
  0x0000025112a8c4b0 WorkerThread "GC Thread#9"                     [id=20360, stack(0x000000a010000000,0x000000a010800000) (8192K)]
  0x0000025112a8c100 WorkerThread "GC Thread#10"                    [id=5324, stack(0x000000a010800000,0x000000a011000000) (8192K)]
  0x0000025112a8bd50 WorkerThread "GC Thread#11"                    [id=24268, stack(0x000000a011000000,0x000000a011800000) (8192K)]
  0x0000025112a8d720 WorkerThread "GC Thread#12"                    [id=1408, stack(0x000000a011800000,0x000000a012000000) (8192K)]
  0x00000250a7067170 ConcurrentGCThread "G1 Main Marker"            [id=20796, stack(0x000000a002000000,0x000000a002800000) (8192K)]
  0x00000250abd31220 WorkerThread "G1 Conc#0"                       [id=19052, stack(0x000000a002800000,0x000000a003000000) (8192K)]
  0x0000025112a8cc10 WorkerThread "G1 Conc#1"                       [id=7272, stack(0x000000a012000000,0x000000a012800000) (8192K)]
  0x0000025112a8c860 WorkerThread "G1 Conc#2"                       [id=26164, stack(0x000000a012800000,0x000000a013000000) (8192K)]
  0x00000250aa4b87f0 ConcurrentGCThread "G1 Refine#0"               [id=8140, stack(0x000000a003000000,0x000000a003800000) (8192K)]
  0x00000250a71c9a20 ConcurrentGCThread "G1 Service"                [id=7484, stack(0x000000a003800000,0x000000a004000000) (8192K)]
Total: 21

Threads with active compile tasks:
Total: 0

VM state: not at safepoint (normal execution)

VM Mutex/Monitor currently owned by a thread: None

Heap address: 0x0000000704a00000, size: 4022 MB, Compressed Oops mode: Zero based, Oop shift amount: 3

CDS archive(s) mapped at: [0x00000250cd000000-0x00000250cdc90000-0x00000250cdc90000), size 13172736, SharedBaseAddress: 0x00000250cd000000, ArchiveRelocationMode: 1.
Compressed class space mapped at: 0x00000250ce000000-0x000002510e000000, reserved size: 1073741824
Narrow klass base: 0x00000250cd000000, Narrow klass shift: 0, Narrow klass range: 0x100000000

GC Precious Log:
 CardTable entry size: 512
 Card Set container configuration: InlinePtr #cards 4 size 8 Array Of Cards #cards 16 size 48 Howl #buckets 8 coarsen threshold 3686 Howl Bitmap #cards 512 size 80 coarsen threshold 460 Card regions per heap region 1 cards per card region 4096
 CPUs: 16 total, 16 available
 Memory: 16087M
 Large Page Support: Disabled
 NUMA Support: Disabled
 Compressed Oops: Enabled (Zero based)
 Heap Region Size: 2M
 Heap Min Capacity: 8M
 Heap Initial Capacity: 252M
 Heap Max Capacity: 4022M
 Pre-touch: Disabled
 Parallel Workers: 13
 Concurrent Workers: 3
 Concurrent Refinement Workers: 13
 Periodic GC: Disabled

Heap:
 garbage-first heap   total 34816K, used 6455K [0x0000000704a00000, 0x0000000800000000)
  region size 2048K, 3 young (6144K), 2 survivors (4096K)
 Metaspace       used 25846K, committed 25984K, reserved 1114112K
  class space    used 2632K, committed 2688K, reserved 1048576K

Heap Regions: E=young(eden), S=young(survivor), O=old, HS=humongous(starts), HC=humongous(continues), CS=collection set, F=free, TAMS=top-at-mark-start, PB=parsable bottom
|   0|0x0000000704a00000, 0x0000000704c00000, 0x0000000704c00000|100%| O|  |TAMS 0x0000000704a00000| PB 0x0000000704a00000| Untracked 
|   1|0x0000000704c00000, 0x0000000704e00000, 0x0000000704e00000|100%| O|  |TAMS 0x0000000704c00000| PB 0x0000000704c00000| Untracked 
|   2|0x0000000704e00000, 0x0000000704e2ece0, 0x0000000705000000|  9%| O|  |TAMS 0x0000000704e00000| PB 0x0000000704e00000| Untracked 
|   3|0x0000000705000000, 0x0000000705000000, 0x0000000705200000|  0%| F|  |TAMS 0x0000000705000000| PB 0x0000000705000000| Untracked 
|   4|0x0000000705200000, 0x0000000705200000, 0x0000000705400000|  0%| F|  |TAMS 0x0000000705200000| PB 0x0000000705200000| Untracked 
|   5|0x0000000705400000, 0x000000070541f2d0, 0x0000000705600000|  6%| S|CS|TAMS 0x0000000705400000| PB 0x0000000705400000| Complete 
|   6|0x0000000705600000, 0x0000000705800000, 0x0000000705800000|100%| S|CS|TAMS 0x0000000705600000| PB 0x0000000705600000| Complete 
|   7|0x0000000705800000, 0x0000000705800000, 0x0000000705a00000|  0%| F|  |TAMS 0x0000000705800000| PB 0x0000000705800000| Untracked 
|   8|0x0000000705a00000, 0x0000000705a00000, 0x0000000705c00000|  0%| F|  |TAMS 0x0000000705a00000| PB 0x0000000705a00000| Untracked 
|   9|0x0000000705c00000, 0x0000000705c00000, 0x0000000705e00000|  0%| F|  |TAMS 0x0000000705c00000| PB 0x0000000705c00000| Untracked 
|  10|0x0000000705e00000, 0x0000000705e00000, 0x0000000706000000|  0%| F|  |TAMS 0x0000000705e00000| PB 0x0000000705e00000| Untracked 
|  11|0x0000000706000000, 0x0000000706000000, 0x0000000706200000|  0%| F|  |TAMS 0x0000000706000000| PB 0x0000000706000000| Untracked 
|  12|0x0000000706200000, 0x0000000706200000, 0x0000000706400000|  0%| F|  |TAMS 0x0000000706200000| PB 0x0000000706200000| Untracked 
| 121|0x0000000713c00000, 0x0000000713c00000, 0x0000000713e00000|  0%| F|  |TAMS 0x0000000713c00000| PB 0x0000000713c00000| Untracked 
| 122|0x0000000713e00000, 0x0000000713e00000, 0x0000000714000000|  0%| F|  |TAMS 0x0000000713e00000| PB 0x0000000713e00000| Untracked 
| 123|0x0000000714000000, 0x0000000714000000, 0x0000000714200000|  0%| F|  |TAMS 0x0000000714000000| PB 0x0000000714000000| Untracked 
| 125|0x0000000714400000, 0x00000007145a6350, 0x0000000714600000| 82%| E|  |TAMS 0x0000000714400000| PB 0x0000000714400000| Complete 

Card table byte_map: [0x00000250c4f70000,0x00000250c5750000] _byte_map_base: 0x00000250c174b000

Marking Bits: (CMBitMap*) 0x00000250abd83420
 Bits: [0x00000250c5750000, 0x00000250c9628000)

Polling page: 0x00000250a7b70000

Metaspace:

Usage:
  Non-class:     22.67 MB used.
      Class:      2.57 MB used.
       Both:     25.24 MB used.

Virtual space:
  Non-class space:       64.00 MB reserved,      22.75 MB ( 36%) committed,  1 nodes.
      Class space:        1.00 GB reserved,       2.62 MB ( <1%) committed,  1 nodes.
             Both:        1.06 GB reserved,      25.38 MB (  2%) committed. 

Chunk freelists:
   Non-Class:  6.57 MB
       Class:  13.20 MB
        Both:  19.77 MB

MaxMetaspaceSize: unlimited
CompressedClassSpaceSize: 1.00 GB
Initial GC threshold: 21.00 MB
Current GC threshold: 35.12 MB
CDS: on
 - commit_granule_bytes: 65536.
 - commit_granule_words: 8192.
 - virtual_space_node_default_size: 8388608.
 - enlarge_chunks_in_place: 1.
 - use_allocation_guard: 0.


Internal statistics:

num_allocs_failed_limit: 3.
num_arena_births: 124.
num_arena_deaths: 0.
num_vsnodes_births: 2.
num_vsnodes_deaths: 0.
num_space_committed: 405.
num_space_uncommitted: 0.
num_chunks_returned_to_freelist: 3.
num_chunks_taken_from_freelist: 970.
num_chunk_merges: 3.
num_chunk_splits: 847.
num_chunks_enlarged: 744.
num_inconsistent_stats: 0.

CodeHeap 'non-profiled nmethods': size=119168Kb used=787Kb max_used=787Kb free=118381Kb
 bounds [0x00000250bcbb0000, 0x00000250bce20000, 0x00000250c4010000]
CodeHeap 'profiled nmethods': size=119104Kb used=3151Kb max_used=3151Kb free=115953Kb
 bounds [0x00000250b5010000, 0x00000250b5330000, 0x00000250bc460000]
CodeHeap 'non-nmethods': size=7488Kb used=2714Kb max_used=3242Kb free=4773Kb
 bounds [0x00000250bc460000, 0x00000250bc790000, 0x00000250bcbb0000]
 total_blobs=2266 nmethods=1619 adapters=550
 compilation: enabled
              stopped_count=0, restarted_count=0
 full_count=0

Compilation events (20 events):
Event: 9.073 Thread 0x000002509a768e40 1611       3       kotlin.collections.ArraysKt___ArraysKt::joinTo (155 bytes)
Event: 9.073 Thread 0x000002509a768770 nmethod 1608 0x00000250b5319b10 code [0x00000250b5319d60, 0x00000250b531a3c0]
Event: 9.073 Thread 0x000002509a768770 1612       3       kotlin.text.StringsKt__AppendableKt::appendElement (99 bytes)
Event: 9.074 Thread 0x000002509a768770 nmethod 1612 0x00000250b531a610 code [0x00000250b531a920, 0x00000250b531bb18]
Event: 9.074 Thread 0x000002509a76a980 nmethod 1610 0x00000250b531bf10 code [0x00000250b531c360, 0x00000250b531dec8]
Event: 9.075 Thread 0x000002509a768e40 nmethod 1611 0x00000250b531e910 code [0x00000250b531ede0, 0x00000250b5320fa0]
Event: 9.106 Thread 0x00000250ac2833b0 1613       4       java.util.Objects::checkFromIndexSize (8 bytes)
Event: 9.107 Thread 0x00000250ac2833b0 nmethod 1613 0x00000250bcc73d10 code [0x00000250bcc73ea0, 0x00000250bcc73f68]
Event: 9.183 Thread 0x000002509a768770 1614       3       java.lang.invoke.DirectMethodHandle$Holder::invokeStatic (17 bytes)
Event: 9.184 Thread 0x000002509a768770 nmethod 1614 0x00000250b5321c10 code [0x00000250b5321de0, 0x00000250b5322190]
Event: 9.184 Thread 0x000002509a768770 1615       3       java.lang.invoke.DirectMethodHandle$Holder::invokeStatic (17 bytes)
Event: 9.184 Thread 0x000002509a76a980 1616       3       java.lang.invoke.LambdaForm$MH/0x00000250ce2bd000::invoke (32 bytes)
Event: 9.184 Thread 0x000002509a768e40 1617       3       java.lang.invoke.DirectMethodHandle$Holder::invokeStatic (21 bytes)
Event: 9.184 Thread 0x000002509a768770 nmethod 1615 0x00000250b5322290 code [0x00000250b5322460, 0x00000250b5322848]
Event: 9.184 Thread 0x000002509a768770 1618       3       java.lang.StringConcatHelper::prepend (22 bytes)
Event: 9.184 Thread 0x000002509a76a980 nmethod 1616 0x00000250b5322990 code [0x00000250b5322b60, 0x00000250b5322fb0]
Event: 9.184 Thread 0x000002509a768e40 nmethod 1617 0x00000250b5323110 code [0x00000250b53232e0, 0x00000250b53236f0]
Event: 9.185 Thread 0x000002509a768770 nmethod 1618 0x00000250b5323810 code [0x00000250b53239c0, 0x00000250b5323b50]
Event: 9.238 Thread 0x00000250ac2833b0 1619       4       godot.core.VariantArray::getSize (35 bytes)
Event: 9.245 Thread 0x00000250ac2833b0 nmethod 1619 0x00000250bcc74010 code [0x00000250bcc74200, 0x00000250bcc745d8]

GC Heap History (10 events):
Event: 0.278 GC heap before
{Heap before GC invocations=0 (full 0):
 garbage-first heap   total 258048K, used 20480K [0x0000000704a00000, 0x0000000800000000)
  region size 2048K, 11 young (22528K), 0 survivors (0K)
 Metaspace       used 6591K, committed 6720K, reserved 1114112K
  class space    used 382K, committed 448K, reserved 1048576K
}
Event: 0.280 GC heap after
{Heap after GC invocations=1 (full 0):
 garbage-first heap   total 258048K, used 2355K [0x0000000704a00000, 0x0000000800000000)
  region size 2048K, 2 young (4096K), 2 survivors (4096K)
 Metaspace       used 6591K, committed 6720K, reserved 1114112K
  class space    used 382K, committed 448K, reserved 1048576K
}
Event: 0.737 GC heap before
{Heap before GC invocations=1 (full 0):
 garbage-first heap   total 258048K, used 43315K [0x0000000704a00000, 0x0000000800000000)
  region size 2048K, 22 young (45056K), 2 survivors (4096K)
 Metaspace       used 20294K, committed 20416K, reserved 1114112K
  class space    used 1927K, committed 1984K, reserved 1048576K
}
Event: 0.740 GC heap after
{Heap after GC invocations=2 (full 0):
 garbage-first heap   total 258048K, used 4479K [0x0000000704a00000, 0x0000000800000000)
  region size 2048K, 3 young (6144K), 3 survivors (6144K)
 Metaspace       used 20294K, committed 20416K, reserved 1114112K
  class space    used 1927K, committed 1984K, reserved 1048576K
}
Event: 0.795 GC heap before
{Heap before GC invocations=2 (full 0):
 garbage-first heap   total 258048K, used 6527K [0x0000000704a00000, 0x0000000800000000)
  region size 2048K, 5 young (10240K), 3 survivors (6144K)
 Metaspace       used 21389K, committed 21504K, reserved 1114112K
  class space    used 1990K, committed 2048K, reserved 1048576K
}
Event: 0.798 GC heap after
{Heap after GC invocations=3 (full 0):
 garbage-first heap   total 258048K, used 4918K [0x0000000704a00000, 0x0000000800000000)
  region size 2048K, 3 young (6144K), 3 survivors (6144K)
 Metaspace       used 21389K, committed 21504K, reserved 1114112K
  class space    used 1990K, committed 2048K, reserved 1048576K
}
Event: 1.038 GC heap before
{Heap before GC invocations=4 (full 0):
 garbage-first heap   total 28672K, used 27446K [0x0000000704a00000, 0x0000000800000000)
  region size 2048K, 14 young (28672K), 3 survivors (6144K)
 Metaspace       used 24753K, committed 24896K, reserved 1114112K
  class space    used 2553K, committed 2624K, reserved 1048576K
}
Event: 1.043 GC heap after
{Heap after GC invocations=5 (full 0):
 garbage-first heap   total 34816K, used 5965K [0x0000000704a00000, 0x0000000800000000)
  region size 2048K, 3 young (6144K), 3 survivors (6144K)
 Metaspace       used 24753K, committed 24896K, reserved 1114112K
  class space    used 2553K, committed 2624K, reserved 1048576K
}
Event: 8.711 GC heap before
{Heap before GC invocations=5 (full 0):
 garbage-first heap   total 34816K, used 20301K [0x0000000704a00000, 0x0000000800000000)
  region size 2048K, 10 young (20480K), 3 survivors (6144K)
 Metaspace       used 25815K, committed 25984K, reserved 1114112K
  class space    used 2630K, committed 2688K, reserved 1048576K
}
Event: 8.719 GC heap after
{Heap after GC invocations=6 (full 0):
 garbage-first heap   total 34816K, used 6455K [0x0000000704a00000, 0x0000000800000000)
  region size 2048K, 2 young (4096K), 2 survivors (4096K)
 Metaspace       used 25815K, committed 25984K, reserved 1114112K
  class space    used 2630K, committed 2688K, reserved 1048576K
}

Dll operation events (6 events):
Event: 0.007 Loaded shared library C:\Program Files\Java\jdk-21\bin\java.dll
Event: 0.029 Loaded shared library C:\Program Files\Java\jdk-21\bin\jsvml.dll
Event: 0.041 Loaded shared library C:\Program Files\Java\jdk-21\bin\net.dll
Event: 0.041 Loaded shared library C:\Program Files\Java\jdk-21\bin\nio.dll
Event: 0.048 Loaded shared library C:\Program Files\Java\jdk-21\bin\zip.dll
Event: 0.128 Loaded shared library C:\Program Files\Java\jdk-21\bin\jimage.dll

Deoptimization events (20 events):
Event: 4.304 Thread 0x00000250abd35820 Uncommon trap: trap_request=0xffffffd6 fr.pc=0x00000250bcc40cdc relative=0x000000000000041c
Event: 4.304 Thread 0x00000250abd35820 Uncommon trap: reason=array_check action=maybe_recompile pc=0x00000250bcc40cdc method=java.util.Arrays.fill([Ljava/lang/Object;IILjava/lang/Object;)V @ 20 c2
Event: 4.304 Thread 0x00000250abd35820 DEOPT PACKING pc=0x00000250bcc40cdc sp=0x000000a0689fce90
Event: 4.304 Thread 0x00000250abd35820 DEOPT UNPACKING pc=0x00000250bc4b46a2 sp=0x000000a0689fce58 mode 2
Event: 4.304 Thread 0x00000250abd35820 Uncommon trap: trap_request=0xffffffd6 fr.pc=0x00000250bcc40cdc relative=0x000000000000041c
Event: 4.304 Thread 0x00000250abd35820 Uncommon trap: reason=array_check action=maybe_recompile pc=0x00000250bcc40cdc method=java.util.Arrays.fill([Ljava/lang/Object;IILjava/lang/Object;)V @ 20 c2
Event: 4.304 Thread 0x00000250abd35820 DEOPT PACKING pc=0x00000250bcc40cdc sp=0x000000a0689fce90
Event: 4.304 Thread 0x00000250abd35820 DEOPT UNPACKING pc=0x00000250bc4b46a2 sp=0x000000a0689fce58 mode 2
Event: 4.304 Thread 0x00000250abd35820 Uncommon trap: trap_request=0xffffffd6 fr.pc=0x00000250bcc40cdc relative=0x000000000000041c
Event: 4.304 Thread 0x00000250abd35820 Uncommon trap: reason=array_check action=maybe_recompile pc=0x00000250bcc40cdc method=java.util.Arrays.fill([Ljava/lang/Object;IILjava/lang/Object;)V @ 20 c2
Event: 4.304 Thread 0x00000250abd35820 DEOPT PACKING pc=0x00000250bcc40cdc sp=0x000000a0689fce90
Event: 4.304 Thread 0x00000250abd35820 DEOPT UNPACKING pc=0x00000250bc4b46a2 sp=0x000000a0689fce58 mode 2
Event: 8.721 Thread 0x00000250abd35820 Uncommon trap: trap_request=0xffffff45 fr.pc=0x00000250bcbda30c relative=0x000000000000006c
Event: 8.721 Thread 0x00000250abd35820 Uncommon trap: reason=unstable_if action=reinterpret pc=0x00000250bcbda30c method=java.lang.ref.ReferenceQueue.headIsNull()Z @ 4 c2
Event: 8.721 Thread 0x00000250abd35820 DEOPT PACKING pc=0x00000250bcbda30c sp=0x000000a0689fee20
Event: 8.721 Thread 0x00000250abd35820 DEOPT UNPACKING pc=0x00000250bc4b46a2 sp=0x000000a0689fed48 mode 2
Event: 8.722 Thread 0x00000250abd35820 Uncommon trap: trap_request=0xffffff45 fr.pc=0x00000250bcc5fd98 relative=0x00000000000000f8
Event: 8.722 Thread 0x00000250abd35820 Uncommon trap: reason=unstable_if action=reinterpret pc=0x00000250bcc5fd98 method=java.lang.Long.valueOf(J)Ljava/lang/Long; @ 9 c2
Event: 8.722 Thread 0x00000250abd35820 DEOPT PACKING pc=0x00000250bcc5fd98 sp=0x000000a0689fedc0
Event: 8.722 Thread 0x00000250abd35820 DEOPT UNPACKING pc=0x00000250bc4b46a2 sp=0x000000a0689fed48 mode 2

Classes loaded (20 events):
Event: 3.619 Loading class java/io/PrintWriter
Event: 3.619 Loading class java/io/PrintWriter done
Event: 3.619 Loading class java/io/PrintWriter$1
Event: 3.619 Loading class jdk/internal/access/JavaIOPrintWriterAccess
Event: 3.619 Loading class jdk/internal/access/JavaIOPrintWriterAccess done
Event: 3.619 Loading class java/io/PrintWriter$1 done
Event: 3.619 Loading class java/lang/Throwable$WrappedPrintWriter
Event: 3.619 Loading class java/lang/Throwable$PrintStreamOrWriter
Event: 3.619 Loading class java/lang/Throwable$PrintStreamOrWriter done
Event: 3.619 Loading class java/lang/Throwable$WrappedPrintWriter done
Event: 4.193 Loading class java/lang/FdLibm$Atan2
Event: 4.193 Loading class java/lang/FdLibm$Atan2 done
Event: 4.193 Loading class java/lang/FdLibm
Event: 4.193 Loading class java/lang/FdLibm done
Event: 4.193 Loading class java/lang/FdLibm$Atan
Event: 4.193 Loading class java/lang/FdLibm$Atan done
Event: 4.476 Loading class java/util/LinkedList$Node
Event: 4.476 Loading class java/util/LinkedList$Node done
Event: 4.477 Loading class java/util/LinkedList$ListItr
Event: 4.477 Loading class java/util/LinkedList$ListItr done

Classes unloaded (0 events):
No events

Classes redefined (0 events):
No events

Internal exceptions (3 events):
Event: 0.980 Thread 0x00000250abd35820 Exception <a 'java/lang/NoSuchMethodError'{0x0000000705258ba0}: 'java.lang.Object java.lang.invoke.DirectMethodHandle$Holder.invokeStaticInit(java.lang.Object, java.lang.Object, java.lang.Object)'> (0x0000000705258ba0) 
thrown [s\open\src\hotspot\share\interpreter\linkResolver.cpp, line 773]
Event: 1.138 Thread 0x00000250abd35820 Exception <a 'java/lang/NoSuchMethodError'{0x000000071451c660}: 'java.lang.Object java.lang.invoke.DirectMethodHandle$Holder.newInvokeSpecial(java.lang.Object, long, long, int)'> (0x000000071451c660) 
thrown [s\open\src\hotspot\share\interpreter\linkResolver.cpp, line 773]
Event: 3.618 Thread 0x00000250abd35820 Exception <a 'java/lang/ClassCastException'{0x00000007145b5210}: class godot.api.Resource cannot be cast to class godot.api.PackedScene (godot.api.Resource and godot.api.PackedScene are in unnamed module of loader java.net.URLClassLoader @36baf30c)> (0x00000007145b5210) 
thrown [s\open\src\hotspot\share\interpreter\interpreterRuntime.cpp, line 455]

ZGC Phase Switch (0 events):
No events

VM Operations (20 events):
Event: 1.153 Executing VM operation: HandshakeAllThreads (Deoptimize)
Event: 1.153 Executing VM operation: HandshakeAllThreads (Deoptimize) done
Event: 2.154 Executing VM operation: Cleanup
Event: 2.154 Executing VM operation: Cleanup done
Event: 3.619 Executing VM operation: HandshakeAllThreads (Deoptimize)
Event: 3.619 Executing VM operation: HandshakeAllThreads (Deoptimize) done
Event: 3.620 Executing VM operation: HandshakeAllThreads (Deoptimize)
Event: 3.620 Executing VM operation: HandshakeAllThreads (Deoptimize) done
Event: 3.620 Executing VM operation: Cleanup
Event: 3.620 Executing VM operation: Cleanup done
Event: 4.621 Executing VM operation: Cleanup
Event: 4.621 Executing VM operation: Cleanup done
Event: 5.621 Executing VM operation: Cleanup
Event: 5.621 Executing VM operation: Cleanup done
Event: 7.621 Executing VM operation: Cleanup
Event: 7.621 Executing VM operation: Cleanup done
Event: 8.621 Executing VM operation: Cleanup
Event: 8.621 Executing VM operation: Cleanup done
Event: 8.711 Executing VM operation: G1CollectForAllocation (G1 Evacuation Pause)
Event: 8.719 Executing VM operation: G1CollectForAllocation (G1 Evacuation Pause) done

Events (20 events):
Event: 0.212 Thread 0x000002509a76a2b0 Thread exited: 0x000002509a76a2b0
Event: 0.229 Thread 0x000002509a76a2b0 Thread added: 0x000002509a76a2b0
Event: 1.035 Thread 0x00000250a723f970 Thread added: 0x00000250a723f970
Event: 1.036 Thread 0x00000250a723f2e0 Thread added: 0x00000250a723f2e0
Event: 1.036 Thread 0x00000250a723e5c0 Thread added: 0x00000250a723e5c0
Event: 1.036 Thread 0x00000250a723ec50 Thread added: 0x00000250a723ec50
Event: 1.036 Thread 0x00000250a7240690 Thread added: 0x00000250a7240690
Event: 1.037 Thread 0x00000250a723d210 Thread added: 0x00000250a723d210
Event: 1.038 Thread 0x00000250a723d8a0 Thread added: 0x00000250a723d8a0
Event: 1.038 Thread 0x0000025113d06d60 Thread added: 0x0000025113d06d60
Event: 1.038 Thread 0x0000025113d038e0 Thread added: 0x0000025113d038e0
Event: 1.038 Thread 0x0000025113d066d0 Thread added: 0x0000025113d066d0
Event: 1.038 Thread 0x0000025113d06040 Thread added: 0x0000025113d06040
Event: 1.038 Thread 0x0000025113d073f0 Thread added: 0x0000025113d073f0
Event: 1.038 Thread 0x0000025113d04600 Thread added: 0x0000025113d04600
Event: 1.043 Thread 0x0000025113d05320 Thread added: 0x0000025113d05320
Event: 1.043 Thread 0x0000025113d059b0 Thread added: 0x0000025113d059b0
Event: 1.043 Thread 0x0000025113d03f70 Thread added: 0x0000025113d03f70
Event: 1.138 Thread 0x000002509a769be0 Thread exited: 0x000002509a769be0
Event: 3.540 Thread 0x000002509a76a2b0 Thread exited: 0x000002509a76a2b0


Dynamic libraries:
0x00007ff728ca0000 - 0x00007ff7322aa000 	D:\Godot\godot.windows.editor.x86_64.jvm.0.14.3.exe
0x00007fffb2780000 - 0x00007fffb29e6000 	C:\WINDOWS\SYSTEM32\ntdll.dll
0x00007fffb1130000 - 0x00007fffb11f9000 	C:\WINDOWS\System32\KERNEL32.DLL
0x00007fffafb50000 - 0x00007fffaff50000 	C:\WINDOWS\System32\KERNELBASE.dll
0x00007fffb13e0000 - 0x00007fffb157a000 	C:\WINDOWS\System32\ole32.dll
0x00007fffb02c0000 - 0x00007fffb0363000 	C:\WINDOWS\System32\msvcp_win.dll
0x00007fffa0ca0000 - 0x00007fffa0cd6000 	C:\WINDOWS\SYSTEM32\WINMM.dll
0x00007fffb0170000 - 0x00007fffb02bc000 	C:\WINDOWS\System32\ucrtbase.dll
0x00007fffb2560000 - 0x00007fffb258b000 	C:\WINDOWS\System32\GDI32.dll
0x00007fffaf9f0000 - 0x00007fffafa17000 	C:\WINDOWS\System32\win32u.dll
0x00007fffafa20000 - 0x00007fffafb4a000 	C:\WINDOWS\System32\gdi32full.dll
0x00007fffb1f00000 - 0x00007fffb20c7000 	C:\WINDOWS\System32\USER32.dll
0x00007fffb0640000 - 0x00007fffb09c3000 	C:\WINDOWS\System32\combase.dll
0x00007fffb1580000 - 0x00007fffb1698000 	C:\WINDOWS\System32\RPCRT4.dll
0x00007fffb1300000 - 0x00007fffb13d9000 	C:\WINDOWS\System32\OLEAUT32.dll
0x00007fffb10c0000 - 0x00007fffb1127000 	C:\WINDOWS\System32\SHLWAPI.dll
0x00007fffb0530000 - 0x00007fffb062a000 	C:\WINDOWS\System32\shcore.dll
0x00007fffb1760000 - 0x00007fffb1ef2000 	C:\WINDOWS\System32\SHELL32.dll
0x00007fffb2590000 - 0x00007fffb2647000 	C:\WINDOWS\System32\ADVAPI32.dll
0x00007fffb2650000 - 0x00007fffb26f9000 	C:\WINDOWS\System32\msvcrt.dll
0x00007fffb0a30000 - 0x00007fffb0ada000 	C:\WINDOWS\System32\sechost.dll
0x00007fffb0d90000 - 0x00007fffb0dc2000 	C:\WINDOWS\System32\IMM32.dll
0x00007fffaff60000 - 0x00007fffb00d8000 	C:\WINDOWS\System32\CRYPT32.dll
0x00007fffb16d0000 - 0x00007fffb1751000 	C:\WINDOWS\System32\WS2_32.dll
0x00007fffaf8e0000 - 0x00007fffaf90a000 	C:\WINDOWS\SYSTEM32\bcrypt.dll
0x00007fffa9440000 - 0x00007fffa944b000 	C:\WINDOWS\SYSTEM32\AVRT.dll
0x00007fffabd30000 - 0x00007fffabd5f000 	C:\WINDOWS\SYSTEM32\dwmapi.dll
0x00007fffa7dc0000 - 0x00007fffa8028000 	C:\WINDOWS\SYSTEM32\DWrite.dll
0x00007fffaf2a0000 - 0x00007fffaf4e2000 	C:\WINDOWS\SYSTEM32\dbghelp.dll
0x00007fffad8e0000 - 0x00007fffad913000 	C:\WINDOWS\SYSTEM32\IPHLPAPI.DLL
0x00007fff00ea0000 - 0x00007fff00eaa000 	C:\WINDOWS\SYSTEM32\WSOCK32.dll
0x00007fffb0430000 - 0x00007fffb04dc000 	C:\WINDOWS\System32\bcryptPrimitives.dll
0x00007fffade90000 - 0x00007fffadeab000 	C:\WINDOWS\SYSTEM32\kernel.appcore.dll
0x00007fffab990000 - 0x00007fffaba39000 	C:\WINDOWS\system32\uxtheme.dll
0x00007fffae440000 - 0x00007fffae4ac000 	C:\WINDOWS\system32\mswsock.dll
0x00007fff215f0000 - 0x00007fff21774000 	C:\WINDOWS\SYSTEM32\vulkan-1.dll
0x00007fffaf670000 - 0x00007fffaf6c1000 	C:\WINDOWS\SYSTEM32\CFGMGR32.dll
0x00007fffabae0000 - 0x00007fffabc1a000 	C:\WINDOWS\system32\dxgi.dll
0x00007fffaf230000 - 0x00007fffaf28e000 	C:\WINDOWS\SYSTEM32\powrprof.dll
0x00007fffaf100000 - 0x00007fffaf114000 	C:\WINDOWS\SYSTEM32\UMPDC.dll
0x00007fff8b470000 - 0x00007fff8b48d000 	C:\WINDOWS\SYSTEM32\windows.staterepositorycore.dll
0x00007fffabfd0000 - 0x00007fffac014000 	C:\WINDOWS\SYSTEM32\dxcore.dll
0x00007fffa3a80000 - 0x00007fffa3adf000 	C:\WINDOWS\SYSTEM32\directxdatabasehelper.dll
0x00007fff1e7e0000 - 0x00007fff1f337000 	C:\Program Files\WindowsApps\Microsoft.D3DMappingLayers_1.2605.1.0_x64__8wekyb3d8bbwe\x64\vulkan_dzn.dll
0x00007fffa3a40000 - 0x00007fffa3a4b000 	C:\WINDOWS\SYSTEM32\VERSION.dll
0x00007fff23ee0000 - 0x00007fff26acb000 	C:\WINDOWS\System32\DriverStore\FileRepository\nvacegpu.inf_amd64_0af8f5d55a9e9293\nvoglv64.dll
0x00007fffb20d0000 - 0x00007fffb2557000 	C:\WINDOWS\System32\SETUPAPI.dll
0x00007fffac690000 - 0x00007fffac6ba000 	C:\WINDOWS\SYSTEM32\WTSAPI32.dll
0x00007fffae130000 - 0x00007fffae17a000 	C:\WINDOWS\SYSTEM32\SspiCli.dll
0x00007fffae9e0000 - 0x00007fffae9f3000 	C:\WINDOWS\SYSTEM32\msasn1.dll
0x00007fffabd70000 - 0x00007fffabdad000 	C:\WINDOWS\SYSTEM32\cryptnet.dll
0x00007fffae730000 - 0x00007fffae8a8000 	C:\WINDOWS\SYSTEM32\drvstore.dll
0x00007fffaf630000 - 0x00007fffaf65f000 	C:\WINDOWS\SYSTEM32\devobj.dll
0x00007fffae8b0000 - 0x00007fffae91a000 	C:\WINDOWS\SYSTEM32\wldp.dll
0x00007fffae940000 - 0x00007fffae94c000 	C:\WINDOWS\SYSTEM32\cryptbase.dll
0x00007fffb00e0000 - 0x00007fffb0163000 	C:\WINDOWS\System32\wintrust.dll
0x00007fffb2700000 - 0x00007fffb2720000 	C:\WINDOWS\System32\imagehlp.dll
0x00007fffaf610000 - 0x00007fffaf62b000 	C:\WINDOWS\SYSTEM32\CRYPTSP.dll
0x00007fffadfb0000 - 0x00007fffadfe9000 	C:\WINDOWS\system32\rsaenh.dll
0x00007fffae4b0000 - 0x00007fffae4e0000 	C:\WINDOWS\SYSTEM32\gpapi.dll
0x00007fffaf910000 - 0x00007fffaf939000 	C:\WINDOWS\SYSTEM32\profapi.dll
0x00007fff15e50000 - 0x00007fff1803b000 	C:\WINDOWS\System32\DriverStore\FileRepository\nvacegpu.inf_amd64_0af8f5d55a9e9293\nvgpucomp64.dll
0x00007fffaf1f0000 - 0x00007fffaf226000 	C:\WINDOWS\SYSTEM32\ntmarta.dll
0x00007ffed4140000 - 0x00007ffed5970000 	C:\WINDOWS\System32\DriverStore\FileRepository\iigd_dch.inf_amd64_438afae43f7267c8\igvk64.dll
0x00007fff9caf0000 - 0x00007fff9d09a000 	C:\WINDOWS\System32\DriverStore\FileRepository\iigd_dch.inf_amd64_438afae43f7267c8\igdgmm64.dll
0x00007fff97810000 - 0x00007fff9c9b7000 	C:\WINDOWS\System32\DriverStore\FileRepository\iigd_dch.inf_amd64_438afae43f7267c8\igc64.dll
0x00007fffb0cd0000 - 0x00007fffb0d7e000 	C:\WINDOWS\System32\clbcatq.dll
0x00007fffaa5c0000 - 0x00007fffaa72a000 	C:\Windows\System32\WinTypes.dll
0x00007fff8ad00000 - 0x00007fff8ad39000 	C:\WINDOWS\SYSTEM32\rometadata.dll
0x00007fff20930000 - 0x00007fff20a9a000 	C:\Program Files\WindowsApps\Microsoft.D3DMappingLayers_1.2605.1.0_x64__8wekyb3d8bbwe\x64\DXIL.dll
0x00007fff74de0000 - 0x00007fff74e03000 	C:\WINDOWS\SYSTEM32\d3d12.dll
0x00007fff1c380000 - 0x00007fff1c6d7000 	C:\WINDOWS\SYSTEM32\D3D12Core.dll
0x00007fffacae0000 - 0x00007fffad366000 	C:\WINDOWS\SYSTEM32\windows.storage.dll
0x00007fff0ab80000 - 0x00007fff0ae51000 	C:\WINDOWS\system32\nvspcap64.dll
0x00007ffeff720000 - 0x00007ffeff76d000 	C:\WINDOWS\SYSTEM32\ControlLib.dll
0x00007fff68670000 - 0x00007fff6871c000 	C:\WINDOWS\System32\DriverStore\FileRepository\iigd_dch.inf_amd64_438afae43f7267c8\IntelControlLib.dll
0x00007fff204b0000 - 0x00007fff20611000 	C:\WINDOWS\System32\DriverStore\FileRepository\iigd_dch.inf_amd64_438afae43f7267c8\igvkMedia64.dll
0x00007fff7ea00000 - 0x00007fff7ff76000 	C:\WINDOWS\System32\DriverStore\FileRepository\iigd_dch.inf_amd64_438afae43f7267c8\igddxvacommon64.dll
0x00007fff7c7c0000 - 0x00007fff7e840000 	C:\WINDOWS\System32\DriverStore\FileRepository\iigd_dch.inf_amd64_438afae43f7267c8\media_bin_64.dll
0x00007fff270f0000 - 0x00007fff271ac000 	C:\WINDOWS\System32\DriverStore\FileRepository\nvacegpu.inf_amd64_0af8f5d55a9e9293\nvldumdx.dll
0x00007ffea50d0000 - 0x00007ffeaa4e0000 	C:\WINDOWS\System32\DriverStore\FileRepository\nvacegpu.inf_amd64_0af8f5d55a9e9293\nvwgf2umx.dll
0x00007fff8eb50000 - 0x00007fff8f287000 	C:\WINDOWS\System32\DriverStore\FileRepository\nvacegpu.inf_amd64_0af8f5d55a9e9293\Display.NvContainer\MessageBus.dll
0x00007fffb0630000 - 0x00007fffb063a000 	C:\WINDOWS\System32\NSI.dll
0x00007fffa69e0000 - 0x00007fffa6a05000 	C:\WINDOWS\SYSTEM32\dhcpcsvc.DLL
0x00007fff1e580000 - 0x00007fff1e660000 	C:\WINDOWS\SYSTEM32\D3DSCache.dll
0x00007fffae4f0000 - 0x00007fffae523000 	C:\WINDOWS\SYSTEM32\USERENV.dll
0x00007fffa90b0000 - 0x00007fffa92d2000 	C:\WINDOWS\SYSTEM32\DComp.DLL
0x00007fffa7cb0000 - 0x00007fffa7cc9000 	C:\WINDOWS\SYSTEM32\Microsoft.Internal.WarpPal.dll
0x00007fff77630000 - 0x00007fff7768c000 	C:\WINDOWS\System32\DriverStore\FileRepository\iigd_dch.inf_amd64_438afae43f7267c8\igd12umd64.dll
0x00007ffeaabe0000 - 0x00007ffeaccc1000 	C:\WINDOWS\System32\DriverStore\FileRepository\iigd_dch.inf_amd64_438afae43f7267c8\igd12um64xel.dll
0x00007fff6a000000 - 0x00007fff6a083000 	C:\WINDOWS\System32\DriverStore\FileRepository\iigd_dch.inf_amd64_438afae43f7267c8\igdext64.dll
0x00007fff1c020000 - 0x00007fff1c375000 	C:\WINDOWS\System32\DriverStore\FileRepository\iigd_dch.inf_amd64_438afae43f7267c8\igd12dxva64.dll
0x00007fff7c100000 - 0x00007fff7c128000 	C:\WINDOWS\System32\DriverStore\FileRepository\iigd_dch.inf_amd64_438afae43f7267c8\igdinfo64.dll
0x00007fff5c300000 - 0x00007fff5c8ae000 	C:\WINDOWS\SYSTEM32\d3d10warp.dll
0x00007fffb0b70000 - 0x00007fffb0ccd000 	C:\WINDOWS\System32\MSCTF.dll
0x00007fffab290000 - 0x00007fffab396000 	C:\WINDOWS\SYSTEM32\PROPSYS.dll
0x00007fffad390000 - 0x00007fffad39f000 	C:\WINDOWS\SYSTEM32\hid.dll
0x00007fff974f0000 - 0x00007fff9750b000 	C:\WINDOWS\SYSTEM32\XInput1_4.dll
0x00007fff81100000 - 0x00007fff812e4000 	C:\WINDOWS\SYSTEM32\inputhost.dll
0x00007fffa9490000 - 0x00007fffa95b6000 	C:\WINDOWS\SYSTEM32\CoreMessaging.dll
0x00007fff78540000 - 0x00007fff7858b000 	C:\Windows\System32\dinput8.dll
0x00007fff84280000 - 0x00007fff843c7000 	C:\WINDOWS\SYSTEM32\textinputframework.dll
0x00007fff77aa0000 - 0x00007fff77b47000 	C:\WINDOWS\System32\DriverStore\FileRepository\nvacegpu.inf_amd64_0af8f5d55a9e9293\NvCamera\NvCameraAllowlisting64.dll
0x00007fff8a380000 - 0x00007fff8a40f000 	C:\Windows\System32\DispBroker.dll
0x00007fff9d770000 - 0x00007fff9df12000 	C:\WINDOWS\SYSTEM32\nvapi64.dll
0x00007fffa6a10000 - 0x00007fffa6ab4000 	C:\WINDOWS\System32\MMDevApi.dll
0x00007fff8a150000 - 0x00007fff8a307000 	C:\WINDOWS\SYSTEM32\AUDIOSES.DLL
0x00007fffac950000 - 0x00007fffac964000 	C:\WINDOWS\SYSTEM32\resourcepolicyclient.dll
0x00007fff1e6d0000 - 0x00007fff1e7dc000 	C:\WINDOWS\SYSTEM32\opengl32.dll
0x00007fff79060000 - 0x00007fff7908d000 	C:\WINDOWS\SYSTEM32\GLU32.dll
0x00007ffed39e0000 - 0x00007ffed4135000 	C:\WINDOWS\System32\DriverStore\FileRepository\nvacegpu.inf_amd64_0af8f5d55a9e9293\nvppex.dll
0x00007fffad7c0000 - 0x00007fffad822000 	C:\WINDOWS\SYSTEM32\WINSTA.dll
0x00007fffa8030000 - 0x00007fffa8290000 	C:\WINDOWS\system32\d3d11.dll
0x00007fffab440000 - 0x00007fffab4e0000 	C:\WINDOWS\SYSTEM32\apphelp.dll
0x00007fff9e310000 - 0x00007fff9f423000 	C:\WINDOWS\System32\DriverStore\FileRepository\iigd_dch.inf_amd64_438afae43f7267c8\igd10um64xe.DLL
0x00007ffed2cc0000 - 0x00007ffed39dd000 	C:\Program Files\Java\jdk-21\bin\server\jvm.dll
0x00007fff94e80000 - 0x00007fff94e8c000 	C:\WINDOWS\SYSTEM32\VCRUNTIME140_1.dll
0x00007fff95020000 - 0x00007fff9503e000 	C:\WINDOWS\SYSTEM32\VCRUNTIME140.dll
0x00007fff8d670000 - 0x00007fff8d67a000 	C:\Program Files\Java\jdk-21\bin\jimage.dll
0x00007fffaf120000 - 0x00007fffaf15b000 	C:\WINDOWS\SYSTEM32\dbgcore.DLL
0x00007fff78bf0000 - 0x00007fff78c0f000 	C:\Program Files\Java\jdk-21\bin\java.dll
0x00007ffefb4d0000 - 0x00007ffefb5a7000 	C:\Program Files\Java\jdk-21\bin\jsvml.dll
0x00007fff79050000 - 0x00007fff79060000 	C:\Program Files\Java\jdk-21\bin\net.dll
0x00007fffa6810000 - 0x00007fffa6939000 	C:\WINDOWS\SYSTEM32\WINHTTP.dll
0x00007fff78bd0000 - 0x00007fff78be6000 	C:\Program Files\Java\jdk-21\bin\nio.dll
0x00007fff78a80000 - 0x00007fff78a98000 	C:\Program Files\Java\jdk-21\bin\zip.dll
0x00007fff68c10000 - 0x00007fff68c6c000 	C:\WINDOWS\system32\dataexchange.dll
0x00007fffaa740000 - 0x00007fffaa98f000 	C:\WINDOWS\system32\twinapi.appcore.dll

dbghelp: loaded successfully - version: 4.0.5 - missing functions: none
symbol engine: initialized successfully - sym options: 0x614 - pdb path: .;D:\Godot;C:\WINDOWS\SYSTEM32;C:\Program Files\WindowsApps\Microsoft.D3DMappingLayers_1.2605.1.0_x64__8wekyb3d8bbwe\x64;C:\WINDOWS\System32\DriverStore\FileRepository\nvacegpu.inf_amd64_0af8f5d55a9e9293;C:\WINDOWS\System32\DriverStore\FileRepository\iigd_dch.inf_amd64_438afae43f7267c8;C:\WINDOWS\System32\DriverStore\FileRepository\nvacegpu.inf_amd64_0af8f5d55a9e9293\Display.NvContainer;C:\WINDOWS\System32\DriverStore\FileRepository\nvacegpu.inf_amd64_0af8f5d55a9e9293\NvCamera;C:\Program Files\Java\jdk-21\bin\server;C:\Program Files\Java\jdk-21\bin

VM Arguments:
java_command: <unknown>
java_class_path (initial): <not set>
Launcher Type: generic

[Global flags]
     intx CICompilerCount                          = 12                                        {product} {ergonomic}
     uint ConcGCThreads                            = 3                                         {product} {ergonomic}
     uint G1ConcRefinementThreads                  = 13                                        {product} {ergonomic}
   size_t G1HeapRegionSize                         = 2097152                                   {product} {ergonomic}
    uintx GCDrainStackTargetSize                   = 64                                        {product} {ergonomic}
   size_t InitialHeapSize                          = 264241152                                 {product} {ergonomic}
   size_t MarkStackSize                            = 4194304                                   {product} {ergonomic}
   size_t MaxHeapSize                              = 4217372672                                {product} {ergonomic}
   size_t MaxNewSize                               = 2529165312                                {product} {ergonomic}
   size_t MinHeapDeltaBytes                        = 2097152                                   {product} {ergonomic}
   size_t MinHeapSize                              = 8388608                                   {product} {ergonomic}
    uintx NonNMethodCodeHeapSize                   = 7602480                                {pd product} {ergonomic}
    uintx NonProfiledCodeHeapSize                  = 122027880                              {pd product} {ergonomic}
    uintx ProfiledCodeHeapSize                     = 122027880                              {pd product} {ergonomic}
    uintx ReservedCodeCacheSize                    = 251658240                              {pd product} {ergonomic}
     bool SegmentedCodeCache                       = true                                      {product} {ergonomic}
   size_t SoftMaxHeapSize                          = 4217372672                             {manageable} {ergonomic}
     bool UseCompressedOops                        = true                           {product lp64_product} {ergonomic}
     bool UseG1GC                                  = true                                      {product} {ergonomic}
     bool UseLargePagesIndividualAllocation        = false                                  {pd product} {ergonomic}

Logging:
Log output configuration:
 #0: stdout all=warning uptime,level,tags foldmultilines=false
 #1: stderr all=off uptime,level,tags foldmultilines=false

Environment Variables:
JAVA_HOME=C:\Program Files\Java\jdk-21
PATH=C:\Program Files\Eclipse Adoptium\jdk-25.0.2.10-hotspot\bin;C:\Program Files\Common Files\Oracle\Java\javapath;C:\MinGW\bin;C:\Windows;C:\Windows\System32\Wbem;C:\Windows\System32\WindowsPowerShell\v1.0\;C:\Windows\System32\OpenSSH\;C:\Program Files (x86)\NVIDIA Corporation\PhysX\Common;C:\Program Files\NVIDIA Corporation\NVIDIA NvDLISR;C:\Program Files\Microsoft SQL Server\150\Tools\Binn\;C:\Program Files\Microsoft SQL Server\Client SDK\ODBC\170\Tools\Binn\;C:\Program Files\dotnet\;C:\Program Files (x86)\Windows Kits\10\Windows Performance Toolkit\;C:\Users\ADMIN\Downloads\winlibs-x86_64-posix-seh-gcc-12.1.0-mingw-w64msvcrt-10.0.0-r3.zip\mingw64\bin;C:\Program Files\nodejs\;C:\ProgramData\chocolatey\bin;C:\WINDOWS\system32;C:\WINDOWS;C:\WINDOWS\System32\Wbem;C:\WINDOWS\System32\WindowsPowerShell\v1.0\;C:\WINDOWS\System32\OpenSSH\;D:\Git\cmd;C:\Program Files\Java\jdk-21\bin;C:\Program Files (x86)\Microsoft SQL Server\170\Tools\Binn\;C:\Program Files\Microsoft SQL Server\170\Tools\Binn\;C:\Program Files\Microsoft SQL Server\Client SDK\ODBC\180\Tools\Binn\;C:\Program Files\Microsoft SQL Server\170\DTS\Binn\;C:\Program Files (x86)\Microsoft SQL Server\160\DTS\Binn\;C:\Users\ADMIN\AppData\Local\Microsoft\WindowsApps;C:\Users\ADMIN\.dotnet\tools;C:\TDM-GCC-64\bin;C:\Microsoft VS Code\bin;C:\Users\ADMIN\AppData\Roaming\npm;C:\Git\bin;C:\Users\ADMIN\anaconda3\Lib\site-packages\pyarrow\src\arrow\python;C:\Users\ADMIN\AppData\Local\Programs\Microsoft VS Code\bin;D:\Antigravity\bin;C:\Users\ADMIN\AppData\Local\Programs\Antigravity IDE\bin;D:\Antigravity IDE\bin
USERNAME=ADMIN
OS=Windows_NT
PROCESSOR_IDENTIFIER=Intel64 Family 6 Model 186 Stepping 2, GenuineIntel
TMP=C:\Users\ADMIN\AppData\Local\Temp
TEMP=C:\Users\ADMIN\AppData\Local\Temp




Periodic native trim disabled

---------------  S Y S T E M  ---------------

OS:
 Windows 11 , 64 bit Build 26100 (10.0.26100.8553)
OS uptime: 0 days 14:00 hours
Hyper-V role detected

CPU: total 16 (initial active 16) (8 cores per cpu, 2 threads per core) family 6 model 186 stepping 2 microcode 0x5105, cx8, cmov, fxsr, ht, mmx, 3dnowpref, sse, sse2, sse3, ssse3, sse4.1, sse4.2, popcnt, lzcnt, tsc, tscinvbit, avx, avx2, aes, erms, clmul, bmi1, bmi2, adx, sha, fma, vzeroupper, clflush, clflushopt, clwb, hv, serialize, rdtscp, rdpid, fsrm, f16c, cet_ibt, cet_ss
Processor Information for processor 0
  Max Mhz: 2400, Current Mhz: 1520, Mhz Limit: 2400
Processor Information for processor 1
  Max Mhz: 2400, Current Mhz: 1520, Mhz Limit: 2400
Processor Information for processor 2
  Max Mhz: 2400, Current Mhz: 1520, Mhz Limit: 2400
Processor Information for processor 3
  Max Mhz: 2400, Current Mhz: 1520, Mhz Limit: 2400
Processor Information for processor 4
  Max Mhz: 2400, Current Mhz: 1520, Mhz Limit: 2400
Processor Information for processor 5
  Max Mhz: 2400, Current Mhz: 2400, Mhz Limit: 2400
Processor Information for processor 6
  Max Mhz: 2400, Current Mhz: 2400, Mhz Limit: 2400
Processor Information for processor 7
  Max Mhz: 2400, Current Mhz: 1520, Mhz Limit: 2400
Processor Information for processor 8
  Max Mhz: 2400, Current Mhz: 1520, Mhz Limit: 2400
Processor Information for processor 9
  Max Mhz: 2400, Current Mhz: 1520, Mhz Limit: 2400
Processor Information for processor 10
  Max Mhz: 2400, Current Mhz: 1520, Mhz Limit: 2400
Processor Information for processor 11
  Max Mhz: 2400, Current Mhz: 1520, Mhz Limit: 2400
Processor Information for processor 12
  Max Mhz: 2400, Current Mhz: 1466, Mhz Limit: 2400
Processor Information for processor 13
  Max Mhz: 2400, Current Mhz: 1466, Mhz Limit: 2400
Processor Information for processor 14
  Max Mhz: 2400, Current Mhz: 1466, Mhz Limit: 2400
Processor Information for processor 15
  Max Mhz: 2400, Current Mhz: 1466, Mhz Limit: 2400

Memory: 4k page, system-wide physical 16087M (2926M free)
TotalPageFile size 22259M (AvailPageFile size 1858M)
current process WorkingSet (physical memory assigned to process): 691M, peak: 691M
current process commit charge ("private bytes"): 950M, peak: 950M

vm_info: Java HotSpot(TM) 64-Bit Server VM (21.0.9+7-LTS-338) for windows-amd64 JRE (21.0.9+7-LTS-338), built on 2025-09-26T06:33:49Z by "mach5run" with MS VC++ 17.6 (VS2022)

END.
