#
# A fatal error has been detected by the Java Runtime Environment:
#
#  EXCEPTION_ACCESS_VIOLATION (0xc0000005) at pc=0x00007ff6e15e0601, pid=8608, tid=22556
#
# JRE version: Java(TM) SE Runtime Environment (21.0.9+7) (build 21.0.9+7-LTS-338)
# Java VM: Java HotSpot(TM) 64-Bit Server VM (21.0.9+7-LTS-338, mixed mode, sharing, tiered, compressed oops, compressed class ptrs, g1 gc, windows-amd64)
# Problematic frame:
# C  [godot.windows.editor.x86_64.jvm.0.14.3.exe+0x3420601]  Node2D::get_global_position+0x181
#
# No core dump will be written. Minidumps are not enabled by default on client versions of Windows
#
# If you would like to submit a bug report, please visit:
#   https://bugreport.java.com/bugreport/crash.jsp
# The crash happened outside the Java Virtual Machine in native code.
# See problematic frame for where to report the bug.
#

---------------  S U M M A R Y ------------

Command Line: 

Host: 13th Gen Intel(R) Core(TM) i7-13620H, 16 cores, 15G,  Windows 11 , 64 bit Build 26100 (10.0.26100.8553)
Time: Thu Jun  4 19:27:46 2026 SE Asia Standard Time elapsed time: 20.453861 seconds (0d 0h 0m 20s)

---------------  T H R E A D  ---------------

Current thread (0x000001f626679780):  JavaThread "main"             [_thread_in_native, id=22556, stack(0x00000095b0600000,0x00000095b0e00000) (8192K)]

Stack: [0x00000095b0600000,0x00000095b0e00000],  sp=0x00000095b0dfde30,  free space=8183k
Native frames: (J=compiled Java code, j=interpreted, Vv=VM code, C=native code)
C  [godot.windows.editor.x86_64.jvm.0.14.3.exe+0x3420601]  Node2D::get_global_position+0x181  (node_2d.cpp:291)
C  [godot.windows.editor.x86_64.jvm.0.14.3.exe+0x341ff02]  MethodBindTRC<Node2D,Vector2>::call+0x222  (method_bind.h:608)
C  [godot.windows.editor.x86_64.jvm.0.14.3.exe+0xe50a38]  TransferContext::icall+0x5c8  (transfer_context.cpp:112)
C  0x000001f637652e13

The last pc belongs to native nmethod (printed below).
Java frames: (J=compiled Java code, j=interpreted, Vv=VM code)
J 1115  godot.internal.memory.TransferContext.icall(JJI)V (0 bytes) @ 0x000001f637652d78 [0x000001f637652d20+0x0000000000000058]
J 1353 c2 godot.internal.memory.TransferContext.callMethod(JJLgodot/common/interop/VariantConverter;)V (21 bytes) @ 0x000001f63766141c [0x000001f6376613a0+0x000000000000007c]
J 1355 c1 godot.api.Node2D.getGlobalPosition()Lgodot/core/Vector2; (54 bytes) @ 0x000001f62fca2724 [0x000001f62fca2540+0x00000000000001e4]
j  game.items.weapons.Weapon.getClosestTarget()Lgodot/api/Node2D;+40
J 1327 c1 game.items.weapons.Weapon._process(D)V (51 bytes) @ 0x000001f62fc96c94 [0x000001f62fc96a80+0x0000000000000214]
J 1325 c1 godot.entry.WeaponRegistrar$register$1$1$2.invoke(Ljava/lang/Object;Ljava/lang/Object;)Ljava/lang/Object; (19 bytes) @ 0x000001f62fc9599c [0x000001f62fc95380+0x000000000000061c]
J 1200 c1 godot.core.KtFunction1.invokeKt$godot_core_library(Lgodot/core/KtObject;)Ljava/lang/Object; (25 bytes) @ 0x000001f62fc61ca4 [0x000001f62fc61400+0x00000000000008a4]
J 1197 c1 godot.core.KtFunction.invoke(Lgodot/core/KtObject;)V (79 bytes) @ 0x000001f62fc5e384 [0x000001f62fc5dac0+0x00000000000008c4]
v  ~StubRoutines::call_stub 0x000001f636e8100d

siginfo: EXCEPTION_ACCESS_VIOLATION (0xc0000005), reading address 0x00000000000002b8


Registers:
RAX=0x0000000000000000, RBX=0x000001f68e1d0dd0, RCX=0x000001f68e1d0dd0, RDX=0x00000095b0dfde88
RSP=0x00000095b0dfde30, RBP=0x00000095b0dfdf39, RSI=0x000001f6062a9970, RDI=0x00000095b0dfdf10
R8 =0x0000000000000000, R9 =0x00007ff6e15e0480, R10=0x00007ffe5d7587c0, R11=0x00000095b0dfe2b8
R12=0x000001f68e1d0dd0, R13=0x000001f61ea4a290, R14=0x0000000000000000, R15=0x00000095b0dfdff8
RIP=0x00007ff6e15e0601, EFLAGS=0x0000000000010202


Register to memory mapping:

RAX=0x0 is null
RBX=0x000001f68e1d0dd0 points into unknown readable memory: 0x00015ea100006847 | 47 68 00 00 a1 5e 01 00
RCX=0x000001f68e1d0dd0 points into unknown readable memory: 0x00015ea100006847 | 47 68 00 00 a1 5e 01 00
RDX=0x00000095b0dfde88 is pointing into the stack for thread: 0x000001f626679780
RSP=0x00000095b0dfde30 is pointing into the stack for thread: 0x000001f626679780
RBP=0x00000095b0dfdf39 is pointing into the stack for thread: 0x000001f626679780
RSI=0x000001f6062a9970 points into unknown readable memory: 0x0000000000000000 | 00 00 00 00 00 00 00 00
RDI=0x00000095b0dfdf10 is pointing into the stack for thread: 0x000001f626679780
R8 =0x0 is null
R9 =0x00007ff6e15e0480 godot.windows.editor.x86_64.jvm.0.14.3.exe::Node2D::get_global_position + 0x0
R10=0x00007ffe5d7587c0 jvm.dll
R11=0x00000095b0dfe2b8 is pointing into the stack for thread: 0x000001f626679780
R12=0x000001f68e1d0dd0 points into unknown readable memory: 0x00015ea100006847 | 47 68 00 00 a1 5e 01 00
R13=0x000001f61ea4a290 points into unknown readable memory: 0x00007ff6e61bf998 | 98 f9 1b e6 f6 7f 00 00
R14=0x0 is null
R15=0x00000095b0dfdff8 is pointing into the stack for thread: 0x000001f626679780

Top of Stack: (sp=0x00000095b0dfde30)
0x00000095b0dfde30:   000001f68e1ef4c4 00007ff6e2876ff6
0x00000095b0dfde40:   000001f68d0ecd30 000001f6062a9970
0x00000095b0dfde50:   000001f60a61d7a0 00007ff6e15e14c3
0x00000095b0dfde60:   0000000000000000 00007ff6e15e1177
0x00000095b0dfde70:   000000000000191c 00007ff6e15de6b2
0x00000095b0dfde80:   000001f68e1ef010 be7a4248bedf55d1
0x00000095b0dfde90:   bedf55d13e7a4248 4268000042b20000
0x00000095b0dfdea0:   000018b445676eaf 0000000000000000
0x00000095b0dfdeb0:   00000095b0dfe010 00007ff6e15dff02
0x00000095b0dfdec0:   000001f6062a9970 00007ff6e15e4afc
0x00000095b0dfded0:   00007ff6e3b94498 0000000000000000
0x00000095b0dfdee0:   00007ff6e3b94498 00000095b0dfdf59
0x00000095b0dfdef0:   000001f60a61d7a0 0000001800000010
0x00000095b0dfdf00:   3f80000000000000 00000095b0dfe028
0x00000095b0dfdf10:   4268000042b20000 00007ff6e15de6b2
0x00000095b0dfdf20:   000001f600000000 0000000000000000
0x00000095b0dfdf30:   00000095b0dfe010 00007ff6df00dc77
0x00000095b0dfdf40:   000018b445676e5f 00000095b0dfe068
0x00000095b0dfdf50:   00000000000001c0 00007ff6de1c0000
0x00000095b0dfdf60:   0000000000000000 0000000000000000
0x00000095b0dfdf70:   000001f61ea4a290 000001f6062aab40
0x00000095b0dfdf80:   00000095b0dfe090 00007ff6df010a38
0x00000095b0dfdf90:   000001f688481208 0000000705e49148
0x00000095b0dfdfa0:   000001f61ea49a10 000001f6062a9f40
0x00000095b0dfdfb0:   3f4ccccd00000000 00000095b0dfdff8
0x00000095b0dfdfc0:   00000000000001c0 000001f6062a9f40
0x00000095b0dfdfd0:   00007ff6de1c0000 0000000000000000
0x00000095b0dfdfe0:   0000000000000000 000001f61ea4a290
0x00000095b0dfdff0:   000001f68e1d0dd0 0000000000000000
0x00000095b0dfe000:   0000000000000000 000001f626679b40
0x00000095b0dfe010:   bf4ccccd00000000 0000000000000000
0x00000095b0dfe020:   0000000000000000 00000095b0dfe068 

Instructions: (pc=0x00007ff6e15e0601)
0x00007ff6e15e0501:   ff 48 8b d8 48 c7 44 24 60 80 00 00 00 48 8d 05
0x00007ff6e15e0511:   0b 53 ac 04 33 f6 48 8d 54 24 58 48 89 44 24 58
0x00007ff6e15e0521:   48 8d 4c 24 40 48 89 74 24 40 e8 70 a5 a4 01 4c
0x00007ff6e15e0531:   8b c3 48 8d 54 24 40 48 8d 4c 24 48 e8 3e 99 bf
0x00007ff6e15e0541:   fc 89 74 24 30 4c 8d 0d 03 2b b5 04 40 88 74 24
0x00007ff6e15e0551:   28 48 8d 15 2f ee bd 04 41 b8 22 01 00 00 48 89
0x00007ff6e15e0561:   44 24 20 48 8d 0d fd ef bd 04 e8 80 33 a4 01 48
0x00007ff6e15e0571:   8d 4c 24 48 e8 86 8e bf fc 48 8b 44 24 40 48 85
0x00007ff6e15e0581:   c0 74 6d 48 8d 48 f0 8b d6 48 0f 45 d1 48 c7 c0
0x00007ff6e15e0591:   ff ff ff ff f0 48 0f c1 02 48 83 f8 01 75 51 48
0x00007ff6e15e05a1:   8b 4c 24 40 33 d2 48 83 c1 f0 48 89 74 24 40 e8
0x00007ff6e15e05b1:   7b 43 a4 01 48 39 74 24 40 74 35 89 74 24 30 48
0x00007ff6e15e05c1:   8d 05 09 30 5b 02 40 88 74 24 28 4c 8d 0d 45 30
0x00007ff6e15e05d1:   5b 02 41 b8 0e 01 00 00 48 89 44 24 20 48 8d 15
0x00007ff6e15e05e1:   eb 2e 5b 02 48 8d 0d 54 30 5b 02 e8 3f 30 a4 01
0x00007ff6e15e05f1:   48 89 37 eb 18 48 8b 03 48 8d 54 24 58 48 8b cb
0x00007ff6e15e0601:   ff 90 b8 02 00 00 48 8b 40 10 48 89 07 48 8b c7
0x00007ff6e15e0611:   48 8b 4c 24 70 48 33 cc e8 c2 f2 50 02 4c 8d 9c
0x00007ff6e15e0621:   24 80 00 00 00 49 8b 5b 20 49 8b 73 28 49 8b e3
0x00007ff6e15e0631:   5f c3 cc cc cc cc cc cc cc cc cc cc cc cc cc 48
0x00007ff6e15e0641:   89 5c 24 10 57 48 81 ec 80 00 00 00 48 8b 05 ac
0x00007ff6e15e0651:   8e a7 05 48 33 c4 48 89 44 24 70 65 48 8b 04 25
0x00007ff6e15e0661:   58 00 00 00 48 8b d9 8b 0d 5a 24 e1 05 48 8b 3c
0x00007ff6e15e0671:   c8 b8 1c 19 00 00 80 3c 38 00 75 05 e8 4e f3 50
0x00007ff6e15e0681:   02 b8 f0 12 00 00 48 83 3c 38 00 0f 85 1c 01 00
0x00007ff6e15e0691:   00 e8 f9 15 cc 01 84 c0 0f 85 0f 01 00 00 48 83
0x00007ff6e15e06a1:   bb 48 02 00 00 00 0f 84 01 01 00 00 48 8d 54 24
0x00007ff6e15e06b1:   50 48 8b cb e8 b6 e2 55 ff 48 8b d8 48 c7 44 24
0x00007ff6e15e06c1:   60 80 00 00 00 48 8d 05 53 51 ac 04 33 ff 48 8d
0x00007ff6e15e06d1:   54 24 58 48 89 44 24 58 48 8d 4c 24 40 48 89 7c
0x00007ff6e15e06e1:   24 40 e8 b8 a3 a4 01 4c 8b c3 48 8d 54 24 40 48
0x00007ff6e15e06f1:   8d 4c 24 48 e8 86 97 bf fc 89 7c 24 30 4c 8d 0d 


Stack slot to memory mapping:

stack at sp + 0 slots: 0x000001f68e1ef4c4 points into unknown readable memory: cd cc 4c 3f
stack at sp + 1 slots: 0x00007ff6e2876ff6 godot.windows.editor.x86_64.jvm.0.14.3.exe::RenderingServerDefault::canvas_item_set_transform + 0xa6
stack at sp + 2 slots: 0x000001f68d0ecd30 points into unknown readable memory: 0x00007ff6e465adf8 | f8 ad 65 e4 f6 7f 00 00
stack at sp + 3 slots: 0x000001f6062a9970 points into unknown readable memory: 0x0000000000000000 | 00 00 00 00 00 00 00 00
stack at sp + 4 slots: 0x000001f60a61d7a0 points into unknown readable memory: 0x00007ff6e63fe458 | 58 e4 3f e6 f6 7f 00 00
stack at sp + 5 slots: 0x00007ff6e15e14c3 godot.windows.editor.x86_64.jvm.0.14.3.exe::Node2D::get_scale + 0x53
stack at sp + 6 slots: 0x0 is null
stack at sp + 7 slots: 0x00007ff6e15e1177 godot.windows.editor.x86_64.jvm.0.14.3.exe::Node2D::get_rotation + 0x47


Compiled method (n/a)   20775 1115     n 0       godot.internal.memory.TransferContext::icall (native)
 total in heap  [0x000001f637652b90,0x000001f637652f40] = 944
 relocation     [0x000001f637652cf0,0x000001f637652d20] = 48
 main code      [0x000001f637652d20,0x000001f637652f37] = 535
 stub code      [0x000001f637652f37,0x000001f637652f38] = 1
 oops           [0x000001f637652f38,0x000001f637652f40] = 8

[Constant Pool (empty)]

[MachCode]
[Entry Point]
  # {method} {0x000001f68846c0b8} 'icall' '(JJI)V' in 'godot/internal/memory/TransferContext'
  # this:     rdx:rdx   = 'godot/internal/memory/TransferContext'
  # parm0:    r8:r8     = long
  # parm1:    r9:r9     = long
  # parm2:    rdi       = int
  #           [sp+0x70]  (sp of caller)
  0x000001f637652d20: 448b 5208 | 49bb 0000 | 0047 f601 | 0000 4d03 | d349 3bc2 | 0f84 0600 

  0x000001f637652d38: ;   {runtime_call ic_miss_stub}
  0x000001f637652d38: 0000 e941 | ba87 ff90 
[Verified Entry Point]
  0x000001f637652d40: 8984 2400 | 80ff ff55 | 488b ec48 | 83ec 6090 | 4181 7f20 | 0300 0000 

  0x000001f637652d58: ;   {runtime_call StubRoutines (final stubs)}
  0x000001f637652d58: 7405 e801 | 2086 ff48 | 897c 2420 | 4889 5424 | 2848 83fa | 0048 8d54 | 2428 480f | 4454 2428 
  0x000001f637652d78: ;   {internal_word}
  0x000001f637652d78: c5f8 7749 | ba78 2d65 | 37f6 0100 | 004d 8997 | a803 0000 | 4989 a7a0 

  0x000001f637652d90: ;   {external_word}
  0x000001f637652d90: 0300 0049 | bac0 8775 | 5dfe 7f00 | 0041 803a | 000f 844e | 0000 0052 | 4150 4151 

  0x000001f637652dac: ;   {metadata({method} {0x000001f68846c0b8} 'icall' '(JJI)V' in 'godot/internal/memory/TransferContext')}
  0x000001f637652dac: 48ba b0c0 | 4688 f601 | 0000 498b | cf48 83ec | 2040 f6c4 | 0f0f 8419 | 0000 0048 

  0x000001f637652dc8: ;   {runtime_call}
  0x000001f637652dc8: 83ec 0848 | b890 1e26 | 5dfe 7f00 | 00ff d048 | 83c4 08e9 | 0c00 0000 

  0x000001f637652de0: ;   {runtime_call}
  0x000001f637652de0: 48b8 901e | 265d fe7f | 0000 ffd0 | 4883 c420 | 4159 4158 | 5a49 8d8f | c003 0000 | 41c7 874c 
  0x000001f637652e00: 0400 0004 

  0x000001f637652e04: ;   {runtime_call TransferContext::icall}
  0x000001f637652e04: 0000 0048 | b870 0401 | dff6 7f00 | 00ff d0c5 | f877 41c7 | 874c 0400 | 0005 0000 | 00f0 8344 
  0x000001f637652e24: 24c0 0049 | 3baf 5004 | 0000 0f87 | 0e00 0000 | 4183 bf48 | 0400 0000 | 0f84 2300 | 0000 c5f8 
  0x000001f637652e44: 7749 8bcf | 4c8b e448 | 83ec 2048 

  0x000001f637652e50: ;   {runtime_call}
  0x000001f637652e50: 83e4 f048 | b860 cbf1 | 5cfe 7f00 | 00ff d049 | 8be4 4d33 | e441 c787 | 4c04 0000 | 0800 0000 
  0x000001f637652e70: 4183 bfc8 | 0400 0002 | 0f84 9400 

  0x000001f637652e7c: ;   {external_word}
  0x000001f637652e7c: 0000 49ba | c087 755d | fe7f 0000 | 4180 3a00 | 0f84 4400 

  0x000001f637652e90: ;   {metadata({method} {0x000001f68846c0b8} 'icall' '(JJI)V' in 'godot/internal/memory/TransferContext')}
  0x000001f637652e90: 0000 48ba | b0c0 4688 | f601 0000 | 498b cf48 | 83ec 2040 | f6c4 0f0f | 8419 0000 | 0048 83ec 
  0x000001f637652eb0: ;   {runtime_call}
  0x000001f637652eb0: 0848 b890 | 1e26 5dfe | 7f00 00ff | d048 83c4 | 08e9 0c00 

  0x000001f637652ec4: ;   {runtime_call}
  0x000001f637652ec4: 0000 48b8 | 901e 265d | fe7f 0000 | ffd0 4883 | c420 49c7 | 87a0 0300 | 0000 0000 | 0049 c787 
  0x000001f637652ee4: a803 0000 | 0000 0000 | c5f8 7749 | 8b8f 3004 | 0000 c781 | 0001 0000 | 0000 0000 | c949 837f 
  0x000001f637652f04: 0800 0f85 | 0100 0000 

  0x000001f637652f0c: ;   {runtime_call StubRoutines (initial stubs)}
  0x000001f637652f0c: c3e9 eedf | 82ff c5f8 | 774c 8be4 | 4883 ec20 | 4883 e4f0 

  0x000001f637652f20: ;   {runtime_call}
  0x000001f637652f20: 48b8 4056 | 265d fe7f | 0000 ffd0 | 498b e44d | 33e4 e947 | ffff fff4 
[/MachCode]


Compiled method (c2)   20781 1353       4       godot.internal.memory.TransferContext::callMethod (21 bytes)
 total in heap  [0x000001f637661210,0x000001f6376615a8] = 920
 relocation     [0x000001f637661370,0x000001f6376613a0] = 48
 main code      [0x000001f6376613a0,0x000001f637661488] = 232
 stub code      [0x000001f637661488,0x000001f6376614b0] = 40
 oops           [0x000001f6376614b0,0x000001f6376614c0] = 16
 metadata       [0x000001f6376614c0,0x000001f6376614d0] = 16
 scopes data    [0x000001f6376614d0,0x000001f637661520] = 80
 scopes pcs     [0x000001f637661520,0x000001f637661570] = 80
 dependencies   [0x000001f637661570,0x000001f637661578] = 8
 handler table  [0x000001f637661578,0x000001f6376615a8] = 48

[Constant Pool (empty)]

[MachCode]
[Entry Point]
  # {method} {0x000001f68846bf28} 'callMethod' '(JJLgodot/common/interop/VariantConverter;)V' in 'godot/internal/memory/TransferContext'
  # this:     rdx:rdx   = 'godot/internal/memory/TransferContext'
  # parm0:    r8:r8     = long
  # parm1:    r9:r9     = long
  # parm2:    rdi:rdi   = 'godot/common/interop/VariantConverter'
  #           [sp+0x40]  (sp of caller)
  0x000001f6376613a0: 448b 5208 | 49bb 0000 | 0047 f601 | 0000 4d03 | d349 3bc2 

  0x000001f6376613b4: ;   {runtime_call ic_miss_stub}
  0x000001f6376613b4: 0f85 c6d3 | 86ff 6690 | 0f1f 4000 
[Verified Entry Point]
  0x000001f6376613c0: 8984 2400 | 80ff ff55 | 4883 ec30 | 4181 7f20 | 0300 0000 | 0f85 9e00 | 0000 4c89 | 4c24 084c 
  0x000001f6376613e0: 8904 2448 | 8bea 4885 | ff74 4c48 | 8bd7 6666 | 9048 b8c0 | d7c3 8df6 

  0x000001f6376613f8: ;   {virtual_call}
  0x000001f6376613f8: 0100 00e8 

  0x000001f6376613fc: ; ImmutableOopMap {rbp=Oop }
                      ;*invokeinterface getId {reexecute=0 rethrow=0 return_oop=0}
                      ; - godot.internal.memory.TransferContext::callMethod@12 (line 82)
  0x000001f6376613fc: 20bd 93ff 

  0x000001f637661400: ;   {other}
  0x000001f637661400: 0f1f 8400 | f001 0000 | 488b d54c | 8b04 244c | 8b4c 2408 

  0x000001f637661414: ;   {optimized virtual_call}
  0x000001f637661414: 8bf8 90e8 

  0x000001f637661418: ; ImmutableOopMap {}
                      ;*invokespecial icall {reexecute=0 rethrow=0 return_oop=0}
                      ; - godot.internal.memory.TransferContext::callMethod@17 (line 79)
  0x000001f637661418: 2419 ffff 

  0x000001f63766141c: ;   {other}
  0x000001f63766141c: 0f1f 8400 | 0c02 0001 | 4883 c430 

  0x000001f637661428: ;   {poll_return}
  0x000001f637661428: 5d49 3ba7 | 5004 0000 | 0f87 2c00 | 0000 c3ba | 45ff ffff | 4889 7c24 

  0x000001f637661440: ;   {runtime_call UncommonTrapBlob}
  0x000001f637661440: 1866 90e8 

  0x000001f637661444: ; ImmutableOopMap {rbp=Oop [24]=Oop }
                      ;*ifnonnull {reexecute=1 rethrow=0 return_oop=0}
                      ; - (reexecute) kotlin.jvm.internal.Intrinsics::checkNotNullParameter@1 (line 130)
                      ; - godot.internal.memory.TransferContext::callMethod@4
  0x000001f637661444: b831 87ff 

  0x000001f637661448: ;   {other}
  0x000001f637661448: 0f1f 8400 | 3802 0002 | 488b d0eb | 0348 8bd0 | 4883 c430 

  0x000001f63766145c: ;   {runtime_call _rethrow_Java}
  0x000001f63766145c: 5de9 1e4b 

  0x000001f637661460: ;   {internal_word}
  0x000001f637661460: 94ff 49ba | 2914 6637 | f601 0000 | 4d89 9768 

  0x000001f637661470: ;   {runtime_call SafepointBlob}
  0x000001f637661470: 0400 00e9 | 8842 87ff 

  0x000001f637661478: ;   {runtime_call StubRoutines (final stubs)}
  0x000001f637661478: e8e3 3885 | ffe9 58ff | ffff f4f4 | f4f4 f4f4 
[Stub Code]
  0x000001f637661488: ;   {no_reloc}
  0x000001f637661488: 48bb 0000 | 0000 0000 

  0x000001f637661490: ;   {runtime_call}
  0x000001f637661490: 0000 e9fb 

  0x000001f637661494: ;   {runtime_call ExceptionBlob}
  0x000001f637661494: ffff ffe9 | e4b7 93ff 
[Deopt Handler Code]
  0x000001f63766149c: e800 0000 | 0048 832c 

  0x000001f6376614a4: ;   {runtime_call DeoptimizationBlob}
  0x000001f6376614a4: 2405 e9f5 | 3487 fff4 | f4f4 f4f4 
[/MachCode]


Compiled method (c1)   20785 1355       3       godot.api.Node2D::getGlobalPosition (54 bytes)
 total in heap  [0x000001f62fca2210,0x000001f62fca3bb0] = 6560
 relocation     [0x000001f62fca2370,0x000001f62fca2530] = 448
 main code      [0x000001f62fca2540,0x000001f62fca3570] = 4144
 stub code      [0x000001f62fca3570,0x000001f62fca3640] = 208
 oops           [0x000001f62fca3640,0x000001f62fca3680] = 64
 metadata       [0x000001f62fca3680,0x000001f62fca36d8] = 88
 scopes data    [0x000001f62fca36d8,0x000001f62fca38b8] = 480
 scopes pcs     [0x000001f62fca38b8,0x000001f62fca3b68] = 688
 dependencies   [0x000001f62fca3b68,0x000001f62fca3b70] = 8
 nul chk table  [0x000001f62fca3b70,0x000001f62fca3bb0] = 64

[Constant Pool (empty)]

[MachCode]
[Entry Point]
  # {method} {0x000001f688718a58} 'getGlobalPosition' '()Lgodot/core/Vector2;' in 'godot/api/Node2D'
  #           [sp+0x120]  (sp of caller)
  0x000001f62fca2540: 448b 5208 | 49bb 0000 | 0047 f601 | 0000 4d03 | d34c 3bd0 

  0x000001f62fca2554: ;   {runtime_call ic_miss_stub}
  0x000001f62fca2554: 0f85 26c2 | 2207 660f | 1f44 0000 
[Verified Entry Point]
  0x000001f62fca2560: 8984 2400 | 80ff ff55 | 4881 ec10 | 0100 0090 | 4181 7f20 | 0300 0000 

  0x000001f62fca2578: ;   {runtime_call StubRoutines (final stubs)}
  0x000001f62fca2578: 7405 e8e1 

  0x000001f62fca257c: ;   {metadata(method data for {method} {0x000001f688718a58} 'getGlobalPosition' '()Lgodot/core/Vector2;' in 'godot/api/Node2D')}
  0x000001f62fca257c: 2721 0748 | bbb0 f495 | 89f6 0100 | 008b b3cc | 0000 0083 | c602 89b3 | cc00 0000 | 81e6 fe07 
  0x000001f62fca259c: 0000 85f6 | 0f84 3e0d | 0000 4889 | 9424 d800 | 0000 bb00 

  0x000001f62fca25b0: ;   {metadata('kotlin/Pair'[])}
  0x000001f62fca25b0: 0000 0048 | baf0 2902 | 48f6 0100 | 0048 63db | 488b fb48 | 81fb ffff | ff00 0f87 | 350d 0000 
  0x000001f62fca25d0: 48be 1700 | 0000 0000 | 0000 488d | 349e 4883 | e6f8 498b | 87b8 0100 | 0048 8d34 | 3049 3bb7 
  0x000001f62fca25f0: c801 0000 | 0f87 0b0d | 0000 4989 | b7b8 0100 | 0048 2bf0 | 48c7 0001 | 0000 0048 | 8bca 49ba 
  0x000001f62fca2610: 0000 0047 | f601 0000 | 492b ca89 | 4808 8958 | 0c48 83ee | 1048 85f6 | 0f84 1100 | 0000 4833 
  0x000001f62fca2630: db48 c1ee | 0348 895c | f008 48ff 

  0x000001f62fca263c: ;   {oop(a 'godot/internal/memory/TransferContext'{0x0000000705e49148})}
  0x000001f62fca263c: ce75 f648 | be48 91e4 | 0507 0000 | 004c 8bc6 

  0x000001f62fca264c: ;   {metadata(method data for {method} {0x000001f688718a58} 'getGlobalPosition' '()Lgodot/core/Vector2;' in 'godot/api/Node2D')}
  0x000001f62fca264c: 48ba b0f4 | 9589 f601 | 0000 4883 | 8210 0100 | 0001 4c8b | c048 8bd6 | 4889 b424 | e000 0000 
  0x000001f62fca266c: ;   {optimized virtual_call}
  0x000001f62fca266c: 6666 90e8 

  0x000001f62fca2670: ; ImmutableOopMap {[216]=Oop [224]=Oop }
                      ;*invokevirtual writeArguments {reexecute=0 rethrow=0 return_oop=0}
                      ; - godot.api.Node2D::getGlobalPosition@7 (line 475)
  0x000001f62fca2670: 2ce1 9b07 

  0x000001f62fca2674: ;   {other}
  0x000001f62fca2674: 0f1f 8400 | 6404 0000 | 488b 9424 | d800 0000 

  0x000001f62fca2684: ;   {metadata(method data for {method} {0x000001f688718a58} 'getGlobalPosition' '()Lgodot/core/Vector2;' in 'godot/api/Node2D')}
  0x000001f62fca2684: 49b8 b0f4 | 9589 f601 | 0000 4983 | 8048 0100 | 0001 488b | 9424 d800 | 0000 4c8b 

  0x000001f62fca26a0: ;   {oop(a 'godot/api/Node2D$MethodBindings'{0x0000000706245db0})}
  0x000001f62fca26a0: 4210 49b9 | b05d 2406 | 0700 0000 

  0x000001f62fca26ac: ;   {metadata(method data for {method} {0x000001f688718a58} 'getGlobalPosition' '()Lgodot/core/Vector2;' in 'godot/api/Node2D')}
  0x000001f62fca26ac: 48bf b0f4 | 9589 f601 | 0000 4883 | 8780 0100 

  0x000001f62fca26bc: ;   {metadata(method data for {method} {0x000001f68944c130} 'getGetGlobalPositionPtr$godot_api_library' '()J' in 'godot/api/Node2D$MethodBindings')}
  0x000001f62fca26bc: 0001 49b9 | e0fa 9589 | f601 0000 | 418b b9cc | 0000 0083 | c702 4189 | b9cc 0000 | 0081 e7fe 
  0x000001f62fca26dc: ff1f 0085 | ff0f 8428 | 0c00 0048 | 8bb4 24e0 

  0x000001f62fca26ec: ;   {metadata(method data for {method} {0x000001f688718a58} 'getGlobalPosition' '()Lgodot/core/Vector2;' in 'godot/api/Node2D')}
  0x000001f62fca26ec: 0000 0049 | b9b0 f495 | 89f6 0100 | 0049 8381 | f001 0000 

  0x000001f62fca2700: ;   {oop(a 'godot/core/VariantParser$VECTOR2'{0x0000000705e5bd18})}
  0x000001f62fca2700: 0148 bf18 | bde5 0507 | 0000 0049 | b990 a2a4 | 1ef6 0100 | 0048 8b94 | 24e0 0000 

  0x000001f62fca271c: ;   {optimized virtual_call}
  0x000001f62fca271c: 0066 90e8 

  0x000001f62fca2720: ; ImmutableOopMap {[224]=Oop }
                      ;*invokevirtual callMethod {reexecute=0 rethrow=0 return_oop=0}
                      ; - godot.api.Node2D::getGlobalPosition@29 (line 476)
  0x000001f62fca2720: 9cec 9b07 

  0x000001f62fca2724: ;   {other}
  0x000001f62fca2724: 0f1f 8400 | 1405 0001 | 488b b424 | e000 0000 

  0x000001f62fca2734: ;   {metadata(method data for {method} {0x000001f688718a58} 'getGlobalPosition' '()Lgodot/core/Vector2;' in 'godot/api/Node2D')}
  0x000001f62fca2734: 48ba b0f4 | 9589 f601 | 0000 4883 | 8260 0200 

  0x000001f62fca2744: ;   {metadata(method data for {method} {0x000001f68846be40} 'readReturnValue' '(Lgodot/common/interop/VariantConverter;)Ljava/lang/Object;' in 'godot/internal/memory/TransferContext')}
  0x000001f62fca2744: 0001 48ba | 2080 9389 | f601 0000 | 8bb2 cc00 | 0000 83c6 | 0289 b2cc | 0000 0081 | e6fe ff1f 
  0x000001f62fca2764: 0085 f60f | 84c3 0b00 

  0x000001f62fca276c: ;   {metadata(method data for {method} {0x000001f68846be40} 'readReturnValue' '(Lgodot/common/interop/VariantConverter;)Ljava/lang/Object;' in 'godot/internal/memory/TransferContext')}
  0x000001f62fca276c: 0048 ba20 | 8093 89f6 | 0100 0048 | 8382 1001 

  0x000001f62fca277c: ;   {metadata(method data for {method} {0x000001f68843dde0} 'checkNotNullParameter' '(Ljava/lang/Object;Ljava/lang/String;)V' in 'kotlin/jvm/internal/Intrinsics')}
  0x000001f62fca277c: 0000 0148 | ba88 b35f | 88f6 0100 | 008b b2cc | 0000 0083 | c602 89b2 | cc00 0000 | 81e6 feff 
  0x000001f62fca279c: 1f00 85f6 | 0f84 ab0b 

  0x000001f62fca27a4: ;   {metadata(method data for {method} {0x000001f68843dde0} 'checkNotNullParameter' '(Ljava/lang/Object;Ljava/lang/String;)V' in 'kotlin/jvm/internal/Intrinsics')}
  0x000001f62fca27a4: 0000 48ba | 88b3 5f88 | f601 0000 | ff82 1001 

  0x000001f62fca27b4: ;   {oop(a 'godot/internal/memory/TransferContext'{0x0000000705e49148})}
  0x000001f62fca27b4: 0000 48ba | 4891 e405 | 0700 0000 

  0x000001f62fca27c0: ;   {metadata(method data for {method} {0x000001f68846be40} 'readReturnValue' '(Lgodot/common/interop/VariantConverter;)Ljava/lang/Object;' in 'godot/internal/memory/TransferContext')}
  0x000001f62fca27c0: 48be 2080 | 9389 f601 | 0000 4883 | 8620 0100 

  0x000001f62fca27d0: ;   {metadata(method data for {method} {0x000001f68846b778} 'getBuffer' '()Ljava/nio/ByteBuffer;' in 'godot/internal/memory/TransferContext')}
  0x000001f62fca27d0: 0001 48ba | b8f9 8d89 | f601 0000 | 8bb2 cc00 | 0000 83c6 | 0289 b2cc | 0000 0081 | e6fe ff1f 
  0x000001f62fca27f0: 0085 f60f | 8479 0b00 

  0x000001f62fca27f8: ;   {oop(a 'kotlin/reflect/KProperty'[1] {0x000000070621a3d8})}
  0x000001f62fca27f8: 0048 bad8 | a321 0607 | 0000 008b | 5210 48c1 

  0x000001f62fca2808: ;   {oop(a 'godot/common/util/ThreadLocalDelegate'{0x000000070621a388})}
  0x000001f62fca2808: e203 48be | 88a3 2106 | 0700 0000 

  0x000001f62fca2814: ;   {metadata(method data for {method} {0x000001f68846b778} 'getBuffer' '()Ljava/nio/ByteBuffer;' in 'godot/internal/memory/TransferContext')}
  0x000001f62fca2814: 48bf b8f9 | 8d89 f601 | 0000 4883 | 8710 0100 

  0x000001f62fca2824: ;   {metadata(method data for {method} {0x000001f68845e9a0} 'getValue' '(Ljava/lang/Object;Lkotlin/reflect/KProperty;)Ljava/lang/Object;' in 'godot/common/util/ThreadLocalDelegate')}
  0x000001f62fca2824: 0001 48be | 10f8 8d89 | f601 0000 | 8bbe cc00 | 0000 83c7 | 0289 becc | 0000 0081 | e7fe ff1f 
  0x000001f62fca2844: 0085 ff0f | 844b 0b00 

  0x000001f62fca284c: ;   {metadata(method data for {method} {0x000001f68845e9a0} 'getValue' '(Ljava/lang/Object;Lkotlin/reflect/KProperty;)Ljava/lang/Object;' in 'godot/common/util/ThreadLocalDelegate')}
  0x000001f62fca284c: 0048 be10 | f88d 89f6 | 0100 0048 | 8386 1001 

  0x000001f62fca285c: ;   {metadata(method data for {method} {0x000001f68843dde0} 'checkNotNullParameter' '(Ljava/lang/Object;Ljava/lang/String;)V' in 'kotlin/jvm/internal/Intrinsics')}
  0x000001f62fca285c: 0000 0148 | be88 b35f | 88f6 0100 | 008b becc | 0000 0083 | c702 89be | cc00 0000 | 81e7 feff 
  0x000001f62fca287c: 1f00 85ff | 0f84 330b | 0000 4885 

  0x000001f62fca2888: ;   {metadata(method data for {method} {0x000001f68843dde0} 'checkNotNullParameter' '(Ljava/lang/Object;Ljava/lang/String;)V' in 'kotlin/jvm/internal/Intrinsics')}
  0x000001f62fca2888: d248 ba88 | b35f 88f6 | 0100 0048 | be20 0100 | 0000 0000 | 0074 0a48 | be10 0100 | 0000 0000 
  0x000001f62fca28a8: 0048 8b3c | 3248 8d7f | 0148 893c | 320f 8499 

  0x000001f62fca28b8: ;   {oop(a 'godot/common/util/ThreadLocalDelegate'{0x000000070621a388})}
  0x000001f62fca28b8: 0700 0048 | ba88 a321 | 0607 0000 | 008b 5210 | 48c1 e203 

  0x000001f62fca28cc: ; implicit exception: dispatches to 0x000001f62fca33df
  0x000001f62fca28cc: 483b 0248 

  0x000001f62fca28d0: ;   {metadata(method data for {method} {0x000001f68845e9a0} 'getValue' '(Ljava/lang/Object;Lkotlin/reflect/KProperty;)Ljava/lang/Object;' in 'godot/common/util/ThreadLocalDelegate')}
  0x000001f62fca28d0: 8bf2 48bf | 10f8 8d89 | f601 0000 | 8b76 0849 | ba00 0000 | 47f6 0100 | 0049 03f2 | 483b b730 
  0x000001f62fca28f0: 0100 0075 | 0d48 8387 | 3801 0000 | 01e9 6000 | 0000 483b | b740 0100 | 0075 0d48 | 8387 4801 
  0x000001f62fca2910: 0000 01e9 | 4a00 0000 | 4883 bf30 | 0100 0000 | 7517 4889 | b730 0100 | 0048 c787 | 3801 0000 
  0x000001f62fca2930: 0100 0000 | e929 0000 | 0048 83bf | 4001 0000 | 0075 1748 | 89b7 4001 | 0000 48c7 | 8748 0100 
  0x000001f62fca2950: 0001 0000 | 00e9 0800 | 0000 4883 | 8720 0100 | 0001 6666 | 9048 b868 | 3f04 48f6 

  0x000001f62fca296c: ;   {virtual_call}
  0x000001f62fca296c: 0100 00e8 

  0x000001f62fca2970: ; ImmutableOopMap {}
                      ;*invokevirtual get {reexecute=0 rethrow=0 return_oop=0}
                      ; - godot.common.util.ThreadLocalDelegate::getValue@10 (line 7)
                      ; - godot.internal.memory.TransferContext::getBuffer@9 (line 28)
                      ; - godot.internal.memory.TransferContext::readReturnValue@7 (line 73)
                      ; - godot.api.Node2D::getGlobalPosition@41 (line 477)
  0x000001f62fca2970: ac38 9b07 

  0x000001f62fca2974: ;   {other}
  0x000001f62fca2974: 0f1f 8400 | 6407 0002 | 4885 c075 

  0x000001f62fca2980: ;   {metadata(method data for {method} {0x000001f68846b778} 'getBuffer' '()Ljava/nio/ByteBuffer;' in 'godot/internal/memory/TransferContext')}
  0x000001f62fca2980: 1648 bfb8 | f98d 89f6 | 0100 0080 | 8f41 0100 | 0001 e9cd 

  0x000001f62fca2994: ;   {metadata('java/nio/ByteBuffer')}
  0x000001f62fca2994: 0000 0048 | bb10 230c | 47f6 0100 | 008b 7808 | 49ba 0000 | 0047 f601 | 0000 4903 | fa48 3b5f 
  0x000001f62fca29b4: 400f 858d 

  0x000001f62fca29b8: ;   {metadata(method data for {method} {0x000001f68846b778} 'getBuffer' '()Ljava/nio/ByteBuffer;' in 'godot/internal/memory/TransferContext')}
  0x000001f62fca29b8: 0000 0048 | bfb8 f98d | 89f6 0100 | 008b 5808 | 49ba 0000 | 0047 f601 | 0000 4903 | da48 3b9f 
  0x000001f62fca29d8: 5801 0000 | 750d 4883 | 8760 0100 | 0001 e979 | 0000 0048 | 3b9f 6801 | 0000 750d | 4883 8770 
  0x000001f62fca29f8: 0100 0001 | e963 0000 | 0048 83bf | 5801 0000 | 0075 1748 | 899f 5801 | 0000 48c7 | 8760 0100 
  0x000001f62fca2a18: 0001 0000 | 00e9 4200 | 0000 4883 | bf68 0100 | 0000 7517 | 4889 9f68 | 0100 0048 | c787 7001 
  0x000001f62fca2a38: 0000 0100 | 0000 e921 | 0000 00e9 | 1c00 0000 

  0x000001f62fca2a48: ;   {metadata(method data for {method} {0x000001f68846b778} 'getBuffer' '()Ljava/nio/ByteBuffer;' in 'godot/internal/memory/TransferContext')}
  0x000001f62fca2a48: 48bf b8f9 | 8d89 f601 | 0000 4883 | af48 0100 | 0001 e985 | 0900 00e9 | 0000 0000 | 488b f048 
  0x000001f62fca2a68: 3b06 488b 

  0x000001f62fca2a6c: ;   {metadata(method data for {method} {0x000001f68846be40} 'readReturnValue' '(Lgodot/common/interop/VariantConverter;)Ljava/lang/Object;' in 'godot/internal/memory/TransferContext')}
  0x000001f62fca2a6c: d648 bf20 | 8093 89f6 | 0100 008b | 5208 49ba | 0000 0047 | f601 0000 | 4903 d248 | 3b97 6801 
  0x000001f62fca2a8c: 0000 750d | 4883 8770 | 0100 0001 | e960 0000 | 0048 3b97 | 7801 0000 | 750d 4883 | 8780 0100 
  0x000001f62fca2aac: 0001 e94a | 0000 0048 | 83bf 6801 | 0000 0075 | 1748 8997 | 6801 0000 | 48c7 8770 | 0100 0001 
  0x000001f62fca2acc: 0000 00e9 | 2900 0000 | 4883 bf78 | 0100 0000 | 7517 4889 | 9778 0100 | 0048 c787 | 8001 0000 
  0x000001f62fca2aec: 0100 0000 | e908 0000 | 0048 8387 | 5801 0000 | 0148 8bd6 | 4889 b424 | e800 0000 | 0f1f 4400 
  0x000001f62fca2b0c: 0048 b878 | 0b1c 47f6 

  0x000001f62fca2b14: ;   {virtual_call}
  0x000001f62fca2b14: 0100 00e8 

  0x000001f62fca2b18: ; ImmutableOopMap {[232]=Oop }
                      ;*invokevirtual rewind {reexecute=0 rethrow=0 return_oop=0}
                      ; - godot.internal.memory.TransferContext::readReturnValue@14 (line 74)
                      ; - godot.api.Node2D::getGlobalPosition@41 (line 477)
  0x000001f62fca2b18: 84a6 9b07 

  0x000001f62fca2b1c: ;   {other}
  0x000001f62fca2b1c: 0f1f 8400 | 0c09 0003 

  0x000001f62fca2b24: ;   {oop(a 'godot/core/VariantParser$VECTOR2'{0x0000000705e5bd18})}
  0x000001f62fca2b24: 48ba 18bd | e505 0700 | 0000 4c8b 

  0x000001f62fca2b30: ;   {metadata(method data for {method} {0x000001f68846be40} 'readReturnValue' '(Lgodot/common/interop/VariantConverter;)Ljava/lang/Object;' in 'godot/internal/memory/TransferContext')}
  0x000001f62fca2b30: c248 be20 | 8093 89f6 | 0100 0045 | 8b40 0849 | ba00 0000 | 47f6 0100 | 004d 03c2 | 4c3b 86a0 
  0x000001f62fca2b50: 0100 0075 | 0d48 8386 | a801 0000 | 01e9 6000 | 0000 4c3b | 86b0 0100 | 0075 0d48 | 8386 b801 
  0x000001f62fca2b70: 0000 01e9 | 4a00 0000 | 4883 bea0 | 0100 0000 | 7517 4c89 | 86a0 0100 | 0048 c786 | a801 0000 
  0x000001f62fca2b90: 0100 0000 | e929 0000 | 0048 83be | b001 0000 | 0075 174c | 8986 b001 | 0000 48c7 | 86b8 0100 
  0x000001f62fca2bb0: 0001 0000 | 00e9 0800 | 0000 4883 | 8690 0100 | 0001 4c8b | 8424 e800 | 0000 0f1f 

  0x000001f62fca2bcc: ;   {optimized virtual_call}
  0x000001f62fca2bcc: 4400 00e8 

  0x000001f62fca2bd0: ; ImmutableOopMap {}
                      ;*invokeinterface toKotlin {reexecute=0 rethrow=0 return_oop=0}
                      ; - godot.internal.memory.TransferContext::readReturnValue@20 (line 75)
                      ; - godot.api.Node2D::getGlobalPosition@41 (line 477)
  0x000001f62fca2bd0: 0cd5 9b07 

  0x000001f62fca2bd4: ;   {other}
  0x000001f62fca2bd4: 0f1f 8400 | c409 0004 | 4889 8424 | f000 0000 

  0x000001f62fca2be4: ;   {metadata(method data for {method} {0x000001f688718a58} 'getGlobalPosition' '()Lgodot/core/Vector2;' in 'godot/api/Node2D')}
  0x000001f62fca2be4: 48ba b0f4 | 9589 f601 | 0000 4883 | 8298 0200 

  0x000001f62fca2bf4: ;   {metadata(method data for {method} {0x000001f68843ce68} 'checkNotNull' '(Ljava/lang/Object;Ljava/lang/String;)V' in 'kotlin/jvm/internal/Intrinsics')}
  0x000001f62fca2bf4: 0001 48ba | 686e 7388 | f601 0000 | 8bb2 cc00 | 0000 83c6 | 0289 b2cc | 0000 0081 | e6fe ff1f 
  0x000001f62fca2c14: 0085 f60f | 84d5 0700 | 0048 85c0 

  0x000001f62fca2c20: ;   {metadata(method data for {method} {0x000001f68843ce68} 'checkNotNull' '(Ljava/lang/Object;Ljava/lang/String;)V' in 'kotlin/jvm/internal/Intrinsics')}
  0x000001f62fca2c20: 48ba 686e | 7388 f601 | 0000 48be | 1001 0000 | 0000 0000 | 750a 48be | 2001 0000 | 0000 0000 
  0x000001f62fca2c40: 488b 3c32 | 488d 7f01 | 4889 3c32 | 0f85 e201 

  0x000001f62fca2c50: ;   {metadata(method data for {method} {0x000001f68843ce68} 'checkNotNull' '(Ljava/lang/Object;Ljava/lang/String;)V' in 'kotlin/jvm/internal/Intrinsics')}
  0x000001f62fca2c50: 0000 48ba | 686e 7388 | f601 0000 | 4883 8230 | 0100 0001 

  0x000001f62fca2c64: ;   {metadata(method data for {method} {0x000001f68843d138} 'throwJavaNpe' '(Ljava/lang/String;)V' in 'kotlin/jvm/internal/Intrinsics')}
  0x000001f62fca2c64: 48ba f06f | 7388 f601 | 0000 8bb2 | cc00 0000 | 83c6 0289 | b2cc 0000 | 0081 e6fe | ff1f 0085 
  0x000001f62fca2c84: f60f 8488 | 0700 000f | 1f44 0000 

  0x000001f62fca2c90: ;   {no_reloc}
  0x000001f62fca2c90: e9ae 0700 | 0000 0000 | 0000 498b | 87b8 0100 | 0048 8d78 | 3049 3bbf | c801 0000 | 0f87 9b07 
  0x000001f62fca2cb0: 0000 4989 | bfb8 0100 | 0048 c700 | 0100 0000 | 488b ca49 | ba00 0000 | 47f6 0100 | 0049 2bca 
  0x000001f62fca2cd0: 8948 0848 | 33c9 8948 | 0c48 33c9 | 4889 4810 | 4889 4818 | 4889 4820 | 4889 4828 

  0x000001f62fca2cec: ;   {metadata(method data for {method} {0x000001f68843d138} 'throwJavaNpe' '(Ljava/lang/String;)V' in 'kotlin/jvm/internal/Intrinsics')}
  0x000001f62fca2cec: 4c8b c048 | baf0 6f73 | 88f6 0100 | 0048 8382 | 1001 0000 

  0x000001f62fca2d00: ;   {oop("null cannot be cast to non-null type godot.core.Vector2"{0x0000000714533760})}
  0x000001f62fca2d00: 0149 b860 | 3753 1407 | 0000 0048 | 8bd0 4889 | 8424 f800 

  0x000001f62fca2d14: ;   {optimized virtual_call}
  0x000001f62fca2d14: 0000 90e8 

  0x000001f62fca2d18: ; ImmutableOopMap {[240]=Oop [248]=Oop }
                      ;*invokespecial <init> {reexecute=0 rethrow=0 return_oop=0}
                      ; - kotlin.jvm.internal.Intrinsics::throwJavaNpe@5 (line 50)
                      ; - kotlin.jvm.internal.Intrinsics::checkNotNull@5 (line 31)
                      ; - godot.api.Node2D::getGlobalPosition@47 (line 477)
  0x000001f62fca2d18: 64bd 2207 

  0x000001f62fca2d1c: ;   {other}
  0x000001f62fca2d1c: 0f1f 8400 | 0c0b 0005 

  0x000001f62fca2d24: ;   {metadata(method data for {method} {0x000001f68843d138} 'throwJavaNpe' '(Ljava/lang/String;)V' in 'kotlin/jvm/internal/Intrinsics')}
  0x000001f62fca2d24: 48ba f06f | 7388 f601 | 0000 4883 | 8220 0100 

  0x000001f62fca2d34: ;   {metadata(method data for {method} {0x000001f68843efd8} 'sanitizeStackTrace' '(Ljava/lang/Throwable;)Ljava/lang/Throwable;' in 'kotlin/jvm/internal/Intrinsics')}
  0x000001f62fca2d34: 0001 48ba | f0bb 5f88 | f601 0000 | 8bb2 cc00 | 0000 83c6 | 0289 b2cc | 0000 0081 | e6fe ff1f 
  0x000001f62fca2d54: 0085 f60f | 84fd 0600 

  0x000001f62fca2d5c: ;   {oop(a 'java/lang/Class'{0x0000000705e39de0} = 'kotlin/jvm/internal/Intrinsics')}
  0x000001f62fca2d5c: 0048 bae0 | 9de3 0507 | 0000 0048 

  0x000001f62fca2d68: ;   {metadata(method data for {method} {0x000001f68843efd8} 'sanitizeStackTrace' '(Ljava/lang/Throwable;)Ljava/lang/Throwable;' in 'kotlin/jvm/internal/Intrinsics')}
  0x000001f62fca2d68: 8bf2 48bf | f0bb 5f88 | f601 0000 | 4883 8710 | 0100 0001 

  0x000001f62fca2d7c: ;   {metadata(method data for {method} {0x000001f64746ee00} 'getName' '()Ljava/lang/String;' in 'java/lang/Class')}
  0x000001f62fca2d7c: 48be 40c5 | 0588 f601 | 0000 8bbe | cc00 0000 | 83c7 0289 | becc 0000 | 0081 e7fe | ff1f 0085 
  0x000001f62fca2d9c: ff0f 84d8 | 0600 008b | 522c 48c1 | e203 4885 

  0x000001f62fca2dac: ;   {metadata(method data for {method} {0x000001f64746ee00} 'getName' '()Ljava/lang/String;' in 'java/lang/Class')}
  0x000001f62fca2dac: d248 be40 | c505 88f6 | 0100 0048 | bf10 0100 | 0000 0000 | 0074 0a48 | bf20 0100 | 0000 0000 
  0x000001f62fca2dcc: 0048 8b1c | 3e48 8d5b | 0148 891c | 3e0f 8418 

  0x000001f62fca2ddc: ;   {metadata(method data for {method} {0x000001f64746ee00} 'getName' '()Ljava/lang/String;' in 'java/lang/Class')}
  0x000001f62fca2ddc: 0000 0048 | be40 c505 | 88f6 0100 | 00ff 8630 | 0100 0048 | 8bf2 e930 

  0x000001f62fca2df4: ;   {oop(a 'java/lang/Class'{0x0000000705e39de0} = 'kotlin/jvm/internal/Intrinsics')}
  0x000001f62fca2df4: 0000 0048 | bae0 9de3 | 0507 0000 | 0048 8bf2 

  0x000001f62fca2e04: ;   {metadata(method data for {method} {0x000001f64746ee00} 'getName' '()Ljava/lang/String;' in 'java/lang/Class')}
  0x000001f62fca2e04: 48bf 40c5 | 0588 f601 | 0000 4883 | 8748 0100 

  0x000001f62fca2e14: ;   {optimized virtual_call}
  0x000001f62fca2e14: 0001 90e8 

  0x000001f62fca2e18: ; ImmutableOopMap {[240]=Oop [248]=Oop }
                      ;*invokevirtual initClassName {reexecute=0 rethrow=0 return_oop=0}
                      ; - java.lang.Class::getName@14 (line 950)
                      ; - kotlin.jvm.internal.Intrinsics::sanitizeStackTrace@3 (line 253)
                      ; - kotlin.jvm.internal.Intrinsics::throwJavaNpe@8 (line 50)
                      ; - kotlin.jvm.internal.Intrinsics::checkNotNull@5 (line 31)
                      ; - godot.api.Node2D::getGlobalPosition@47 (line 477)
  0x000001f62fca2e18: 64bc 2207 

  0x000001f62fca2e1c: ;   {other}
  0x000001f62fca2e1c: 0f1f 8400 | 0c0c 0006 | 488b f048 | 8b84 24f8 | 0000 00e9 | fe00 0000 | 4885 c075 

  0x000001f62fca2e38: ;   {metadata(method data for {method} {0x000001f688718a58} 'getGlobalPosition' '()Lgodot/core/Vector2;' in 'godot/api/Node2D')}
  0x000001f62fca2e38: 1749 b8b0 | f495 89f6 | 0100 0041 | 8088 a102 | 0000 01e9 | cc00 0000 

  0x000001f62fca2e50: ;   {metadata('godot/core/Vector2')}
  0x000001f62fca2e50: 48be 1084 | 0248 f601 | 0000 8b50 | 0849 ba00 | 0000 47f6 | 0100 0049 | 03d2 483b | f20f 858d 
  0x000001f62fca2e70: ;   {metadata(method data for {method} {0x000001f688718a58} 'getGlobalPosition' '()Lgodot/core/Vector2;' in 'godot/api/Node2D')}
  0x000001f62fca2e70: 0000 0049 | b8b0 f495 | 89f6 0100 | 008b 7008 | 49ba 0000 | 0047 f601 | 0000 4903 | f249 3bb0 
  0x000001f62fca2e90: b802 0000 | 750d 4983 | 80c0 0200 | 0001 e979 | 0000 0049 | 3bb0 c802 | 0000 750d | 4983 80d0 
  0x000001f62fca2eb0: 0200 0001 | e963 0000 | 0049 83b8 | b802 0000 | 0075 1749 | 89b0 b802 | 0000 49c7 | 80c0 0200 
  0x000001f62fca2ed0: 0001 0000 | 00e9 4200 | 0000 4983 | b8c8 0200 | 0000 7517 | 4989 b0c8 | 0200 0049 | c780 d002 
  0x000001f62fca2ef0: 0000 0100 | 0000 e921 | 0000 00e9 | 1c00 0000 

  0x000001f62fca2f00: ;   {metadata(method data for {method} {0x000001f688718a58} 'getGlobalPosition' '()Lgodot/core/Vector2;' in 'godot/api/Node2D')}
  0x000001f62fca2f00: 49b8 b0f4 | 9589 f601 | 0000 4983 | a8a8 0200 | 0001 e98a | 0500 00e9 | 0000 0000 | 4881 c410 
  0x000001f62fca2f20: 0100 005d 

  0x000001f62fca2f24: ;   {poll_return}
  0x000001f62fca2f24: 493b a750 | 0400 000f | 8779 0500 

  0x000001f62fca2f30: ;   {metadata(method data for {method} {0x000001f68843efd8} 'sanitizeStackTrace' '(Ljava/lang/Throwable;)Ljava/lang/Throwable;' in 'kotlin/jvm/internal/Intrinsics')}
  0x000001f62fca2f30: 00c3 48ba | f0bb 5f88 | f601 0000 | 4883 8248 | 0100 0001 | 488b d04c | 8bc6 0f1f 

  0x000001f62fca2f4c: ;   {static_call}
  0x000001f62fca2f4c: 4400 00e8 

  0x000001f62fca2f50: ; ImmutableOopMap {[240]=Oop }
                      ;*invokestatic sanitizeStackTrace {reexecute=0 rethrow=0 return_oop=0}
                      ; - kotlin.jvm.internal.Intrinsics::sanitizeStackTrace@6 (line 253)
                      ; - kotlin.jvm.internal.Intrinsics::throwJavaNpe@8 (line 50)
                      ; - kotlin.jvm.internal.Intrinsics::checkNotNull@5 (line 31)
                      ; - godot.api.Node2D::getGlobalPosition@47 (line 477)
  0x000001f62fca2f50: 2cc1 2207 

  0x000001f62fca2f54: ;   {other}
  0x000001f62fca2f54: 0f1f 8400 | 440d 0007 | 488b 9424 | f000 0000 | 4885 c075 

  0x000001f62fca2f68: ;   {metadata(method data for {method} {0x000001f68843d138} 'throwJavaNpe' '(Ljava/lang/String;)V' in 'kotlin/jvm/internal/Intrinsics')}
  0x000001f62fca2f68: 1648 bff0 | 6f73 88f6 | 0100 0080 | 8f29 0100 | 0001 e9cd 

  0x000001f62fca2f7c: ;   {metadata('java/lang/NullPointerException')}
  0x000001f62fca2f7c: 0000 0048 | b928 d906 | 47f6 0100 | 008b 7808 | 49ba 0000 | 0047 f601 | 0000 4903 | fa48 3b4f 
  0x000001f62fca2f9c: 500f 858d 

  0x000001f62fca2fa0: ;   {metadata(method data for {method} {0x000001f68843d138} 'throwJavaNpe' '(Ljava/lang/String;)V' in 'kotlin/jvm/internal/Intrinsics')}
  0x000001f62fca2fa0: 0000 0048 | bff0 6f73 | 88f6 0100 | 008b 4808 | 49ba 0000 | 0047 f601 | 0000 4903 | ca48 3b8f 
  0x000001f62fca2fc0: 4001 0000 | 750d 4883 | 8748 0100 | 0001 e979 | 0000 0048 | 3b8f 5001 | 0000 750d | 4883 8758 
  0x000001f62fca2fe0: 0100 0001 | e963 0000 | 0048 83bf | 4001 0000 | 0075 1748 | 898f 4001 | 0000 48c7 | 8748 0100 
  0x000001f62fca3000: 0001 0000 | 00e9 4200 | 0000 4883 | bf50 0100 | 0000 7517 | 4889 8f50 | 0100 0048 | c787 5801 
  0x000001f62fca3020: 0000 0100 | 0000 e921 | 0000 00e9 | 1c00 0000 

  0x000001f62fca3030: ;   {metadata(method data for {method} {0x000001f68843d138} 'throwJavaNpe' '(Ljava/lang/String;)V' in 'kotlin/jvm/internal/Intrinsics')}
  0x000001f62fca3030: 48bf f06f | 7388 f601 | 0000 4883 | af30 0100 | 0001 e979 | 0400 00e9 | 0000 0000 

  0x000001f62fca304c: ; implicit exception: dispatches to 0x000001f62fca34c9
  0x000001f62fca304c: 483b 00e9 | 0d05 0000 

  0x000001f62fca3054: ;   {metadata(method data for {method} {0x000001f68843dde0} 'checkNotNullParameter' '(Ljava/lang/Object;Ljava/lang/String;)V' in 'kotlin/jvm/internal/Intrinsics')}
  0x000001f62fca3054: 48ba 88b3 | 5f88 f601 | 0000 4883 | 8230 0100 

  0x000001f62fca3064: ;   {metadata(method data for {method} {0x000001f68843df60} 'throwParameterIsNullNPE' '(Ljava/lang/String;)V' in 'kotlin/jvm/internal/Intrinsics')}
  0x000001f62fca3064: 0001 48ba | 10b5 5f88 | f601 0000 | 8bb2 cc00 | 0000 83c6 | 0289 b2cc | 0000 0081 | e6fe ff1f 
  0x000001f62fca3084: 0085 f60f | 8441 0400 | 0066 6690 

  0x000001f62fca3090: ;   {no_reloc}
  0x000001f62fca3090: e969 0400 | 0000 0000 | 0000 498b | 87b8 0100 | 0048 8d78 | 3049 3bbf | c801 0000 | 0f87 5604 
  0x000001f62fca30b0: 0000 4989 | bfb8 0100 | 0048 c700 | 0100 0000 | 488b ca49 | ba00 0000 | 47f6 0100 | 0049 2bca 
  0x000001f62fca30d0: 8948 0848 | 33c9 8948 | 0c48 33c9 | 4889 4810 | 4889 4818 | 4889 4820 | 4889 4828 

  0x000001f62fca30ec: ;   {metadata(method data for {method} {0x000001f68843df60} 'throwParameterIsNullNPE' '(Ljava/lang/String;)V' in 'kotlin/jvm/internal/Intrinsics')}
  0x000001f62fca30ec: 48ba 10b5 | 5f88 f601 | 0000 4883 | 8210 0100 

  0x000001f62fca30fc: ;   {oop("property"{0x00000007063337b8})}
  0x000001f62fca30fc: 0001 48ba | b837 3306 | 0700 0000 | 4889 8424 | 0001 0000 | 0f1f 8000 

  0x000001f62fca3114: ;   {static_call}
  0x000001f62fca3114: 0000 00e8 

  0x000001f62fca3118: ; ImmutableOopMap {[256]=Oop }
                      ;*invokestatic createParameterIsNullExceptionMessage {reexecute=0 rethrow=0 return_oop=0}
                      ; - kotlin.jvm.internal.Intrinsics::throwParameterIsNullNPE@5 (line 140)
                      ; - kotlin.jvm.internal.Intrinsics::checkNotNullParameter@5 (line 131)
                      ; - godot.common.util.ThreadLocalDelegate::getValue@3
                      ; - godot.internal.memory.TransferContext::getBuffer@9 (line 28)
                      ; - godot.internal.memory.TransferContext::readReturnValue@7 (line 73)
                      ; - godot.api.Node2D::getGlobalPosition@41 (line 477)
  0x000001f62fca3118: 64bf 2207 

  0x000001f62fca311c: ;   {other}
  0x000001f62fca311c: 0f1f 8400 | 0c0f 0008 | 4c8b 8424 | 0001 0000 

  0x000001f62fca312c: ;   {metadata(method data for {method} {0x000001f68843df60} 'throwParameterIsNullNPE' '(Ljava/lang/String;)V' in 'kotlin/jvm/internal/Intrinsics')}
  0x000001f62fca312c: 48ba 10b5 | 5f88 f601 | 0000 4883 | 8220 0100 | 0001 4c8b | c048 8b94 | 2400 0100 | 0066 0f1f 
  0x000001f62fca314c: ;   {optimized virtual_call}
  0x000001f62fca314c: 4400 00e8 

  0x000001f62fca3150: ; ImmutableOopMap {[256]=Oop }
                      ;*invokespecial <init> {reexecute=0 rethrow=0 return_oop=0}
                      ; - kotlin.jvm.internal.Intrinsics::throwParameterIsNullNPE@8 (line 140)
                      ; - kotlin.jvm.internal.Intrinsics::checkNotNullParameter@5 (line 131)
                      ; - godot.common.util.ThreadLocalDelegate::getValue@3
                      ; - godot.internal.memory.TransferContext::getBuffer@9 (line 28)
                      ; - godot.internal.memory.TransferContext::readReturnValue@7 (line 73)
                      ; - godot.api.Node2D::getGlobalPosition@41 (line 477)
  0x000001f62fca3150: 2cb9 2207 

  0x000001f62fca3154: ;   {other}
  0x000001f62fca3154: 0f1f 8400 | 440f 0009 

  0x000001f62fca315c: ;   {metadata(method data for {method} {0x000001f68843df60} 'throwParameterIsNullNPE' '(Ljava/lang/String;)V' in 'kotlin/jvm/internal/Intrinsics')}
  0x000001f62fca315c: 48ba 10b5 | 5f88 f601 | 0000 4883 | 8230 0100 

  0x000001f62fca316c: ;   {metadata(method data for {method} {0x000001f68843efd8} 'sanitizeStackTrace' '(Ljava/lang/Throwable;)Ljava/lang/Throwable;' in 'kotlin/jvm/internal/Intrinsics')}
  0x000001f62fca316c: 0001 48ba | f0bb 5f88 | f601 0000 | 8bb2 cc00 | 0000 83c6 | 0289 b2cc | 0000 0081 | e6fe ff1f 
  0x000001f62fca318c: 0085 f60f | 8480 0300 

  0x000001f62fca3194: ;   {oop(a 'java/lang/Class'{0x0000000705e39de0} = 'kotlin/jvm/internal/Intrinsics')}
  0x000001f62fca3194: 0048 bae0 | 9de3 0507 | 0000 0048 

  0x000001f62fca31a0: ;   {metadata(method data for {method} {0x000001f68843efd8} 'sanitizeStackTrace' '(Ljava/lang/Throwable;)Ljava/lang/Throwable;' in 'kotlin/jvm/internal/Intrinsics')}
  0x000001f62fca31a0: 8bf2 48bf | f0bb 5f88 | f601 0000 | 4883 8710 | 0100 0001 

  0x000001f62fca31b4: ;   {optimized virtual_call}
  0x000001f62fca31b4: 6666 90e8 

  0x000001f62fca31b8: ; ImmutableOopMap {[256]=Oop }
                      ;*invokevirtual getName {reexecute=0 rethrow=0 return_oop=0}
                      ; - kotlin.jvm.internal.Intrinsics::sanitizeStackTrace@3 (line 253)
                      ; - kotlin.jvm.internal.Intrinsics::throwParameterIsNullNPE@11 (line 140)
                      ; - kotlin.jvm.internal.Intrinsics::checkNotNullParameter@5 (line 131)
                      ; - godot.common.util.ThreadLocalDelegate::getValue@3
                      ; - godot.internal.memory.TransferContext::getBuffer@9 (line 28)
                      ; - godot.internal.memory.TransferContext::readReturnValue@7 (line 73)
                      ; - godot.api.Node2D::getGlobalPosition@41 (line 477)
  0x000001f62fca31b8: c4b8 2207 

  0x000001f62fca31bc: ;   {other}
  0x000001f62fca31bc: 0f1f 8400 | ac0f 000a 

  0x000001f62fca31c4: ;   {metadata(method data for {method} {0x000001f68843efd8} 'sanitizeStackTrace' '(Ljava/lang/Throwable;)Ljava/lang/Throwable;' in 'kotlin/jvm/internal/Intrinsics')}
  0x000001f62fca31c4: 48ba f0bb | 5f88 f601 | 0000 4883 | 8248 0100 | 0001 488b | 9424 0001 | 0000 4c8b | c066 0f1f 
  0x000001f62fca31e4: ;   {static_call}
  0x000001f62fca31e4: 4400 00e8 

  0x000001f62fca31e8: ; ImmutableOopMap {}
                      ;*invokestatic sanitizeStackTrace {reexecute=0 rethrow=0 return_oop=0}
                      ; - kotlin.jvm.internal.Intrinsics::sanitizeStackTrace@6 (line 253)
                      ; - kotlin.jvm.internal.Intrinsics::throwParameterIsNullNPE@11 (line 140)
                      ; - kotlin.jvm.internal.Intrinsics::checkNotNullParameter@5 (line 131)
                      ; - godot.common.util.ThreadLocalDelegate::getValue@3
                      ; - godot.internal.memory.TransferContext::getBuffer@9 (line 28)
                      ; - godot.internal.memory.TransferContext::readReturnValue@7 (line 73)
                      ; - godot.api.Node2D::getGlobalPosition@41 (line 477)
  0x000001f62fca31e8: 94be 2207 

  0x000001f62fca31ec: ;   {other}
  0x000001f62fca31ec: 0f1f 8400 | dc0f 000b | 4885 c075 

  0x000001f62fca31f8: ;   {metadata(method data for {method} {0x000001f68843df60} 'throwParameterIsNullNPE' '(Ljava/lang/String;)V' in 'kotlin/jvm/internal/Intrinsics')}
  0x000001f62fca31f8: 1648 bf10 | b55f 88f6 | 0100 0080 | 8f39 0100 | 0001 e9cd 

  0x000001f62fca320c: ;   {metadata('java/lang/NullPointerException')}
  0x000001f62fca320c: 0000 0048 | bb28 d906 | 47f6 0100 | 008b 7808 | 49ba 0000 | 0047 f601 | 0000 4903 | fa48 3b5f 
  0x000001f62fca322c: 500f 858d 

  0x000001f62fca3230: ;   {metadata(method data for {method} {0x000001f68843df60} 'throwParameterIsNullNPE' '(Ljava/lang/String;)V' in 'kotlin/jvm/internal/Intrinsics')}
  0x000001f62fca3230: 0000 0048 | bf10 b55f | 88f6 0100 | 008b 5808 | 49ba 0000 | 0047 f601 | 0000 4903 | da48 3b9f 
  0x000001f62fca3250: 5001 0000 | 750d 4883 | 8758 0100 | 0001 e979 | 0000 0048 | 3b9f 6001 | 0000 750d | 4883 8768 
  0x000001f62fca3270: 0100 0001 | e963 0000 | 0048 83bf | 5001 0000 | 0075 1748 | 899f 5001 | 0000 48c7 | 8758 0100 
  0x000001f62fca3290: 0001 0000 | 00e9 4200 | 0000 4883 | bf60 0100 | 0000 7517 | 4889 9f60 | 0100 0048 | c787 6801 
  0x000001f62fca32b0: 0000 0100 | 0000 e921 | 0000 00e9 | 1c00 0000 

  0x000001f62fca32c0: ;   {metadata(method data for {method} {0x000001f68843df60} 'throwParameterIsNullNPE' '(Ljava/lang/String;)V' in 'kotlin/jvm/internal/Intrinsics')}
  0x000001f62fca32c0: 48bf 10b5 | 5f88 f601 | 0000 4883 | af40 0100 | 0001 e95f | 0200 00e9 | 0000 0000 

  0x000001f62fca32dc: ; implicit exception: dispatches to 0x000001f62fca353f
  0x000001f62fca32dc: 483b 00e9 | 7d02 0000 

  0x000001f62fca32e4: ;   {metadata({method} {0x000001f688718a58} 'getGlobalPosition' '()Lgodot/core/Vector2;' in 'godot/api/Node2D')}
  0x000001f62fca32e4: 49ba 508a | 7188 f601 | 0000 4c89 | 5424 0848 | c704 24ff 

  0x000001f62fca32f8: ;   {runtime_call counter_overflow Runtime1 stub}
  0x000001f62fca32f8: ffff ffe8 

  0x000001f62fca32fc: ; ImmutableOopMap {rdx=Oop }
                      ;*synchronization entry
                      ; - godot.api.Node2D::getGlobalPosition@-1 (line 475)
  0x000001f62fca32fc: 007f 2f07 | e9a1 f2ff 

  0x000001f62fca3304: ;   {runtime_call new_object_array Runtime1 stub}
  0x000001f62fca3304: ffe8 f63f 

  0x000001f62fca3308: ; ImmutableOopMap {[216]=Oop }
                      ;*anewarray {reexecute=0 rethrow=0 return_oop=0}
                      ; - godot.api.Node2D::getGlobalPosition@4 (line 475)
  0x000001f62fca3308: 2f07 e930 

  0x000001f62fca330c: ;   {metadata({method} {0x000001f68944c130} 'getGetGlobalPositionPtr$godot_api_library' '()J' in 'godot/api/Node2D$MethodBindings')}
  0x000001f62fca330c: f3ff ff49 | ba28 c144 | 89f6 0100 | 004c 8954 | 2408 48c7 | 0424 ffff 

  0x000001f62fca3324: ;   {runtime_call counter_overflow Runtime1 stub}
  0x000001f62fca3324: ffff e8d5 

  0x000001f62fca3328: ; ImmutableOopMap {[224]=Oop }
                      ;*synchronization entry
                      ; - godot.api.Node2D$MethodBindings::getGetGlobalPositionPtr$godot_api_library@-1 (line 644)
                      ; - godot.api.Node2D::getGlobalPosition@20 (line 476)
  0x000001f62fca3328: 7e2f 07e9 | b7f3 ffff 

  0x000001f62fca3330: ;   {metadata({method} {0x000001f68846be40} 'readReturnValue' '(Lgodot/common/interop/VariantConverter;)Ljava/lang/Object;' in 'godot/internal/memory/TransferContext')}
  0x000001f62fca3330: 49ba 38be | 4688 f601 | 0000 4c89 | 5424 0848 | c704 24ff 

  0x000001f62fca3344: ;   {runtime_call counter_overflow Runtime1 stub}
  0x000001f62fca3344: ffff ffe8 

  0x000001f62fca3348: ; ImmutableOopMap {}
                      ;*synchronization entry
                      ; - godot.internal.memory.TransferContext::readReturnValue@-1
                      ; - godot.api.Node2D::getGlobalPosition@41 (line 477)
  0x000001f62fca3348: b47e 2f07 | e91c f4ff 

  0x000001f62fca3350: ;   {metadata({method} {0x000001f68843dde0} 'checkNotNullParameter' '(Ljava/lang/Object;Ljava/lang/String;)V' in 'kotlin/jvm/internal/Intrinsics')}
  0x000001f62fca3350: ff49 bad8 | dd43 88f6 | 0100 004c | 8954 2408 | 48c7 0424 | ffff ffff 

  0x000001f62fca3368: ;   {runtime_call counter_overflow Runtime1 stub}
  0x000001f62fca3368: e893 7e2f 

  0x000001f62fca336c: ; ImmutableOopMap {}
                      ;*synchronization entry
                      ; - kotlin.jvm.internal.Intrinsics::checkNotNullParameter@-1 (line 130)
                      ; - godot.internal.memory.TransferContext::readReturnValue@3
                      ; - godot.api.Node2D::getGlobalPosition@41 (line 477)
  0x000001f62fca336c: 07e9 34f4 

  0x000001f62fca3370: ;   {metadata({method} {0x000001f68846b778} 'getBuffer' '()Ljava/nio/ByteBuffer;' in 'godot/internal/memory/TransferContext')}
  0x000001f62fca3370: ffff 49ba | 70b7 4688 | f601 0000 | 4c89 5424 | 0848 c704 | 24ff ffff 

  0x000001f62fca3388: ;   {runtime_call counter_overflow Runtime1 stub}
  0x000001f62fca3388: ffe8 727e 

  0x000001f62fca338c: ; ImmutableOopMap {}
                      ;*synchronization entry
                      ; - godot.internal.memory.TransferContext::getBuffer@-1 (line 28)
                      ; - godot.internal.memory.TransferContext::readReturnValue@7 (line 73)
                      ; - godot.api.Node2D::getGlobalPosition@41 (line 477)
  0x000001f62fca338c: 2f07 e966 

  0x000001f62fca3390: ;   {runtime_call throw_null_pointer_exception Runtime1 stub}
  0x000001f62fca3390: f4ff ffe8 

  0x000001f62fca3394: ; ImmutableOopMap {}
                      ;*aaload {reexecute=0 rethrow=0 return_oop=0}
                      ; - godot.internal.memory.TransferContext::getBuffer@8 (line 28)
                      ; - godot.internal.memory.TransferContext::readReturnValue@7 (line 73)
                      ; - godot.api.Node2D::getGlobalPosition@41 (line 477)
  0x000001f62fca3394: 682d 2f07 

  0x000001f62fca3398: ;   {metadata({method} {0x000001f68845e9a0} 'getValue' '(Ljava/lang/Object;Lkotlin/reflect/KProperty;)Ljava/lang/Object;' in 'godot/common/util/ThreadLocalDelegate')}
  0x000001f62fca3398: 49ba 98e9 | 4588 f601 | 0000 4c89 | 5424 0848 | c704 24ff 

  0x000001f62fca33ac: ;   {runtime_call counter_overflow Runtime1 stub}
  0x000001f62fca33ac: ffff ffe8 

  0x000001f62fca33b0: ; ImmutableOopMap {rdx=Oop }
                      ;*synchronization entry
                      ; - godot.common.util.ThreadLocalDelegate::getValue@-1
                      ; - godot.internal.memory.TransferContext::getBuffer@9 (line 28)
                      ; - godot.internal.memory.TransferContext::readReturnValue@7 (line 73)
                      ; - godot.api.Node2D::getGlobalPosition@41 (line 477)
  0x000001f62fca33b0: 4c7e 2f07 | e994 f4ff 

  0x000001f62fca33b8: ;   {metadata({method} {0x000001f68843dde0} 'checkNotNullParameter' '(Ljava/lang/Object;Ljava/lang/String;)V' in 'kotlin/jvm/internal/Intrinsics')}
  0x000001f62fca33b8: ff49 bad8 | dd43 88f6 | 0100 004c | 8954 2408 | 48c7 0424 | ffff ffff 

  0x000001f62fca33d0: ;   {runtime_call counter_overflow Runtime1 stub}
  0x000001f62fca33d0: e82b 7e2f 

  0x000001f62fca33d4: ; ImmutableOopMap {rdx=Oop }
                      ;*synchronization entry
                      ; - kotlin.jvm.internal.Intrinsics::checkNotNullParameter@-1 (line 130)
                      ; - godot.common.util.ThreadLocalDelegate::getValue@3
                      ; - godot.internal.memory.TransferContext::getBuffer@9 (line 28)
                      ; - godot.internal.memory.TransferContext::readReturnValue@7 (line 73)
                      ; - godot.api.Node2D::getGlobalPosition@41 (line 477)
  0x000001f62fca33d4: 07e9 acf4 

  0x000001f62fca33d8: ;   {runtime_call throw_null_pointer_exception Runtime1 stub}
  0x000001f62fca33d8: ffff e821 

  0x000001f62fca33dc: ; ImmutableOopMap {}
                      ;*getfield threadLocal {reexecute=1 rethrow=0 return_oop=0}
                      ; - (reexecute) godot.common.util.ThreadLocalDelegate::getValue@7 (line 7)
                      ; - godot.internal.memory.TransferContext::getBuffer@9 (line 28)
                      ; - godot.internal.memory.TransferContext::readReturnValue@7 (line 73)
                      ; - godot.api.Node2D::getGlobalPosition@41 (line 477)
                      ;   {runtime_call throw_null_pointer_exception Runtime1 stub}
  0x000001f62fca33dc: 2d2f 07e8 

  0x000001f62fca33e0: ; ImmutableOopMap {rdx=Oop }
                      ;*invokevirtual get {reexecute=0 rethrow=0 return_oop=0}
                      ; - godot.common.util.ThreadLocalDelegate::getValue@10 (line 7)
                      ; - godot.internal.memory.TransferContext::getBuffer@9 (line 28)
                      ; - godot.internal.memory.TransferContext::readReturnValue@7 (line 73)
                      ; - godot.api.Node2D::getGlobalPosition@41 (line 477)
  0x000001f62fca33e0: 1c2d 2f07 | 4889 0424 

  0x000001f62fca33e8: ;   {runtime_call throw_class_cast_exception Runtime1 stub}
  0x000001f62fca33e8: e813 512f 

  0x000001f62fca33ec: ; ImmutableOopMap {}
                      ;*checkcast {reexecute=0 rethrow=0 return_oop=0}
                      ; - godot.internal.memory.TransferContext::getBuffer@12 (line 28)
                      ; - godot.internal.memory.TransferContext::readReturnValue@7 (line 73)
                      ; - godot.api.Node2D::getGlobalPosition@41 (line 477)
                      ;   {runtime_call throw_null_pointer_exception Runtime1 stub}
  0x000001f62fca33ec: 07e8 0e2d 

  0x000001f62fca33f0: ; ImmutableOopMap {rsi=Oop }
                      ;*invokevirtual rewind {reexecute=0 rethrow=0 return_oop=0}
                      ; - godot.internal.memory.TransferContext::readReturnValue@14 (line 74)
                      ; - godot.api.Node2D::getGlobalPosition@41 (line 477)
                      ;   {metadata({method} {0x000001f68843ce68} 'checkNotNull' '(Ljava/lang/Object;Ljava/lang/String;)V' in 'kotlin/jvm/internal/Intrinsics')}
  0x000001f62fca33f0: 2f07 49ba | 60ce 4388 | f601 0000 | 4c89 5424 | 0848 c704 | 24ff ffff 

  0x000001f62fca3408: ;   {runtime_call counter_overflow Runtime1 stub}
  0x000001f62fca3408: ffe8 f27d 

  0x000001f62fca340c: ; ImmutableOopMap {rax=Oop [240]=Oop }
                      ;*synchronization entry
                      ; - kotlin.jvm.internal.Intrinsics::checkNotNull@-1 (line 30)
                      ; - godot.api.Node2D::getGlobalPosition@47 (line 477)
  0x000001f62fca340c: 2f07 e90a 

  0x000001f62fca3410: ;   {metadata({method} {0x000001f68843d138} 'throwJavaNpe' '(Ljava/lang/String;)V' in 'kotlin/jvm/internal/Intrinsics')}
  0x000001f62fca3410: f8ff ff49 | ba30 d143 | 88f6 0100 | 004c 8954 | 2408 48c7 | 0424 ffff 

  0x000001f62fca3428: ;   {runtime_call counter_overflow Runtime1 stub}
  0x000001f62fca3428: ffff e8d1 

  0x000001f62fca342c: ; ImmutableOopMap {[240]=Oop }
                      ;*synchronization entry
                      ; - kotlin.jvm.internal.Intrinsics::throwJavaNpe@-1 (line 50)
                      ; - kotlin.jvm.internal.Intrinsics::checkNotNull@5 (line 31)
                      ; - godot.api.Node2D::getGlobalPosition@47 (line 477)
  0x000001f62fca342c: 7d2f 07e9 | 57f8 ffff 

  0x000001f62fca3434: ;   {metadata(nullptr)}
  0x000001f62fca3434: 48ba 0000 | 0000 0000 | 0000 b800 

  0x000001f62fca3440: ;   {runtime_call load_klass_patching Runtime1 stub}
  0x000001f62fca3440: 0f05 0ae8 

  0x000001f62fca3444: ; ImmutableOopMap {[240]=Oop }
                      ;*new {reexecute=1 rethrow=0 return_oop=0}
                      ; - (reexecute) kotlin.jvm.internal.Intrinsics::throwJavaNpe@0 (line 50)
                      ; - kotlin.jvm.internal.Intrinsics::checkNotNull@5 (line 31)
                      ; - godot.api.Node2D::getGlobalPosition@47 (line 477)
  0x000001f62fca3444: 386d 2f07 | e943 f8ff | ff48 8bd2 

  0x000001f62fca3450: ;   {runtime_call fast_new_instance Runtime1 stub}
  0x000001f62fca3450: e8ab 352f 

  0x000001f62fca3454: ; ImmutableOopMap {[240]=Oop }
                      ;*new {reexecute=0 rethrow=0 return_oop=0}
                      ; - kotlin.jvm.internal.Intrinsics::throwJavaNpe@0 (line 50)
                      ; - kotlin.jvm.internal.Intrinsics::checkNotNull@5 (line 31)
                      ; - godot.api.Node2D::getGlobalPosition@47 (line 477)
  0x000001f62fca3454: 07e9 92f8 

  0x000001f62fca3458: ;   {metadata({method} {0x000001f68843efd8} 'sanitizeStackTrace' '(Ljava/lang/Throwable;)Ljava/lang/Throwable;' in 'kotlin/jvm/internal/Intrinsics')}
  0x000001f62fca3458: ffff 49ba | d0ef 4388 | f601 0000 | 4c89 5424 | 0848 c704 | 24ff ffff 

  0x000001f62fca3470: ;   {runtime_call counter_overflow Runtime1 stub}
  0x000001f62fca3470: ffe8 8a7d 

  0x000001f62fca3474: ; ImmutableOopMap {[240]=Oop [248]=Oop }
                      ;*synchronization entry
                      ; - kotlin.jvm.internal.Intrinsics::sanitizeStackTrace@-1 (line 253)
                      ; - kotlin.jvm.internal.Intrinsics::throwJavaNpe@8 (line 50)
                      ; - kotlin.jvm.internal.Intrinsics::checkNotNull@5 (line 31)
                      ; - godot.api.Node2D::getGlobalPosition@47 (line 477)
  0x000001f62fca3474: 2f07 e9e2 

  0x000001f62fca3478: ;   {metadata({method} {0x000001f64746ee00} 'getName' '()Ljava/lang/String;' in 'java/lang/Class')}
  0x000001f62fca3478: f8ff ff49 | baf8 ed46 | 47f6 0100 | 004c 8954 | 2408 48c7 | 0424 ffff 

  0x000001f62fca3490: ;   {runtime_call counter_overflow Runtime1 stub}
  0x000001f62fca3490: ffff e869 

  0x000001f62fca3494: ; ImmutableOopMap {rdx=Oop [240]=Oop [248]=Oop }
                      ;*synchronization entry
                      ; - java.lang.Class::getName@-1 (line 949)
                      ; - kotlin.jvm.internal.Intrinsics::sanitizeStackTrace@3 (line 253)
                      ; - kotlin.jvm.internal.Intrinsics::throwJavaNpe@8 (line 50)
                      ; - kotlin.jvm.internal.Intrinsics::checkNotNull@5 (line 31)
                      ; - godot.api.Node2D::getGlobalPosition@47 (line 477)
  0x000001f62fca3494: 7d2f 07e9 | 07f9 ffff 

  0x000001f62fca349c: ;   {runtime_call throw_null_pointer_exception Runtime1 stub}
  0x000001f62fca349c: e85f 2c2f 

  0x000001f62fca34a0: ; ImmutableOopMap {[240]=Oop [248]=Oop }
                      ;*getfield name {reexecute=1 rethrow=0 return_oop=0}
                      ; - (reexecute) java.lang.Class::getName@1 (line 949)
                      ; - kotlin.jvm.internal.Intrinsics::sanitizeStackTrace@3 (line 253)
                      ; - kotlin.jvm.internal.Intrinsics::throwJavaNpe@8 (line 50)
                      ; - kotlin.jvm.internal.Intrinsics::checkNotNull@5 (line 31)
                      ; - godot.api.Node2D::getGlobalPosition@47 (line 477)
  0x000001f62fca34a0: 0748 8904 

  0x000001f62fca34a4: ;   {runtime_call throw_class_cast_exception Runtime1 stub}
  0x000001f62fca34a4: 24e8 5650 

  0x000001f62fca34a8: ; ImmutableOopMap {}
                      ;*checkcast {reexecute=0 rethrow=0 return_oop=0}
                      ; - godot.api.Node2D::getGlobalPosition@50 (line 477)
                      ;   {internal_word}
  0x000001f62fca34a8: 2f07 49ba | 242f ca2f | f601 0000 | 4d89 9768 

  0x000001f62fca34b8: ;   {runtime_call SafepointBlob}
  0x000001f62fca34b8: 0400 00e9 | 4022 2307 | 4889 0424 

  0x000001f62fca34c4: ;   {runtime_call throw_class_cast_exception Runtime1 stub}
  0x000001f62fca34c4: e837 502f 

  0x000001f62fca34c8: ; ImmutableOopMap {rdx=Oop [240]=Oop }
                      ;*checkcast {reexecute=0 rethrow=0 return_oop=0}
                      ; - kotlin.jvm.internal.Intrinsics::throwJavaNpe@11 (line 50)
                      ; - kotlin.jvm.internal.Intrinsics::checkNotNull@5 (line 31)
                      ; - godot.api.Node2D::getGlobalPosition@47 (line 477)
                      ;   {runtime_call throw_null_pointer_exception Runtime1 stub}
  0x000001f62fca34c8: 07e8 322c 

  0x000001f62fca34cc: ; ImmutableOopMap {rdx=Oop rax=Oop [240]=Oop }
                      ;*athrow {reexecute=1 rethrow=0 return_oop=0}
                      ; - (reexecute) kotlin.jvm.internal.Intrinsics::throwJavaNpe@14 (line 50)
                      ; - kotlin.jvm.internal.Intrinsics::checkNotNull@5 (line 31)
                      ; - godot.api.Node2D::getGlobalPosition@47 (line 477)
                      ;   {metadata({method} {0x000001f68843df60} 'throwParameterIsNullNPE' '(Ljava/lang/String;)V' in 'kotlin/jvm/internal/Intrinsics')}
  0x000001f62fca34cc: 2f07 49ba | 58df 4388 | f601 0000 | 4c89 5424 | 0848 c704 | 24ff ffff 

  0x000001f62fca34e4: ;   {runtime_call counter_overflow Runtime1 stub}
  0x000001f62fca34e4: ffe8 167d 

  0x000001f62fca34e8: ; ImmutableOopMap {}
                      ;*synchronization entry
                      ; - kotlin.jvm.internal.Intrinsics::throwParameterIsNullNPE@-1 (line 140)
                      ; - kotlin.jvm.internal.Intrinsics::checkNotNullParameter@5 (line 131)
                      ; - godot.common.util.ThreadLocalDelegate::getValue@3
                      ; - godot.internal.memory.TransferContext::getBuffer@9 (line 28)
                      ; - godot.internal.memory.TransferContext::readReturnValue@7 (line 73)
                      ; - godot.api.Node2D::getGlobalPosition@41 (line 477)
  0x000001f62fca34e8: 2f07 e99e 

  0x000001f62fca34ec: ;   {metadata(nullptr)}
  0x000001f62fca34ec: fbff ff48 | ba00 0000 | 0000 0000 | 00b8 000f 

  0x000001f62fca34fc: ;   {runtime_call load_klass_patching Runtime1 stub}
  0x000001f62fca34fc: 050a e87d 

  0x000001f62fca3500: ; ImmutableOopMap {}
                      ;*new {reexecute=1 rethrow=0 return_oop=0}
                      ; - (reexecute) kotlin.jvm.internal.Intrinsics::throwParameterIsNullNPE@0 (line 140)
                      ; - kotlin.jvm.internal.Intrinsics::checkNotNullParameter@5 (line 131)
                      ; - godot.common.util.ThreadLocalDelegate::getValue@3
                      ; - godot.internal.memory.TransferContext::getBuffer@9 (line 28)
                      ; - godot.internal.memory.TransferContext::readReturnValue@7 (line 73)
                      ; - godot.api.Node2D::getGlobalPosition@41 (line 477)
  0x000001f62fca3500: 6c2f 07e9 | 88fb ffff 

  0x000001f62fca3508: ;   {runtime_call fast_new_instance Runtime1 stub}
  0x000001f62fca3508: 488b d2e8 

  0x000001f62fca350c: ; ImmutableOopMap {}
                      ;*new {reexecute=0 rethrow=0 return_oop=0}
                      ; - kotlin.jvm.internal.Intrinsics::throwParameterIsNullNPE@0 (line 140)
                      ; - kotlin.jvm.internal.Intrinsics::checkNotNullParameter@5 (line 131)
                      ; - godot.common.util.ThreadLocalDelegate::getValue@3
                      ; - godot.internal.memory.TransferContext::getBuffer@9 (line 28)
                      ; - godot.internal.memory.TransferContext::readReturnValue@7 (line 73)
                      ; - godot.api.Node2D::getGlobalPosition@41 (line 477)
  0x000001f62fca350c: f034 2f07 | e9d7 fbff 

  0x000001f62fca3514: ;   {metadata({method} {0x000001f68843efd8} 'sanitizeStackTrace' '(Ljava/lang/Throwable;)Ljava/lang/Throwable;' in 'kotlin/jvm/internal/Intrinsics')}
  0x000001f62fca3514: ff49 bad0 | ef43 88f6 | 0100 004c | 8954 2408 | 48c7 0424 | ffff ffff 

  0x000001f62fca352c: ;   {runtime_call counter_overflow Runtime1 stub}
  0x000001f62fca352c: e8cf 7c2f 

  0x000001f62fca3530: ; ImmutableOopMap {[256]=Oop }
                      ;*synchronization entry
                      ; - kotlin.jvm.internal.Intrinsics::sanitizeStackTrace@-1 (line 253)
                      ; - kotlin.jvm.internal.Intrinsics::throwParameterIsNullNPE@11 (line 140)
                      ; - kotlin.jvm.internal.Intrinsics::checkNotNullParameter@5 (line 131)
                      ; - godot.common.util.ThreadLocalDelegate::getValue@3
                      ; - godot.internal.memory.TransferContext::getBuffer@9 (line 28)
                      ; - godot.internal.memory.TransferContext::readReturnValue@7 (line 73)
                      ; - godot.api.Node2D::getGlobalPosition@41 (line 477)
  0x000001f62fca3530: 07e9 5ffc | ffff 4889 

  0x000001f62fca3538: ;   {runtime_call throw_class_cast_exception Runtime1 stub}
  0x000001f62fca3538: 0424 e8c1 

  0x000001f62fca353c: ; ImmutableOopMap {}
                      ;*checkcast {reexecute=0 rethrow=0 return_oop=0}
                      ; - kotlin.jvm.internal.Intrinsics::throwParameterIsNullNPE@14 (line 140)
                      ; - kotlin.jvm.internal.Intrinsics::checkNotNullParameter@5 (line 131)
                      ; - godot.common.util.ThreadLocalDelegate::getValue@3
                      ; - godot.internal.memory.TransferContext::getBuffer@9 (line 28)
                      ; - godot.internal.memory.TransferContext::readReturnValue@7 (line 73)
                      ; - godot.api.Node2D::getGlobalPosition@41 (line 477)
                      ;   {runtime_call throw_null_pointer_exception Runtime1 stub}
  0x000001f62fca353c: 4f2f 07e8 

  0x000001f62fca3540: ; ImmutableOopMap {rax=Oop }
                      ;*athrow {reexecute=1 rethrow=0 return_oop=0}
                      ; - (reexecute) kotlin.jvm.internal.Intrinsics::throwParameterIsNullNPE@17 (line 140)
                      ; - kotlin.jvm.internal.Intrinsics::checkNotNullParameter@5 (line 131)
                      ; - godot.common.util.ThreadLocalDelegate::getValue@3
                      ; - godot.internal.memory.TransferContext::getBuffer@9 (line 28)
                      ; - godot.internal.memory.TransferContext::readReturnValue@7 (line 73)
                      ; - godot.api.Node2D::getGlobalPosition@41 (line 477)
  0x000001f62fca3540: bc2b 2f07 | 498b 8700 | 0500 0049 | c787 0005 | 0000 0000 | 0000 49c7 | 8708 0500 | 0000 0000 
  0x000001f62fca3560: 0048 81c4 | 1001 0000 

  0x000001f62fca3568: ;   {runtime_call unwind_exception Runtime1 stub}
  0x000001f62fca3568: 5de9 9217 | 2f07 f4f4 
[Stub Code]
  0x000001f62fca3570: ;   {no_reloc}
  0x000001f62fca3570: 0f1f 4400 

  0x000001f62fca3574: ;   {static_stub}
  0x000001f62fca3574: 0048 bb00 | 0000 0000 

  0x000001f62fca357c: ;   {runtime_call}
  0x000001f62fca357c: 0000 00e9 | fbff ffff 

  0x000001f62fca3584: ;   {static_stub}
  0x000001f62fca3584: 9048 bb00 | 0000 0000 

  0x000001f62fca358c: ;   {runtime_call}
  0x000001f62fca358c: 0000 00e9 | fbff ffff 

  0x000001f62fca3594: ;   {static_stub}
  0x000001f62fca3594: 9048 bb00 | 0000 0000 

  0x000001f62fca359c: ;   {runtime_call}
  0x000001f62fca359c: 0000 00e9 | fbff ffff 

  0x000001f62fca35a4: ;   {static_stub}
  0x000001f62fca35a4: 48bb 0000 | 0000 0000 

  0x000001f62fca35ac: ;   {runtime_call}
  0x000001f62fca35ac: 0000 e9fb 

  0x000001f62fca35b0: ;   {static_stub}
  0x000001f62fca35b0: ffff ff48 | bb00 0000 | 0000 0000 

  0x000001f62fca35bc: ;   {runtime_call}
  0x000001f62fca35bc: 00e9 fbff 

  0x000001f62fca35c0: ;   {static_stub}
  0x000001f62fca35c0: ffff 48bb | 0000 0000 | 0000 0000 

  0x000001f62fca35cc: ;   {runtime_call}
  0x000001f62fca35cc: e9fb ffff 

  0x000001f62fca35d0: ;   {static_stub}
  0x000001f62fca35d0: ff48 bb00 | 0000 0000 

  0x000001f62fca35d8: ;   {runtime_call}
  0x000001f62fca35d8: 0000 00e9 | fbff ffff 

  0x000001f62fca35e0: ;   {static_stub}
  0x000001f62fca35e0: 48bb 0000 | 0000 0000 

  0x000001f62fca35e8: ;   {runtime_call}
  0x000001f62fca35e8: 0000 e9fb 

  0x000001f62fca35ec: ;   {static_stub}
  0x000001f62fca35ec: ffff ff48 | bb00 0000 | 0000 0000 

  0x000001f62fca35f8: ;   {runtime_call}
  0x000001f62fca35f8: 00e9 fbff 

  0x000001f62fca35fc: ;   {static_stub}
  0x000001f62fca35fc: ffff 48bb | 0000 0000 | 0000 0000 

  0x000001f62fca3608: ;   {runtime_call}
  0x000001f62fca3608: e9fb ffff 

  0x000001f62fca360c: ;   {runtime_call handle_exception_from_callee Runtime1 stub}
  0x000001f62fca360c: ffe8 ee48 

  0x000001f62fca3610: ;   {external_word}
  0x000001f62fca3610: 2f07 48b9 | b078 4d5d | fe7f 0000 | 4883 e4f0 

  0x000001f62fca3620: ;   {runtime_call}
  0x000001f62fca3620: 48b8 9041 | 155d fe7f | 0000 ffd0 

  0x000001f62fca362c: ;   {section_word}
  0x000001f62fca362c: f449 ba2d | 36ca 2ff6 | 0100 0041 

  0x000001f62fca3638: ;   {runtime_call DeoptimizationBlob}
  0x000001f62fca3638: 52e9 6213 | 2307 f4f4 
[/MachCode]


---------------  P R O C E S S  ---------------

Threads class SMR info:
_java_thread_list=0x000001f6270a8230, length=27, elements={
0x000001f626679780, 0x000001f626c4d010, 0x000001f626c4f690, 0x000001f626c5a680,
0x000001f626ccf3d0, 0x000001f626cf2940, 0x000001f61e78f900, 0x000001f626d7e200,
0x000001f611cd30c0, 0x000001f61e791340, 0x000001f61e78f270, 0x000001f61e7954e0,
0x000001f61e792d80, 0x000001f61e794e50, 0x000001f61e795b70, 0x000001f61e796890,
0x000001f61e793410, 0x000001f68e764680, 0x000001f68e7625b0, 0x000001f68e765a30,
0x000001f68e7653a0, 0x000001f68e7660c0, 0x000001f68e764d10, 0x000001f68e762c40,
0x000001f68e766750, 0x000001f68e7632d0, 0x000001f68e766de0
}

Java Threads: ( => current thread )
=>0x000001f626679780 JavaThread "main"                              [_thread_in_native, id=22556, stack(0x00000095b0600000,0x00000095b0e00000) (8192K)]
  0x000001f626c4d010 JavaThread "Reference Handler"          daemon [_thread_blocked, id=23760, stack(0x00000095cce00000,0x00000095cd600000) (8192K)]
  0x000001f626c4f690 JavaThread "Finalizer"                  daemon [_thread_blocked, id=18172, stack(0x00000095cd600000,0x00000095cde00000) (8192K)]
  0x000001f626c5a680 JavaThread "Signal Dispatcher"          daemon [_thread_blocked, id=11216, stack(0x00000095cde00000,0x00000095ce600000) (8192K)]
  0x000001f626ccf3d0 JavaThread "Attach Listener"            daemon [_thread_blocked, id=24236, stack(0x00000095ce600000,0x00000095cee00000) (8192K)]
  0x000001f626cf2940 JavaThread "Service Thread"             daemon [_thread_blocked, id=14948, stack(0x00000095cee00000,0x00000095cf600000) (8192K)]
  0x000001f61e78f900 JavaThread "Monitor Deflation Thread"   daemon [_thread_blocked, id=16484, stack(0x00000095cf600000,0x00000095cfe00000) (8192K)]
  0x000001f626d7e200 JavaThread "C2 CompilerThread0"         daemon [_thread_blocked, id=13636, stack(0x00000095cfe00000,0x00000095d0600000) (8192K)]
  0x000001f611cd30c0 JavaThread "C1 CompilerThread0"         daemon [_thread_blocked, id=8616, stack(0x00000095d0600000,0x00000095d0e00000) (8192K)]
  0x000001f61e791340 JavaThread "Notification Thread"        daemon [_thread_blocked, id=432, stack(0x00000095d2600000,0x00000095d2e00000) (8192K)]
  0x000001f61e78f270 JavaThread "Common-Cleaner"             daemon [_thread_blocked, id=5176, stack(0x00000095d2e00000,0x00000095d3600000) (8192K)]
  0x000001f61e7954e0 JavaThread "Thread-0"                          [_thread_in_native, id=13656, stack(0x00000095b2600000,0x00000095b2e00000) (8192K)]
  0x000001f61e792d80 JavaThread "Thread-1"                          [_thread_in_native, id=19356, stack(0x00000095b3600000,0x00000095b3e00000) (8192K)]
  0x000001f61e794e50 JavaThread "Thread-2"                          [_thread_in_native, id=15496, stack(0x00000095b2e00000,0x00000095b3600000) (8192K)]
  0x000001f61e795b70 JavaThread "Thread-3"                          [_thread_in_native, id=19960, stack(0x00000095b3e00000,0x00000095b4600000) (8192K)]
  0x000001f61e796890 JavaThread "Thread-4"                          [_thread_in_native, id=12752, stack(0x00000095b4600000,0x00000095b4e00000) (8192K)]
  0x000001f61e793410 JavaThread "Thread-5"                          [_thread_in_native, id=6328, stack(0x00000095b4e00000,0x00000095b5600000) (8192K)]
  0x000001f68e764680 JavaThread "Thread-6"                          [_thread_in_native, id=5788, stack(0x00000095b5e00000,0x00000095b6600000) (8192K)]
  0x000001f68e7625b0 JavaThread "Thread-7"                          [_thread_in_native, id=22868, stack(0x00000095b6600000,0x00000095b6e00000) (8192K)]
  0x000001f68e765a30 JavaThread "Thread-8"                          [_thread_in_native, id=7292, stack(0x00000095b6e00000,0x00000095b7600000) (8192K)]
  0x000001f68e7653a0 JavaThread "Thread-9"                          [_thread_in_native, id=7064, stack(0x00000095b7600000,0x00000095b7e00000) (8192K)]
  0x000001f68e7660c0 JavaThread "Thread-10"                         [_thread_in_native, id=18700, stack(0x00000095b7e00000,0x00000095b8600000) (8192K)]
  0x000001f68e764d10 JavaThread "Thread-11"                         [_thread_in_native, id=11808, stack(0x00000095b8600000,0x00000095b8e00000) (8192K)]
  0x000001f68e762c40 JavaThread "Thread-12"                         [_thread_in_native, id=21108, stack(0x00000095b8e00000,0x00000095b9600000) (8192K)]
  0x000001f68e766750 JavaThread "Thread-13"                         [_thread_in_native, id=21604, stack(0x00000095b9600000,0x00000095b9e00000) (8192K)]
  0x000001f68e7632d0 JavaThread "Thread-14"                         [_thread_in_native, id=22808, stack(0x00000095b9e00000,0x00000095ba600000) (8192K)]
  0x000001f68e766de0 JavaThread "Thread-15"                         [_thread_in_native, id=19660, stack(0x00000095b5600000,0x00000095b5e00000) (8192K)]
Total: 27

Other Threads:
  0x000001f626bbb520 VMThread "VM Thread"                           [id=2156, stack(0x00000095cc600000,0x00000095cce00000) (8192K)]
  0x000001f612f5bd60 WatcherThread "VM Periodic Task Thread"        [id=21752, stack(0x00000095cbe00000,0x00000095cc600000) (8192K)]
  0x000001f62645b0a0 WorkerThread "GC Thread#0"                     [id=22920, stack(0x00000095c9600000,0x00000095c9e00000) (8192K)]
  0x000001f68c4b9ff0 WorkerThread "GC Thread#1"                     [id=15436, stack(0x00000095d4600000,0x00000095d4e00000) (8192K)]
  0x000001f68c5aa010 WorkerThread "GC Thread#2"                     [id=11980, stack(0x00000095d4e00000,0x00000095d5600000) (8192K)]
  0x000001f68c5aa3c0 WorkerThread "GC Thread#3"                     [id=7340, stack(0x00000095d5600000,0x00000095d5e00000) (8192K)]
  0x000001f68c5aa770 WorkerThread "GC Thread#4"                     [id=20556, stack(0x00000095d5e00000,0x00000095d6600000) (8192K)]
  0x000001f68c620db0 WorkerThread "GC Thread#5"                     [id=6088, stack(0x00000095d6600000,0x00000095d6e00000) (8192K)]
  0x000001f68c814440 WorkerThread "GC Thread#6"                     [id=13088, stack(0x00000095d3e00000,0x00000095d4600000) (8192K)]
  0x000001f68d2b7850 WorkerThread "GC Thread#7"                     [id=7040, stack(0x00000095d6e00000,0x00000095d7600000) (8192K)]
  0x000001f68d2b8710 WorkerThread "GC Thread#8"                     [id=16812, stack(0x00000095d7600000,0x00000095d7e00000) (8192K)]
  0x000001f68d2b9d30 WorkerThread "GC Thread#9"                     [id=21524, stack(0x00000095d7e00000,0x00000095d8600000) (8192K)]
  0x000001f68d2b95d0 WorkerThread "GC Thread#10"                    [id=1960, stack(0x00000095d8600000,0x00000095d8e00000) (8192K)]
  0x000001f68d2b7c00 WorkerThread "GC Thread#11"                    [id=9908, stack(0x00000095d8e00000,0x00000095d9600000) (8192K)]
  0x000001f68d2b74a0 WorkerThread "GC Thread#12"                    [id=18452, stack(0x00000095d9600000,0x00000095d9e00000) (8192K)]
  0x000001f61e5b5fc0 ConcurrentGCThread "G1 Main Marker"            [id=3248, stack(0x00000095c9e00000,0x00000095ca600000) (8192K)]
  0x000001f62645c2d0 WorkerThread "G1 Conc#0"                       [id=10836, stack(0x00000095ca600000,0x00000095cae00000) (8192K)]
  0x000001f68d2b9980 WorkerThread "G1 Conc#1"                       [id=2888, stack(0x00000095d9e00000,0x00000095da600000) (8192K)]
  0x000001f68d2b70f0 WorkerThread "G1 Conc#2"                       [id=20216, stack(0x00000095da600000,0x00000095dae00000) (8192K)]
  0x000001f6256fe010 ConcurrentGCThread "G1 Refine#0"               [id=22156, stack(0x00000095cae00000,0x00000095cb600000) (8192K)]
  0x000001f61e72fdc0 ConcurrentGCThread "G1 Service"                [id=15860, stack(0x00000095cb600000,0x00000095cbe00000) (8192K)]
Total: 21

Threads with active compile tasks:
Total: 0

VM state: not at safepoint (normal execution)

VM Mutex/Monitor currently owned by a thread: None

Heap address: 0x0000000704a00000, size: 4022 MB, Compressed Oops mode: Zero based, Oop shift amount: 3

CDS archive(s) mapped at: [0x000001f647000000-0x000001f647c90000-0x000001f647c90000), size 13172736, SharedBaseAddress: 0x000001f647000000, ArchiveRelocationMode: 1.
Compressed class space mapped at: 0x000001f648000000-0x000001f688000000, reserved size: 1073741824
Narrow klass base: 0x000001f647000000, Narrow klass shift: 0, Narrow klass range: 0x100000000

GC Precious Log:
 CardTable entry size: 512
 Card Set container configuration: InlinePtr #cards 4 size 8 Array Of Cards #cards 16 size 48 Howl #buckets 8 coarsen threshold 3686 Howl Bitmap #cards 512 size 80 coarsen threshold 460 Card regions per heap region 1 cards per card region 4096
 CPUs: 16 total, 16 available
 Memory: 16087M
 Large Page Support: Disabled
 NUMA Support: Disabled
 Compressed Oops: Enabled (Zero based)
 Heap Region Size: 2M
 Heap Min Capacity: 8M
 Heap Initial Capacity: 252M
 Heap Max Capacity: 4022M
 Pre-touch: Disabled
 Parallel Workers: 13
 Concurrent Workers: 3
 Concurrent Refinement Workers: 13
 Periodic GC: Disabled

Heap:
 garbage-first heap   total 34816K, used 11869K [0x0000000704a00000, 0x0000000800000000)
  region size 2048K, 7 young (14336K), 3 survivors (6144K)
 Metaspace       used 25808K, committed 25984K, reserved 1114112K
  class space    used 2649K, committed 2688K, reserved 1048576K

Heap Regions: E=young(eden), S=young(survivor), O=old, HS=humongous(starts), HC=humongous(continues), CS=collection set, F=free, TAMS=top-at-mark-start, PB=parsable bottom
|   0|0x0000000704a00000, 0x0000000704a00000, 0x0000000704c00000|  0%| F|  |TAMS 0x0000000704a00000| PB 0x0000000704a00000| Untracked 
|   1|0x0000000704c00000, 0x0000000704c00000, 0x0000000704e00000|  0%| F|  |TAMS 0x0000000704c00000| PB 0x0000000704c00000| Untracked 
|   2|0x0000000704e00000, 0x0000000704e00000, 0x0000000705000000|  0%| F|  |TAMS 0x0000000704e00000| PB 0x0000000704e00000| Untracked 
|   3|0x0000000705000000, 0x0000000705000000, 0x0000000705200000|  0%| F|  |TAMS 0x0000000705000000| PB 0x0000000705000000| Untracked 
|   4|0x0000000705200000, 0x0000000705200000, 0x0000000705400000|  0%| F|  |TAMS 0x0000000705200000| PB 0x0000000705200000| Untracked 
|   5|0x0000000705400000, 0x0000000705400000, 0x0000000705600000|  0%| F|  |TAMS 0x0000000705400000| PB 0x0000000705400000| Untracked 
|   6|0x0000000705600000, 0x0000000705600000, 0x0000000705800000|  0%| F|  |TAMS 0x0000000705600000| PB 0x0000000705600000| Untracked 
|   7|0x0000000705800000, 0x0000000705800000, 0x0000000705a00000|  0%| F|  |TAMS 0x0000000705800000| PB 0x0000000705800000| Untracked 
|   8|0x0000000705a00000, 0x0000000705a00000, 0x0000000705c00000|  0%| F|  |TAMS 0x0000000705a00000| PB 0x0000000705a00000| Untracked 
|   9|0x0000000705c00000, 0x0000000705c00000, 0x0000000705e00000|  0%| F|  |TAMS 0x0000000705c00000| PB 0x0000000705c00000| Untracked 
|  10|0x0000000705e00000, 0x0000000706000000, 0x0000000706000000|100%| S|CS|TAMS 0x0000000705e00000| PB 0x0000000705e00000| Complete 
|  11|0x0000000706000000, 0x0000000706200000, 0x0000000706200000|100%| S|CS|TAMS 0x0000000706000000| PB 0x0000000706000000| Complete 
|  12|0x0000000706200000, 0x00000007063976d0, 0x0000000706400000| 79%| S|CS|TAMS 0x0000000706200000| PB 0x0000000706200000| Complete 
| 121|0x0000000713c00000, 0x0000000713d00000, 0x0000000713e00000| 50%| E|  |TAMS 0x0000000713c00000| PB 0x0000000713c00000| Complete 
| 122|0x0000000713e00000, 0x0000000714000000, 0x0000000714000000|100%| E|CS|TAMS 0x0000000713e00000| PB 0x0000000713e00000| Complete 
| 123|0x0000000714000000, 0x0000000714200000, 0x0000000714200000|100%| E|CS|TAMS 0x0000000714000000| PB 0x0000000714000000| Complete 
| 125|0x0000000714400000, 0x0000000714600000, 0x0000000714600000|100%| E|CS|TAMS 0x0000000714400000| PB 0x0000000714400000| Complete 

Card table byte_map: [0x000001f63f210000,0x000001f63f9f0000] _byte_map_base: 0x000001f63b9eb000

Marking Bits: (CMBitMap*) 0x000001f62645b460
 Bits: [0x000001f63f9f0000, 0x000001f6438c8000)

Polling page: 0x000001f61f0e0000

Metaspace:

Usage:
  Non-class:     22.62 MB used.
      Class:      2.59 MB used.
       Both:     25.20 MB used.

Virtual space:
  Non-class space:       64.00 MB reserved,      22.75 MB ( 36%) committed,  1 nodes.
      Class space:        1.00 GB reserved,       2.62 MB ( <1%) committed,  1 nodes.
             Both:        1.06 GB reserved,      25.38 MB (  2%) committed. 

Chunk freelists:
   Non-Class:  6.59 MB
       Class:  13.19 MB
        Both:  19.79 MB

MaxMetaspaceSize: unlimited
CompressedClassSpaceSize: 1.00 GB
Initial GC threshold: 21.00 MB
Current GC threshold: 35.12 MB
CDS: on
 - commit_granule_bytes: 65536.
 - commit_granule_words: 8192.
 - virtual_space_node_default_size: 8388608.
 - enlarge_chunks_in_place: 1.
 - use_allocation_guard: 0.


Internal statistics:

num_allocs_failed_limit: 3.
num_arena_births: 114.
num_arena_deaths: 0.
num_vsnodes_births: 2.
num_vsnodes_deaths: 0.
num_space_committed: 405.
num_space_uncommitted: 0.
num_chunks_returned_to_freelist: 3.
num_chunks_taken_from_freelist: 961.
num_chunk_merges: 3.
num_chunk_splits: 842.
num_chunks_enlarged: 739.
num_inconsistent_stats: 0.

CodeHeap 'non-profiled nmethods': size=119168Kb used=591Kb max_used=591Kb free=118576Kb
 bounds [0x000001f6375d0000, 0x000001f637840000, 0x000001f63ea30000]
CodeHeap 'profiled nmethods': size=119104Kb used=2579Kb max_used=2579Kb free=116524Kb
 bounds [0x000001f62fa30000, 0x000001f62fcc0000, 0x000001f636e80000]
CodeHeap 'non-nmethods': size=7488Kb used=1588Kb max_used=3251Kb free=5899Kb
 bounds [0x000001f636e80000, 0x000001f6371b0000, 0x000001f6375d0000]
 total_blobs=2035 nmethods=1390 adapters=550
 compilation: enabled
              stopped_count=0, restarted_count=0
 full_count=0

Compilation events (20 events):
Event: 19.433 Thread 0x000001f611cd30c0 1379       3       game.items.weapons.range.RangeBehavior::_process (36 bytes)
Event: 19.433 Thread 0x000001f611cd30c0 nmethod 1379 0x000001f62fcaf890 code [0x000001f62fcafa40, 0x000001f62fcafc70]
Event: 19.463 Thread 0x000001f611cd30c0 1380       3       godot.core.VariantParser$LONG::toUnsafeKotlin (6 bytes)
Event: 19.463 Thread 0x000001f611cd30c0 nmethod 1380 0x000001f62fcafd90 code [0x000001f62fcaffe0, 0x000001f62fcb06f0]
Event: 19.463 Thread 0x000001f611cd30c0 1381       3       godot.core.VariantParser$LONG::toUnsafeKotlin (14 bytes)
Event: 19.464 Thread 0x000001f611cd30c0 nmethod 1381 0x000001f62fcb0990 code [0x000001f62fcb0be0, 0x000001f62fcb1288]
Event: 19.530 Thread 0x000001f611cd30c0 1383       3       godot.api.Node2D::getPosition (54 bytes)
Event: 19.530 Thread 0x000001f626d7e200 1385   !   4       java.nio.DirectByteBuffer::getFloat (27 bytes)
Event: 19.530 Thread 0x000001f611cd30c0 nmethod 1383 0x000001f62fcb1510 code [0x000001f62fcb1840, 0x000001f62fcb2940]
Event: 19.530 Thread 0x000001f611cd30c0 1384       3       godot.api.Node2D$MethodBindings::getGetPositionPtr$godot_api_library (4 bytes)
Event: 19.530 Thread 0x000001f611cd30c0 nmethod 1384 0x000001f62fcb2f10 code [0x000001f62fcb30a0, 0x000001f62fcb31b8]
Event: 19.532 Thread 0x000001f626d7e200 nmethod 1385 0x000001f637662d90 code [0x000001f637662f20, 0x000001f637663048]
Event: 19.562 Thread 0x000001f611cd30c0 1386       3       godot.core.VariantParser$LONG::toUnsafeGodot (41 bytes)
Event: 19.563 Thread 0x000001f611cd30c0 nmethod 1386 0x000001f62fcb3290 code [0x000001f62fcb3500, 0x000001f62fcb3fb0]
Event: 19.629 Thread 0x000001f626d7e200 1387       4       godot.core.VariantParser::toGodot (21 bytes)
Event: 19.632 Thread 0x000001f626d7e200 nmethod 1387 0x000001f637663210 code [0x000001f6376633c0, 0x000001f6376635a0]
Event: 19.696 Thread 0x000001f626d7e200 1389       4       godot.core.Vector2::<init> (15 bytes)
Event: 19.696 Thread 0x000001f611cd30c0 1390       3       godot.core.Vector2::plus (32 bytes)
Event: 19.696 Thread 0x000001f626d7e200 nmethod 1389 0x000001f637663c90 code [0x000001f637663e20, 0x000001f637663eb0]
Event: 19.697 Thread 0x000001f611cd30c0 nmethod 1390 0x000001f62fcb4310 code [0x000001f62fcb4540, 0x000001f62fcb4c60]

GC Heap History (8 events):
Event: 0.466 GC heap before
{Heap before GC invocations=0 (full 0):
 garbage-first heap   total 258048K, used 20480K [0x0000000704a00000, 0x0000000800000000)
  region size 2048K, 11 young (22528K), 0 survivors (0K)
 Metaspace       used 6436K, committed 6528K, reserved 1114112K
  class space    used 366K, committed 448K, reserved 1048576K
}
Event: 0.470 GC heap after
{Heap after GC invocations=1 (full 0):
 garbage-first heap   total 258048K, used 2325K [0x0000000704a00000, 0x0000000800000000)
  region size 2048K, 2 young (4096K), 2 survivors (4096K)
 Metaspace       used 6436K, committed 6528K, reserved 1114112K
  class space    used 366K, committed 448K, reserved 1048576K
}
Event: 1.222 GC heap before
{Heap before GC invocations=1 (full 0):
 garbage-first heap   total 258048K, used 43285K [0x0000000704a00000, 0x0000000800000000)
  region size 2048K, 22 young (45056K), 2 survivors (4096K)
 Metaspace       used 20074K, committed 20224K, reserved 1114112K
  class space    used 1908K, committed 1984K, reserved 1048576K
}
Event: 1.229 GC heap after
{Heap after GC invocations=2 (full 0):
 garbage-first heap   total 258048K, used 4402K [0x0000000704a00000, 0x0000000800000000)
  region size 2048K, 3 young (6144K), 3 survivors (6144K)
 Metaspace       used 20074K, committed 20224K, reserved 1114112K
  class space    used 1908K, committed 1984K, reserved 1048576K
}
Event: 1.348 GC heap before
{Heap before GC invocations=2 (full 0):
 garbage-first heap   total 258048K, used 6450K [0x0000000704a00000, 0x0000000800000000)
  region size 2048K, 5 young (10240K), 3 survivors (6144K)
 Metaspace       used 21389K, committed 21504K, reserved 1114112K
  class space    used 1990K, committed 2048K, reserved 1048576K
}
Event: 1.352 GC heap after
{Heap after GC invocations=3 (full 0):
 garbage-first heap   total 258048K, used 5269K [0x0000000704a00000, 0x0000000800000000)
  region size 2048K, 3 young (6144K), 3 survivors (6144K)
 Metaspace       used 21389K, committed 21504K, reserved 1114112K
  class space    used 1990K, committed 2048K, reserved 1048576K
}
Event: 1.970 GC heap before
{Heap before GC invocations=4 (full 0):
 garbage-first heap   total 28672K, used 25749K [0x0000000704a00000, 0x0000000800000000)
  region size 2048K, 14 young (28672K), 3 survivors (6144K)
 Metaspace       used 24871K, committed 25024K, reserved 1114112K
  class space    used 2575K, committed 2624K, reserved 1048576K
}
Event: 1.975 GC heap after
{Heap after GC invocations=5 (full 0):
 garbage-first heap   total 34816K, used 5725K [0x0000000704a00000, 0x0000000800000000)
  region size 2048K, 3 young (6144K), 3 survivors (6144K)
 Metaspace       used 24871K, committed 25024K, reserved 1114112K
  class space    used 2575K, committed 2624K, reserved 1048576K
}

Dll operation events (6 events):
Event: 0.008 Loaded shared library C:\Program Files\Java\jdk-21\bin\java.dll
Event: 0.035 Loaded shared library C:\Program Files\Java\jdk-21\bin\jsvml.dll
Event: 0.056 Loaded shared library C:\Program Files\Java\jdk-21\bin\net.dll
Event: 0.058 Loaded shared library C:\Program Files\Java\jdk-21\bin\nio.dll
Event: 0.068 Loaded shared library C:\Program Files\Java\jdk-21\bin\zip.dll
Event: 0.211 Loaded shared library C:\Program Files\Java\jdk-21\bin\jimage.dll

Deoptimization events (20 events):
Event: 17.764 Thread 0x000001f626679780 Uncommon trap: trap_request=0xffffff45 fr.pc=0x000001f6375f0990 relative=0x00000000000000f0
Event: 17.764 Thread 0x000001f626679780 Uncommon trap: reason=unstable_if action=reinterpret pc=0x000001f6375f0990 method=java.lang.String.getBytes([BIB)V @ 5 c2
Event: 17.764 Thread 0x000001f626679780 DEOPT PACKING pc=0x000001f6375f0990 sp=0x00000095b0dfdd20
Event: 17.764 Thread 0x000001f626679780 DEOPT UNPACKING pc=0x000001f636ed46a2 sp=0x00000095b0dfdce8 mode 2
Event: 17.764 Thread 0x000001f626679780 Uncommon trap: trap_request=0xffffff45 fr.pc=0x000001f6375fe464 relative=0x00000000000000c4
Event: 17.764 Thread 0x000001f626679780 Uncommon trap: reason=unstable_if action=reinterpret pc=0x000001f6375fe464 method=java.lang.StringConcatHelper.newString([BJ)Ljava/lang/String; @ 3 c2
Event: 17.764 Thread 0x000001f626679780 DEOPT PACKING pc=0x000001f6375fe464 sp=0x00000095b0dfddf0
Event: 17.764 Thread 0x000001f626679780 DEOPT UNPACKING pc=0x000001f636ed46a2 sp=0x00000095b0dfdd78 mode 2
Event: 17.764 Thread 0x000001f626679780 Uncommon trap: trap_request=0xffffff45 fr.pc=0x000001f637631eb4 relative=0x00000000000004d4
Event: 17.764 Thread 0x000001f626679780 Uncommon trap: reason=unstable_if action=reinterpret pc=0x000001f637631eb4 method=java.lang.AbstractStringBuilder.inflateIfNeededFor(Ljava/lang/String;)V @ 14 c2
Event: 17.764 Thread 0x000001f626679780 DEOPT PACKING pc=0x000001f637631eb4 sp=0x00000095b0dfdb90
Event: 17.764 Thread 0x000001f626679780 DEOPT UNPACKING pc=0x000001f636ed46a2 sp=0x00000095b0dfda30 mode 2
Event: 17.764 Thread 0x000001f626679780 Uncommon trap: trap_request=0xffffff45 fr.pc=0x000001f6375f45b0 relative=0x00000000000004d0
Event: 17.764 Thread 0x000001f626679780 Uncommon trap: reason=unstable_if action=reinterpret pc=0x000001f6375f45b0 method=java.lang.AbstractStringBuilder.inflateIfNeededFor(Ljava/lang/String;)V @ 14 c2
Event: 17.764 Thread 0x000001f626679780 DEOPT PACKING pc=0x000001f6375f45b0 sp=0x00000095b0dfdba0
Event: 17.764 Thread 0x000001f626679780 DEOPT UNPACKING pc=0x000001f636ed46a2 sp=0x00000095b0dfdaa8 mode 2
Event: 17.764 Thread 0x000001f626679780 Uncommon trap: trap_request=0xffffff45 fr.pc=0x000001f63764d804 relative=0x0000000000000444
Event: 17.765 Thread 0x000001f626679780 Uncommon trap: reason=unstable_if action=reinterpret pc=0x000001f63764d804 method=java.lang.AbstractStringBuilder.isLatin1()Z @ 10 c2
Event: 17.765 Thread 0x000001f626679780 DEOPT PACKING pc=0x000001f63764d804 sp=0x00000095b0dfddc0
Event: 17.765 Thread 0x000001f626679780 DEOPT UNPACKING pc=0x000001f636ed46a2 sp=0x00000095b0dfdd10 mode 2

Classes loaded (20 events):
Event: 2.116 Loading class java/util/ArrayList$SubList$1
Event: 2.116 Loading class java/util/ArrayList$SubList$1 done
Event: 17.122 Loading class java/io/StringWriter
Event: 17.122 Loading class java/io/StringWriter done
Event: 17.123 Loading class java/io/PrintWriter
Event: 17.123 Loading class java/io/PrintWriter done
Event: 17.123 Loading class java/io/PrintWriter$1
Event: 17.123 Loading class jdk/internal/access/JavaIOPrintWriterAccess
Event: 17.123 Loading class jdk/internal/access/JavaIOPrintWriterAccess done
Event: 17.123 Loading class java/io/PrintWriter$1 done
Event: 17.124 Loading class java/lang/Throwable$WrappedPrintWriter
Event: 17.124 Loading class java/lang/Throwable$PrintStreamOrWriter
Event: 17.124 Loading class java/lang/Throwable$PrintStreamOrWriter done
Event: 17.124 Loading class java/lang/Throwable$WrappedPrintWriter done
Event: 17.776 Loading class java/lang/FdLibm$Atan2
Event: 17.776 Loading class java/lang/FdLibm$Atan2 done
Event: 17.776 Loading class java/lang/FdLibm
Event: 17.776 Loading class java/lang/FdLibm done
Event: 17.777 Loading class java/lang/FdLibm$Atan
Event: 17.777 Loading class java/lang/FdLibm$Atan done

Classes unloaded (0 events):
No events

Classes redefined (0 events):
No events

Internal exceptions (3 events):
Event: 1.706 Thread 0x000001f626679780 Exception <a 'java/lang/NoSuchMethodError'{0x000000070559b300}: 'java.lang.Object java.lang.invoke.DirectMethodHandle$Holder.invokeStaticInit(java.lang.Object, java.lang.Object, java.lang.Object)'> (0x000000070559b300) 
thrown [s\open\src\hotspot\share\interpreter\linkResolver.cpp, line 773]
Event: 2.084 Thread 0x000001f626679780 Exception <a 'java/lang/NoSuchMethodError'{0x0000000714513690}: 'java.lang.Object java.lang.invoke.DirectMethodHandle$Holder.newInvokeSpecial(java.lang.Object, long, long, int)'> (0x0000000714513690) 
thrown [s\open\src\hotspot\share\interpreter\linkResolver.cpp, line 773]
Event: 17.122 Thread 0x000001f626679780 Exception <a 'java/lang/ClassCastException'{0x00000007145d9c90}: class godot.api.Resource cannot be cast to class godot.api.PackedScene (godot.api.Resource and godot.api.PackedScene are in unnamed module of loader java.net.URLClassLoader @36baf30c)> (0x00000007145d9c90) 
thrown [s\open\src\hotspot\share\interpreter\interpreterRuntime.cpp, line 455]

ZGC Phase Switch (0 events):
No events

VM Operations (20 events):
Event: 1.758 Executing VM operation: HandshakeAllThreads (Deoptimize)
Event: 1.758 Executing VM operation: HandshakeAllThreads (Deoptimize) done
Event: 1.970 Executing VM operation: G1CollectForAllocation (G1 Evacuation Pause)
Event: 1.975 Executing VM operation: G1CollectForAllocation (G1 Evacuation Pause) done
Event: 2.096 Executing VM operation: HandshakeAllThreads (Deoptimize)
Event: 2.097 Executing VM operation: HandshakeAllThreads (Deoptimize) done
Event: 3.096 Executing VM operation: Cleanup
Event: 3.096 Executing VM operation: Cleanup done
Event: 4.096 Executing VM operation: Cleanup
Event: 4.096 Executing VM operation: Cleanup done
Event: 17.103 Executing VM operation: Cleanup
Event: 17.103 Executing VM operation: Cleanup done
Event: 17.123 Executing VM operation: HandshakeAllThreads (Deoptimize)
Event: 17.123 Executing VM operation: HandshakeAllThreads (Deoptimize) done
Event: 17.125 Executing VM operation: HandshakeAllThreads (Deoptimize)
Event: 17.125 Executing VM operation: HandshakeAllThreads (Deoptimize) done
Event: 18.125 Executing VM operation: Cleanup
Event: 18.125 Executing VM operation: Cleanup done
Event: 19.125 Executing VM operation: Cleanup
Event: 19.126 Executing VM operation: Cleanup done

Events (20 events):
Event: 1.967 Thread 0x000001f61e794e50 Thread added: 0x000001f61e794e50
Event: 1.967 Thread 0x000001f61e795b70 Thread added: 0x000001f61e795b70
Event: 1.967 Thread 0x000001f61e796890 Thread added: 0x000001f61e796890
Event: 1.967 Thread 0x000001f61e793410 Thread added: 0x000001f61e793410
Event: 1.967 Thread 0x000001f68e764680 Thread added: 0x000001f68e764680
Event: 1.968 Thread 0x000001f68e7625b0 Thread added: 0x000001f68e7625b0
Event: 1.968 Thread 0x000001f68e765a30 Thread added: 0x000001f68e765a30
Event: 1.968 Thread 0x000001f68e7653a0 Thread added: 0x000001f68e7653a0
Event: 1.969 Thread 0x000001f68e7660c0 Thread added: 0x000001f68e7660c0
Event: 1.969 Thread 0x000001f68e764d10 Thread added: 0x000001f68e764d10
Event: 1.969 Thread 0x000001f68e762c40 Thread added: 0x000001f68e762c40
Event: 1.970 Thread 0x000001f68e766750 Thread added: 0x000001f68e766750
Event: 1.976 Thread 0x000001f68e7632d0 Thread added: 0x000001f68e7632d0
Event: 1.976 Thread 0x000001f68e766de0 Thread added: 0x000001f68e766de0
Event: 2.084 Thread 0x000001f611cd4c00 Thread exited: 0x000001f611cd4c00
Event: 2.987 Thread 0x000001f611cd59a0 Thread exited: 0x000001f611cd59a0
Event: 4.925 Thread 0x000001f611cd52d0 Thread exited: 0x000001f611cd52d0
Event: 7.559 Thread 0x000001f611cd6740 Thread exited: 0x000001f611cd6740
Event: 17.139 Thread 0x000001f68c172180 Thread added: 0x000001f68c172180
Event: 18.829 Thread 0x000001f68c172180 Thread exited: 0x000001f68c172180


Dynamic libraries:
0x00007ff6de1c0000 - 0x00007ff6e77ca000 	D:\Godot\godot.windows.editor.x86_64.jvm.0.14.3.exe
0x00007fff36240000 - 0x00007fff364a6000 	C:\WINDOWS\SYSTEM32\ntdll.dll
0x00007fff34e60000 - 0x00007fff34f29000 	C:\WINDOWS\System32\KERNEL32.DLL
0x00007fff33a30000 - 0x00007fff33e30000 	C:\WINDOWS\System32\KERNELBASE.dll
0x00007fff348a0000 - 0x00007fff34a3a000 	C:\WINDOWS\System32\ole32.dll
0x00007fff33e40000 - 0x00007fff33ee3000 	C:\WINDOWS\System32\msvcp_win.dll
0x00007fff334b0000 - 0x00007fff335fc000 	C:\WINDOWS\System32\ucrtbase.dll
0x00007fff28120000 - 0x00007fff28156000 	C:\WINDOWS\SYSTEM32\WINMM.dll
0x00007fff34e30000 - 0x00007fff34e5b000 	C:\WINDOWS\System32\GDI32.dll
0x00007fff338b0000 - 0x00007fff338d7000 	C:\WINDOWS\System32\win32u.dll
0x00007fff33780000 - 0x00007fff338aa000 	C:\WINDOWS\System32\gdi32full.dll
0x00007fff350d0000 - 0x00007fff35297000 	C:\WINDOWS\System32\USER32.dll
0x00007fff35340000 - 0x00007fff356c3000 	C:\WINDOWS\System32\combase.dll
0x00007fff356d0000 - 0x00007fff357e8000 	C:\WINDOWS\System32\RPCRT4.dll
0x00007fff34170000 - 0x00007fff34249000 	C:\WINDOWS\System32\OLEAUT32.dll
0x00007fff343a0000 - 0x00007fff34407000 	C:\WINDOWS\System32\SHLWAPI.dll
0x00007fff34f30000 - 0x00007fff3502a000 	C:\WINDOWS\System32\shcore.dll
0x00007fff357f0000 - 0x00007fff35f82000 	C:\WINDOWS\System32\SHELL32.dll
0x00007fff34d60000 - 0x00007fff34e17000 	C:\WINDOWS\System32\ADVAPI32.dll
0x00007fff34b00000 - 0x00007fff34ba9000 	C:\WINDOWS\System32\msvcrt.dll
0x00007fff342f0000 - 0x00007fff3439a000 	C:\WINDOWS\System32\sechost.dll
0x00007fff352a0000 - 0x00007fff352d2000 	C:\WINDOWS\System32\IMM32.dll
0x00007fff33600000 - 0x00007fff33778000 	C:\WINDOWS\System32\CRYPT32.dll
0x00007fff340b0000 - 0x00007fff34131000 	C:\WINDOWS\System32\WS2_32.dll
0x00007fff333a0000 - 0x00007fff333ca000 	C:\WINDOWS\SYSTEM32\bcrypt.dll
0x00007fff2bb60000 - 0x00007fff2bb6b000 	C:\WINDOWS\SYSTEM32\AVRT.dll
0x00007fff304c0000 - 0x00007fff304ef000 	C:\WINDOWS\SYSTEM32\dwmapi.dll
0x00007fff2d9c0000 - 0x00007fff2dc28000 	C:\WINDOWS\SYSTEM32\DWrite.dll
0x00007fff30500000 - 0x00007fff30742000 	C:\WINDOWS\SYSTEM32\dbghelp.dll
0x00007fff31cf0000 - 0x00007fff31d23000 	C:\WINDOWS\SYSTEM32\IPHLPAPI.DLL
0x00007fff25f10000 - 0x00007fff25f1a000 	C:\WINDOWS\SYSTEM32\WSOCK32.dll
0x00007fff33ef0000 - 0x00007fff33f9c000 	C:\WINDOWS\System32\bcryptPrimitives.dll
0x00007fff32270000 - 0x00007fff3228b000 	C:\WINDOWS\SYSTEM32\kernel.appcore.dll
0x00007fff300d0000 - 0x00007fff30179000 	C:\WINDOWS\system32\uxtheme.dll
0x00007fff32890000 - 0x00007fff328fc000 	C:\WINDOWS\system32\mswsock.dll
0x00007fff01220000 - 0x00007fff013a4000 	C:\WINDOWS\SYSTEM32\vulkan-1.dll
0x00007fff330f0000 - 0x00007fff33141000 	C:\WINDOWS\SYSTEM32\CFGMGR32.dll
0x00007fff30360000 - 0x00007fff3049a000 	C:\WINDOWS\system32\dxgi.dll
0x00007fff32060000 - 0x00007fff320be000 	C:\WINDOWS\SYSTEM32\powrprof.dll
0x00007fff32040000 - 0x00007fff32054000 	C:\WINDOWS\SYSTEM32\UMPDC.dll
0x00007fff0dad0000 - 0x00007fff0daed000 	C:\WINDOWS\SYSTEM32\windows.staterepositorycore.dll
0x00007fff307d0000 - 0x00007fff30814000 	C:\WINDOWS\SYSTEM32\dxcore.dll
0x00007fff2b310000 - 0x00007fff2b36f000 	C:\WINDOWS\SYSTEM32\directxdatabasehelper.dll
0x00007ffe68920000 - 0x00007ffe69477000 	C:\Program Files\WindowsApps\Microsoft.D3DMappingLayers_1.2605.1.0_x64__8wekyb3d8bbwe\x64\vulkan_dzn.dll
0x00007fff21410000 - 0x00007fff2141b000 	C:\WINDOWS\SYSTEM32\VERSION.dll
0x00007ffe5f940000 - 0x00007ffe6252b000 	C:\WINDOWS\System32\DriverStore\FileRepository\nvacegpu.inf_amd64_0af8f5d55a9e9293\nvoglv64.dll
0x00007fff34410000 - 0x00007fff34897000 	C:\WINDOWS\System32\SETUPAPI.dll
0x00007fff2fd30000 - 0x00007fff2fd5a000 	C:\WINDOWS\SYSTEM32\WTSAPI32.dll
0x00007fff325b0000 - 0x00007fff325fa000 	C:\WINDOWS\SYSTEM32\SspiCli.dll
0x00007fff32cb0000 - 0x00007fff32cc3000 	C:\WINDOWS\SYSTEM32\msasn1.dll
0x00007fff21460000 - 0x00007fff2149d000 	C:\WINDOWS\SYSTEM32\cryptnet.dll
0x00007fff1b800000 - 0x00007fff1b978000 	C:\WINDOWS\SYSTEM32\drvstore.dll
0x00007fff33150000 - 0x00007fff3317f000 	C:\WINDOWS\SYSTEM32\devobj.dll
0x00007fff32c40000 - 0x00007fff32caa000 	C:\WINDOWS\SYSTEM32\wldp.dll
0x00007fff32ba0000 - 0x00007fff32bac000 	C:\WINDOWS\SYSTEM32\cryptbase.dll
0x00007fff338e0000 - 0x00007fff33963000 	C:\WINDOWS\System32\wintrust.dll
0x00007fff34140000 - 0x00007fff34160000 	C:\WINDOWS\System32\imagehlp.dll
0x00007fff32b80000 - 0x00007fff32b9b000 	C:\WINDOWS\SYSTEM32\CRYPTSP.dll
0x00007fff32290000 - 0x00007fff322c9000 	C:\WINDOWS\system32\rsaenh.dll
0x00007fff32900000 - 0x00007fff32930000 	C:\WINDOWS\SYSTEM32\gpapi.dll
0x00007fff333d0000 - 0x00007fff333f9000 	C:\WINDOWS\SYSTEM32\profapi.dll
0x00007ffeb1ae0000 - 0x00007ffeb3ccb000 	C:\WINDOWS\System32\DriverStore\FileRepository\nvacegpu.inf_amd64_0af8f5d55a9e9293\nvgpucomp64.dll
0x00007fff32430000 - 0x00007fff32466000 	C:\WINDOWS\SYSTEM32\ntmarta.dll
0x00007ffe667e0000 - 0x00007ffe68010000 	C:\WINDOWS\System32\DriverStore\FileRepository\iigd_dch.inf_amd64_438afae43f7267c8\igvk64.dll
0x00007fff20e10000 - 0x00007fff213ba000 	C:\WINDOWS\System32\DriverStore\FileRepository\iigd_dch.inf_amd64_438afae43f7267c8\igdgmm64.dll
0x00007fff1bc60000 - 0x00007fff20e07000 	C:\WINDOWS\System32\DriverStore\FileRepository\iigd_dch.inf_amd64_438afae43f7267c8\igc64.dll
0x00007fff34a40000 - 0x00007fff34aee000 	C:\WINDOWS\System32\clbcatq.dll
0x00007fff2e7f0000 - 0x00007fff2e95a000 	C:\Windows\System32\WinTypes.dll
0x00007fff07ee0000 - 0x00007fff07f19000 	C:\WINDOWS\SYSTEM32\rometadata.dll
0x00007fff2a370000 - 0x00007fff2a4da000 	C:\Program Files\WindowsApps\Microsoft.D3DMappingLayers_1.2605.1.0_x64__8wekyb3d8bbwe\x64\DXIL.dll
0x00007fff22210000 - 0x00007fff22233000 	C:\WINDOWS\SYSTEM32\d3d12.dll
0x00007ffef7550000 - 0x00007ffef78a7000 	C:\WINDOWS\SYSTEM32\D3D12Core.dll
0x00007fff31030000 - 0x00007fff318b6000 	C:\WINDOWS\SYSTEM32\windows.storage.dll
0x00007ffef5630000 - 0x00007ffef5901000 	C:\WINDOWS\system32\nvspcap64.dll
0x00007ffe9ae60000 - 0x00007ffe9aead000 	C:\WINDOWS\SYSTEM32\ControlLib.dll
0x00007ffee74b0000 - 0x00007ffee755c000 	C:\WINDOWS\System32\DriverStore\FileRepository\iigd_dch.inf_amd64_438afae43f7267c8\IntelControlLib.dll
0x00007fff22780000 - 0x00007fff228e1000 	C:\WINDOWS\System32\DriverStore\FileRepository\iigd_dch.inf_amd64_438afae43f7267c8\igvkMedia64.dll
0x00007ffefee90000 - 0x00007fff00406000 	C:\WINDOWS\System32\DriverStore\FileRepository\iigd_dch.inf_amd64_438afae43f7267c8\igddxvacommon64.dll
0x00007ffefbfd0000 - 0x00007ffefe050000 	C:\WINDOWS\System32\DriverStore\FileRepository\iigd_dch.inf_amd64_438afae43f7267c8\media_bin_64.dll
0x00007fff28060000 - 0x00007fff2811c000 	C:\WINDOWS\System32\DriverStore\FileRepository\nvacegpu.inf_amd64_0af8f5d55a9e9293\nvldumdx.dll
0x00007ffe3a050000 - 0x00007ffe3f460000 	C:\WINDOWS\System32\DriverStore\FileRepository\nvacegpu.inf_amd64_0af8f5d55a9e9293\nvwgf2umx.dll
0x00007fff0c160000 - 0x00007fff0c897000 	C:\WINDOWS\System32\DriverStore\FileRepository\nvacegpu.inf_amd64_0af8f5d55a9e9293\Display.NvContainer\MessageBus.dll
0x00007fff34250000 - 0x00007fff3425a000 	C:\WINDOWS\System32\NSI.dll
0x00007fff2ade0000 - 0x00007fff2ae05000 	C:\WINDOWS\SYSTEM32\dhcpcsvc.DLL
0x00007fff25e20000 - 0x00007fff25f00000 	C:\WINDOWS\SYSTEM32\D3DSCache.dll
0x00007fff32940000 - 0x00007fff32973000 	C:\WINDOWS\SYSTEM32\USERENV.dll
0x00007fff2e9a0000 - 0x00007fff2ebc2000 	C:\WINDOWS\SYSTEM32\DComp.DLL
0x00007fff2d720000 - 0x00007fff2d739000 	C:\WINDOWS\SYSTEM32\Microsoft.Internal.WarpPal.dll
0x00007fff26af0000 - 0x00007fff26b4c000 	C:\WINDOWS\System32\DriverStore\FileRepository\iigd_dch.inf_amd64_438afae43f7267c8\igd12umd64.dll
0x00007ffe5d850000 - 0x00007ffe5f931000 	C:\WINDOWS\System32\DriverStore\FileRepository\iigd_dch.inf_amd64_438afae43f7267c8\igd12um64xel.dll
0x00007fff26950000 - 0x00007fff269d3000 	C:\WINDOWS\System32\DriverStore\FileRepository\iigd_dch.inf_amd64_438afae43f7267c8\igdext64.dll
0x00007ffef71f0000 - 0x00007ffef7545000 	C:\WINDOWS\System32\DriverStore\FileRepository\iigd_dch.inf_amd64_438afae43f7267c8\igd12dxva64.dll
0x00007fff04490000 - 0x00007fff044b8000 	C:\WINDOWS\System32\DriverStore\FileRepository\iigd_dch.inf_amd64_438afae43f7267c8\igdinfo64.dll
0x00007ffed8960000 - 0x00007ffed8f0e000 	C:\WINDOWS\SYSTEM32\d3d10warp.dll
0x00007fff34c00000 - 0x00007fff34d5d000 	C:\WINDOWS\System32\MSCTF.dll
0x00007fff2fa90000 - 0x00007fff2fb96000 	C:\WINDOWS\SYSTEM32\PROPSYS.dll
0x00007fff318c0000 - 0x00007fff318cf000 	C:\WINDOWS\SYSTEM32\hid.dll
0x00007fff2c640000 - 0x00007fff2c65b000 	C:\WINDOWS\SYSTEM32\XInput1_4.dll
0x00007fff05200000 - 0x00007fff053e4000 	C:\WINDOWS\SYSTEM32\inputhost.dll
0x00007fff2f5a0000 - 0x00007fff2f6c6000 	C:\WINDOWS\SYSTEM32\CoreMessaging.dll
0x00007fff29280000 - 0x00007fff292cb000 	C:\Windows\System32\dinput8.dll
0x00007fff04d70000 - 0x00007fff04eb7000 	C:\WINDOWS\SYSTEM32\textinputframework.dll
0x00007fff266b0000 - 0x00007fff26757000 	C:\WINDOWS\System32\DriverStore\FileRepository\nvacegpu.inf_amd64_0af8f5d55a9e9293\NvCamera\NvCameraAllowlisting64.dll
0x00007fff16950000 - 0x00007fff169df000 	C:\Windows\System32\DispBroker.dll
0x00007fff16c70000 - 0x00007fff17412000 	C:\WINDOWS\SYSTEM32\nvapi64.dll
0x00007fff2b410000 - 0x00007fff2b4b4000 	C:\WINDOWS\System32\MMDevApi.dll
0x00007fff08eb0000 - 0x00007fff09067000 	C:\WINDOWS\SYSTEM32\AUDIOSES.DLL
0x00007fff30d00000 - 0x00007fff30d14000 	C:\WINDOWS\SYSTEM32\resourcepolicyclient.dll
0x00007fff21d80000 - 0x00007fff21e8c000 	C:\WINDOWS\SYSTEM32\opengl32.dll
0x00007fff2b870000 - 0x00007fff2b89d000 	C:\WINDOWS\SYSTEM32\GLU32.dll
0x00007ffe7ca20000 - 0x00007ffe7d175000 	C:\WINDOWS\System32\DriverStore\FileRepository\nvacegpu.inf_amd64_0af8f5d55a9e9293\nvppex.dll
0x00007fff31bd0000 - 0x00007fff31c32000 	C:\WINDOWS\SYSTEM32\WINSTA.dll
0x00007fff2e270000 - 0x00007fff2e4d0000 	C:\WINDOWS\system32\d3d11.dll
0x00007fff292d0000 - 0x00007fff29563000 	C:\WINDOWS\System32\DriverStore\FileRepository\iigd_dch.inf_amd64_438afae43f7267c8\igd10iumd64.dll
0x00007fff2ff60000 - 0x00007fff30000000 	C:\WINDOWS\SYSTEM32\apphelp.dll
0x00007fff28160000 - 0x00007fff29273000 	C:\WINDOWS\System32\DriverStore\FileRepository\iigd_dch.inf_amd64_438afae43f7267c8\igd10um64xe.DLL
0x00007ffe5cb30000 - 0x00007ffe5d84d000 	C:\Program Files\Java\jdk-21\bin\server\jvm.dll
0x00007fff13e70000 - 0x00007fff13e7c000 	C:\WINDOWS\SYSTEM32\VCRUNTIME140_1.dll
0x00007fff13340000 - 0x00007fff1335e000 	C:\WINDOWS\SYSTEM32\VCRUNTIME140.dll
0x00007fff2c630000 - 0x00007fff2c63a000 	C:\Program Files\Java\jdk-21\bin\jimage.dll
0x00007fff0b710000 - 0x00007fff0b74b000 	C:\WINDOWS\SYSTEM32\dbgcore.DLL
0x00007fff2c5a0000 - 0x00007fff2c5bf000 	C:\Program Files\Java\jdk-21\bin\java.dll
0x00007ffef6f60000 - 0x00007ffef7037000 	C:\Program Files\Java\jdk-21\bin\jsvml.dll
0x00007fff2c550000 - 0x00007fff2c560000 	C:\Program Files\Java\jdk-21\bin\net.dll
0x00007fff2ab50000 - 0x00007fff2ac79000 	C:\WINDOWS\SYSTEM32\WINHTTP.dll
0x00007fff2a5f0000 - 0x00007fff2a606000 	C:\Program Files\Java\jdk-21\bin\nio.dll
0x00007fff2a5d0000 - 0x00007fff2a5e8000 	C:\Program Files\Java\jdk-21\bin\zip.dll
0x00007ffee8310000 - 0x00007ffee836c000 	C:\WINDOWS\system32\dataexchange.dll

dbghelp: loaded successfully - version: 4.0.5 - missing functions: none
symbol engine: initialized successfully - sym options: 0x614 - pdb path: .;D:\Godot;C:\WINDOWS\SYSTEM32;C:\Program Files\WindowsApps\Microsoft.D3DMappingLayers_1.2605.1.0_x64__8wekyb3d8bbwe\x64;C:\WINDOWS\System32\DriverStore\FileRepository\nvacegpu.inf_amd64_0af8f5d55a9e9293;C:\WINDOWS\System32\DriverStore\FileRepository\iigd_dch.inf_amd64_438afae43f7267c8;C:\WINDOWS\System32\DriverStore\FileRepository\nvacegpu.inf_amd64_0af8f5d55a9e9293\Display.NvContainer;C:\WINDOWS\System32\DriverStore\FileRepository\nvacegpu.inf_amd64_0af8f5d55a9e9293\NvCamera;C:\Program Files\Java\jdk-21\bin\server;C:\Program Files\Java\jdk-21\bin

VM Arguments:
java_command: <unknown>
java_class_path (initial): <not set>
Launcher Type: generic

[Global flags]
     intx CICompilerCount                          = 12                                        {product} {ergonomic}
     uint ConcGCThreads                            = 3                                         {product} {ergonomic}
     uint G1ConcRefinementThreads                  = 13                                        {product} {ergonomic}
   size_t G1HeapRegionSize                         = 2097152                                   {product} {ergonomic}
    uintx GCDrainStackTargetSize                   = 64                                        {product} {ergonomic}
   size_t InitialHeapSize                          = 264241152                                 {product} {ergonomic}
   size_t MarkStackSize                            = 4194304                                   {product} {ergonomic}
   size_t MaxHeapSize                              = 4217372672                                {product} {ergonomic}
   size_t MaxNewSize                               = 2529165312                                {product} {ergonomic}
   size_t MinHeapDeltaBytes                        = 2097152                                   {product} {ergonomic}
   size_t MinHeapSize                              = 8388608                                   {product} {ergonomic}
    uintx NonNMethodCodeHeapSize                   = 7602480                                {pd product} {ergonomic}
    uintx NonProfiledCodeHeapSize                  = 122027880                              {pd product} {ergonomic}
    uintx ProfiledCodeHeapSize                     = 122027880                              {pd product} {ergonomic}
    uintx ReservedCodeCacheSize                    = 251658240                              {pd product} {ergonomic}
     bool SegmentedCodeCache                       = true                                      {product} {ergonomic}
   size_t SoftMaxHeapSize                          = 4217372672                             {manageable} {ergonomic}
     bool UseCompressedOops                        = true                           {product lp64_product} {ergonomic}
     bool UseG1GC                                  = true                                      {product} {ergonomic}
     bool UseLargePagesIndividualAllocation        = false                                  {pd product} {ergonomic}

Logging:
Log output configuration:
 #0: stdout all=warning uptime,level,tags foldmultilines=false
 #1: stderr all=off uptime,level,tags foldmultilines=false

Environment Variables:
JAVA_HOME=C:\Program Files\Java\jdk-21
PATH=C:\Program Files\Eclipse Adoptium\jdk-25.0.2.10-hotspot\bin;C:\Program Files\Common Files\Oracle\Java\javapath;C:\MinGW\bin;C:\Windows;C:\Windows\System32\Wbem;C:\Windows\System32\WindowsPowerShell\v1.0\;C:\Windows\System32\OpenSSH\;C:\Program Files (x86)\NVIDIA Corporation\PhysX\Common;C:\Program Files\NVIDIA Corporation\NVIDIA NvDLISR;C:\Program Files\Microsoft SQL Server\150\Tools\Binn\;C:\Program Files\Microsoft SQL Server\Client SDK\ODBC\170\Tools\Binn\;C:\Program Files\dotnet\;C:\Program Files (x86)\Windows Kits\10\Windows Performance Toolkit\;C:\Users\ADMIN\Downloads\winlibs-x86_64-posix-seh-gcc-12.1.0-mingw-w64msvcrt-10.0.0-r3.zip\mingw64\bin;C:\Program Files\nodejs\;C:\ProgramData\chocolatey\bin;C:\WINDOWS\system32;C:\WINDOWS;C:\WINDOWS\System32\Wbem;C:\WINDOWS\System32\WindowsPowerShell\v1.0\;C:\WINDOWS\System32\OpenSSH\;D:\Git\cmd;C:\Program Files\Java\jdk-21\bin;C:\Program Files (x86)\Microsoft SQL Server\170\Tools\Binn\;C:\Program Files\Microsoft SQL Server\170\Tools\Binn\;C:\Program Files\Microsoft SQL Server\Client SDK\ODBC\180\Tools\Binn\;C:\Program Files\Microsoft SQL Server\170\DTS\Binn\;C:\Program Files (x86)\Microsoft SQL Server\160\DTS\Binn\;C:\Users\ADMIN\AppData\Local\Microsoft\WindowsApps;C:\Users\ADMIN\.dotnet\tools;C:\TDM-GCC-64\bin;C:\Microsoft VS Code\bin;C:\Users\ADMIN\AppData\Roaming\npm;C:\Git\bin;C:\Users\ADMIN\anaconda3\Lib\site-packages\pyarrow\src\arrow\python;C:\Users\ADMIN\AppData\Local\Programs\Microsoft VS Code\bin;D:\Antigravity\bin;C:\Users\ADMIN\AppData\Local\Programs\Antigravity IDE\bin;D:\Antigravity IDE\bin
USERNAME=ADMIN
OS=Windows_NT
PROCESSOR_IDENTIFIER=Intel64 Family 6 Model 186 Stepping 2, GenuineIntel
TMP=C:\Users\ADMIN\AppData\Local\Temp
TEMP=C:\Users\ADMIN\AppData\Local\Temp




Periodic native trim disabled

---------------  S Y S T E M  ---------------

OS:
 Windows 11 , 64 bit Build 26100 (10.0.26100.8553)
OS uptime: 0 days 0:45 hours
Hyper-V role detected

CPU: total 16 (initial active 16) (8 cores per cpu, 2 threads per core) family 6 model 186 stepping 2 microcode 0x5105, cx8, cmov, fxsr, ht, mmx, 3dnowpref, sse, sse2, sse3, ssse3, sse4.1, sse4.2, popcnt, lzcnt, tsc, tscinvbit, avx, avx2, aes, erms, clmul, bmi1, bmi2, adx, sha, fma, vzeroupper, clflush, clflushopt, clwb, hv, serialize, rdtscp, rdpid, fsrm, f16c, cet_ibt, cet_ss
Processor Information for processor 0
  Max Mhz: 2400, Current Mhz: 1520, Mhz Limit: 2400
Processor Information for processor 1
  Max Mhz: 2400, Current Mhz: 1520, Mhz Limit: 2400
Processor Information for processor 2
  Max Mhz: 2400, Current Mhz: 1520, Mhz Limit: 2400
Processor Information for processor 3
  Max Mhz: 2400, Current Mhz: 1520, Mhz Limit: 2400
Processor Information for processor 4
  Max Mhz: 2400, Current Mhz: 2400, Mhz Limit: 2400
Processor Information for processor 5
  Max Mhz: 2400, Current Mhz: 1520, Mhz Limit: 2400
Processor Information for processor 6
  Max Mhz: 2400, Current Mhz: 2400, Mhz Limit: 2400
Processor Information for processor 7
  Max Mhz: 2400, Current Mhz: 2400, Mhz Limit: 2400
Processor Information for processor 8
  Max Mhz: 2400, Current Mhz: 1520, Mhz Limit: 2400
Processor Information for processor 9
  Max Mhz: 2400, Current Mhz: 1520, Mhz Limit: 2400
Processor Information for processor 10
  Max Mhz: 2400, Current Mhz: 1520, Mhz Limit: 2400
Processor Information for processor 11
  Max Mhz: 2400, Current Mhz: 1520, Mhz Limit: 2400
Processor Information for processor 12
  Max Mhz: 2400, Current Mhz: 1466, Mhz Limit: 2400
Processor Information for processor 13
  Max Mhz: 2400, Current Mhz: 1466, Mhz Limit: 2400
Processor Information for processor 14
  Max Mhz: 2400, Current Mhz: 1466, Mhz Limit: 2400
Processor Information for processor 15
  Max Mhz: 2400, Current Mhz: 1466, Mhz Limit: 2400

Memory: 4k page, system-wide physical 16087M (2573M free)
TotalPageFile size 20439M (AvailPageFile size 1649M)
current process WorkingSet (physical memory assigned to process): 730M, peak: 730M
current process commit charge ("private bytes"): 997M, peak: 997M

vm_info: Java HotSpot(TM) 64-Bit Server VM (21.0.9+7-LTS-338) for windows-amd64 JRE (21.0.9+7-LTS-338), built on 2025-09-26T06:33:49Z by "mach5run" with MS VC++ 17.6 (VS2022)

END.
